<?xml version='1.0' encoding='UTF-8'?>
<Document doc_name="8_11ecbplus.xml">
  <token t_id="1" sentence="0" number="0">http</token>
  <token t_id="2" sentence="0" number="1">:</token>
  <token t_id="3" sentence="0" number="2">/</token>
  <token t_id="4" sentence="0" number="3">/</token>
  <token t_id="5" sentence="0" number="4">news</token>
  <token t_id="6" sentence="0" number="5">.</token>
  <token t_id="7" sentence="0" number="6">bbc</token>
  <token t_id="8" sentence="0" number="7">.</token>
  <token t_id="9" sentence="0" number="8">co</token>
  <token t_id="10" sentence="0" number="9">.</token>
  <token t_id="11" sentence="0" number="10">uk</token>
  <token t_id="12" sentence="0" number="11">/</token>
  <token t_id="13" sentence="0" number="12">2</token>
  <token t_id="14" sentence="0" number="13">/</token>
  <token t_id="15" sentence="0" number="14">hi</token>
  <token t_id="16" sentence="0" number="15">/</token>
  <token t_id="17" sentence="0" number="16">europe</token>
  <token t_id="18" sentence="0" number="17">/</token>
  <token t_id="19" sentence="0" number="18">8665488</token>
  <token t_id="20" sentence="0" number="19">.</token>
  <token t_id="21" sentence="0" number="20">stm</token>
  <token t_id="22" sentence="1" number="0">Greek</token>
  <token t_id="23" sentence="1" number="1">austerity</token>
  <token t_id="24" sentence="1" number="2">:</token>
  <token t_id="25" sentence="1" number="3">British</token>
  <token t_id="26" sentence="1" number="4">views</token>
  <token t_id="27" sentence="2" number="0">Greece's</token>
  <token t_id="28" sentence="2" number="1">parliament</token>
  <token t_id="29" sentence="2" number="2">is</token>
  <token t_id="30" sentence="2" number="3">due</token>
  <token t_id="31" sentence="2" number="4">to</token>
  <token t_id="32" sentence="2" number="5">vote</token>
  <token t_id="33" sentence="2" number="6">on</token>
  <token t_id="34" sentence="2" number="7">the</token>
  <token t_id="35" sentence="2" number="8">hefty</token>
  <token t_id="36" sentence="2" number="9">cuts</token>
  <token t_id="37" sentence="2" number="10">and</token>
  <token t_id="38" sentence="2" number="11">reforms</token>
  <token t_id="39" sentence="2" number="12">proposed</token>
  <token t_id="40" sentence="2" number="13">by</token>
  <token t_id="41" sentence="2" number="14">the</token>
  <token t_id="42" sentence="2" number="15">government</token>
  <token t_id="43" sentence="2" number="16">to</token>
  <token t_id="44" sentence="2" number="17">address</token>
  <token t_id="45" sentence="2" number="18">the</token>
  <token t_id="46" sentence="2" number="19">country's</token>
  <token t_id="47" sentence="2" number="20">financial</token>
  <token t_id="48" sentence="2" number="21">crisis</token>
  <token t_id="49" sentence="2" number="22">.</token>
  <token t_id="50" sentence="3" number="0">It</token>
  <token t_id="51" sentence="3" number="1">comes</token>
  <token t_id="52" sentence="3" number="2">a</token>
  <token t_id="53" sentence="3" number="3">day</token>
  <token t_id="54" sentence="3" number="4">after</token>
  <token t_id="55" sentence="3" number="5">three</token>
  <token t_id="56" sentence="3" number="6">bank</token>
  <token t_id="57" sentence="3" number="7">workers</token>
  <token t_id="58" sentence="3" number="8">died</token>
  <token t_id="59" sentence="3" number="9">in</token>
  <token t_id="60" sentence="3" number="10">a</token>
  <token t_id="61" sentence="3" number="11">petrol</token>
  <token t_id="62" sentence="3" number="12">bomb</token>
  <token t_id="63" sentence="3" number="13">attack</token>
  <token t_id="64" sentence="3" number="14">as</token>
  <token t_id="65" sentence="3" number="15">demonstrations</token>
  <token t_id="66" sentence="3" number="16">over</token>
  <token t_id="67" sentence="3" number="17">the</token>
  <token t_id="68" sentence="3" number="18">planned</token>
  <token t_id="69" sentence="3" number="19">austerity</token>
  <token t_id="70" sentence="3" number="20">measures</token>
  <token t_id="71" sentence="3" number="21">turned</token>
  <token t_id="72" sentence="3" number="22">violent</token>
  <token t_id="73" sentence="3" number="23">.</token>
  <Markables>
    <ACTION_OCCURRENCE m_id="1" comment="" climaxEvent="FALSE">
      <token_anchor t_id="51"/>
    </ACTION_OCCURRENCE>
    <ACTION_OCCURRENCE m_id="2" comment="" climaxEvent="FALSE">
      <token_anchor t_id="58"/>
    </ACTION_OCCURRENCE>
    <ACTION_OCCURRENCE m_id="3" comment="" climaxEvent="FALSE">
      <token_anchor t_id="63"/>
    </ACTION_OCCURRENCE>
    <ACTION_OCCURRENCE m_id="4" comment="" climaxEvent="FALSE">
      <token_anchor t_id="65"/>
    </ACTION_OCCURRENCE>
    <ACTION_OCCURRENCE m_id="5" comment="" climaxEvent="FALSE">
      <token_anchor t_id="70"/>
    </ACTION_OCCURRENCE>
    <ACTION_OCCURRENCE m_id="6" comment="" climaxEvent="FALSE">
      <token_anchor t_id="71"/>
    </ACTION_OCCURRENCE>
    <ACTION_OCCURRENCE m_id="7" comment="" climaxEvent="FALSE">
      <token_anchor t_id="32"/>
    </ACTION_OCCURRENCE>
    <ACTION_OCCURRENCE m_id="8" comment="" climaxEvent="FALSE">
      <token_anchor t_id="36"/>
    </ACTION_OCCURRENCE>
    <ACTION_OCCURRENCE m_id="9" comment="" climaxEvent="FALSE">
      <token_anchor t_id="38"/>
    </ACTION_OCCURRENCE>
    <ACTION_OCCURRENCE m_id="10" comment="" climaxEvent="FALSE">
      <token_anchor t_id="39"/>
    </ACTION_OCCURRENCE>
    <ACTION_OCCURRENCE m_id="11" comment="" climaxEvent="FALSE">
      <token_anchor t_id="44"/>
    </ACTION_OCCURRENCE>
    <ACTION_OCCURRENCE m_id="12" comment="" climaxEvent="FALSE">
      <token_anchor t_id="48"/>
    </ACTION_OCCURRENCE>
    <ACTION_OCCURRENCE m_id="22" comment="" climaxEvent="FALSE">
      <token_anchor t_id="50"/>
    </ACTION_OCCURRENCE>
    <ACTION_REPORTING m_id="13">
      <token_anchor t_id="26"/>
    </ACTION_REPORTING>
    <ACTION_STATE m_id="14" climaxEvent="FALSE" comment="">
      <token_anchor t_id="72"/>
    </ACTION_STATE>
    <ACTION_STATE m_id="15" climaxEvent="FALSE" comment="">
      <token_anchor t_id="23"/>
    </ACTION_STATE>
    <HUMAN_PART_GPE m_id="16">
      <token_anchor t_id="46"/>
    </HUMAN_PART_GPE>
    <HUMAN_PART_GPE m_id="17">
      <token_anchor t_id="22"/>
    </HUMAN_PART_GPE>
    <HUMAN_PART_ORG m_id="18">
      <token_anchor t_id="42"/>
    </HUMAN_PART_ORG>
    <HUMAN_PART_ORG m_id="19">
      <token_anchor t_id="28"/>
    </HUMAN_PART_ORG>
    <HUMAN_PART_PER m_id="20" comment="">
      <token_anchor t_id="57"/>
    </HUMAN_PART_PER>
    <NON_HUMAN_PART m_id="21" comment="">
      <token_anchor t_id="62"/>
    </NON_HUMAN_PART>
    <HUMAN_PART_GPE m_id="23" RELATED_TO="" TAG_DESCRIPTOR="t8_greece"/>
    <ACTION_OCCURRENCE m_id="24" RELATED_TO="" TAG_DESCRIPTOR="t8_bank_workers_died" comment="" climaxEvent="FALSE"/>
    <HUMAN_PART_PER m_id="25" RELATED_TO="" TAG_DESCRIPTOR="t8_bank_workers" comment=""/>
    <ACTION_OCCURRENCE m_id="26" RELATED_TO="" TAG_DESCRIPTOR="t8_comes_after" comment="" climaxEvent="FALSE"/>
    <ACTION_OCCURRENCE m_id="27" RELATED_TO="" TAG_DESCRIPTOR="t8_reforms_proposed" comment="" climaxEvent="FALSE"/>
    <ACTION_OCCURRENCE m_id="28" RELATED_TO="" TAG_DESCRIPTOR="t8_crisis" comment="" climaxEvent="FALSE"/>
    <ACTION_OCCURRENCE m_id="29" RELATED_TO="" TAG_DESCRIPTOR="t8_demonstrations_turned_violent" comment="" climaxEvent="FALSE"/>
    <ACTION_OCCURRENCE m_id="30" RELATED_TO="" TAG_DESCRIPTOR="t8_address_crisis" comment="" climaxEvent="FALSE"/>
    <ACTION_STATE m_id="31" RELATED_TO="" TAG_DESCRIPTOR="t8_violent" climaxEvent="FALSE" comment=""/>
    <ACTION_OCCURRENCE m_id="32" RELATED_TO="" TAG_DESCRIPTOR="t8_cuts" comment="" climaxEvent="FALSE"/>
    <ACTION_OCCURRENCE m_id="33" RELATED_TO="" TAG_DESCRIPTOR="t8_bomb_attack_eallier" comment="" climaxEvent="FALSE"/>
    <ACTION_OCCURRENCE m_id="34" RELATED_TO="" TAG_DESCRIPTOR="t8_parliament_will_vote" comment="" climaxEvent="FALSE"/>
    <ACTION_OCCURRENCE m_id="35" RELATED_TO="" TAG_DESCRIPTOR="t8_reforms" comment="" climaxEvent="FALSE"/>
    <ACTION_OCCURRENCE m_id="36" RELATED_TO="" TAG_DESCRIPTOR="t8_demonstrations" comment="" climaxEvent="FALSE"/>
    <NON_HUMAN_PART m_id="37" RELATED_TO="" TAG_DESCRIPTOR="t8_bomb" comment=""/>
    <HUMAN_PART_ORG m_id="38" RELATED_TO="" TAG_DESCRIPTOR="t8_government"/>
    <ACTION_STATE m_id="39" RELATED_TO="" TAG_DESCRIPTOR="t8_austerity" climaxEvent="FALSE" comment=""/>
    <ACTION_OCCURRENCE m_id="40" RELATED_TO="" TAG_DESCRIPTOR="t8_austerity_measures" comment="" climaxEvent="FALSE"/>
    <HUMAN_PART_ORG m_id="41" RELATED_TO="" TAG_DESCRIPTOR="t8_parliament"/>
    <TIME_DATE m_id="42" RELATED_TO="" TAG_DESCRIPTOR="t_2010-05-06" comment="" DCT="TRUE" value="2010-05-06" anchorTimeID=""/>
  </Markables>
  <Relations>
    <TLINK r_id="91586" contextualModality="" relType="BEFORE" comment="">
      <source m_id="42"/>
      <target m_id="7"/>
    </TLINK>
    <TLINK r_id="91587" contextualModality="" relType="AFTER" comment="">
      <source m_id="42"/>
      <target m_id="8"/>
    </TLINK>
    <TLINK r_id="91588" contextualModality="" relType="AFTER" comment="">
      <source m_id="42"/>
      <target m_id="9"/>
    </TLINK>
    <TLINK r_id="91589" contextualModality="" relType="AFTER" comment="">
      <source m_id="42"/>
      <target m_id="11"/>
    </TLINK>
    <TLINK r_id="91590" contextualModality="" relType="OVERLAP" comment="">
      <source m_id="42"/>
      <target m_id="12"/>
    </TLINK>
    <TLINK r_id="91591" contextualModality="" relType="CONTAINS" comment="">
      <source m_id="42"/>
      <target m_id="22"/>
    </TLINK>
    <TLINK r_id="91592" contextualModality="" relType="AFTER" comment="">
      <source m_id="42"/>
      <target m_id="2"/>
    </TLINK>
    <TLINK r_id="91593" contextualModality="" relType="AFTER" comment="">
      <source m_id="42"/>
      <target m_id="3"/>
    </TLINK>
    <TLINK r_id="91594" contextualModality="" relType="AFTER" comment="">
      <source m_id="42"/>
      <target m_id="4"/>
    </TLINK>
    <TLINK r_id="91595" contextualModality="" relType="AFTER" comment="">
      <source m_id="42"/>
      <target m_id="5"/>
    </TLINK>
    <TLINK r_id="91596" contextualModality="" relType="AFTER" comment="">
      <source m_id="42"/>
      <target m_id="14"/>
    </TLINK>
    <TLINK r_id="95519" contextualModality="" relType="OVERLAP" comment="">
      <source m_id="42"/>
      <target m_id="15"/>
    </TLINK>
    <TLINK r_id="95520" contextualModality="" relType="OVERLAP" comment="">
      <source m_id="42"/>
      <target m_id="13"/>
    </TLINK>
    <PLOT_LINK r_id="104124" SIGNAL="" relType="FALLING_ACTION" CAUSES="FALSE" CAUSED_BY="FALSE">
      <source m_id="7"/>
      <target m_id="8"/>
    </PLOT_LINK>
    <PLOT_LINK r_id="104125" SIGNAL="" relType="FALLING_ACTION" CAUSES="FALSE" CAUSED_BY="FALSE">
      <source m_id="7"/>
      <target m_id="9"/>
    </PLOT_LINK>
    <PLOT_LINK r_id="104126" SIGNAL="" relType="FALLING_ACTION" CAUSES="FALSE" CAUSED_BY="FALSE">
      <source m_id="8"/>
      <target m_id="11"/>
    </PLOT_LINK>
    <PLOT_LINK r_id="104127" SIGNAL="" relType="FALLING_ACTION" CAUSES="FALSE" CAUSED_BY="FALSE">
      <source m_id="8"/>
      <target m_id="12"/>
    </PLOT_LINK>
    <PLOT_LINK r_id="104128" SIGNAL="" relType="FALLING_ACTION" CAUSES="FALSE" CAUSED_BY="FALSE">
      <source m_id="9"/>
      <target m_id="11"/>
    </PLOT_LINK>
    <PLOT_LINK r_id="104129" SIGNAL="" relType="FALLING_ACTION" CAUSES="FALSE" CAUSED_BY="FALSE">
      <source m_id="9"/>
      <target m_id="12"/>
    </PLOT_LINK>
    <PLOT_LINK r_id="104130" SIGNAL="" relType="FALLING_ACTION" CAUSES="FALSE" CAUSED_BY="FALSE">
      <source m_id="2"/>
      <target m_id="3"/>
    </PLOT_LINK>
    <PLOT_LINK r_id="104131" SIGNAL="" relType="FALLING_ACTION" CAUSES="FALSE" CAUSED_BY="FALSE">
      <source m_id="4"/>
      <target m_id="5"/>
    </PLOT_LINK>
    <PLOT_LINK r_id="104132" SIGNAL="" relType="PRECONDITION" CAUSES="FALSE" CAUSED_BY="FALSE">
      <source m_id="4"/>
      <target m_id="14"/>
    </PLOT_LINK>
    <PLOT_LINK r_id="104133" SIGNAL="" relType="FALLING_ACTION" CAUSES="FALSE" CAUSED_BY="FALSE">
      <source m_id="3"/>
      <target m_id="14"/>
    </PLOT_LINK>
  </Relations>
</Document>
