<?xml version='1.0' encoding='UTF-8'?>
<Document doc_name="8_8ecbplus.xml">
  <token t_id="1" sentence="0" number="0">http</token>
  <token t_id="2" sentence="0" number="1">:</token>
  <token t_id="3" sentence="0" number="2">/</token>
  <token t_id="4" sentence="0" number="3">/</token>
  <token t_id="5" sentence="0" number="4">uk</token>
  <token t_id="6" sentence="0" number="5">.</token>
  <token t_id="7" sentence="0" number="6">reuters</token>
  <token t_id="8" sentence="0" number="7">.</token>
  <token t_id="9" sentence="0" number="8">com</token>
  <token t_id="10" sentence="0" number="9">/</token>
  <token t_id="11" sentence="0" number="10">article</token>
  <token t_id="12" sentence="0" number="11">/</token>
  <token t_id="13" sentence="0" number="12">2010</token>
  <token t_id="14" sentence="0" number="13">/</token>
  <token t_id="15" sentence="0" number="14">05</token>
  <token t_id="16" sentence="0" number="15">/</token>
  <token t_id="17" sentence="0" number="16">05</token>
  <token t_id="18" sentence="0" number="17">/</token>
  <token t_id="19" sentence="0" number="18">uk</token>
  <token t_id="20" sentence="0" number="19">-</token>
  <token t_id="21" sentence="0" number="20">greece</token>
  <token t_id="22" sentence="0" number="21">-</token>
  <token t_id="23" sentence="0" number="22">idUKLDE6440NQ20100505</token>
  <token t_id="24" sentence="1" number="0">Greek</token>
  <token t_id="25" sentence="1" number="1">anti</token>
  <token t_id="26" sentence="1" number="2">-</token>
  <token t_id="27" sentence="1" number="3">austerity</token>
  <token t_id="28" sentence="1" number="4">march</token>
  <token t_id="29" sentence="1" number="5">erupts</token>
  <token t_id="30" sentence="1" number="6">in</token>
  <token t_id="31" sentence="1" number="7">violence</token>
  <token t_id="32" sentence="1" number="8">,</token>
  <token t_id="33" sentence="1" number="9">3</token>
  <token t_id="34" sentence="1" number="10">dead</token>
  <token t_id="35" sentence="2" number="0">Wed</token>
  <token t_id="36" sentence="2" number="1">May</token>
  <token t_id="37" sentence="2" number="2">5</token>
  <token t_id="38" sentence="2" number="3">,</token>
  <token t_id="39" sentence="2" number="4">2010</token>
  <token t_id="40" sentence="2" number="5">7</token>
  <token t_id="41" sentence="2" number="6">:</token>
  <token t_id="42" sentence="2" number="7">12pm</token>
  <token t_id="43" sentence="2" number="8">BST</token>
  <token t_id="44" sentence="3" number="0">Three</token>
  <token t_id="45" sentence="3" number="1">people</token>
  <token t_id="46" sentence="3" number="2">,</token>
  <token t_id="47" sentence="3" number="3">one</token>
  <token t_id="48" sentence="3" number="4">of</token>
  <token t_id="49" sentence="3" number="5">them</token>
  <token t_id="50" sentence="3" number="6">a</token>
  <token t_id="51" sentence="3" number="7">pregnant</token>
  <token t_id="52" sentence="3" number="8">woman</token>
  <token t_id="53" sentence="3" number="9">,</token>
  <token t_id="54" sentence="3" number="10">were</token>
  <token t_id="55" sentence="3" number="11">killed</token>
  <token t_id="56" sentence="3" number="12">when</token>
  <token t_id="57" sentence="3" number="13">Greeks</token>
  <token t_id="58" sentence="3" number="14">protesting</token>
  <token t_id="59" sentence="3" number="15">against</token>
  <token t_id="60" sentence="3" number="16">government</token>
  <token t_id="61" sentence="3" number="17">austerity</token>
  <token t_id="62" sentence="3" number="18">measures</token>
  <token t_id="63" sentence="3" number="19">threw</token>
  <token t_id="64" sentence="3" number="20">petrol</token>
  <token t_id="65" sentence="3" number="21">bombs</token>
  <token t_id="66" sentence="3" number="22">at</token>
  <token t_id="67" sentence="3" number="23">a</token>
  <token t_id="68" sentence="3" number="24">bank</token>
  <token t_id="69" sentence="3" number="25">in</token>
  <token t_id="70" sentence="3" number="26">Athens</token>
  <token t_id="71" sentence="3" number="27">on</token>
  <token t_id="72" sentence="3" number="28">Wednesday</token>
  <token t_id="73" sentence="3" number="29">.</token>
  <token t_id="74" sentence="4" number="0">Tens</token>
  <token t_id="75" sentence="4" number="1">of</token>
  <token t_id="76" sentence="4" number="2">thousands</token>
  <token t_id="77" sentence="4" number="3">of</token>
  <token t_id="78" sentence="4" number="4">striking</token>
  <token t_id="79" sentence="4" number="5">workers</token>
  <token t_id="80" sentence="4" number="6">and</token>
  <token t_id="81" sentence="4" number="7">civil</token>
  <token t_id="82" sentence="4" number="8">servants</token>
  <token t_id="83" sentence="4" number="9">took</token>
  <token t_id="84" sentence="4" number="10">to</token>
  <token t_id="85" sentence="4" number="11">the</token>
  <token t_id="86" sentence="4" number="12">streets</token>
  <token t_id="87" sentence="4" number="13">and</token>
  <token t_id="88" sentence="4" number="14">masked</token>
  <token t_id="89" sentence="4" number="15">youths</token>
  <token t_id="90" sentence="4" number="16">clashed</token>
  <token t_id="91" sentence="4" number="17">with</token>
  <token t_id="92" sentence="4" number="18">police</token>
  <token t_id="93" sentence="4" number="19">in</token>
  <token t_id="94" sentence="4" number="20">riot</token>
  <token t_id="95" sentence="4" number="21">gear</token>
  <token t_id="96" sentence="4" number="22">,</token>
  <token t_id="97" sentence="4" number="23">who</token>
  <token t_id="98" sentence="4" number="24">responded</token>
  <token t_id="99" sentence="4" number="25">with</token>
  <token t_id="100" sentence="4" number="26">steady</token>
  <token t_id="101" sentence="4" number="27">rounds</token>
  <token t_id="102" sentence="4" number="28">of</token>
  <token t_id="103" sentence="4" number="29">tear</token>
  <token t_id="104" sentence="4" number="30">gas</token>
  <token t_id="105" sentence="4" number="31">and</token>
  <token t_id="106" sentence="4" number="32">flash</token>
  <token t_id="107" sentence="4" number="33">bombs</token>
  <token t_id="108" sentence="4" number="34">which</token>
  <token t_id="109" sentence="4" number="35">clouded</token>
  <token t_id="110" sentence="4" number="36">the</token>
  <token t_id="111" sentence="4" number="37">city</token>
  <token t_id="112" sentence="4" number="38">centre</token>
  <token t_id="113" sentence="4" number="39">.</token>
  <token t_id="114" sentence="5" number="0">It</token>
  <token t_id="115" sentence="5" number="1">was</token>
  <token t_id="116" sentence="5" number="2">the</token>
  <token t_id="117" sentence="5" number="3">worst</token>
  <token t_id="118" sentence="5" number="4">violence</token>
  <token t_id="119" sentence="5" number="5">to</token>
  <token t_id="120" sentence="5" number="6">hit</token>
  <token t_id="121" sentence="5" number="7">Greece</token>
  <token t_id="122" sentence="5" number="8">since</token>
  <token t_id="123" sentence="5" number="9">riots</token>
  <token t_id="124" sentence="5" number="10">in</token>
  <token t_id="125" sentence="5" number="11">2008</token>
  <token t_id="126" sentence="5" number="12">.</token>
  <token t_id="127" sentence="6" number="0">The</token>
  <token t_id="128" sentence="6" number="1">violence</token>
  <token t_id="129" sentence="6" number="2">was</token>
  <token t_id="130" sentence="6" number="3">a</token>
  <token t_id="131" sentence="6" number="4">blow</token>
  <token t_id="132" sentence="6" number="5">to</token>
  <token t_id="133" sentence="6" number="6">Prime</token>
  <token t_id="134" sentence="6" number="7">Minister</token>
  <token t_id="135" sentence="6" number="8">George</token>
  <token t_id="136" sentence="6" number="9">Papandreou's</token>
  <token t_id="137" sentence="6" number="10">plans</token>
  <token t_id="138" sentence="6" number="11">to</token>
  <token t_id="139" sentence="6" number="12">push</token>
  <token t_id="140" sentence="6" number="13">through</token>
  <token t_id="141" sentence="6" number="14">tough</token>
  <token t_id="142" sentence="6" number="15">budget</token>
  <token t_id="143" sentence="6" number="16">cuts</token>
  <token t_id="144" sentence="6" number="17">demanded</token>
  <token t_id="145" sentence="6" number="18">by</token>
  <token t_id="146" sentence="6" number="19">the</token>
  <token t_id="147" sentence="6" number="20">European</token>
  <token t_id="148" sentence="6" number="21">Union</token>
  <token t_id="149" sentence="6" number="22">and</token>
  <token t_id="150" sentence="6" number="23">International</token>
  <token t_id="151" sentence="6" number="24">Monetary</token>
  <token t_id="152" sentence="6" number="25">Fund</token>
  <token t_id="153" sentence="6" number="26">in</token>
  <token t_id="154" sentence="6" number="27">exchange</token>
  <token t_id="155" sentence="6" number="28">for</token>
  <token t_id="156" sentence="6" number="29">a</token>
  <token t_id="157" sentence="6" number="30">110</token>
  <token t_id="158" sentence="6" number="31">billion</token>
  <token t_id="159" sentence="6" number="32">euro</token>
  <token t_id="160" sentence="6" number="33">(</token>
  <token t_id="161" sentence="6" number="34">93</token>
  <token t_id="162" sentence="6" number="35">.</token>
  <token t_id="163" sentence="6" number="36">6</token>
  <token t_id="164" sentence="6" number="37">billion</token>
  <token t_id="165" sentence="6" number="38">pound</token>
  <token t_id="166" sentence="6" number="39">)</token>
  <token t_id="167" sentence="6" number="40">aid</token>
  <token t_id="168" sentence="6" number="41">package</token>
  <token t_id="169" sentence="6" number="42">unveiled</token>
  <token t_id="170" sentence="6" number="43">on</token>
  <token t_id="171" sentence="6" number="44">Sunday</token>
  <token t_id="172" sentence="6" number="45">.</token>
  <token t_id="173" sentence="7" number="0">Police</token>
  <token t_id="174" sentence="7" number="1">said</token>
  <token t_id="175" sentence="7" number="2">two</token>
  <token t_id="176" sentence="7" number="3">women</token>
  <token t_id="177" sentence="7" number="4">and</token>
  <token t_id="178" sentence="7" number="5">one</token>
  <token t_id="179" sentence="7" number="6">man</token>
  <token t_id="180" sentence="7" number="7">,</token>
  <token t_id="181" sentence="7" number="8">between</token>
  <token t_id="182" sentence="7" number="9">30</token>
  <token t_id="183" sentence="7" number="10">and</token>
  <token t_id="184" sentence="7" number="11">40</token>
  <token t_id="185" sentence="7" number="12">years</token>
  <token t_id="186" sentence="7" number="13">old</token>
  <token t_id="187" sentence="7" number="14">,</token>
  <token t_id="188" sentence="7" number="15">working</token>
  <token t_id="189" sentence="7" number="16">for</token>
  <token t_id="190" sentence="7" number="17">a</token>
  <token t_id="191" sentence="7" number="18">Marfin</token>
  <token t_id="192" sentence="7" number="19">bank</token>
  <token t_id="193" sentence="7" number="20">branch</token>
  <token t_id="194" sentence="7" number="21">choked</token>
  <token t_id="195" sentence="7" number="22">on</token>
  <token t_id="196" sentence="7" number="23">smoke</token>
  <token t_id="197" sentence="7" number="24">after</token>
  <token t_id="198" sentence="7" number="25">protesters</token>
  <token t_id="199" sentence="7" number="26">broke</token>
  <token t_id="200" sentence="7" number="27">the</token>
  <token t_id="201" sentence="7" number="28">windows</token>
  <token t_id="202" sentence="7" number="29">of</token>
  <token t_id="203" sentence="7" number="30">a</token>
  <token t_id="204" sentence="7" number="31">commercial</token>
  <token t_id="205" sentence="7" number="32">building</token>
  <token t_id="206" sentence="7" number="33">on</token>
  <token t_id="207" sentence="7" number="34">central</token>
  <token t_id="208" sentence="7" number="35">Stadiou</token>
  <token t_id="209" sentence="7" number="36">Avenue</token>
  <token t_id="210" sentence="7" number="37">and</token>
  <token t_id="211" sentence="7" number="38">tossed</token>
  <token t_id="212" sentence="7" number="39">in</token>
  <token t_id="213" sentence="7" number="40">Molotov</token>
  <token t_id="214" sentence="7" number="41">cocktails</token>
  <token t_id="215" sentence="7" number="42">.</token>
  <token t_id="216" sentence="8" number="0">Marfin</token>
  <token t_id="217" sentence="8" number="1">bank</token>
  <token t_id="218" sentence="8" number="2">officials</token>
  <token t_id="219" sentence="8" number="3">told</token>
  <token t_id="220" sentence="8" number="4">Reuters</token>
  <token t_id="221" sentence="8" number="5">one</token>
  <token t_id="222" sentence="8" number="6">of</token>
  <token t_id="223" sentence="8" number="7">the</token>
  <token t_id="224" sentence="8" number="8">female</token>
  <token t_id="225" sentence="8" number="9">victims</token>
  <token t_id="226" sentence="8" number="10">was</token>
  <token t_id="227" sentence="8" number="11">pregnant</token>
  <token t_id="228" sentence="8" number="12">.</token>
  <token t_id="229" sentence="9" number="0">Firemen</token>
  <token t_id="230" sentence="9" number="1">had</token>
  <token t_id="231" sentence="9" number="2">to</token>
  <token t_id="232" sentence="9" number="3">restrain</token>
  <token t_id="233" sentence="9" number="4">a</token>
  <token t_id="234" sentence="9" number="5">distraught</token>
  <token t_id="235" sentence="9" number="6">elderly</token>
  <token t_id="236" sentence="9" number="7">woman</token>
  <token t_id="237" sentence="9" number="8">outside</token>
  <token t_id="238" sentence="9" number="9">the</token>
  <token t_id="239" sentence="9" number="10">bank</token>
  <token t_id="240" sentence="9" number="11">,</token>
  <token t_id="241" sentence="9" number="12">who</token>
  <token t_id="242" sentence="9" number="13">wept</token>
  <token t_id="243" sentence="9" number="14">and</token>
  <token t_id="244" sentence="9" number="15">cried</token>
  <token t_id="245" sentence="9" number="16">"my</token>
  <token t_id="246" sentence="9" number="17">child</token>
  <token t_id="247" sentence="9" number="18">,</token>
  <token t_id="248" sentence="9" number="19">my</token>
  <token t_id="249" sentence="9" number="20">child</token>
  <token t_id="250" sentence="9" number="21">.</token>
  <token t_id="251" sentence="9" number="22">"</token>
  <token t_id="252" sentence="10" number="0">Papandreou</token>
  <token t_id="253" sentence="10" number="1">expressed</token>
  <token t_id="254" sentence="10" number="2">shock</token>
  <token t_id="255" sentence="10" number="3">at</token>
  <token t_id="256" sentence="10" number="4">the</token>
  <token t_id="257" sentence="10" number="5">deaths</token>
  <token t_id="258" sentence="10" number="6">and</token>
  <token t_id="259" sentence="10" number="7">vowed</token>
  <token t_id="260" sentence="10" number="8">to</token>
  <token t_id="261" sentence="10" number="9">bring</token>
  <token t_id="262" sentence="10" number="10">those</token>
  <token t_id="263" sentence="10" number="11">responsible</token>
  <token t_id="264" sentence="10" number="12">to</token>
  <token t_id="265" sentence="10" number="13">justice</token>
  <token t_id="266" sentence="10" number="14">.</token>
  <token t_id="267" sentence="11" number="0">"We</token>
  <token t_id="268" sentence="11" number="1">are</token>
  <token t_id="269" sentence="11" number="2">deeply</token>
  <token t_id="270" sentence="11" number="3">shocked</token>
  <token t_id="271" sentence="11" number="4">by</token>
  <token t_id="272" sentence="11" number="5">the</token>
  <token t_id="273" sentence="11" number="6">unjust</token>
  <token t_id="274" sentence="11" number="7">death</token>
  <token t_id="275" sentence="11" number="8">of</token>
  <token t_id="276" sentence="11" number="9">these</token>
  <token t_id="277" sentence="11" number="10">three</token>
  <token t_id="278" sentence="11" number="11">people</token>
  <token t_id="279" sentence="11" number="12">,</token>
  <token t_id="280" sentence="11" number="13">our</token>
  <token t_id="281" sentence="11" number="14">fellow</token>
  <token t_id="282" sentence="11" number="15">citizens</token>
  <token t_id="283" sentence="11" number="16">,</token>
  <token t_id="284" sentence="11" number="17">who</token>
  <token t_id="285" sentence="11" number="18">were</token>
  <token t_id="286" sentence="11" number="19">victims</token>
  <token t_id="287" sentence="11" number="20">of</token>
  <token t_id="288" sentence="11" number="21">a</token>
  <token t_id="289" sentence="11" number="22">murderous</token>
  <token t_id="290" sentence="11" number="23">act</token>
  <token t_id="291" sentence="11" number="24">,</token>
  <token t_id="292" sentence="11" number="25">"</token>
  <token t_id="293" sentence="11" number="26">he</token>
  <token t_id="294" sentence="11" number="27">told</token>
  <token t_id="295" sentence="11" number="28">parliament</token>
  <token t_id="296" sentence="11" number="29">.</token>
  <token t_id="297" sentence="12" number="0">He</token>
  <token t_id="298" sentence="12" number="1">also</token>
  <token t_id="299" sentence="12" number="2">defended</token>
  <token t_id="300" sentence="12" number="3">his</token>
  <token t_id="301" sentence="12" number="4">austerity</token>
  <token t_id="302" sentence="12" number="5">plans</token>
  <token t_id="303" sentence="12" number="6">,</token>
  <token t_id="304" sentence="12" number="7">which</token>
  <token t_id="305" sentence="12" number="8">foresee</token>
  <token t_id="306" sentence="12" number="9">30</token>
  <token t_id="307" sentence="12" number="10">billion</token>
  <token t_id="308" sentence="12" number="11">euros</token>
  <token t_id="309" sentence="12" number="12">in</token>
  <token t_id="310" sentence="12" number="13">savings</token>
  <token t_id="311" sentence="12" number="14">mainly</token>
  <token t_id="312" sentence="12" number="15">from</token>
  <token t_id="313" sentence="12" number="16">cuts</token>
  <token t_id="314" sentence="12" number="17">in</token>
  <token t_id="315" sentence="12" number="18">wages</token>
  <token t_id="316" sentence="12" number="19">and</token>
  <token t_id="317" sentence="12" number="20">pensions</token>
  <token t_id="318" sentence="12" number="21">,</token>
  <token t_id="319" sentence="12" number="22">and</token>
  <token t_id="320" sentence="12" number="23">said</token>
  <token t_id="321" sentence="12" number="24">the</token>
  <token t_id="322" sentence="12" number="25">government</token>
  <token t_id="323" sentence="12" number="26">would</token>
  <token t_id="324" sentence="12" number="27">not</token>
  <token t_id="325" sentence="12" number="28">abandon</token>
  <token t_id="326" sentence="12" number="29">its</token>
  <token t_id="327" sentence="12" number="30">drive</token>
  <token t_id="328" sentence="12" number="31">to</token>
  <token t_id="329" sentence="12" number="32">save</token>
  <token t_id="330" sentence="12" number="33">the</token>
  <token t_id="331" sentence="12" number="34">country</token>
  <token t_id="332" sentence="12" number="35">from</token>
  <token t_id="333" sentence="12" number="36">ruin</token>
  <token t_id="334" sentence="12" number="37">.</token>
  <token t_id="335" sentence="13" number="0">"We</token>
  <token t_id="336" sentence="13" number="1">took</token>
  <token t_id="337" sentence="13" number="2">these</token>
  <token t_id="338" sentence="13" number="3">decisions</token>
  <token t_id="339" sentence="13" number="4">to</token>
  <token t_id="340" sentence="13" number="5">save</token>
  <token t_id="341" sentence="13" number="6">the</token>
  <token t_id="342" sentence="13" number="7">country</token>
  <token t_id="343" sentence="13" number="8">,</token>
  <token t_id="344" sentence="13" number="9">"</token>
  <token t_id="345" sentence="13" number="10">he</token>
  <token t_id="346" sentence="13" number="11">said</token>
  <token t_id="347" sentence="13" number="12">.</token>
  <token t_id="348" sentence="14" number="0">"The</token>
  <token t_id="349" sentence="14" number="1">alternative</token>
  <token t_id="350" sentence="14" number="2">would</token>
  <token t_id="351" sentence="14" number="3">be</token>
  <token t_id="352" sentence="14" number="4">bankruptcy</token>
  <token t_id="353" sentence="14" number="5">.</token>
  <token t_id="354" sentence="14" number="6">"</token>
  <token t_id="355" sentence="15" number="0">BIGGEST</token>
  <token t_id="356" sentence="15" number="1">PROTEST</token>
  <token t_id="357" sentence="16" number="0">Protesters</token>
  <token t_id="358" sentence="16" number="1">tried</token>
  <token t_id="359" sentence="16" number="2">to</token>
  <token t_id="360" sentence="16" number="3">storm</token>
  <token t_id="361" sentence="16" number="4">parliament</token>
  <token t_id="362" sentence="16" number="5">but</token>
  <token t_id="363" sentence="16" number="6">were</token>
  <token t_id="364" sentence="16" number="7">pushed</token>
  <token t_id="365" sentence="16" number="8">back</token>
  <token t_id="366" sentence="16" number="9">by</token>
  <token t_id="367" sentence="16" number="10">riot</token>
  <token t_id="368" sentence="16" number="11">police</token>
  <token t_id="369" sentence="16" number="12">shortly</token>
  <token t_id="370" sentence="16" number="13">before</token>
  <token t_id="371" sentence="16" number="14">it</token>
  <token t_id="372" sentence="16" number="15">started</token>
  <token t_id="373" sentence="16" number="16">to</token>
  <token t_id="374" sentence="16" number="17">debate</token>
  <token t_id="375" sentence="16" number="18">the</token>
  <token t_id="376" sentence="16" number="19">austerity</token>
  <token t_id="377" sentence="16" number="20">bill</token>
  <token t_id="378" sentence="16" number="21">.</token>
  <token t_id="379" sentence="17" number="0">Opposition</token>
  <token t_id="380" sentence="17" number="1">conservatives</token>
  <token t_id="381" sentence="17" number="2">are</token>
  <token t_id="382" sentence="17" number="3">refusing</token>
  <token t_id="383" sentence="17" number="4">to</token>
  <token t_id="384" sentence="17" number="5">support</token>
  <token t_id="385" sentence="17" number="6">it</token>
  <token t_id="386" sentence="17" number="7">,</token>
  <token t_id="387" sentence="17" number="8">but</token>
  <token t_id="388" sentence="17" number="9">the</token>
  <token t_id="389" sentence="17" number="10">government</token>
  <token t_id="390" sentence="17" number="11">,</token>
  <token t_id="391" sentence="17" number="12">which</token>
  <token t_id="392" sentence="17" number="13">enjoys</token>
  <token t_id="393" sentence="17" number="14">a</token>
  <token t_id="394" sentence="17" number="15">comfortable</token>
  <token t_id="395" sentence="17" number="16">majority</token>
  <token t_id="396" sentence="17" number="17">,</token>
  <token t_id="397" sentence="17" number="18">hopes</token>
  <token t_id="398" sentence="17" number="19">to</token>
  <token t_id="399" sentence="17" number="20">pass</token>
  <token t_id="400" sentence="17" number="21">it</token>
  <token t_id="401" sentence="17" number="22">by</token>
  <token t_id="402" sentence="17" number="23">the</token>
  <token t_id="403" sentence="17" number="24">end</token>
  <token t_id="404" sentence="17" number="25">of</token>
  <token t_id="405" sentence="17" number="26">the</token>
  <token t_id="406" sentence="17" number="27">week</token>
  <token t_id="407" sentence="17" number="28">.</token>
  <token t_id="408" sentence="18" number="0">Police</token>
  <token t_id="409" sentence="18" number="1">put</token>
  <token t_id="410" sentence="18" number="2">the</token>
  <token t_id="411" sentence="18" number="3">march</token>
  <token t_id="412" sentence="18" number="4">,</token>
  <token t_id="413" sentence="18" number="5">to</token>
  <token t_id="414" sentence="18" number="6">mark</token>
  <token t_id="415" sentence="18" number="7">a</token>
  <token t_id="416" sentence="18" number="8">24</token>
  <token t_id="417" sentence="18" number="9">-</token>
  <token t_id="418" sentence="18" number="10">hour</token>
  <token t_id="419" sentence="18" number="11">nationwide</token>
  <token t_id="420" sentence="18" number="12">strike</token>
  <token t_id="421" sentence="18" number="13">,</token>
  <token t_id="422" sentence="18" number="14">at</token>
  <token t_id="423" sentence="18" number="15">roughly</token>
  <token t_id="424" sentence="18" number="16">30</token>
  <token t_id="425" sentence="18" number="17">,</token>
  <token t_id="426" sentence="18" number="18">000</token>
  <token t_id="427" sentence="18" number="19">people</token>
  <token t_id="428" sentence="18" number="20">.</token>
  <token t_id="429" sentence="19" number="0">But</token>
  <token t_id="430" sentence="19" number="1">witnesses</token>
  <token t_id="431" sentence="19" number="2">said</token>
  <token t_id="432" sentence="19" number="3">there</token>
  <token t_id="433" sentence="19" number="4">were</token>
  <token t_id="434" sentence="19" number="5">more</token>
  <token t_id="435" sentence="19" number="6">than</token>
  <token t_id="436" sentence="19" number="7">50</token>
  <token t_id="437" sentence="19" number="8">,</token>
  <token t_id="438" sentence="19" number="9">000</token>
  <token t_id="439" sentence="19" number="10">-</token>
  <token t_id="440" sentence="19" number="11">-</token>
  <token t_id="441" sentence="19" number="12">easily</token>
  <token t_id="442" sentence="19" number="13">the</token>
  <token t_id="443" sentence="19" number="14">biggest</token>
  <token t_id="444" sentence="19" number="15">protest</token>
  <token t_id="445" sentence="19" number="16">since</token>
  <token t_id="446" sentence="19" number="17">Papandreou</token>
  <token t_id="447" sentence="19" number="18">took</token>
  <token t_id="448" sentence="19" number="19">office</token>
  <token t_id="449" sentence="19" number="20">last</token>
  <token t_id="450" sentence="19" number="21">October</token>
  <token t_id="451" sentence="19" number="22">and</token>
  <token t_id="452" sentence="19" number="23">launched</token>
  <token t_id="453" sentence="19" number="24">efforts</token>
  <token t_id="454" sentence="19" number="25">to</token>
  <token t_id="455" sentence="19" number="26">reform</token>
  <token t_id="456" sentence="19" number="27">an</token>
  <token t_id="457" sentence="19" number="28">economy</token>
  <token t_id="458" sentence="19" number="29">that</token>
  <token t_id="459" sentence="19" number="30">is</token>
  <token t_id="460" sentence="19" number="31">uncompetitive</token>
  <token t_id="461" sentence="19" number="32">and</token>
  <token t_id="462" sentence="19" number="33">plagued</token>
  <token t_id="463" sentence="19" number="34">by</token>
  <token t_id="464" sentence="19" number="35">corruption</token>
  <token t_id="465" sentence="19" number="36">.</token>
  <token t_id="466" sentence="20" number="0">Hundreds</token>
  <token t_id="467" sentence="20" number="1">of</token>
  <token t_id="468" sentence="20" number="2">black</token>
  <token t_id="469" sentence="20" number="3">-</token>
  <token t_id="470" sentence="20" number="4">hooded</token>
  <token t_id="471" sentence="20" number="5">anarchists</token>
  <token t_id="472" sentence="20" number="6">roamed</token>
  <token t_id="473" sentence="20" number="7">the</token>
  <token t_id="474" sentence="20" number="8">streets</token>
  <token t_id="475" sentence="20" number="9">,</token>
  <token t_id="476" sentence="20" number="10">smashing</token>
  <token t_id="477" sentence="20" number="11">store</token>
  <token t_id="478" sentence="20" number="12">windows</token>
  <token t_id="479" sentence="20" number="13">and</token>
  <token t_id="480" sentence="20" number="14">hacking</token>
  <token t_id="481" sentence="20" number="15">chunks</token>
  <token t_id="482" sentence="20" number="16">of</token>
  <token t_id="483" sentence="20" number="17">marble</token>
  <token t_id="484" sentence="20" number="18">off</token>
  <token t_id="485" sentence="20" number="19">buildings</token>
  <token t_id="486" sentence="20" number="20">to</token>
  <token t_id="487" sentence="20" number="21">throw</token>
  <token t_id="488" sentence="20" number="22">at</token>
  <token t_id="489" sentence="20" number="23">police</token>
  <token t_id="490" sentence="20" number="24">.</token>
  <token t_id="491" sentence="21" number="0">Although</token>
  <token t_id="492" sentence="21" number="1">they</token>
  <token t_id="493" sentence="21" number="2">were</token>
  <token t_id="494" sentence="21" number="3">behind</token>
  <token t_id="495" sentence="21" number="4">the</token>
  <token t_id="496" sentence="21" number="5">worst</token>
  <token t_id="497" sentence="21" number="6">of</token>
  <token t_id="498" sentence="21" number="7">the</token>
  <token t_id="499" sentence="21" number="8">violence</token>
  <token t_id="500" sentence="21" number="9">,</token>
  <token t_id="501" sentence="21" number="10">other</token>
  <token t_id="502" sentence="21" number="11">protesters</token>
  <token t_id="503" sentence="21" number="12">joined</token>
  <token t_id="504" sentence="21" number="13">them</token>
  <token t_id="505" sentence="21" number="14">in</token>
  <token t_id="506" sentence="21" number="15">pelting</token>
  <token t_id="507" sentence="21" number="16">police</token>
  <token t_id="508" sentence="21" number="17">with</token>
  <token t_id="509" sentence="21" number="18">bottles</token>
  <token t_id="510" sentence="21" number="19">,</token>
  <token t_id="511" sentence="21" number="20">shouting</token>
  <token t_id="512" sentence="21" number="21">"Thieves</token>
  <token t_id="513" sentence="21" number="22">!</token>
  <token t_id="514" sentence="21" number="23">"</token>
  <token t_id="515" sentence="22" number="0">Presidential</token>
  <token t_id="516" sentence="22" number="1">guards</token>
  <token t_id="517" sentence="22" number="2">,</token>
  <token t_id="518" sentence="22" number="3">who</token>
  <token t_id="519" sentence="22" number="4">usually</token>
  <token t_id="520" sentence="22" number="5">stand</token>
  <token t_id="521" sentence="22" number="6">immobile</token>
  <token t_id="522" sentence="22" number="7">in</token>
  <token t_id="523" sentence="22" number="8">front</token>
  <token t_id="524" sentence="22" number="9">of</token>
  <token t_id="525" sentence="22" number="10">the</token>
  <token t_id="526" sentence="22" number="11">assembly</token>
  <token t_id="527" sentence="22" number="12">building</token>
  <token t_id="528" sentence="22" number="13">,</token>
  <token t_id="529" sentence="22" number="14">left</token>
  <token t_id="530" sentence="22" number="15">their</token>
  <token t_id="531" sentence="22" number="16">posts</token>
  <token t_id="532" sentence="22" number="17">as</token>
  <token t_id="533" sentence="22" number="18">the</token>
  <token t_id="534" sentence="22" number="19">clashes</token>
  <token t_id="535" sentence="22" number="20">worsened</token>
  <token t_id="536" sentence="22" number="21">.</token>
  <token t_id="537" sentence="23" number="0">"Our</token>
  <token t_id="538" sentence="23" number="1">country</token>
  <token t_id="539" sentence="23" number="2">is</token>
  <token t_id="540" sentence="23" number="3">on</token>
  <token t_id="541" sentence="23" number="4">the</token>
  <token t_id="542" sentence="23" number="5">edge</token>
  <token t_id="543" sentence="23" number="6">of</token>
  <token t_id="544" sentence="23" number="7">the</token>
  <token t_id="545" sentence="23" number="8">abyss</token>
  <token t_id="546" sentence="23" number="9">,</token>
  <token t_id="547" sentence="23" number="10">"</token>
  <token t_id="548" sentence="23" number="11">Greek</token>
  <token t_id="549" sentence="23" number="12">President</token>
  <token t_id="550" sentence="23" number="13">Karolos</token>
  <token t_id="551" sentence="23" number="14">Papoulias</token>
  <token t_id="552" sentence="23" number="15">said</token>
  <token t_id="553" sentence="23" number="16">in</token>
  <token t_id="554" sentence="23" number="17">a</token>
  <token t_id="555" sentence="23" number="18">statement</token>
  <token t_id="556" sentence="23" number="19">.</token>
  <token t_id="557" sentence="24" number="0">"We</token>
  <token t_id="558" sentence="24" number="1">are</token>
  <token t_id="559" sentence="24" number="2">all</token>
  <token t_id="560" sentence="24" number="3">responsible</token>
  <token t_id="561" sentence="24" number="4">so</token>
  <token t_id="562" sentence="24" number="5">that</token>
  <token t_id="563" sentence="24" number="6">it</token>
  <token t_id="564" sentence="24" number="7">does</token>
  <token t_id="565" sentence="24" number="8">not</token>
  <token t_id="566" sentence="24" number="9">take</token>
  <token t_id="567" sentence="24" number="10">the</token>
  <token t_id="568" sentence="24" number="11">step</token>
  <token t_id="569" sentence="24" number="12">into</token>
  <token t_id="570" sentence="24" number="13">the</token>
  <token t_id="571" sentence="24" number="14">void</token>
  <token t_id="572" sentence="24" number="15">.</token>
  <token t_id="573" sentence="24" number="16">"</token>
  <token t_id="574" sentence="25" number="0">The</token>
  <token t_id="575" sentence="25" number="1">marchers</token>
  <token t_id="576" sentence="25" number="2">had</token>
  <token t_id="577" sentence="25" number="3">dispersed</token>
  <token t_id="578" sentence="25" number="4">by</token>
  <token t_id="579" sentence="25" number="5">late</token>
  <token t_id="580" sentence="25" number="6">afternoon</token>
  <token t_id="581" sentence="25" number="7">,</token>
  <token t_id="582" sentence="25" number="8">leaving</token>
  <token t_id="583" sentence="25" number="9">streets</token>
  <token t_id="584" sentence="25" number="10">littered</token>
  <token t_id="585" sentence="25" number="11">with</token>
  <token t_id="586" sentence="25" number="12">burnt</token>
  <token t_id="587" sentence="25" number="13">out</token>
  <token t_id="588" sentence="25" number="14">garbage</token>
  <token t_id="589" sentence="25" number="15">containers</token>
  <token t_id="590" sentence="25" number="16">.</token>
  <token t_id="591" sentence="26" number="0">Dozens</token>
  <token t_id="592" sentence="26" number="1">of</token>
  <token t_id="593" sentence="26" number="2">shop</token>
  <token t_id="594" sentence="26" number="3">windows</token>
  <token t_id="595" sentence="26" number="4">were</token>
  <token t_id="596" sentence="26" number="5">smashed</token>
  <token t_id="597" sentence="26" number="6">,</token>
  <token t_id="598" sentence="26" number="7">including</token>
  <token t_id="599" sentence="26" number="8">a</token>
  <token t_id="600" sentence="26" number="9">bookstore</token>
  <token t_id="601" sentence="26" number="10">near</token>
  <token t_id="602" sentence="26" number="11">the</token>
  <token t_id="603" sentence="26" number="12">burnt</token>
  <token t_id="604" sentence="26" number="13">bank</token>
  <token t_id="605" sentence="26" number="14">.</token>
  <token t_id="606" sentence="27" number="0">Two</token>
  <token t_id="607" sentence="27" number="1">other</token>
  <token t_id="608" sentence="27" number="2">buildings</token>
  <token t_id="609" sentence="27" number="3">besides</token>
  <token t_id="610" sentence="27" number="4">the</token>
  <token t_id="611" sentence="27" number="5">bank</token>
  <token t_id="612" sentence="27" number="6">were</token>
  <token t_id="613" sentence="27" number="7">set</token>
  <token t_id="614" sentence="27" number="8">on</token>
  <token t_id="615" sentence="27" number="9">fire</token>
  <token t_id="616" sentence="27" number="10">.</token>
  <token t_id="617" sentence="28" number="0">Police</token>
  <token t_id="618" sentence="28" number="1">said</token>
  <token t_id="619" sentence="28" number="2">18</token>
  <token t_id="620" sentence="28" number="3">people</token>
  <token t_id="621" sentence="28" number="4">had</token>
  <token t_id="622" sentence="28" number="5">been</token>
  <token t_id="623" sentence="28" number="6">injured</token>
  <token t_id="624" sentence="28" number="7">in</token>
  <token t_id="625" sentence="28" number="8">the</token>
  <token t_id="626" sentence="28" number="9">violence</token>
  <token t_id="627" sentence="28" number="10">and</token>
  <token t_id="628" sentence="28" number="11">12</token>
  <token t_id="629" sentence="28" number="12">arrested</token>
  <token t_id="630" sentence="28" number="13">for</token>
  <token t_id="631" sentence="28" number="14">carrying</token>
  <token t_id="632" sentence="28" number="15">weapons</token>
  <token t_id="633" sentence="28" number="16">and</token>
  <token t_id="634" sentence="28" number="17">resisting</token>
  <token t_id="635" sentence="28" number="18">authorities</token>
  <token t_id="636" sentence="28" number="19">.</token>
  <token t_id="637" sentence="29" number="0">BLOW</token>
  <token t_id="638" sentence="29" number="1">TO</token>
  <token t_id="639" sentence="29" number="2">GOVERNMENT</token>
  <token t_id="640" sentence="30" number="0">The</token>
  <token t_id="641" sentence="30" number="1">EU</token>
  <token t_id="642" sentence="30" number="2">and</token>
  <token t_id="643" sentence="30" number="3">IMF</token>
  <token t_id="644" sentence="30" number="4">aid</token>
  <token t_id="645" sentence="30" number="5">was</token>
  <token t_id="646" sentence="30" number="6">intended</token>
  <token t_id="647" sentence="30" number="7">to</token>
  <token t_id="648" sentence="30" number="8">calm</token>
  <token t_id="649" sentence="30" number="9">markets</token>
  <token t_id="650" sentence="30" number="10">and</token>
  <token t_id="651" sentence="30" number="11">give</token>
  <token t_id="652" sentence="30" number="12">the</token>
  <token t_id="653" sentence="30" number="13">government</token>
  <token t_id="654" sentence="30" number="14">time</token>
  <token t_id="655" sentence="30" number="15">to</token>
  <token t_id="656" sentence="30" number="16">overhaul</token>
  <token t_id="657" sentence="30" number="17">the</token>
  <token t_id="658" sentence="30" number="18">economy</token>
  <token t_id="659" sentence="30" number="19">and</token>
  <token t_id="660" sentence="30" number="20">bring</token>
  <token t_id="661" sentence="30" number="21">down</token>
  <token t_id="662" sentence="30" number="22">a</token>
  <token t_id="663" sentence="30" number="23">deficit</token>
  <token t_id="664" sentence="30" number="24">that</token>
  <token t_id="665" sentence="30" number="25">totalled</token>
  <token t_id="666" sentence="30" number="26">13</token>
  <token t_id="667" sentence="30" number="27">.</token>
  <token t_id="668" sentence="30" number="28">6</token>
  <token t_id="669" sentence="30" number="29">percent</token>
  <token t_id="670" sentence="30" number="30">of</token>
  <token t_id="671" sentence="30" number="31">national</token>
  <token t_id="672" sentence="30" number="32">economic</token>
  <token t_id="673" sentence="30" number="33">output</token>
  <token t_id="674" sentence="30" number="34">last</token>
  <token t_id="675" sentence="30" number="35">year</token>
  <token t_id="676" sentence="30" number="36">.</token>
  <token t_id="677" sentence="31" number="0">But</token>
  <token t_id="678" sentence="31" number="1">the</token>
  <token t_id="679" sentence="31" number="2">euro</token>
  <token t_id="680" sentence="31" number="3">currency</token>
  <token t_id="681" sentence="31" number="4">and</token>
  <token t_id="682" sentence="31" number="5">Greek</token>
  <token t_id="683" sentence="31" number="6">assets</token>
  <token t_id="684" sentence="31" number="7">have</token>
  <token t_id="685" sentence="31" number="8">been</token>
  <token t_id="686" sentence="31" number="9">pummelled</token>
  <token t_id="687" sentence="31" number="10">by</token>
  <token t_id="688" sentence="31" number="11">concern</token>
  <token t_id="689" sentence="31" number="12">that</token>
  <token t_id="690" sentence="31" number="13">social</token>
  <token t_id="691" sentence="31" number="14">unrest</token>
  <token t_id="692" sentence="31" number="15">could</token>
  <token t_id="693" sentence="31" number="16">thwart</token>
  <token t_id="694" sentence="31" number="17">government</token>
  <token t_id="695" sentence="31" number="18">plans</token>
  <token t_id="696" sentence="31" number="19">to</token>
  <token t_id="697" sentence="31" number="20">push</token>
  <token t_id="698" sentence="31" number="21">through</token>
  <token t_id="699" sentence="31" number="22">the</token>
  <token t_id="700" sentence="31" number="23">measures</token>
  <token t_id="701" sentence="31" number="24">,</token>
  <token t_id="702" sentence="31" number="25">and</token>
  <token t_id="703" sentence="31" number="26">on</token>
  <token t_id="704" sentence="31" number="27">fears</token>
  <token t_id="705" sentence="31" number="28">that</token>
  <token t_id="706" sentence="31" number="29">Greece's</token>
  <token t_id="707" sentence="31" number="30">woes</token>
  <token t_id="708" sentence="31" number="31">could</token>
  <token t_id="709" sentence="31" number="32">spread</token>
  <token t_id="710" sentence="31" number="33">to</token>
  <token t_id="711" sentence="31" number="34">other</token>
  <token t_id="712" sentence="31" number="35">euro</token>
  <token t_id="713" sentence="31" number="36">zone</token>
  <token t_id="714" sentence="31" number="37">countries</token>
  <token t_id="715" sentence="31" number="38">such</token>
  <token t_id="716" sentence="31" number="39">as</token>
  <token t_id="717" sentence="31" number="40">Portugal</token>
  <token t_id="718" sentence="31" number="41">and</token>
  <token t_id="719" sentence="31" number="42">Spain</token>
  <token t_id="720" sentence="31" number="43">.</token>
  <token t_id="721" sentence="32" number="0">In</token>
  <token t_id="722" sentence="32" number="1">past</token>
  <token t_id="723" sentence="32" number="2">months</token>
  <token t_id="724" sentence="32" number="3">anti</token>
  <token t_id="725" sentence="32" number="4">-</token>
  <token t_id="726" sentence="32" number="5">austerity</token>
  <token t_id="727" sentence="32" number="6">protests</token>
  <token t_id="728" sentence="32" number="7">had</token>
  <token t_id="729" sentence="32" number="8">been</token>
  <token t_id="730" sentence="32" number="9">fairly</token>
  <token t_id="731" sentence="32" number="10">peaceful</token>
  <token t_id="732" sentence="32" number="11">,</token>
  <token t_id="733" sentence="32" number="12">but</token>
  <token t_id="734" sentence="32" number="13">Wednesday's</token>
  <token t_id="735" sentence="32" number="14">violence</token>
  <token t_id="736" sentence="32" number="15">was</token>
  <token t_id="737" sentence="32" number="16">similar</token>
  <token t_id="738" sentence="32" number="17">to</token>
  <token t_id="739" sentence="32" number="18">that</token>
  <token t_id="740" sentence="32" number="19">seen</token>
  <token t_id="741" sentence="32" number="20">in</token>
  <token t_id="742" sentence="32" number="21">the</token>
  <token t_id="743" sentence="32" number="22">December</token>
  <token t_id="744" sentence="32" number="23">2008</token>
  <token t_id="745" sentence="32" number="24">riots</token>
  <token t_id="746" sentence="32" number="25">,</token>
  <token t_id="747" sentence="32" number="26">which</token>
  <token t_id="748" sentence="32" number="27">broke</token>
  <token t_id="749" sentence="32" number="28">out</token>
  <token t_id="750" sentence="32" number="29">when</token>
  <token t_id="751" sentence="32" number="30">police</token>
  <token t_id="752" sentence="32" number="31">killed</token>
  <token t_id="753" sentence="32" number="32">a</token>
  <token t_id="754" sentence="32" number="33">teenager</token>
  <token t_id="755" sentence="32" number="34">and</token>
  <token t_id="756" sentence="32" number="35">dragged</token>
  <token t_id="757" sentence="32" number="36">on</token>
  <token t_id="758" sentence="32" number="37">for</token>
  <token t_id="759" sentence="32" number="38">weeks</token>
  <token t_id="760" sentence="32" number="39">.</token>
  <token t_id="761" sentence="33" number="0">Wednesday's</token>
  <token t_id="762" sentence="33" number="1">strike</token>
  <token t_id="763" sentence="33" number="2">grounded</token>
  <token t_id="764" sentence="33" number="3">flights</token>
  <token t_id="765" sentence="33" number="4">,</token>
  <token t_id="766" sentence="33" number="5">shut</token>
  <token t_id="767" sentence="33" number="6">shops</token>
  <token t_id="768" sentence="33" number="7">and</token>
  <token t_id="769" sentence="33" number="8">brought</token>
  <token t_id="770" sentence="33" number="9">public</token>
  <token t_id="771" sentence="33" number="10">transport</token>
  <token t_id="772" sentence="33" number="11">to</token>
  <token t_id="773" sentence="33" number="12">a</token>
  <token t_id="774" sentence="33" number="13">standstill</token>
  <token t_id="775" sentence="33" number="14">and</token>
  <token t_id="776" sentence="33" number="15">the</token>
  <token t_id="777" sentence="33" number="16">main</token>
  <token t_id="778" sentence="33" number="17">public</token>
  <token t_id="779" sentence="33" number="18">sector</token>
  <token t_id="780" sentence="33" number="19">union</token>
  <token t_id="781" sentence="33" number="20">ADEDY</token>
  <token t_id="782" sentence="33" number="21">said</token>
  <token t_id="783" sentence="33" number="22">it</token>
  <token t_id="784" sentence="33" number="23">was</token>
  <token t_id="785" sentence="33" number="24">planning</token>
  <token t_id="786" sentence="33" number="25">more</token>
  <token t_id="787" sentence="33" number="26">walkout</token>
  <token t_id="788" sentence="33" number="27">for</token>
  <token t_id="789" sentence="33" number="28">next</token>
  <token t_id="790" sentence="33" number="29">week</token>
  <token t_id="791" sentence="33" number="30">.</token>
  <token t_id="792" sentence="34" number="0">"The</token>
  <token t_id="793" sentence="34" number="1">big</token>
  <token t_id="794" sentence="34" number="2">participation</token>
  <token t_id="795" sentence="34" number="3">in</token>
  <token t_id="796" sentence="34" number="4">the</token>
  <token t_id="797" sentence="34" number="5">strike</token>
  <token t_id="798" sentence="34" number="6">today</token>
  <token t_id="799" sentence="34" number="7">and</token>
  <token t_id="800" sentence="34" number="8">the</token>
  <token t_id="801" sentence="34" number="9">crowds</token>
  <token t_id="802" sentence="34" number="10">that</token>
  <token t_id="803" sentence="34" number="11">flooded</token>
  <token t_id="804" sentence="34" number="12">the</token>
  <token t_id="805" sentence="34" number="13">streets</token>
  <token t_id="806" sentence="34" number="14">of</token>
  <token t_id="807" sentence="34" number="15">Athens</token>
  <token t_id="808" sentence="34" number="16">.</token>
  <token t_id="809" sentence="34" number="17">.</token>
  <token t_id="810" sentence="34" number="18">.</token>
  <token t_id="811" sentence="34" number="19">sent</token>
  <token t_id="812" sentence="34" number="20">a</token>
  <token t_id="813" sentence="34" number="21">message</token>
  <token t_id="814" sentence="34" number="22">to</token>
  <token t_id="815" sentence="34" number="23">the</token>
  <token t_id="816" sentence="34" number="24">government</token>
  <token t_id="817" sentence="34" number="25">:</token>
  <token t_id="818" sentence="34" number="26">We</token>
  <token t_id="819" sentence="34" number="27">will</token>
  <token t_id="820" sentence="34" number="28">not</token>
  <token t_id="821" sentence="34" number="29">let</token>
  <token t_id="822" sentence="34" number="30">the</token>
  <token t_id="823" sentence="34" number="31">EU</token>
  <token t_id="824" sentence="34" number="32">and</token>
  <token t_id="825" sentence="34" number="33">the</token>
  <token t_id="826" sentence="34" number="34">IMF</token>
  <token t_id="827" sentence="34" number="35">measures</token>
  <token t_id="828" sentence="34" number="36">pass</token>
  <token t_id="829" sentence="34" number="37">,</token>
  <token t_id="830" sentence="34" number="38">"</token>
  <token t_id="831" sentence="34" number="39">said</token>
  <token t_id="832" sentence="34" number="40">Ilias</token>
  <token t_id="833" sentence="34" number="41">Vrettakos</token>
  <token t_id="834" sentence="34" number="42">,</token>
  <token t_id="835" sentence="34" number="43">deputy</token>
  <token t_id="836" sentence="34" number="44">head</token>
  <token t_id="837" sentence="34" number="45">of</token>
  <token t_id="838" sentence="34" number="46">the</token>
  <token t_id="839" sentence="34" number="47">union</token>
  <token t_id="840" sentence="34" number="48">.</token>
  <token t_id="841" sentence="35" number="0">Apostolos</token>
  <token t_id="842" sentence="35" number="1">Kolokythopoulos</token>
  <token t_id="843" sentence="35" number="2">,</token>
  <token t_id="844" sentence="35" number="3">a</token>
  <token t_id="845" sentence="35" number="4">70</token>
  <token t_id="846" sentence="35" number="5">-</token>
  <token t_id="847" sentence="35" number="6">year</token>
  <token t_id="848" sentence="35" number="7">old</token>
  <token t_id="849" sentence="35" number="8">pensioner</token>
  <token t_id="850" sentence="35" number="9">who</token>
  <token t_id="851" sentence="35" number="10">lives</token>
  <token t_id="852" sentence="35" number="11">on</token>
  <token t_id="853" sentence="35" number="12">less</token>
  <token t_id="854" sentence="35" number="13">than</token>
  <token t_id="855" sentence="35" number="14">1</token>
  <token t_id="856" sentence="35" number="15">,</token>
  <token t_id="857" sentence="35" number="16">000</token>
  <token t_id="858" sentence="35" number="17">euros</token>
  <token t_id="859" sentence="35" number="18">a</token>
  <token t_id="860" sentence="35" number="19">month</token>
  <token t_id="861" sentence="35" number="20">,</token>
  <token t_id="862" sentence="35" number="21">said</token>
  <token t_id="863" sentence="35" number="22">the</token>
  <token t_id="864" sentence="35" number="23">walkouts</token>
  <token t_id="865" sentence="35" number="24">were</token>
  <token t_id="866" sentence="35" number="25">needed</token>
  <token t_id="867" sentence="35" number="26">to</token>
  <token t_id="868" sentence="35" number="27">force</token>
  <token t_id="869" sentence="35" number="28">the</token>
  <token t_id="870" sentence="35" number="29">government</token>
  <token t_id="871" sentence="35" number="30">to</token>
  <token t_id="872" sentence="35" number="31">change</token>
  <token t_id="873" sentence="35" number="32">course</token>
  <token t_id="874" sentence="35" number="33">.</token>
  <token t_id="875" sentence="36" number="0">"I</token>
  <token t_id="876" sentence="36" number="1">agree</token>
  <token t_id="877" sentence="36" number="2">with</token>
  <token t_id="878" sentence="36" number="3">the</token>
  <token t_id="879" sentence="36" number="4">strikes</token>
  <token t_id="880" sentence="36" number="5">.</token>
  <token t_id="881" sentence="37" number="0">If</token>
  <token t_id="882" sentence="37" number="1">people</token>
  <token t_id="883" sentence="37" number="2">don't</token>
  <token t_id="884" sentence="37" number="3">react</token>
  <token t_id="885" sentence="37" number="4">,</token>
  <token t_id="886" sentence="37" number="5">don't</token>
  <token t_id="887" sentence="37" number="6">protest</token>
  <token t_id="888" sentence="37" number="7">,</token>
  <token t_id="889" sentence="37" number="8">how</token>
  <token t_id="890" sentence="37" number="9">will</token>
  <token t_id="891" sentence="37" number="10">things</token>
  <token t_id="892" sentence="37" number="11">change</token>
  <token t_id="893" sentence="37" number="12">?</token>
  <token t_id="894" sentence="37" number="13">"</token>
  <token t_id="895" sentence="37" number="14">he</token>
  <token t_id="896" sentence="37" number="15">said</token>
  <token t_id="897" sentence="37" number="16">.</token>
  <token t_id="898" sentence="38" number="0">Centre</token>
  <token t_id="899" sentence="38" number="1">-</token>
  <token t_id="900" sentence="38" number="2">left</token>
  <token t_id="901" sentence="38" number="3">daily</token>
  <token t_id="902" sentence="38" number="4">Eleftherotypia</token>
  <token t_id="903" sentence="38" number="5">warned</token>
  <token t_id="904" sentence="38" number="6">young</token>
  <token t_id="905" sentence="38" number="7">Greeks</token>
  <token t_id="906" sentence="38" number="8">would</token>
  <token t_id="907" sentence="38" number="9">rise</token>
  <token t_id="908" sentence="38" number="10">up</token>
  <token t_id="909" sentence="38" number="11">if</token>
  <token t_id="910" sentence="38" number="12">nothing</token>
  <token t_id="911" sentence="38" number="13">was</token>
  <token t_id="912" sentence="38" number="14">done</token>
  <token t_id="913" sentence="38" number="15">to</token>
  <token t_id="914" sentence="38" number="16">give</token>
  <token t_id="915" sentence="38" number="17">them</token>
  <token t_id="916" sentence="38" number="18">hope</token>
  <token t_id="917" sentence="38" number="19">of</token>
  <token t_id="918" sentence="38" number="20">a</token>
  <token t_id="919" sentence="38" number="21">future</token>
  <token t_id="920" sentence="38" number="22">.</token>
  <token t_id="921" sentence="39" number="0">"If</token>
  <token t_id="922" sentence="39" number="1">nothing</token>
  <token t_id="923" sentence="39" number="2">is</token>
  <token t_id="924" sentence="39" number="3">done</token>
  <token t_id="925" sentence="39" number="4">,</token>
  <token t_id="926" sentence="39" number="5">the</token>
  <token t_id="927" sentence="39" number="6">explosion</token>
  <token t_id="928" sentence="39" number="7">of</token>
  <token t_id="929" sentence="39" number="8">the</token>
  <token t_id="930" sentence="39" number="9">angry</token>
  <token t_id="931" sentence="39" number="10">and</token>
  <token t_id="932" sentence="39" number="11">the</token>
  <token t_id="933" sentence="39" number="12">disappointed</token>
  <token t_id="934" sentence="39" number="13">will</token>
  <token t_id="935" sentence="39" number="14">sweep</token>
  <token t_id="936" sentence="39" number="15">everything</token>
  <token t_id="937" sentence="39" number="16">away</token>
  <token t_id="938" sentence="39" number="17">,</token>
  <token t_id="939" sentence="39" number="18">"</token>
  <token t_id="940" sentence="39" number="19">the</token>
  <token t_id="941" sentence="39" number="20">paper</token>
  <token t_id="942" sentence="39" number="21">said</token>
  <token t_id="943" sentence="39" number="22">.</token>
  <token t_id="944" sentence="40" number="0">"Have</token>
  <token t_id="945" sentence="40" number="1">we</token>
  <token t_id="946" sentence="40" number="2">forgotten</token>
  <token t_id="947" sentence="40" number="3">December</token>
  <token t_id="948" sentence="40" number="4">2008</token>
  <token t_id="949" sentence="40" number="5">and</token>
  <token t_id="950" sentence="40" number="6">become</token>
  <token t_id="951" sentence="40" number="7">complacent</token>
  <token t_id="952" sentence="40" number="8">?</token>
  <token t_id="953" sentence="40" number="9">"</token>
  <Markables>
    <ACTION_ASPECTUAL m_id="1" comment="">
      <token_anchor t_id="372"/>
    </ACTION_ASPECTUAL>
    <ACTION_OCCURRENCE m_id="2" climaxEvent="TRUE" comment="">
      <token_anchor t_id="55"/>
    </ACTION_OCCURRENCE>
    <ACTION_OCCURRENCE m_id="3" comment="" climaxEvent="FALSE">
      <token_anchor t_id="58"/>
    </ACTION_OCCURRENCE>
    <ACTION_OCCURRENCE m_id="4" comment="" climaxEvent="FALSE">
      <token_anchor t_id="63"/>
    </ACTION_OCCURRENCE>
    <ACTION_OCCURRENCE m_id="5" comment="" climaxEvent="FALSE">
      <token_anchor t_id="358"/>
    </ACTION_OCCURRENCE>
    <ACTION_OCCURRENCE m_id="6" comment="" climaxEvent="FALSE">
      <token_anchor t_id="360"/>
    </ACTION_OCCURRENCE>
    <ACTION_OCCURRENCE m_id="7" comment="" climaxEvent="FALSE">
      <token_anchor t_id="364"/>
      <token_anchor t_id="365"/>
    </ACTION_OCCURRENCE>
    <ACTION_OCCURRENCE m_id="8" comment="" climaxEvent="FALSE">
      <token_anchor t_id="374"/>
    </ACTION_OCCURRENCE>
    <ACTION_OCCURRENCE m_id="9" comment="" climaxEvent="FALSE">
      <token_anchor t_id="83"/>
      <token_anchor t_id="84"/>
      <token_anchor t_id="85"/>
      <token_anchor t_id="86"/>
    </ACTION_OCCURRENCE>
    <ACTION_OCCURRENCE m_id="10" comment="" climaxEvent="FALSE">
      <token_anchor t_id="90"/>
    </ACTION_OCCURRENCE>
    <ACTION_OCCURRENCE m_id="11" comment="" climaxEvent="FALSE">
      <token_anchor t_id="98"/>
    </ACTION_OCCURRENCE>
    <ACTION_OCCURRENCE m_id="12" comment="" climaxEvent="FALSE">
      <token_anchor t_id="109"/>
    </ACTION_OCCURRENCE>
    <ACTION_OCCURRENCE m_id="13" comment="" climaxEvent="FALSE">
      <token_anchor t_id="28"/>
    </ACTION_OCCURRENCE>
    <ACTION_OCCURRENCE m_id="14" comment="" climaxEvent="FALSE">
      <token_anchor t_id="188"/>
    </ACTION_OCCURRENCE>
    <ACTION_OCCURRENCE m_id="15" comment="" climaxEvent="FALSE">
      <token_anchor t_id="29"/>
    </ACTION_OCCURRENCE>
    <ACTION_OCCURRENCE m_id="16" comment="" climaxEvent="FALSE">
      <token_anchor t_id="194"/>
    </ACTION_OCCURRENCE>
    <ACTION_OCCURRENCE m_id="17" comment="" climaxEvent="FALSE">
      <token_anchor t_id="199"/>
    </ACTION_OCCURRENCE>
    <ACTION_OCCURRENCE m_id="18" comment="" climaxEvent="FALSE">
      <token_anchor t_id="211"/>
    </ACTION_OCCURRENCE>
    <ACTION_OCCURRENCE m_id="51" comment="" climaxEvent="FALSE">
      <token_anchor t_id="62"/>
    </ACTION_OCCURRENCE>
    <ACTION_REPORTING m_id="19">
      <token_anchor t_id="174"/>
    </ACTION_REPORTING>
    <ACTION_STATE m_id="20" climaxEvent="FALSE" comment="">
      <token_anchor t_id="51"/>
    </ACTION_STATE>
    <ACTION_STATE m_id="52" climaxEvent="TRUE" comment="">
      <token_anchor t_id="31"/>
    </ACTION_STATE>
    <ACTION_STATE m_id="21" climaxEvent="TRUE" comment="">
      <token_anchor t_id="34"/>
    </ACTION_STATE>
    <HUMAN_PART_ORG m_id="22">
      <token_anchor t_id="368"/>
    </HUMAN_PART_ORG>
    <HUMAN_PART_ORG m_id="23">
      <token_anchor t_id="92"/>
    </HUMAN_PART_ORG>
    <HUMAN_PART_ORG m_id="24">
      <token_anchor t_id="173"/>
    </HUMAN_PART_ORG>
    <HUMAN_PART_PER m_id="29" comment="">
      <token_anchor t_id="81"/>
      <token_anchor t_id="82"/>
    </HUMAN_PART_PER>
    <HUMAN_PART_PER m_id="30" comment="">
      <token_anchor t_id="89"/>
    </HUMAN_PART_PER>
    <HUMAN_PART_PER m_id="31" comment="">
      <token_anchor t_id="176"/>
    </HUMAN_PART_PER>
    <HUMAN_PART_PER m_id="32" comment="">
      <token_anchor t_id="179"/>
    </HUMAN_PART_PER>
    <HUMAN_PART_PER m_id="33" comment="">
      <token_anchor t_id="33"/>
    </HUMAN_PART_PER>
    <HUMAN_PART_PER m_id="34" comment="">
      <token_anchor t_id="45"/>
    </HUMAN_PART_PER>
    <HUMAN_PART_PER m_id="35" comment="">
      <token_anchor t_id="52"/>
    </HUMAN_PART_PER>
    <HUMAN_PART_PER m_id="25" comment="">
      <token_anchor t_id="198"/>
    </HUMAN_PART_PER>
    <HUMAN_PART_PER m_id="26" comment="">
      <token_anchor t_id="357"/>
    </HUMAN_PART_PER>
    <HUMAN_PART_PER m_id="27" comment="">
      <token_anchor t_id="57"/>
    </HUMAN_PART_PER>
    <HUMAN_PART_PER m_id="28" comment="">
      <token_anchor t_id="79"/>
    </HUMAN_PART_PER>
    <LOC_FAC m_id="36">
      <token_anchor t_id="203"/>
      <token_anchor t_id="204"/>
      <token_anchor t_id="205"/>
      <token_anchor t_id="206"/>
      <token_anchor t_id="207"/>
      <token_anchor t_id="208"/>
      <token_anchor t_id="209"/>
    </LOC_FAC>
    <LOC_FAC m_id="37">
      <token_anchor t_id="67"/>
      <token_anchor t_id="68"/>
      <token_anchor t_id="69"/>
      <token_anchor t_id="70"/>
    </LOC_FAC>
    <LOC_FAC m_id="38">
      <token_anchor t_id="361"/>
    </LOC_FAC>
    <LOC_FAC m_id="39">
      <token_anchor t_id="190"/>
      <token_anchor t_id="191"/>
      <token_anchor t_id="192"/>
      <token_anchor t_id="193"/>
    </LOC_FAC>
    <LOC_GEO m_id="40" comment="">
      <token_anchor t_id="110"/>
      <token_anchor t_id="111"/>
      <token_anchor t_id="112"/>
    </LOC_GEO>
    <NON_HUMAN_PART m_id="41" comment="">
      <token_anchor t_id="201"/>
    </NON_HUMAN_PART>
    <NON_HUMAN_PART m_id="42" comment="">
      <token_anchor t_id="65"/>
    </NON_HUMAN_PART>
    <NON_HUMAN_PART m_id="43" comment="">
      <token_anchor t_id="377"/>
    </NON_HUMAN_PART>
    <NON_HUMAN_PART m_id="44" comment="">
      <token_anchor t_id="94"/>
      <token_anchor t_id="95"/>
    </NON_HUMAN_PART>
    <NON_HUMAN_PART m_id="45" comment="">
      <token_anchor t_id="103"/>
      <token_anchor t_id="104"/>
    </NON_HUMAN_PART>
    <NON_HUMAN_PART m_id="46" comment="">
      <token_anchor t_id="107"/>
    </NON_HUMAN_PART>
    <NON_HUMAN_PART m_id="47" comment="">
      <token_anchor t_id="196"/>
    </NON_HUMAN_PART>
    <NON_HUMAN_PART m_id="48" comment="">
      <token_anchor t_id="213"/>
      <token_anchor t_id="214"/>
    </NON_HUMAN_PART>
    <TIME_DATE m_id="49" comment="" DCT="FALSE" value="2010-05-05" anchorTimeID="50">
      <token_anchor t_id="71"/>
      <token_anchor t_id="72"/>
    </TIME_DATE>
    <TIME_OF_THE_DAY m_id="50" DCT="TRUE" value="2010-05-05T6:12pmUTC" anchorTimeID="50">
      <token_anchor t_id="35"/>
      <token_anchor t_id="36"/>
      <token_anchor t_id="37"/>
      <token_anchor t_id="38"/>
      <token_anchor t_id="39"/>
      <token_anchor t_id="40"/>
      <token_anchor t_id="41"/>
      <token_anchor t_id="42"/>
      <token_anchor t_id="43"/>
    </TIME_OF_THE_DAY>
    <HUMAN_PART_PER m_id="53" RELATED_TO="" TAG_DESCRIPTOR="t8_bank_workers" comment=""/>
    <HUMAN_PART_PER m_id="54" RELATED_TO="" TAG_DESCRIPTOR="t8_demonstrators" comment=""/>
    <NON_HUMAN_PART m_id="55" RELATED_TO="" TAG_DESCRIPTOR="t8_window" comment=""/>
    <ACTION_OCCURRENCE m_id="56" RELATED_TO="" TAG_DESCRIPTOR="t8_broke_window" comment="" climaxEvent="FALSE"/>
    <ACTION_STATE m_id="57" RELATED_TO="" TAG_DESCRIPTOR="t8_violent" climaxEvent="FALSE" comment=""/>
    <ACTION_OCCURRENCE m_id="58" RELATED_TO="" TAG_DESCRIPTOR="t8_demonstrations" comment="" climaxEvent="FALSE"/>
    <NON_HUMAN_PART m_id="59" RELATED_TO="" TAG_DESCRIPTOR="t8_bomb" comment=""/>
    <ACTION_OCCURRENCE m_id="60" RELATED_TO="" TAG_DESCRIPTOR="t8_austerity_measures" comment="" climaxEvent="FALSE"/>
    <HUMAN_PART_ORG m_id="61" RELATED_TO="" TAG_DESCRIPTOR="t8_police"/>
    <LOC_FAC m_id="62" RELATED_TO="" TAG_DESCRIPTOR="t8_parliament"/>
    <ACTION_OCCURRENCE m_id="63" RELATED_TO="" TAG_DESCRIPTOR="t8_threw_fire_bomb" comment="" climaxEvent="FALSE"/>
    <ACTION_STATE m_id="64" RELATED_TO="" TAG_DESCRIPTOR="t8_pregnant" climaxEvent="FALSE" comment=""/>
    <ACTION_OCCURRENCE m_id="65" RELATED_TO="" TAG_DESCRIPTOR="t8_bomb_attack_eallier" comment="" climaxEvent="FALSE"/>
    <HUMAN_PART_PER m_id="66" RELATED_TO="" TAG_DESCRIPTOR="t8_killed_woman" comment=""/>
    <LOC_FAC m_id="67" RELATED_TO="" TAG_DESCRIPTOR="t8_bank"/>
    <ACTION_OCCURRENCE m_id="68" RELATED_TO="" TAG_DESCRIPTOR="t8_rioting" comment="" climaxEvent="FALSE"/>
    <ACTION_OCCURRENCE m_id="69" RELATED_TO="" TAG_DESCRIPTOR="t8_took_to_streets" comment="" climaxEvent="FALSE"/>
    <ACTION_OCCURRENCE m_id="70" RELATED_TO="" TAG_DESCRIPTOR="t8_bank_workers_died" comment="" climaxEvent="FALSE"/>
    <TIME_DATE m_id="71" RELATED_TO="" TAG_DESCRIPTOR="t8_wednesday" value="" anchorTimeID="" DCT="FALSE" comment=""/>
    <ACTION_OCCURRENCE m_id="72" RELATED_TO="" TAG_DESCRIPTOR="t8_tried_to_storm" comment="" climaxEvent="FALSE"/>
    <ACTION_STATE m_id="73" RELATED_TO="" TAG_DESCRIPTOR="t8_dead" climaxEvent="FALSE" comment=""/>
  </Markables>
  <Relations>
    <TLINK r_id="93917" contextualModality="" relType="CONTAINS" comment="">
      <source m_id="49"/>
      <target m_id="2"/>
    </TLINK>
    <TLINK r_id="93918" contextualModality="" relType="CONTAINS" comment="">
      <source m_id="49"/>
      <target m_id="3"/>
    </TLINK>
    <TLINK r_id="93919" contextualModality="" relType="AFTER" comment="">
      <source m_id="49"/>
      <target m_id="51"/>
    </TLINK>
    <TLINK r_id="93920" contextualModality="" relType="CONTAINS" comment="">
      <source m_id="49"/>
      <target m_id="4"/>
    </TLINK>
    <TLINK r_id="93921" contextualModality="" relType="CONTAINS" comment="">
      <source m_id="49"/>
      <target m_id="9"/>
    </TLINK>
    <TLINK r_id="93922" contextualModality="" relType="CONTAINS" comment="">
      <source m_id="49"/>
      <target m_id="10"/>
    </TLINK>
    <TLINK r_id="93923" contextualModality="" relType="CONTAINS" comment="">
      <source m_id="49"/>
      <target m_id="11"/>
    </TLINK>
    <TLINK r_id="93924" contextualModality="" relType="CONTAINS" comment="">
      <source m_id="49"/>
      <target m_id="12"/>
    </TLINK>
    <TLINK r_id="93925" contextualModality="" relType="OVERLAP" comment="">
      <source m_id="49"/>
      <target m_id="14"/>
    </TLINK>
    <TLINK r_id="93926" contextualModality="" relType="CONTAINS" comment="">
      <source m_id="49"/>
      <target m_id="16"/>
    </TLINK>
    <TLINK r_id="93927" contextualModality="" relType="CONTAINS" comment="">
      <source m_id="49"/>
      <target m_id="17"/>
    </TLINK>
    <TLINK r_id="93928" contextualModality="" relType="CONTAINS" comment="">
      <source m_id="49"/>
      <target m_id="18"/>
    </TLINK>
    <TLINK r_id="93929" contextualModality="" relType="CONTAINS" comment="">
      <source m_id="49"/>
      <target m_id="5"/>
    </TLINK>
    <TLINK r_id="93930" contextualModality="" relType="CONTAINS" comment="">
      <source m_id="49"/>
      <target m_id="6"/>
    </TLINK>
    <TLINK r_id="93931" contextualModality="" relType="CONTAINS" comment="">
      <source m_id="49"/>
      <target m_id="7"/>
    </TLINK>
    <TLINK r_id="93932" contextualModality="" relType="CONTAINS" comment="">
      <source m_id="49"/>
      <target m_id="8"/>
    </TLINK>
    <TLINK r_id="93933" contextualModality="" relType="AFTER" comment="">
      <source m_id="50"/>
      <target m_id="2"/>
    </TLINK>
    <TLINK r_id="93934" contextualModality="" relType="AFTER" comment="">
      <source m_id="50"/>
      <target m_id="3"/>
    </TLINK>
    <TLINK r_id="93935" contextualModality="" relType="AFTER" comment="">
      <source m_id="50"/>
      <target m_id="51"/>
    </TLINK>
    <TLINK r_id="93936" contextualModality="" relType="AFTER" comment="">
      <source m_id="50"/>
      <target m_id="4"/>
    </TLINK>
    <TLINK r_id="93937" contextualModality="" relType="AFTER" comment="">
      <source m_id="50"/>
      <target m_id="9"/>
    </TLINK>
    <TLINK r_id="93938" contextualModality="" relType="AFTER" comment="">
      <source m_id="50"/>
      <target m_id="10"/>
    </TLINK>
    <TLINK r_id="93939" contextualModality="" relType="AFTER" comment="">
      <source m_id="50"/>
      <target m_id="11"/>
    </TLINK>
    <TLINK r_id="93940" contextualModality="" relType="AFTER" comment="">
      <source m_id="50"/>
      <target m_id="12"/>
    </TLINK>
    <TLINK r_id="93941" contextualModality="" relType="AFTER" comment="">
      <source m_id="50"/>
      <target m_id="14"/>
    </TLINK>
    <TLINK r_id="93943" contextualModality="" relType="AFTER" comment="">
      <source m_id="50"/>
      <target m_id="17"/>
    </TLINK>
    <TLINK r_id="93944" contextualModality="" relType="AFTER" comment="">
      <source m_id="50"/>
      <target m_id="18"/>
    </TLINK>
    <TLINK r_id="93945" contextualModality="" relType="AFTER" comment="">
      <source m_id="50"/>
      <target m_id="5"/>
    </TLINK>
    <TLINK r_id="93950" contextualModality="" relType="AFTER" comment="">
      <source m_id="50"/>
      <target m_id="7"/>
    </TLINK>
    <TLINK r_id="93952" contextualModality="" relType="AFTER" comment="">
      <source m_id="50"/>
      <target m_id="8"/>
    </TLINK>
    <TLINK r_id="93953" contextualModality="" relType="AFTER" comment="">
      <source m_id="50"/>
      <target m_id="6"/>
    </TLINK>
    <TLINK r_id="95946" contextualModality="" relType="AFTER" comment="">
      <source m_id="50"/>
      <target m_id="13"/>
    </TLINK>
    <TLINK r_id="95947" contextualModality="" relType="AFTER" comment="">
      <source m_id="50"/>
      <target m_id="15"/>
    </TLINK>
    <TLINK r_id="95948" contextualModality="" relType="AFTER" comment="">
      <source m_id="50"/>
      <target m_id="52"/>
    </TLINK>
    <TLINK r_id="95949" contextualModality="" relType="AFTER" comment="">
      <source m_id="50"/>
      <target m_id="21"/>
    </TLINK>
    <TLINK r_id="95950" contextualModality="" relType="CONTAINS" comment="">
      <source m_id="49"/>
      <target m_id="13"/>
    </TLINK>
    <TLINK r_id="95951" contextualModality="" relType="CONTAINS" comment="">
      <source m_id="49"/>
      <target m_id="15"/>
    </TLINK>
    <TLINK r_id="95952" contextualModality="" relType="CONTAINS" comment="">
      <source m_id="49"/>
      <target m_id="52"/>
    </TLINK>
    <TLINK r_id="95954" contextualModality="" relType="CONTAINS" comment="">
      <source m_id="49"/>
      <target m_id="21"/>
    </TLINK>
    <PLOT_LINK r_id="104249" SIGNAL="15" relType="PRECONDITION" CAUSES="FALSE" CAUSED_BY="FALSE">
      <source m_id="13"/>
      <target m_id="52"/>
    </PLOT_LINK>
    <PLOT_LINK r_id="104250" SIGNAL="" relType="PRECONDITION" CAUSES="FALSE" CAUSED_BY="FALSE">
      <source m_id="52"/>
      <target m_id="21"/>
    </PLOT_LINK>
    <PLOT_LINK r_id="104251" SIGNAL="" relType="FALLING_ACTION" CAUSES="FALSE" CAUSED_BY="FALSE">
      <source m_id="2"/>
      <target m_id="4"/>
    </PLOT_LINK>
    <PLOT_LINK r_id="104252" SIGNAL="" relType="FALLING_ACTION" CAUSES="FALSE" CAUSED_BY="FALSE">
      <source m_id="3"/>
      <target m_id="51"/>
    </PLOT_LINK>
    <PLOT_LINK r_id="104253" SIGNAL="" relType="PRECONDITION" CAUSES="FALSE" CAUSED_BY="FALSE">
      <source m_id="3"/>
      <target m_id="4"/>
    </PLOT_LINK>
    <PLOT_LINK r_id="104254" SIGNAL="" relType="PRECONDITION" CAUSES="FALSE" CAUSED_BY="FALSE">
      <source m_id="3"/>
      <target m_id="9"/>
    </PLOT_LINK>
    <PLOT_LINK r_id="104255" SIGNAL="" relType="PRECONDITION" CAUSES="FALSE" CAUSED_BY="FALSE">
      <source m_id="9"/>
      <target m_id="10"/>
    </PLOT_LINK>
    <PLOT_LINK r_id="104256" SIGNAL="" relType="PRECONDITION" CAUSES="FALSE" CAUSED_BY="FALSE">
      <source m_id="10"/>
      <target m_id="11"/>
    </PLOT_LINK>
    <PLOT_LINK r_id="104257" SIGNAL="" relType="PRECONDITION" CAUSES="FALSE" CAUSED_BY="FALSE">
      <source m_id="3"/>
      <target m_id="10"/>
    </PLOT_LINK>
    <PLOT_LINK r_id="104259" SIGNAL="" relType="FALLING_ACTION" CAUSES="FALSE" CAUSED_BY="FALSE">
      <source m_id="16"/>
      <target m_id="18"/>
    </PLOT_LINK>
    <PLOT_LINK r_id="104260" SIGNAL="" relType="PRECONDITION" CAUSES="FALSE" CAUSED_BY="FALSE">
      <source m_id="17"/>
      <target m_id="18"/>
    </PLOT_LINK>
    <PLOT_LINK r_id="104261" SIGNAL="" relType="PRECONDITION" CAUSES="FALSE" CAUSED_BY="FALSE">
      <source m_id="6"/>
      <target m_id="7"/>
    </PLOT_LINK>
  </Relations>
</Document>
