<?xml version='1.0' encoding='UTF-8'?>
<Document doc_name="1_10ecbplus.xml">
  <token t_id="1" sentence="0" number="0">http</token>
  <token t_id="2" sentence="0" number="1">:</token>
  <token t_id="3" sentence="0" number="2">/</token>
  <token t_id="4" sentence="0" number="3">/</token>
  <token t_id="5" sentence="0" number="4">articles</token>
  <token t_id="6" sentence="0" number="5">.</token>
  <token t_id="7" sentence="0" number="6">latimes</token>
  <token t_id="8" sentence="0" number="7">.</token>
  <token t_id="9" sentence="0" number="8">com</token>
  <token t_id="10" sentence="0" number="9">/</token>
  <token t_id="11" sentence="0" number="10">2013</token>
  <token t_id="12" sentence="0" number="11">/</token>
  <token t_id="13" sentence="0" number="12">may</token>
  <token t_id="14" sentence="0" number="13">/</token>
  <token t_id="15" sentence="0" number="14">03</token>
  <token t_id="16" sentence="0" number="15">/</token>
  <token t_id="17" sentence="0" number="16">local</token>
  <token t_id="18" sentence="0" number="17">/</token>
  <token t_id="19" sentence="0" number="18">la</token>
  <token t_id="20" sentence="0" number="19">-</token>
  <token t_id="21" sentence="0" number="20">me</token>
  <token t_id="22" sentence="0" number="21">-</token>
  <token t_id="23" sentence="0" number="22">0504</token>
  <token t_id="24" sentence="0" number="23">-</token>
  <token t_id="25" sentence="0" number="24">lohan</token>
  <token t_id="26" sentence="0" number="25">-</token>
  <token t_id="27" sentence="0" number="26">rehab</token>
  <token t_id="28" sentence="0" number="27">-</token>
  <token t_id="29" sentence="0" number="28">20130504</token>
  <token t_id="30" sentence="1" number="0">Lindsay</token>
  <token t_id="31" sentence="1" number="1">Lohan</token>
  <token t_id="32" sentence="1" number="2">checks</token>
  <token t_id="33" sentence="1" number="3">into</token>
  <token t_id="34" sentence="1" number="4">Betty</token>
  <token t_id="35" sentence="1" number="5">Ford</token>
  <token t_id="36" sentence="1" number="6">Center</token>
  <token t_id="37" sentence="2" number="0">May</token>
  <token t_id="38" sentence="2" number="1">03</token>
  <token t_id="39" sentence="2" number="2">,</token>
  <token t_id="40" sentence="2" number="3">2013</token>
  <token t_id="41" sentence="3" number="0">After</token>
  <token t_id="42" sentence="3" number="1">skipping</token>
  <token t_id="43" sentence="3" number="2">out</token>
  <token t_id="44" sentence="3" number="3">on</token>
  <token t_id="45" sentence="3" number="4">entering</token>
  <token t_id="46" sentence="3" number="5">a</token>
  <token t_id="47" sentence="3" number="6">Newport</token>
  <token t_id="48" sentence="3" number="7">Beach</token>
  <token t_id="49" sentence="3" number="8">rehabilitation</token>
  <token t_id="50" sentence="3" number="9">facility</token>
  <token t_id="51" sentence="3" number="10">and</token>
  <token t_id="52" sentence="3" number="11">facing</token>
  <token t_id="53" sentence="3" number="12">the</token>
  <token t_id="54" sentence="3" number="13">prospect</token>
  <token t_id="55" sentence="3" number="14">of</token>
  <token t_id="56" sentence="3" number="15">arrest</token>
  <token t_id="57" sentence="3" number="16">for</token>
  <token t_id="58" sentence="3" number="17">violating</token>
  <token t_id="59" sentence="3" number="18">her</token>
  <token t_id="60" sentence="3" number="19">probation</token>
  <token t_id="61" sentence="3" number="20">,</token>
  <token t_id="62" sentence="3" number="21">Lindsay</token>
  <token t_id="63" sentence="3" number="22">Lohan</token>
  <token t_id="64" sentence="3" number="23">has</token>
  <token t_id="65" sentence="3" number="24">checked</token>
  <token t_id="66" sentence="3" number="25">into</token>
  <token t_id="67" sentence="3" number="26">the</token>
  <token t_id="68" sentence="3" number="27">Betty</token>
  <token t_id="69" sentence="3" number="28">Ford</token>
  <token t_id="70" sentence="3" number="29">Center</token>
  <token t_id="71" sentence="3" number="30">to</token>
  <token t_id="72" sentence="3" number="31">begin</token>
  <token t_id="73" sentence="3" number="32">a</token>
  <token t_id="74" sentence="3" number="33">90</token>
  <token t_id="75" sentence="3" number="34">-</token>
  <token t_id="76" sentence="3" number="35">day</token>
  <token t_id="77" sentence="3" number="36">court</token>
  <token t_id="78" sentence="3" number="37">-</token>
  <token t_id="79" sentence="3" number="38">mandated</token>
  <token t_id="80" sentence="3" number="39">stay</token>
  <token t_id="81" sentence="3" number="40">in</token>
  <token t_id="82" sentence="3" number="41">her</token>
  <token t_id="83" sentence="3" number="42">reckless</token>
  <token t_id="84" sentence="3" number="43">driving</token>
  <token t_id="85" sentence="3" number="44">conviction</token>
  <token t_id="86" sentence="3" number="45">.</token>
  <token t_id="87" sentence="4" number="0">Lohan</token>
  <token t_id="88" sentence="4" number="1">was</token>
  <token t_id="89" sentence="4" number="2">previously</token>
  <token t_id="90" sentence="4" number="3">at</token>
  <token t_id="91" sentence="4" number="4">Betty</token>
  <token t_id="92" sentence="4" number="5">Ford</token>
  <token t_id="93" sentence="4" number="6">from</token>
  <token t_id="94" sentence="4" number="7">September</token>
  <token t_id="95" sentence="4" number="8">2010</token>
  <token t_id="96" sentence="4" number="9">to</token>
  <token t_id="97" sentence="4" number="10">January</token>
  <token t_id="98" sentence="4" number="11">2011</token>
  <token t_id="99" sentence="4" number="12">after</token>
  <token t_id="100" sentence="4" number="13">a</token>
  <token t_id="101" sentence="4" number="14">probation</token>
  <token t_id="102" sentence="4" number="15">violation</token>
  <token t_id="103" sentence="4" number="16">in</token>
  <token t_id="104" sentence="4" number="17">a</token>
  <token t_id="105" sentence="4" number="18">prior</token>
  <token t_id="106" sentence="4" number="19">drunk</token>
  <token t_id="107" sentence="4" number="20">driving</token>
  <token t_id="108" sentence="4" number="21">case</token>
  <token t_id="109" sentence="4" number="22">.</token>
  <token t_id="110" sentence="5" number="0">Her</token>
  <token t_id="111" sentence="5" number="1">latest</token>
  <token t_id="112" sentence="5" number="2">stay</token>
  <token t_id="113" sentence="5" number="3">at</token>
  <token t_id="114" sentence="5" number="4">Betty</token>
  <token t_id="115" sentence="5" number="5">Ford</token>
  <token t_id="116" sentence="5" number="6">comes</token>
  <token t_id="117" sentence="5" number="7">after</token>
  <token t_id="118" sentence="5" number="8">Lohan</token>
  <token t_id="119" sentence="5" number="9">rear</token>
  <token t_id="120" sentence="5" number="10">-</token>
  <token t_id="121" sentence="5" number="11">ended</token>
  <token t_id="122" sentence="5" number="12">a</token>
  <token t_id="123" sentence="5" number="13">truck</token>
  <token t_id="124" sentence="5" number="14">with</token>
  <token t_id="125" sentence="5" number="15">her</token>
  <token t_id="126" sentence="5" number="16">Porsche</token>
  <token t_id="127" sentence="5" number="17">on</token>
  <token t_id="128" sentence="5" number="18">Pacific</token>
  <token t_id="129" sentence="5" number="19">Coast</token>
  <token t_id="130" sentence="5" number="20">Highway</token>
  <token t_id="131" sentence="5" number="21">on</token>
  <token t_id="132" sentence="5" number="22">June</token>
  <token t_id="133" sentence="5" number="23">8</token>
  <token t_id="134" sentence="5" number="24">,</token>
  <token t_id="135" sentence="5" number="25">and</token>
  <token t_id="136" sentence="5" number="26">then</token>
  <token t_id="137" sentence="5" number="27">lied</token>
  <token t_id="138" sentence="5" number="28">to</token>
  <token t_id="139" sentence="5" number="29">police</token>
  <token t_id="140" sentence="5" number="30">,</token>
  <token t_id="141" sentence="5" number="31">telling</token>
  <token t_id="142" sentence="5" number="32">them</token>
  <token t_id="143" sentence="5" number="33">she</token>
  <token t_id="144" sentence="5" number="34">was</token>
  <token t_id="145" sentence="5" number="35">not</token>
  <token t_id="146" sentence="5" number="36">driving</token>
  <token t_id="147" sentence="5" number="37">.</token>
  <Markables>
    <ACTION_ASPECTUAL m_id="1" comment="">
      <token_anchor t_id="72"/>
    </ACTION_ASPECTUAL>
    <ACTION_ASPECTUAL m_id="2" comment="">
      <token_anchor t_id="116"/>
    </ACTION_ASPECTUAL>
    <ACTION_OCCURRENCE m_id="3" comment="" climaxEvent="FALSE">
      <token_anchor t_id="45"/>
    </ACTION_OCCURRENCE>
    <ACTION_OCCURRENCE m_id="4" comment="" climaxEvent="FALSE">
      <token_anchor t_id="52"/>
    </ACTION_OCCURRENCE>
    <ACTION_OCCURRENCE m_id="5" comment="" climaxEvent="FALSE">
      <token_anchor t_id="65"/>
      <token_anchor t_id="66"/>
    </ACTION_OCCURRENCE>
    <ACTION_OCCURRENCE m_id="6" comment="" climaxEvent="FALSE">
      <token_anchor t_id="58"/>
    </ACTION_OCCURRENCE>
    <ACTION_OCCURRENCE m_id="7" comment="" climaxEvent="FALSE">
      <token_anchor t_id="112"/>
    </ACTION_OCCURRENCE>
    <ACTION_OCCURRENCE m_id="8" comment="" climaxEvent="FALSE">
      <token_anchor t_id="119"/>
      <token_anchor t_id="120"/>
      <token_anchor t_id="121"/>
    </ACTION_OCCURRENCE>
    <ACTION_OCCURRENCE m_id="9" comment="" climaxEvent="FALSE">
      <token_anchor t_id="141"/>
    </ACTION_OCCURRENCE>
    <ACTION_OCCURRENCE m_id="10" comment="" climaxEvent="FALSE">
      <token_anchor t_id="137"/>
    </ACTION_OCCURRENCE>
    <ACTION_OCCURRENCE m_id="11" comment="" climaxEvent="FALSE">
      <token_anchor t_id="107"/>
    </ACTION_OCCURRENCE>
    <ACTION_OCCURRENCE m_id="12" comment="" climaxEvent="FALSE">
      <token_anchor t_id="108"/>
    </ACTION_OCCURRENCE>
    <ACTION_OCCURRENCE m_id="44" comment="" climaxEvent="FALSE">
      <token_anchor t_id="80"/>
    </ACTION_OCCURRENCE>
    <ACTION_OCCURRENCE m_id="13" comment="" climaxEvent="FALSE">
      <token_anchor t_id="102"/>
    </ACTION_OCCURRENCE>
    <ACTION_OCCURRENCE m_id="14" climaxEvent="TRUE" comment="">
      <token_anchor t_id="32"/>
      <token_anchor t_id="33"/>
    </ACTION_OCCURRENCE>
    <ACTION_OCCURRENCE m_id="15" comment="" climaxEvent="FALSE">
      <token_anchor t_id="84"/>
    </ACTION_OCCURRENCE>
    <ACTION_OCCURRENCE m_id="16" comment="" climaxEvent="FALSE">
      <token_anchor t_id="85"/>
    </ACTION_OCCURRENCE>
    <ACTION_STATE m_id="17" climaxEvent="FALSE" comment="">
      <token_anchor t_id="101"/>
    </ACTION_STATE>
    <ACTION_STATE m_id="18" climaxEvent="FALSE" comment="">
      <token_anchor t_id="106"/>
    </ACTION_STATE>
    <ACTION_STATE m_id="19" climaxEvent="FALSE" comment="">
      <token_anchor t_id="60"/>
    </ACTION_STATE>
    <HUMAN_PART_PER m_id="29" comment="">
      <token_anchor t_id="118"/>
    </HUMAN_PART_PER>
    <HUMAN_PART_PER m_id="20" comment="">
      <token_anchor t_id="143"/>
    </HUMAN_PART_PER>
    <HUMAN_PART_PER m_id="21" comment="">
      <token_anchor t_id="59"/>
    </HUMAN_PART_PER>
    <HUMAN_PART_PER m_id="22" comment="">
      <token_anchor t_id="125"/>
    </HUMAN_PART_PER>
    <HUMAN_PART_PER m_id="23" comment="">
      <token_anchor t_id="139"/>
    </HUMAN_PART_PER>
    <HUMAN_PART_PER m_id="24" comment="">
      <token_anchor t_id="142"/>
    </HUMAN_PART_PER>
    <HUMAN_PART_PER m_id="25" comment="">
      <token_anchor t_id="30"/>
      <token_anchor t_id="31"/>
    </HUMAN_PART_PER>
    <HUMAN_PART_PER m_id="26" comment="">
      <token_anchor t_id="62"/>
      <token_anchor t_id="63"/>
    </HUMAN_PART_PER>
    <HUMAN_PART_PER m_id="27" comment="">
      <token_anchor t_id="87"/>
    </HUMAN_PART_PER>
    <HUMAN_PART_PER m_id="28" comment="">
      <token_anchor t_id="110"/>
    </HUMAN_PART_PER>
    <LOC_FAC m_id="30">
      <token_anchor t_id="114"/>
      <token_anchor t_id="115"/>
    </LOC_FAC>
    <LOC_FAC m_id="31">
      <token_anchor t_id="90"/>
      <token_anchor t_id="91"/>
      <token_anchor t_id="92"/>
    </LOC_FAC>
    <LOC_FAC m_id="32">
      <token_anchor t_id="46"/>
      <token_anchor t_id="47"/>
      <token_anchor t_id="48"/>
      <token_anchor t_id="49"/>
      <token_anchor t_id="50"/>
    </LOC_FAC>
    <LOC_FAC m_id="33">
      <token_anchor t_id="34"/>
      <token_anchor t_id="35"/>
      <token_anchor t_id="36"/>
    </LOC_FAC>
    <LOC_FAC m_id="34">
      <token_anchor t_id="67"/>
      <token_anchor t_id="68"/>
      <token_anchor t_id="69"/>
      <token_anchor t_id="70"/>
    </LOC_FAC>
    <LOC_GEO m_id="35" comment="">
      <token_anchor t_id="127"/>
      <token_anchor t_id="128"/>
      <token_anchor t_id="129"/>
      <token_anchor t_id="130"/>
    </LOC_GEO>
    <NEG_ACTION_OCCURRENCE m_id="36" comment="" climaxEvent="FALSE">
      <token_anchor t_id="146"/>
    </NEG_ACTION_OCCURRENCE>
    <NEG_ACTION_OCCURRENCE m_id="43" comment="" climaxEvent="FALSE">
      <token_anchor t_id="56"/>
    </NEG_ACTION_OCCURRENCE>
    <NON_HUMAN_PART m_id="37" comment="">
      <token_anchor t_id="126"/>
    </NON_HUMAN_PART>
    <NON_HUMAN_PART m_id="38" comment="">
      <token_anchor t_id="123"/>
    </NON_HUMAN_PART>
    <TIME_DATE m_id="39" comment="" DCT="FALSE" value="2010-06-08" anchorTimeID="39">
      <token_anchor t_id="131"/>
      <token_anchor t_id="132"/>
      <token_anchor t_id="133"/>
    </TIME_DATE>
    <TIME_DATE m_id="40" comment="" DCT="FALSE" value="2010-09 to 2011-01" anchorTimeID="">
      <token_anchor t_id="93"/>
      <token_anchor t_id="94"/>
      <token_anchor t_id="95"/>
      <token_anchor t_id="96"/>
      <token_anchor t_id="97"/>
      <token_anchor t_id="98"/>
    </TIME_DATE>
    <TIME_DATE m_id="41" comment="" DCT="TRUE" value="2013-05-03" anchorTimeID="41">
      <token_anchor t_id="37"/>
      <token_anchor t_id="38"/>
      <token_anchor t_id="39"/>
      <token_anchor t_id="40"/>
    </TIME_DATE>
    <TIME_DURATION m_id="42" value="" anchorTimeID="" begin="" endPoint="">
      <token_anchor t_id="74"/>
      <token_anchor t_id="75"/>
      <token_anchor t_id="76"/>
    </TIME_DURATION>
    <NON_HUMAN_PART m_id="45" RELATED_TO="" TAG_DESCRIPTOR="t1_truck" comment=""/>
    <ACTION_ASPECTUAL m_id="46" RELATED_TO="" TAG_DESCRIPTOR="t1_comes_after_accident" comment=""/>
    <ACTION_OCCURRENCE m_id="47" RELATED_TO="" TAG_DESCRIPTOR="t1_treatment" comment="" climaxEvent="FALSE"/>
    <TIME_DURATION m_id="48" RELATED_TO="" TAG_DESCRIPTOR="t1_90_days" value="" anchorTimeID="" begin="" endPoint=""/>
    <ACTION_OCCURRENCE m_id="49" RELATED_TO="" TAG_DESCRIPTOR="t1_probation_violation_2011" comment="" climaxEvent="FALSE"/>
    <NON_HUMAN_PART m_id="50" RELATED_TO="" TAG_DESCRIPTOR="t1_porsche" comment=""/>
    <ACTION_OCCURRENCE m_id="51" RELATED_TO="" TAG_DESCRIPTOR="t1_conviction_reckless_driving" comment="" climaxEvent="FALSE"/>
    <LOC_GEO m_id="52" RELATED_TO="" TAG_DESCRIPTOR="t1_pacific_coast_highway" comment=""/>
    <TIME_DATE m_id="53" RELATED_TO="" TAG_DESCRIPTOR="t1_june_8" value="" anchorTimeID="" DCT="FALSE" comment=""/>
    <ACTION_STATE m_id="54" RELATED_TO="" TAG_DESCRIPTOR="t1_probation" climaxEvent="FALSE" comment=""/>
    <HUMAN_PART_PER m_id="55" RELATED_TO="" TAG_DESCRIPTOR="t1_police" comment=""/>
    <ACTION_OCCURRENCE m_id="56" RELATED_TO="" TAG_DESCRIPTOR="t1_rear_ended" comment="" climaxEvent="FALSE"/>
    <ACTION_OCCURRENCE m_id="57" RELATED_TO="" TAG_DESCRIPTOR="t1_facing_arrest" comment="" climaxEvent="FALSE"/>
    <LOC_FAC m_id="58" RELATED_TO="" TAG_DESCRIPTOR="t1_betty_ford"/>
    <HUMAN_PART_PER m_id="59" RELATED_TO="" TAG_DESCRIPTOR="t1_lindsay_lohan" comment=""/>
    <ACTION_OCCURRENCE m_id="60" RELATED_TO="" TAG_DESCRIPTOR="t1_probation_violation" comment="" climaxEvent="FALSE"/>
    <LOC_FAC m_id="61" RELATED_TO="" TAG_DESCRIPTOR="t1_morningside"/>
    <NEG_ACTION_OCCURRENCE m_id="62" RELATED_TO="" TAG_DESCRIPTOR="t1_arrest" comment="" climaxEvent="FALSE"/>
    <ACTION_OCCURRENCE m_id="63" RELATED_TO="" TAG_DESCRIPTOR="t1_lie_police" comment="" climaxEvent="FALSE"/>
    <ACTION_OCCURRENCE m_id="64" RELATED_TO="" TAG_DESCRIPTOR="t1_drunk_driving" comment="" climaxEvent="FALSE"/>
    <ACTION_OCCURRENCE m_id="65" RELATED_TO="" TAG_DESCRIPTOR="t1_checking_into_betty_ford" comment="" climaxEvent="FALSE"/>
    <NEG_ACTION_OCCURRENCE m_id="66" RELATED_TO="" TAG_DESCRIPTOR="t1_not_driving" comment="" climaxEvent="FALSE"/>
    <ACTION_OCCURRENCE m_id="67" RELATED_TO="" TAG_DESCRIPTOR="t1_drunk_driving_case" comment="" climaxEvent="FALSE"/>
    <TIME_DATE m_id="68" RELATED_TO="" TAG_DESCRIPTOR="t1_september_2010_to_january_2011" value="" anchorTimeID="" DCT="FALSE" comment=""/>
    <ACTION_STATE m_id="69" RELATED_TO="" TAG_DESCRIPTOR="t1_drunk" climaxEvent="FALSE" comment=""/>
    <ACTION_OCCURRENCE m_id="70" RELATED_TO="" TAG_DESCRIPTOR="t1_checking_into_morningside_or_showing_up" comment="" climaxEvent="FALSE"/>
    <ACTION_ASPECTUAL m_id="71" RELATED_TO="" TAG_DESCRIPTOR="t1_begin_90_days" comment=""/>
  </Markables>
  <Relations>
    <TLINK r_id="135345" contextualModality="" relType="AFTER" comment="">
      <source m_id="41"/>
      <target m_id="14"/>
    </TLINK>
    <TLINK r_id="135347" contextualModality="" relType="AFTER" comment="">
      <source m_id="41"/>
      <target m_id="3"/>
    </TLINK>
    <TLINK r_id="135348" contextualModality="" relType="AFTER" comment="">
      <source m_id="41"/>
      <target m_id="43"/>
    </TLINK>
    <TLINK r_id="135349" contextualModality="" relType="AFTER" comment="">
      <source m_id="41"/>
      <target m_id="6"/>
    </TLINK>
    <TLINK r_id="135350" contextualModality="" relType="AFTER" comment="">
      <source m_id="41"/>
      <target m_id="19"/>
    </TLINK>
    <TLINK r_id="135351" contextualModality="" relType="AFTER" comment="">
      <source m_id="41"/>
      <target m_id="5"/>
    </TLINK>
    <TLINK r_id="135352" contextualModality="" relType="AFTER" comment="">
      <source m_id="41"/>
      <target m_id="1"/>
    </TLINK>
    <TLINK r_id="135353" contextualModality="" relType="AFTER" comment="">
      <source m_id="41"/>
      <target m_id="44"/>
    </TLINK>
    <TLINK r_id="135354" contextualModality="" relType="AFTER" comment="">
      <source m_id="41"/>
      <target m_id="15"/>
    </TLINK>
    <TLINK r_id="135355" contextualModality="" relType="AFTER" comment="">
      <source m_id="41"/>
      <target m_id="16"/>
    </TLINK>
    <TLINK r_id="135356" contextualModality="" relType="AFTER" comment="">
      <source m_id="41"/>
      <target m_id="17"/>
    </TLINK>
    <TLINK r_id="135365" contextualModality="" relType="AFTER" comment="">
      <source m_id="41"/>
      <target m_id="11"/>
    </TLINK>
    <TLINK r_id="135366" contextualModality="" relType="AFTER" comment="">
      <source m_id="41"/>
      <target m_id="12"/>
    </TLINK>
    <TLINK r_id="135370" contextualModality="" relType="AFTER" comment="">
      <source m_id="41"/>
      <target m_id="10"/>
    </TLINK>
    <TLINK r_id="135371" contextualModality="" relType="AFTER" comment="">
      <source m_id="41"/>
      <target m_id="36"/>
    </TLINK>
    <TLINK r_id="135384" contextualModality="" relType="BEFORE" comment="">
      <source m_id="39"/>
      <target m_id="14"/>
    </TLINK>
    <TLINK r_id="135385" contextualModality="" relType="BEFORE" comment="">
      <source m_id="39"/>
      <target m_id="3"/>
    </TLINK>
    <TLINK r_id="135387" contextualModality="" relType="BEFORE" comment="">
      <source m_id="39"/>
      <target m_id="43"/>
    </TLINK>
    <TLINK r_id="135388" contextualModality="" relType="BEFORE" comment="">
      <source m_id="39"/>
      <target m_id="6"/>
    </TLINK>
    <TLINK r_id="135389" contextualModality="" relType="BEFORE" comment="">
      <source m_id="39"/>
      <target m_id="19"/>
    </TLINK>
    <TLINK r_id="135390" contextualModality="" relType="BEFORE" comment="">
      <source m_id="39"/>
      <target m_id="5"/>
    </TLINK>
    <TLINK r_id="135391" contextualModality="" relType="BEFORE" comment="">
      <source m_id="39"/>
      <target m_id="1"/>
    </TLINK>
    <TLINK r_id="135392" contextualModality="" relType="BEFORE" comment="">
      <source m_id="39"/>
      <target m_id="44"/>
    </TLINK>
    <TLINK r_id="135393" contextualModality="" relType="BEFORE" comment="">
      <source m_id="39"/>
      <target m_id="15"/>
    </TLINK>
    <TLINK r_id="135394" contextualModality="" relType="BEFORE" comment="">
      <source m_id="39"/>
      <target m_id="16"/>
    </TLINK>
    <TLINK r_id="135395" contextualModality="" relType="BEFORE" comment="">
      <source m_id="39"/>
      <target m_id="17"/>
    </TLINK>
    <TLINK r_id="135396" contextualModality="" relType="BEFORE" comment="">
      <source m_id="39"/>
      <target m_id="13"/>
    </TLINK>
    <TLINK r_id="135397" contextualModality="" relType="BEFORE" comment="">
      <source m_id="39"/>
      <target m_id="11"/>
    </TLINK>
    <TLINK r_id="135398" contextualModality="" relType="BEFORE" comment="">
      <source m_id="39"/>
      <target m_id="12"/>
    </TLINK>
    <TLINK r_id="135399" contextualModality="" relType="BEFORE" comment="">
      <source m_id="39"/>
      <target m_id="7"/>
    </TLINK>
    <TLINK r_id="135400" contextualModality="" relType="BEFORE" comment="">
      <source m_id="39"/>
      <target m_id="2"/>
    </TLINK>
    <TLINK r_id="135401" contextualModality="" relType="CONTAINS" comment="">
      <source m_id="39"/>
      <target m_id="8"/>
    </TLINK>
    <TLINK r_id="135402" contextualModality="" relType="CONTAINS" comment="">
      <source m_id="39"/>
      <target m_id="10"/>
    </TLINK>
    <TLINK r_id="135403" contextualModality="" relType="CONTAINS" comment="">
      <source m_id="39"/>
      <target m_id="9"/>
    </TLINK>
    <TLINK r_id="135404" contextualModality="" relType="CONTAINS" comment="">
      <source m_id="39"/>
      <target m_id="36"/>
    </TLINK>
    <PLOT_LINK r_id="135405" SIGNAL="" relType="PRECONDITION" CAUSES="FALSE" CAUSED_BY="FALSE">
      <source m_id="3"/>
      <target m_id="43"/>
    </PLOT_LINK>
    <PLOT_LINK r_id="135406" SIGNAL="" relType="FALLING_ACTION" CAUSES="FALSE" CAUSED_BY="FALSE">
      <source m_id="43"/>
      <target m_id="6"/>
    </PLOT_LINK>
    <PLOT_LINK r_id="135407" SIGNAL="" relType="PRECONDITION" CAUSES="FALSE" CAUSED_BY="FALSE">
      <source m_id="3"/>
      <target m_id="5"/>
    </PLOT_LINK>
    <PLOT_LINK r_id="135408" SIGNAL="" relType="PRECONDITION" CAUSES="FALSE" CAUSED_BY="FALSE">
      <source m_id="43"/>
      <target m_id="5"/>
    </PLOT_LINK>
    <PLOT_LINK r_id="135409" SIGNAL="" relType="PRECONDITION" CAUSES="FALSE" CAUSED_BY="FALSE">
      <source m_id="5"/>
      <target m_id="44"/>
    </PLOT_LINK>
    <PLOT_LINK r_id="135410" SIGNAL="" relType="FALLING_ACTION" CAUSES="FALSE" CAUSED_BY="FALSE">
      <source m_id="44"/>
      <target m_id="16"/>
    </PLOT_LINK>
    <PLOT_LINK r_id="135412" SIGNAL="" relType="FALLING_ACTION" CAUSES="FALSE" CAUSED_BY="FALSE">
      <source m_id="13"/>
      <target m_id="12"/>
    </PLOT_LINK>
    <PLOT_LINK r_id="135413" SIGNAL="2" relType="FALLING_ACTION" CAUSES="FALSE" CAUSED_BY="FALSE">
      <source m_id="7"/>
      <target m_id="8"/>
    </PLOT_LINK>
    <PLOT_LINK r_id="135414" SIGNAL="" relType="FALLING_ACTION" CAUSES="FALSE" CAUSED_BY="FALSE">
      <source m_id="7"/>
      <target m_id="10"/>
    </PLOT_LINK>
    <PLOT_LINK r_id="135415" SIGNAL="" relType="FALLING_ACTION" CAUSES="FALSE" CAUSED_BY="FALSE">
      <source m_id="10"/>
      <target m_id="36"/>
    </PLOT_LINK>
  </Relations>
</Document>
