<?xml version='1.0' encoding='UTF-8'?>
<Document doc_name="1_14ecbplus.xml">
  <token t_id="1" sentence="0" number="0">http</token>
  <token t_id="2" sentence="0" number="1">:</token>
  <token t_id="3" sentence="0" number="2">/</token>
  <token t_id="4" sentence="0" number="3">/</token>
  <token t_id="5" sentence="0" number="4">www</token>
  <token t_id="6" sentence="0" number="5">.</token>
  <token t_id="7" sentence="0" number="6">people</token>
  <token t_id="8" sentence="0" number="7">.</token>
  <token t_id="9" sentence="0" number="8">com</token>
  <token t_id="10" sentence="0" number="9">/</token>
  <token t_id="11" sentence="0" number="10">people</token>
  <token t_id="12" sentence="0" number="11">/</token>
  <token t_id="13" sentence="0" number="12">article</token>
  <token t_id="14" sentence="0" number="13">/</token>
  <token t_id="15" sentence="0" number="14">0</token>
  <token t_id="16" sentence="0" number="15">,</token>
  <token t_id="17" sentence="0" number="16">,</token>
  <token t_id="18" sentence="0" number="17">20697025</token>
  <token t_id="19" sentence="0" number="18">,</token>
  <token t_id="20" sentence="0" number="19">00</token>
  <token t_id="21" sentence="0" number="20">.</token>
  <token t_id="22" sentence="0" number="21">html</token>
  <token t_id="23" sentence="1" number="0">Lindsay</token>
  <token t_id="24" sentence="1" number="1">Lohan</token>
  <token t_id="25" sentence="1" number="2">Checks</token>
  <token t_id="26" sentence="1" number="3">Into</token>
  <token t_id="27" sentence="1" number="4">Betty</token>
  <token t_id="28" sentence="1" number="5">Ford</token>
  <token t_id="29" sentence="1" number="6">Rehab</token>
  <token t_id="30" sentence="1" number="7">–</token>
  <token t_id="31" sentence="1" number="8">Where</token>
  <token t_id="32" sentence="1" number="9">She</token>
  <token t_id="33" sentence="1" number="10">'Knows</token>
  <token t_id="34" sentence="1" number="11">Everyone'</token>
  <token t_id="35" sentence="2" number="0">UPDATED</token>
  <token t_id="36" sentence="2" number="1">05</token>
  <token t_id="37" sentence="2" number="2">/</token>
  <token t_id="38" sentence="2" number="3">03</token>
  <token t_id="39" sentence="2" number="4">/</token>
  <token t_id="40" sentence="2" number="5">2013</token>
  <token t_id="41" sentence="2" number="6">at</token>
  <token t_id="42" sentence="2" number="7">11</token>
  <token t_id="43" sentence="2" number="8">:</token>
  <token t_id="44" sentence="2" number="9">00</token>
  <token t_id="45" sentence="2" number="10">AM</token>
  <token t_id="46" sentence="2" number="11">EDT</token>
  <token t_id="47" sentence="3" number="0">Originally</token>
  <token t_id="48" sentence="3" number="1">published</token>
  <token t_id="49" sentence="3" number="2">05</token>
  <token t_id="50" sentence="3" number="3">/</token>
  <token t_id="51" sentence="3" number="4">03</token>
  <token t_id="52" sentence="3" number="5">/</token>
  <token t_id="53" sentence="3" number="6">2013</token>
  <token t_id="54" sentence="3" number="7">at</token>
  <token t_id="55" sentence="3" number="8">10</token>
  <token t_id="56" sentence="3" number="9">:</token>
  <token t_id="57" sentence="3" number="10">20</token>
  <token t_id="58" sentence="3" number="11">AM</token>
  <token t_id="59" sentence="3" number="12">EDT</token>
  <token t_id="60" sentence="4" number="0">Lindsay</token>
  <token t_id="61" sentence="4" number="1">Lohan</token>
  <token t_id="62" sentence="4" number="2">checked</token>
  <token t_id="63" sentence="4" number="3">into</token>
  <token t_id="64" sentence="4" number="4">the</token>
  <token t_id="65" sentence="4" number="5">Betty</token>
  <token t_id="66" sentence="4" number="6">Ford</token>
  <token t_id="67" sentence="4" number="7">Clinic</token>
  <token t_id="68" sentence="4" number="8">in</token>
  <token t_id="69" sentence="4" number="9">Rancho</token>
  <token t_id="70" sentence="4" number="10">Mirage</token>
  <token t_id="71" sentence="4" number="11">,</token>
  <token t_id="72" sentence="4" number="12">Calif</token>
  <token t_id="73" sentence="4" number="13">.</token>
  <token t_id="74" sentence="4" number="14">,</token>
  <token t_id="75" sentence="4" number="15">on</token>
  <token t_id="76" sentence="4" number="16">Thursday</token>
  <token t_id="77" sentence="4" number="17">night</token>
  <token t_id="78" sentence="4" number="18">,</token>
  <token t_id="79" sentence="4" number="19">for</token>
  <token t_id="80" sentence="4" number="20">what</token>
  <token t_id="81" sentence="4" number="21">is</token>
  <token t_id="82" sentence="4" number="22">to</token>
  <token t_id="83" sentence="4" number="23">be</token>
  <token t_id="84" sentence="4" number="24">a</token>
  <token t_id="85" sentence="4" number="25">three</token>
  <token t_id="86" sentence="4" number="26">-</token>
  <token t_id="87" sentence="4" number="27">month</token>
  <token t_id="88" sentence="4" number="28">stay</token>
  <token t_id="89" sentence="4" number="29">,</token>
  <token t_id="90" sentence="4" number="30">her</token>
  <token t_id="91" sentence="4" number="31">rep</token>
  <token t_id="92" sentence="4" number="32">confirms</token>
  <token t_id="93" sentence="4" number="33">to</token>
  <token t_id="94" sentence="4" number="34">PEOPLE</token>
  <token t_id="95" sentence="4" number="35">.</token>
  <token t_id="96" sentence="5" number="0">"And</token>
  <token t_id="97" sentence="5" number="1">she</token>
  <token t_id="98" sentence="5" number="2">showed</token>
  <token t_id="99" sentence="5" number="3">up</token>
  <token t_id="100" sentence="5" number="4">[</token>
  <token t_id="101" sentence="5" number="5">at</token>
  <token t_id="102" sentence="5" number="6">Morningside</token>
  <token t_id="103" sentence="5" number="7">Recovery</token>
  <token t_id="104" sentence="5" number="8">]</token>
  <token t_id="105" sentence="5" number="9">in</token>
  <token t_id="106" sentence="5" number="10">the</token>
  <token t_id="107" sentence="5" number="11">morning</token>
  <token t_id="108" sentence="5" number="12">and</token>
  <token t_id="109" sentence="5" number="13">hated</token>
  <token t_id="110" sentence="5" number="14">it</token>
  <token t_id="111" sentence="5" number="15">.</token>
  <token t_id="112" sentence="6" number="0">She</token>
  <token t_id="113" sentence="6" number="1">is</token>
  <token t_id="114" sentence="6" number="2">interested</token>
  <token t_id="115" sentence="6" number="3">in</token>
  <token t_id="116" sentence="6" number="4">going</token>
  <token t_id="117" sentence="6" number="5">back</token>
  <token t_id="118" sentence="6" number="6">to</token>
  <token t_id="119" sentence="6" number="7">Betty</token>
  <token t_id="120" sentence="6" number="8">Ford</token>
  <token t_id="121" sentence="6" number="9">because</token>
  <token t_id="122" sentence="6" number="10">she</token>
  <token t_id="123" sentence="6" number="11">knows</token>
  <token t_id="124" sentence="6" number="12">everyone</token>
  <token t_id="125" sentence="6" number="13">there</token>
  <token t_id="126" sentence="6" number="14">.</token>
  <token t_id="127" sentence="6" number="15">"</token>
  <token t_id="128" sentence="7" number="0">Lohan</token>
  <token t_id="129" sentence="7" number="1">,</token>
  <token t_id="130" sentence="7" number="2">who</token>
  <token t_id="131" sentence="7" number="3">has</token>
  <token t_id="132" sentence="7" number="4">been</token>
  <token t_id="133" sentence="7" number="5">in</token>
  <token t_id="134" sentence="7" number="6">rehab</token>
  <token t_id="135" sentence="7" number="7">a</token>
  <token t_id="136" sentence="7" number="8">total</token>
  <token t_id="137" sentence="7" number="9">of</token>
  <token t_id="138" sentence="7" number="10">five</token>
  <token t_id="139" sentence="7" number="11">times</token>
  <token t_id="140" sentence="7" number="12">before</token>
  <token t_id="141" sentence="7" number="13">this</token>
  <token t_id="142" sentence="7" number="14">,</token>
  <token t_id="143" sentence="7" number="15">was</token>
  <token t_id="144" sentence="7" number="16">previously</token>
  <token t_id="145" sentence="7" number="17">in</token>
  <token t_id="146" sentence="7" number="18">Betty</token>
  <token t_id="147" sentence="7" number="19">Ford</token>
  <token t_id="148" sentence="7" number="20">in</token>
  <token t_id="149" sentence="7" number="21">2010</token>
  <token t_id="150" sentence="7" number="22">.</token>
  <token t_id="151" sentence="8" number="0">Prior</token>
  <token t_id="152" sentence="8" number="1">to</token>
  <token t_id="153" sentence="8" number="2">this</token>
  <token t_id="154" sentence="8" number="3">check</token>
  <token t_id="155" sentence="8" number="4">-</token>
  <token t_id="156" sentence="8" number="5">in</token>
  <token t_id="157" sentence="8" number="6">to</token>
  <token t_id="158" sentence="8" number="7">Betty</token>
  <token t_id="159" sentence="8" number="8">Ford</token>
  <token t_id="160" sentence="8" number="9">,</token>
  <token t_id="161" sentence="8" number="10">which</token>
  <token t_id="162" sentence="8" number="11">was</token>
  <token t_id="163" sentence="8" number="12">first</token>
  <token t_id="164" sentence="8" number="13">reported</token>
  <token t_id="165" sentence="8" number="14">by</token>
  <token t_id="166" sentence="8" number="15">TMZ</token>
  <token t_id="167" sentence="8" number="16">.</token>
  <token t_id="168" sentence="8" number="17">com</token>
  <token t_id="169" sentence="8" number="18">,</token>
  <token t_id="170" sentence="8" number="19">California</token>
  <token t_id="171" sentence="8" number="20">prosecutors</token>
  <token t_id="172" sentence="8" number="21">had</token>
  <token t_id="173" sentence="8" number="22">said</token>
  <token t_id="174" sentence="8" number="23">late</token>
  <token t_id="175" sentence="8" number="24">Thursday</token>
  <token t_id="176" sentence="8" number="25">that</token>
  <token t_id="177" sentence="8" number="26">the</token>
  <token t_id="178" sentence="8" number="27">troubled</token>
  <token t_id="179" sentence="8" number="28">actress</token>
  <token t_id="180" sentence="8" number="29">,</token>
  <token t_id="181" sentence="8" number="30">26</token>
  <token t_id="182" sentence="8" number="31">,</token>
  <token t_id="183" sentence="8" number="32">would</token>
  <token t_id="184" sentence="8" number="33">be</token>
  <token t_id="185" sentence="8" number="34">arrested</token>
  <token t_id="186" sentence="8" number="35">if</token>
  <token t_id="187" sentence="8" number="36">she</token>
  <token t_id="188" sentence="8" number="37">continued</token>
  <token t_id="189" sentence="8" number="38">to</token>
  <token t_id="190" sentence="8" number="39">flout</token>
  <token t_id="191" sentence="8" number="40">a</token>
  <token t_id="192" sentence="8" number="41">court</token>
  <token t_id="193" sentence="8" number="42">order</token>
  <token t_id="194" sentence="8" number="43">to</token>
  <token t_id="195" sentence="8" number="44">enter</token>
  <token t_id="196" sentence="8" number="45">a</token>
  <token t_id="197" sentence="8" number="46">rehab</token>
  <token t_id="198" sentence="8" number="47">facility</token>
  <token t_id="199" sentence="8" number="48">.</token>
  <Markables>
    <ACTION_ASPECTUAL m_id="1" comment="">
      <token_anchor t_id="188"/>
    </ACTION_ASPECTUAL>
    <ACTION_OCCURRENCE m_id="2" climaxEvent="TRUE" comment="">
      <token_anchor t_id="25"/>
      <token_anchor t_id="26"/>
    </ACTION_OCCURRENCE>
    <ACTION_OCCURRENCE m_id="3" comment="" climaxEvent="FALSE">
      <token_anchor t_id="62"/>
      <token_anchor t_id="63"/>
    </ACTION_OCCURRENCE>
    <ACTION_OCCURRENCE m_id="4" comment="" climaxEvent="FALSE">
      <token_anchor t_id="88"/>
    </ACTION_OCCURRENCE>
    <ACTION_OCCURRENCE m_id="5" comment="" climaxEvent="FALSE">
      <token_anchor t_id="98"/>
      <token_anchor t_id="99"/>
    </ACTION_OCCURRENCE>
    <ACTION_OCCURRENCE m_id="6" comment="" climaxEvent="FALSE">
      <token_anchor t_id="193"/>
    </ACTION_OCCURRENCE>
    <ACTION_OCCURRENCE m_id="7" comment="" climaxEvent="FALSE">
      <token_anchor t_id="109"/>
    </ACTION_OCCURRENCE>
    <ACTION_OCCURRENCE m_id="8" comment="" climaxEvent="FALSE">
      <token_anchor t_id="114"/>
    </ACTION_OCCURRENCE>
    <ACTION_OCCURRENCE m_id="9" comment="" climaxEvent="FALSE">
      <token_anchor t_id="116"/>
      <token_anchor t_id="117"/>
    </ACTION_OCCURRENCE>
    <ACTION_OCCURRENCE m_id="10" comment="" climaxEvent="FALSE">
      <token_anchor t_id="123"/>
    </ACTION_OCCURRENCE>
    <ACTION_OCCURRENCE m_id="11" comment="" climaxEvent="FALSE">
      <token_anchor t_id="154"/>
      <token_anchor t_id="155"/>
      <token_anchor t_id="156"/>
    </ACTION_OCCURRENCE>
    <ACTION_OCCURRENCE m_id="12" comment="" climaxEvent="FALSE">
      <token_anchor t_id="190"/>
    </ACTION_OCCURRENCE>
    <ACTION_OCCURRENCE m_id="13" comment="" climaxEvent="FALSE">
      <token_anchor t_id="195"/>
    </ACTION_OCCURRENCE>
    <ACTION_OCCURRENCE m_id="53" comment="" climaxEvent="FALSE">
      <token_anchor t_id="33"/>
    </ACTION_OCCURRENCE>
    <ACTION_OCCURRENCE m_id="54" comment="" climaxEvent="FALSE">
      <token_anchor t_id="133"/>
      <token_anchor t_id="134"/>
    </ACTION_OCCURRENCE>
    <ACTION_OCCURRENCE m_id="55" comment="" climaxEvent="FALSE">
      <token_anchor t_id="196"/>
      <token_anchor t_id="197"/>
      <token_anchor t_id="198"/>
    </ACTION_OCCURRENCE>
    <ACTION_REPORTING m_id="14">
      <token_anchor t_id="92"/>
    </ACTION_REPORTING>
    <ACTION_REPORTING m_id="15">
      <token_anchor t_id="164"/>
    </ACTION_REPORTING>
    <ACTION_REPORTING m_id="16">
      <token_anchor t_id="173"/>
    </ACTION_REPORTING>
    <HUMAN_PART_ORG m_id="17">
      <token_anchor t_id="94"/>
    </HUMAN_PART_ORG>
    <HUMAN_PART_ORG m_id="18">
      <token_anchor t_id="192"/>
    </HUMAN_PART_ORG>
    <HUMAN_PART_ORG m_id="19">
      <token_anchor t_id="166"/>
      <token_anchor t_id="167"/>
      <token_anchor t_id="168"/>
    </HUMAN_PART_ORG>
    <HUMAN_PART_PER m_id="29" comment="">
      <token_anchor t_id="32"/>
    </HUMAN_PART_PER>
    <HUMAN_PART_PER m_id="30" comment="">
      <token_anchor t_id="90"/>
    </HUMAN_PART_PER>
    <HUMAN_PART_PER m_id="31" comment="">
      <token_anchor t_id="97"/>
    </HUMAN_PART_PER>
    <HUMAN_PART_PER m_id="32" comment="">
      <token_anchor t_id="112"/>
    </HUMAN_PART_PER>
    <HUMAN_PART_PER m_id="33" comment="">
      <token_anchor t_id="124"/>
    </HUMAN_PART_PER>
    <HUMAN_PART_PER m_id="20" comment="">
      <token_anchor t_id="122"/>
    </HUMAN_PART_PER>
    <HUMAN_PART_PER m_id="21" comment="">
      <token_anchor t_id="128"/>
    </HUMAN_PART_PER>
    <HUMAN_PART_PER m_id="22" comment="">
      <token_anchor t_id="179"/>
    </HUMAN_PART_PER>
    <HUMAN_PART_PER m_id="23" comment="">
      <token_anchor t_id="187"/>
    </HUMAN_PART_PER>
    <HUMAN_PART_PER m_id="24" comment="">
      <token_anchor t_id="34"/>
    </HUMAN_PART_PER>
    <HUMAN_PART_PER m_id="25" comment="">
      <token_anchor t_id="91"/>
    </HUMAN_PART_PER>
    <HUMAN_PART_PER m_id="26" comment="">
      <token_anchor t_id="171"/>
    </HUMAN_PART_PER>
    <HUMAN_PART_PER m_id="27" comment="">
      <token_anchor t_id="23"/>
      <token_anchor t_id="24"/>
    </HUMAN_PART_PER>
    <HUMAN_PART_PER m_id="28" comment="">
      <token_anchor t_id="60"/>
      <token_anchor t_id="61"/>
    </HUMAN_PART_PER>
    <LOC_FAC m_id="34">
      <token_anchor t_id="125"/>
    </LOC_FAC>
    <LOC_FAC m_id="35">
      <token_anchor t_id="27"/>
      <token_anchor t_id="28"/>
      <token_anchor t_id="29"/>
    </LOC_FAC>
    <LOC_FAC m_id="36">
      <token_anchor t_id="64"/>
      <token_anchor t_id="65"/>
      <token_anchor t_id="66"/>
      <token_anchor t_id="67"/>
      <token_anchor t_id="68"/>
      <token_anchor t_id="69"/>
      <token_anchor t_id="70"/>
      <token_anchor t_id="71"/>
      <token_anchor t_id="72"/>
    </LOC_FAC>
    <LOC_FAC m_id="37">
      <token_anchor t_id="31"/>
    </LOC_FAC>
    <LOC_FAC m_id="38">
      <token_anchor t_id="101"/>
      <token_anchor t_id="102"/>
      <token_anchor t_id="103"/>
    </LOC_FAC>
    <LOC_FAC m_id="39">
      <token_anchor t_id="118"/>
      <token_anchor t_id="119"/>
      <token_anchor t_id="120"/>
    </LOC_FAC>
    <LOC_FAC m_id="40">
      <token_anchor t_id="157"/>
      <token_anchor t_id="158"/>
      <token_anchor t_id="159"/>
    </LOC_FAC>
    <LOC_FAC m_id="41">
      <token_anchor t_id="145"/>
      <token_anchor t_id="146"/>
      <token_anchor t_id="147"/>
    </LOC_FAC>
    <LOC_FAC m_id="42">
      <token_anchor t_id="110"/>
    </LOC_FAC>
    <NEG_ACTION_OCCURRENCE m_id="56" comment="" climaxEvent="FALSE">
      <token_anchor t_id="185"/>
    </NEG_ACTION_OCCURRENCE>
    <TIME_DATE m_id="43" comment="" DCT="FALSE" value="2010" anchorTimeID="">
      <token_anchor t_id="148"/>
      <token_anchor t_id="149"/>
    </TIME_DATE>
    <TIME_DURATION m_id="44" value="" anchorTimeID="" begin="" endPoint="">
      <token_anchor t_id="84"/>
      <token_anchor t_id="85"/>
      <token_anchor t_id="86"/>
      <token_anchor t_id="87"/>
    </TIME_DURATION>
    <TIME_OF_THE_DAY m_id="45" DCT="FALSE" value="2013-05-02" anchorTimeID="48">
      <token_anchor t_id="75"/>
      <token_anchor t_id="76"/>
      <token_anchor t_id="77"/>
    </TIME_OF_THE_DAY>
    <TIME_OF_THE_DAY m_id="46" DCT="FALSE" value="2013-05-02" anchorTimeID="48">
      <token_anchor t_id="105"/>
      <token_anchor t_id="106"/>
      <token_anchor t_id="107"/>
    </TIME_OF_THE_DAY>
    <TIME_OF_THE_DAY m_id="47" value="" anchorTimeID="" DCT="FALSE">
      <token_anchor t_id="36"/>
      <token_anchor t_id="37"/>
      <token_anchor t_id="38"/>
      <token_anchor t_id="39"/>
      <token_anchor t_id="40"/>
      <token_anchor t_id="41"/>
      <token_anchor t_id="42"/>
      <token_anchor t_id="43"/>
      <token_anchor t_id="44"/>
      <token_anchor t_id="45"/>
      <token_anchor t_id="46"/>
    </TIME_OF_THE_DAY>
    <TIME_OF_THE_DAY m_id="48" DCT="TRUE" value="2013-05-03T10:20" anchorTimeID="">
      <token_anchor t_id="49"/>
      <token_anchor t_id="50"/>
      <token_anchor t_id="51"/>
      <token_anchor t_id="52"/>
      <token_anchor t_id="53"/>
      <token_anchor t_id="54"/>
      <token_anchor t_id="55"/>
      <token_anchor t_id="56"/>
      <token_anchor t_id="57"/>
      <token_anchor t_id="58"/>
      <token_anchor t_id="59"/>
    </TIME_OF_THE_DAY>
    <TIME_OF_THE_DAY m_id="49" DCT="FALSE" value="2013-05-02" anchorTimeID="48">
      <token_anchor t_id="174"/>
      <token_anchor t_id="175"/>
    </TIME_OF_THE_DAY>
    <TIME_REPETITION m_id="50" value="" quant="" freq="">
      <token_anchor t_id="138"/>
      <token_anchor t_id="139"/>
    </TIME_REPETITION>
    <TIME_REPETITION m_id="51" value="" quant="" freq="">
      <token_anchor t_id="144"/>
    </TIME_REPETITION>
    <TIME_REPETITION m_id="52" value="" quant="" freq="">
      <token_anchor t_id="151"/>
    </TIME_REPETITION>
    <ACTION_OCCURRENCE m_id="57" RELATED_TO="" TAG_DESCRIPTOR="t1_treatment" comment="" climaxEvent="FALSE"/>
    <TIME_DURATION m_id="58" RELATED_TO="" TAG_DESCRIPTOR="t1_90_days" value="" anchorTimeID="" begin="" endPoint=""/>
    <TIME_OF_THE_DAY m_id="59" RELATED_TO="" TAG_DESCRIPTOR="t1_late_thursday" value="" anchorTimeID="" DCT="FALSE"/>
    <HUMAN_PART_PER m_id="60" RELATED_TO="" TAG_DESCRIPTOR="t1_prosecutors" comment=""/>
    <ACTION_OCCURRENCE m_id="61" RELATED_TO="" TAG_DESCRIPTOR="t1_flout_court_order" comment="" climaxEvent="FALSE"/>
    <ACTION_REPORTING m_id="62" RELATED_TO="" TAG_DESCRIPTOR="t1_prosecutors_said_lohan_arrested"/>
    <ACTION_OCCURRENCE m_id="63" RELATED_TO="" TAG_DESCRIPTOR="t1_checking_into_morningside_or_showing_up" comment="" climaxEvent="FALSE"/>
    <HUMAN_PART_ORG m_id="64" RELATED_TO="" TAG_DESCRIPTOR="t1_tmz"/>
    <ACTION_OCCURRENCE m_id="65" RELATED_TO="" TAG_DESCRIPTOR="t1_checking_into_unspecified_rehab" comment="" climaxEvent="FALSE"/>
    <LOC_FAC m_id="66" RELATED_TO="" TAG_DESCRIPTOR="t1_betty_ford"/>
    <HUMAN_PART_PER m_id="67" RELATED_TO="" TAG_DESCRIPTOR="t1_lindsay_lohan" comment=""/>
    <LOC_FAC m_id="68" RELATED_TO="" TAG_DESCRIPTOR="t1_morningside"/>
    <ACTION_REPORTING m_id="69" RELATED_TO="" TAG_DESCRIPTOR="t1_reported_tmz"/>
    <ACTION_OCCURRENCE m_id="70" RELATED_TO="" TAG_DESCRIPTOR="t1_hated_morningside" comment="" climaxEvent="FALSE"/>
    <TIME_REPETITION m_id="71" RELATED_TO="" TAG_DESCRIPTOR="t1_five_times" value="" quant="" freq=""/>
    <ACTION_OCCURRENCE m_id="72" RELATED_TO="" TAG_DESCRIPTOR="t1_knows_everyone_at_bf" comment="" climaxEvent="FALSE"/>
    <HUMAN_PART_ORG m_id="73" RELATED_TO="" TAG_DESCRIPTOR="t1_court_part"/>
    <TIME_DATE m_id="74" RELATED_TO="" TAG_DESCRIPTOR="t1_2010" value="" anchorTimeID="" DCT="FALSE" comment=""/>
    <HUMAN_PART_PER m_id="75" RELATED_TO="" TAG_DESCRIPTOR="t1_rep" comment=""/>
    <TIME_OF_THE_DAY m_id="76" RELATED_TO="" TAG_DESCRIPTOR="t1_around_noon_at_morningside" value="" anchorTimeID="" DCT="FALSE"/>
    <ACTION_OCCURRENCE m_id="77" RELATED_TO="" TAG_DESCRIPTOR="t1_checking_into_betty_ford" comment="" climaxEvent="FALSE"/>
    <HUMAN_PART_PER m_id="78" RELATED_TO="" TAG_DESCRIPTOR="t1_everyone_at_betty_ford" comment=""/>
    <ACTION_OCCURRENCE m_id="79" RELATED_TO="" TAG_DESCRIPTOR="t1_interested_in_betty_ford" comment="" climaxEvent="FALSE"/>
    <HUMAN_PART_ORG m_id="80" RELATED_TO="" TAG_DESCRIPTOR="t1_people"/>
    <NEG_ACTION_OCCURRENCE m_id="81" RELATED_TO="" TAG_DESCRIPTOR="t1_arrest" comment="" climaxEvent="FALSE"/>
    <ACTION_REPORTING m_id="82" RELATED_TO="" TAG_DESCRIPTOR="t1_rep_confirms"/>
    <ACTION_OCCURRENCE m_id="83" RELATED_TO="" TAG_DESCRIPTOR="t1_stay_betty_ford_this_time" comment="" climaxEvent="FALSE"/>
    <ACTION_ASPECTUAL m_id="84" RELATED_TO="" TAG_DESCRIPTOR="t1_continue_to_flout" comment=""/>
    <TIME_REPETITION m_id="85" RELATED_TO="" TAG_DESCRIPTOR="t1_prior" value="" quant="" freq=""/>
    <ACTION_OCCURRENCE m_id="86" RELATED_TO="" TAG_DESCRIPTOR="t1_court_ordered" comment="" climaxEvent="FALSE"/>
  </Markables>
  <Relations>
    <TLINK r_id="135678" contextualModality="" relType="AFTER" comment="">
      <source m_id="48"/>
      <target m_id="2"/>
    </TLINK>
    <TLINK r_id="135679" contextualModality="" relType="AFTER" comment="">
      <source m_id="48"/>
      <target m_id="53"/>
    </TLINK>
    <TLINK r_id="135680" contextualModality="" relType="AFTER" comment="">
      <source m_id="48"/>
      <target m_id="3"/>
    </TLINK>
    <TLINK r_id="135681" contextualModality="" relType="AFTER" comment="">
      <source m_id="48"/>
      <target m_id="4"/>
    </TLINK>
    <TLINK r_id="135682" contextualModality="" relType="AFTER" comment="">
      <source m_id="48"/>
      <target m_id="5"/>
    </TLINK>
    <TLINK r_id="135683" contextualModality="" relType="AFTER" comment="">
      <source m_id="48"/>
      <target m_id="7"/>
    </TLINK>
    <TLINK r_id="135684" contextualModality="" relType="AFTER" comment="">
      <source m_id="48"/>
      <target m_id="9"/>
    </TLINK>
    <TLINK r_id="135685" contextualModality="" relType="OVERLAP" comment="">
      <source m_id="48"/>
      <target m_id="10"/>
    </TLINK>
    <TLINK r_id="135686" contextualModality="" relType="AFTER" comment="">
      <source m_id="48"/>
      <target m_id="54"/>
    </TLINK>
    <TLINK r_id="135687" contextualModality="" relType="AFTER" comment="">
      <source m_id="48"/>
      <target m_id="11"/>
    </TLINK>
    <TLINK r_id="135688" contextualModality="" relType="BEFORE" comment="">
      <source m_id="48"/>
      <target m_id="56"/>
    </TLINK>
    <TLINK r_id="135689" contextualModality="" relType="OVERLAP" comment="">
      <source m_id="48"/>
      <target m_id="12"/>
    </TLINK>
    <TLINK r_id="135690" contextualModality="" relType="AFTER" comment="">
      <source m_id="48"/>
      <target m_id="6"/>
    </TLINK>
    <TLINK r_id="135691" contextualModality="" relType="AFTER" comment="">
      <source m_id="48"/>
      <target m_id="13"/>
    </TLINK>
    <TLINK r_id="135725" contextualModality="" relType="CONTAINS" comment="">
      <source m_id="45"/>
      <target m_id="2"/>
    </TLINK>
    <TLINK r_id="135726" contextualModality="" relType="CONTAINS" comment="">
      <source m_id="45"/>
      <target m_id="53"/>
    </TLINK>
    <TLINK r_id="135727" contextualModality="" relType="CONTAINS" comment="">
      <source m_id="45"/>
      <target m_id="3"/>
    </TLINK>
    <TLINK r_id="135728" contextualModality="" relType="BEGINS_ON" comment="">
      <source m_id="45"/>
      <target m_id="4"/>
    </TLINK>
    <TLINK r_id="135729" contextualModality="" relType="AFTER" comment="">
      <source m_id="45"/>
      <target m_id="5"/>
    </TLINK>
    <TLINK r_id="135730" contextualModality="" relType="AFTER" comment="">
      <source m_id="45"/>
      <target m_id="7"/>
    </TLINK>
    <TLINK r_id="135731" contextualModality="" relType="CONTAINS" comment="">
      <source m_id="45"/>
      <target m_id="9"/>
    </TLINK>
    <TLINK r_id="135732" contextualModality="" relType="OVERLAP" comment="">
      <source m_id="45"/>
      <target m_id="10"/>
    </TLINK>
    <TLINK r_id="135733" contextualModality="" relType="AFTER" comment="">
      <source m_id="45"/>
      <target m_id="54"/>
    </TLINK>
    <TLINK r_id="135734" contextualModality="" relType="CONTAINS" comment="">
      <source m_id="45"/>
      <target m_id="11"/>
    </TLINK>
    <TLINK r_id="135735" contextualModality="" relType="BEFORE" comment="">
      <source m_id="45"/>
      <target m_id="56"/>
    </TLINK>
    <TLINK r_id="135736" contextualModality="" relType="OVERLAP" comment="">
      <source m_id="45"/>
      <target m_id="12"/>
    </TLINK>
    <TLINK r_id="135737" contextualModality="" relType="AFTER" comment="">
      <source m_id="45"/>
      <target m_id="6"/>
    </TLINK>
    <TLINK r_id="135738" contextualModality="" relType="AFTER" comment="">
      <source m_id="45"/>
      <target m_id="13"/>
    </TLINK>
    <PLOT_LINK r_id="135739" SIGNAL="" relType="PRECONDITION" CAUSES="FALSE" CAUSED_BY="FALSE">
      <source m_id="6"/>
      <target m_id="13"/>
    </PLOT_LINK>
    <PLOT_LINK r_id="135740" SIGNAL="" relType="FALLING_ACTION" CAUSES="FALSE" CAUSED_BY="FALSE">
      <source m_id="2"/>
      <target m_id="6"/>
    </PLOT_LINK>
    <PLOT_LINK r_id="135741" SIGNAL="" relType="FALLING_ACTION" CAUSES="FALSE" CAUSED_BY="FALSE">
      <source m_id="3"/>
      <target m_id="6"/>
    </PLOT_LINK>
    <PLOT_LINK r_id="135742" SIGNAL="" relType="PRECONDITION" CAUSES="FALSE" CAUSED_BY="FALSE">
      <source m_id="3"/>
      <target m_id="4"/>
    </PLOT_LINK>
    <PLOT_LINK r_id="135743" SIGNAL="" relType="PRECONDITION" CAUSES="FALSE" CAUSED_BY="FALSE">
      <source m_id="2"/>
      <target m_id="4"/>
    </PLOT_LINK>
    <PLOT_LINK r_id="135744" SIGNAL="" relType="FALLING_ACTION" CAUSES="FALSE" CAUSED_BY="FALSE">
      <source m_id="9"/>
      <target m_id="10"/>
    </PLOT_LINK>
    <PLOT_LINK r_id="135745" SIGNAL="" relType="FALLING_ACTION" CAUSES="FALSE" CAUSED_BY="FALSE">
      <source m_id="11"/>
      <target m_id="6"/>
    </PLOT_LINK>
    <PLOT_LINK r_id="135746" SIGNAL="" relType="FALLING_ACTION" CAUSES="FALSE" CAUSED_BY="FALSE">
      <source m_id="56"/>
      <target m_id="12"/>
    </PLOT_LINK>
  </Relations>
</Document>
