<Document doc_name="23_1ecbplus.xml">
<token t_id="1" sentence="0" number="0">http</token>
<token t_id="2" sentence="0" number="1">:</token>
<token t_id="3" sentence="0" number="2">/</token>
<token t_id="4" sentence="0" number="3">/</token>
<token t_id="5" sentence="0" number="4">www</token>
<token t_id="6" sentence="0" number="5">.</token>
<token t_id="7" sentence="0" number="6">stuff</token>
<token t_id="8" sentence="0" number="7">.</token>
<token t_id="9" sentence="0" number="8">co</token>
<token t_id="10" sentence="0" number="9">.</token>
<token t_id="11" sentence="0" number="10">nz</token>
<token t_id="12" sentence="0" number="11">/</token>
<token t_id="13" sentence="0" number="12">national</token>
<token t_id="14" sentence="0" number="13">/</token>
<token t_id="15" sentence="0" number="14">9166103</token>
<token t_id="16" sentence="0" number="15">/</token>
<token t_id="17" sentence="0" number="16">Climber</token>
<token t_id="18" sentence="0" number="17">-</token>
<token t_id="19" sentence="0" number="18">dead</token>
<token t_id="20" sentence="0" number="19">-</token>
<token t_id="21" sentence="0" number="20">after</token>
<token t_id="22" sentence="0" number="21">-</token>
<token t_id="23" sentence="0" number="22">Aoraki</token>
<token t_id="24" sentence="0" number="23">-</token>
<token t_id="25" sentence="0" number="24">Mount</token>
<token t_id="26" sentence="0" number="25">-</token>
<token t_id="27" sentence="0" number="26">Cook</token>
<token t_id="28" sentence="0" number="27">-</token>
<token t_id="29" sentence="0" number="28">fall</token>
<token t_id="30" sentence="1" number="0">Climber</token>
<token t_id="31" sentence="1" number="1">dead</token>
<token t_id="32" sentence="1" number="2">after</token>
<token t_id="33" sentence="1" number="3">Aoraki</token>
<token t_id="34" sentence="1" number="4">Mount</token>
<token t_id="35" sentence="1" number="5">Cook</token>
<token t_id="36" sentence="1" number="6">fall</token>
<token t_id="37" sentence="2" number="0">Last</token>
<token t_id="38" sentence="2" number="1">updated</token>
<token t_id="39" sentence="2" number="2">13</token>
<token t_id="40" sentence="2" number="3">:</token>
<token t_id="41" sentence="2" number="4">26</token>
<token t_id="42" sentence="2" number="5">14</token>
<token t_id="43" sentence="2" number="6">/</token>
<token t_id="44" sentence="2" number="7">09</token>
<token t_id="45" sentence="2" number="8">/</token>
<token t_id="46" sentence="2" number="9">2013</token>
<token t_id="47" sentence="3" number="0">A</token>
<token t_id="48" sentence="3" number="1">36</token>
<token t_id="49" sentence="3" number="2">-</token>
<token t_id="50" sentence="3" number="3">year</token>
<token t_id="51" sentence="3" number="4">-</token>
<token t_id="52" sentence="3" number="5">old</token>
<token t_id="53" sentence="3" number="6">Australian</token>
<token t_id="54" sentence="3" number="7">climber</token>
<token t_id="55" sentence="3" number="8">is</token>
<token t_id="56" sentence="3" number="9">dead</token>
<token t_id="57" sentence="3" number="10">after</token>
<token t_id="58" sentence="3" number="11">falling</token>
<token t_id="59" sentence="3" number="12">about</token>
<token t_id="60" sentence="3" number="13">150</token>
<token t_id="61" sentence="3" number="14">metres</token>
<token t_id="62" sentence="3" number="15">at</token>
<token t_id="63" sentence="3" number="16">Aoraki</token>
<token t_id="64" sentence="3" number="17">Mount</token>
<token t_id="65" sentence="3" number="18">Cook</token>
<token t_id="66" sentence="3" number="19">.</token>
<token t_id="67" sentence="4" number="0">The</token>
<token t_id="68" sentence="4" number="1">man</token>
<token t_id="69" sentence="4" number="2">,</token>
<token t_id="70" sentence="4" number="3">from</token>
<token t_id="71" sentence="4" number="4">Hampton</token>
<token t_id="72" sentence="4" number="5">East</token>
<token t_id="73" sentence="4" number="6">,</token>
<token t_id="74" sentence="4" number="7">fell</token>
<token t_id="75" sentence="4" number="8">in</token>
<token t_id="76" sentence="4" number="9">the</token>
<token t_id="77" sentence="4" number="10">Tasman</token>
<token t_id="78" sentence="4" number="11">Glacier</token>
<token t_id="79" sentence="4" number="12">area</token>
<token t_id="80" sentence="4" number="13">.</token>
<token t_id="81" sentence="5" number="0">A</token>
<token t_id="82" sentence="5" number="1">Westpac</token>
<token t_id="83" sentence="5" number="2">Rescue</token>
<token t_id="84" sentence="5" number="3">Helicopter</token>
<token t_id="85" sentence="5" number="4">from</token>
<token t_id="86" sentence="5" number="5">Christchurch</token>
<token t_id="87" sentence="5" number="6">was</token>
<token t_id="88" sentence="5" number="7">called</token>
<token t_id="89" sentence="5" number="8">about</token>
<token t_id="90" sentence="5" number="9">3pm</token>
<token t_id="91" sentence="5" number="10">to</token>
<token t_id="92" sentence="5" number="11">assist</token>
<token t_id="93" sentence="5" number="12">with</token>
<token t_id="94" sentence="5" number="13">search</token>
<token t_id="95" sentence="5" number="14">and</token>
<token t_id="96" sentence="5" number="15">rescue</token>
<token t_id="97" sentence="5" number="16">co</token>
<token t_id="98" sentence="5" number="17">-</token>
<token t_id="99" sentence="5" number="18">ordination</token>
<token t_id="100" sentence="5" number="19">at</token>
<token t_id="101" sentence="5" number="20">the</token>
<token t_id="102" sentence="5" number="21">Mt</token>
<token t_id="103" sentence="5" number="22">Cook</token>
<token t_id="104" sentence="5" number="23">base</token>
<token t_id="105" sentence="5" number="24">.</token>
<token t_id="106" sentence="6" number="0">When</token>
<token t_id="107" sentence="6" number="1">it</token>
<token t_id="108" sentence="6" number="2">got</token>
<token t_id="109" sentence="6" number="3">there</token>
<token t_id="110" sentence="6" number="4">,</token>
<token t_id="111" sentence="6" number="5">the</token>
<token t_id="112" sentence="6" number="6">man</token>
<token t_id="113" sentence="6" number="7">had</token>
<token t_id="114" sentence="6" number="8">been</token>
<token t_id="115" sentence="6" number="9">transported</token>
<token t_id="116" sentence="6" number="10">to</token>
<token t_id="117" sentence="6" number="11">Mt</token>
<token t_id="118" sentence="6" number="12">Cook</token>
<token t_id="119" sentence="6" number="13">Village</token>
<token t_id="120" sentence="6" number="14">by</token>
<token t_id="121" sentence="6" number="15">a</token>
<token t_id="122" sentence="6" number="16">local</token>
<token t_id="123" sentence="6" number="17">helicopter</token>
<token t_id="124" sentence="6" number="18">service</token>
<token t_id="125" sentence="6" number="19">and</token>
<token t_id="126" sentence="6" number="20">pronounced</token>
<token t_id="127" sentence="6" number="21">dead</token>
<token t_id="128" sentence="6" number="22">by</token>
<token t_id="129" sentence="6" number="23">paramedics</token>
<token t_id="130" sentence="6" number="24">.</token>
<token t_id="131" sentence="7" number="0">The</token>
<token t_id="132" sentence="7" number="1">man</token>
<token t_id="133" sentence="7" number="2">is</token>
<token t_id="134" sentence="7" number="3">thought</token>
<token t_id="135" sentence="7" number="4">to</token>
<token t_id="136" sentence="7" number="5">have</token>
<token t_id="137" sentence="7" number="6">fallen</token>
<token t_id="138" sentence="7" number="7">much</token>
<token t_id="139" sentence="7" number="8">earlier</token>
<token t_id="140" sentence="7" number="9">in</token>
<token t_id="141" sentence="7" number="10">the</token>
<token t_id="142" sentence="7" number="11">day</token>
<token t_id="143" sentence="7" number="12">.</token>


<Markables>
<ACTION_OCCURRENCE m_id="1" climaxEvent="FALSE" comment=""  >
<token_anchor t_id="134"/>
</ACTION_OCCURRENCE>
<ACTION_OCCURRENCE m_id="2" climaxEvent="FALSE" comment=""  >
<token_anchor t_id="137"/>
</ACTION_OCCURRENCE>
<ACTION_OCCURRENCE m_id="3" climaxEvent="FALSE" comment=""  >
<token_anchor t_id="36"/>
</ACTION_OCCURRENCE>
<ACTION_OCCURRENCE m_id="4" climaxEvent="FALSE" comment=""  >
<token_anchor t_id="58"/>
</ACTION_OCCURRENCE>
<ACTION_OCCURRENCE m_id="5" climaxEvent="FALSE" comment=""  >
<token_anchor t_id="74"/>
</ACTION_OCCURRENCE>
<ACTION_OCCURRENCE m_id="6" climaxEvent="FALSE" comment=""  >
<token_anchor t_id="56"/>
</ACTION_OCCURRENCE>
<ACTION_OCCURRENCE m_id="7" climaxEvent="TRUE" comment=""  >
<token_anchor t_id="31"/>
</ACTION_OCCURRENCE>
<HUMAN_PART_PER m_id="8" comment=""  >
<token_anchor t_id="30"/>
</HUMAN_PART_PER>
<HUMAN_PART_PER m_id="9" comment=""  >
<token_anchor t_id="54"/>
</HUMAN_PART_PER>
<HUMAN_PART_PER m_id="10" comment=""  >
<token_anchor t_id="68"/>
</HUMAN_PART_PER>
<HUMAN_PART_PER m_id="11" comment=""  >
<token_anchor t_id="132"/>
</HUMAN_PART_PER>
<LOC_GEO m_id="12" comment=""  >
<token_anchor t_id="62"/>
<token_anchor t_id="63"/>
<token_anchor t_id="64"/>
<token_anchor t_id="65"/>
<token_anchor t_id="66"/>
</LOC_GEO>
<LOC_GEO m_id="13" comment=""  >
<token_anchor t_id="75"/>
<token_anchor t_id="76"/>
<token_anchor t_id="77"/>
<token_anchor t_id="78"/>
<token_anchor t_id="79"/>
</LOC_GEO>
<LOC_GEO m_id="14" comment=""  >
<token_anchor t_id="71"/>
<token_anchor t_id="72"/>
</LOC_GEO>
<LOC_GEO m_id="15" comment=""  >
<token_anchor t_id="33"/>
<token_anchor t_id="34"/>
<token_anchor t_id="35"/>
</LOC_GEO>
<TIME_DATE m_id="16" comment="" DCT="FALSE" value="2013-09-14" anchorTimeID="17"  >
<token_anchor t_id="139"/>
<token_anchor t_id="140"/>
<token_anchor t_id="141"/>
<token_anchor t_id="142"/>
</TIME_DATE>
<TIME_OF_THE_DAY m_id="17" DCT="TRUE" value="2013-09-15T00:26Z" anchorTimeID=""  >
<token_anchor t_id="39"/>
<token_anchor t_id="40"/>
<token_anchor t_id="41"/>
<token_anchor t_id="42"/>
<token_anchor t_id="43"/>
<token_anchor t_id="44"/>
<token_anchor t_id="45"/>
<token_anchor t_id="46"/>
</TIME_OF_THE_DAY>


<ACTION_OCCURRENCE m_id="18" RELATED_TO="" TAG_DESCRIPTOR="t23_death_australian" climaxEvent="FALSE" comment="" />
<TIME_DATE m_id="19" RELATED_TO="" TAG_DESCRIPTOR="t23_friday" comment="" DCT="FALSE" value="" anchorTimeID="" />
<HUMAN_PART_PER m_id="20" RELATED_TO="" TAG_DESCRIPTOR="t23_raite" comment="" />
<LOC_GEO m_id="21" RELATED_TO="" TAG_DESCRIPTOR="t23_tasman_glacier" comment="" />
<ACTION_OCCURRENCE m_id="22" RELATED_TO="" TAG_DESCRIPTOR="t23_fall_new_zealand" climaxEvent="FALSE" comment="" />
<LOC_GEO m_id="23" RELATED_TO="" TAG_DESCRIPTOR="t23_hampton_east" comment="" />
<LOC_GEO m_id="24" RELATED_TO="" TAG_DESCRIPTOR="t23_cook" comment="" />
</Markables>

<Relations>
<TLINK r_id="244754" contextualModality="" relType="AFTER" comment="" >
<source m_id="17" />
<target m_id="7" />
</TLINK>
<TLINK r_id="244755" contextualModality="" relType="AFTER" comment="" >
<source m_id="17" />
<target m_id="3" />
</TLINK>
<TLINK r_id="244756" contextualModality="" relType="AFTER" comment="" >
<source m_id="17" />
<target m_id="6" />
</TLINK>
<TLINK r_id="244757" contextualModality="" relType="AFTER" comment="" >
<source m_id="17" />
<target m_id="4" />
</TLINK>
<TLINK r_id="244758" contextualModality="" relType="AFTER" comment="" >
<source m_id="17" />
<target m_id="5" />
</TLINK>
<TLINK r_id="244759" contextualModality="" relType="AFTER" comment="" >
<source m_id="17" />
<target m_id="2" />
</TLINK>
<TLINK r_id="244760" contextualModality="" relType="CONTAINS" comment="" >
<source m_id="16" />
<target m_id="7" />
</TLINK>
<TLINK r_id="244761" contextualModality="" relType="CONTAINS" comment="" >
<source m_id="16" />
<target m_id="3" />
</TLINK>
<TLINK r_id="244762" contextualModality="" relType="CONTAINS" comment="" >
<source m_id="16" />
<target m_id="6" />
</TLINK>
<TLINK r_id="244763" contextualModality="" relType="CONTAINS" comment="" >
<source m_id="16" />
<target m_id="4" />
</TLINK>
<TLINK r_id="244764" contextualModality="" relType="CONTAINS" comment="" >
<source m_id="16" />
<target m_id="5" />
</TLINK>
<TLINK r_id="244765" contextualModality="" relType="CONTAINS" comment="" >
<source m_id="16" />
<target m_id="2" />
</TLINK>
<PLOT_LINK r_id="244766" SIGNAL="" relType="FALLING_ACTION" CAUSES="FALSE" CAUSED_BY="FALSE" >
<source m_id="7" />
<target m_id="3" />
</PLOT_LINK>
<PLOT_LINK r_id="244767" SIGNAL="" relType="FALLING_ACTION" CAUSES="FALSE" CAUSED_BY="FALSE" >
<source m_id="6" />
<target m_id="4" />
</PLOT_LINK>
<PLOT_LINK r_id="244768" SIGNAL="" relType="FALLING_ACTION" CAUSES="FALSE" CAUSED_BY="FALSE" >
<source m_id="6" />
<target m_id="5" />
</PLOT_LINK>
<PLOT_LINK r_id="244769" SIGNAL="" relType="FALLING_ACTION" CAUSES="FALSE" CAUSED_BY="FALSE" >
<source m_id="6" />
<target m_id="2" />
</PLOT_LINK>
</Relations>
</Document>
