<Document doc_name="23_2ecbplus.xml">
<token t_id="1" sentence="0" number="0">http</token>
<token t_id="2" sentence="0" number="1">:</token>
<token t_id="3" sentence="0" number="2">/</token>
<token t_id="4" sentence="0" number="3">/</token>
<token t_id="5" sentence="0" number="4">www</token>
<token t_id="6" sentence="0" number="5">.</token>
<token t_id="7" sentence="0" number="6">stuff</token>
<token t_id="8" sentence="0" number="7">.</token>
<token t_id="9" sentence="0" number="8">co</token>
<token t_id="10" sentence="0" number="9">.</token>
<token t_id="11" sentence="0" number="10">nz</token>
<token t_id="12" sentence="0" number="11">/</token>
<token t_id="13" sentence="0" number="12">national</token>
<token t_id="14" sentence="0" number="13">/</token>
<token t_id="15" sentence="0" number="14">9167416</token>
<token t_id="16" sentence="0" number="15">/</token>
<token t_id="17" sentence="0" number="16">Two</token>
<token t_id="18" sentence="0" number="17">-</token>
<token t_id="19" sentence="0" number="18">climbers</token>
<token t_id="20" sentence="0" number="19">-</token>
<token t_id="21" sentence="0" number="20">killed</token>
<token t_id="22" sentence="0" number="21">-</token>
<token t_id="23" sentence="0" number="22">in</token>
<token t_id="24" sentence="0" number="23">-</token>
<token t_id="25" sentence="0" number="24">Mt</token>
<token t_id="26" sentence="0" number="25">-</token>
<token t_id="27" sentence="0" number="26">Cook</token>
<token t_id="28" sentence="0" number="27">-</token>
<token t_id="29" sentence="0" number="28">falls</token>
<token t_id="30" sentence="1" number="0">Two</token>
<token t_id="31" sentence="1" number="1">climbers</token>
<token t_id="32" sentence="1" number="2">killed</token>
<token t_id="33" sentence="1" number="3">in</token>
<token t_id="34" sentence="1" number="4">Mt</token>
<token t_id="35" sentence="1" number="5">Cook</token>
<token t_id="36" sentence="1" number="6">falls</token>
<token t_id="37" sentence="2" number="0">Last</token>
<token t_id="38" sentence="2" number="1">updated</token>
<token t_id="39" sentence="2" number="2">15</token>
<token t_id="40" sentence="2" number="3">:</token>
<token t_id="41" sentence="2" number="4">48</token>
<token t_id="42" sentence="2" number="5">15</token>
<token t_id="43" sentence="2" number="6">/</token>
<token t_id="44" sentence="2" number="7">09</token>
<token t_id="45" sentence="2" number="8">/</token>
<token t_id="46" sentence="2" number="9">2013</token>
<token t_id="47" sentence="3" number="0">The</token>
<token t_id="48" sentence="3" number="1">Aoraki</token>
<token t_id="49" sentence="3" number="2">Mt</token>
<token t_id="50" sentence="3" number="3">Cook</token>
<token t_id="51" sentence="3" number="4">Alpine</token>
<token t_id="52" sentence="3" number="5">Rescue</token>
<token t_id="53" sentence="3" number="6">Team</token>
<token t_id="54" sentence="3" number="7">have</token>
<token t_id="55" sentence="3" number="8">recovered</token>
<token t_id="56" sentence="3" number="9">the</token>
<token t_id="57" sentence="3" number="10">body</token>
<token t_id="58" sentence="3" number="11">of</token>
<token t_id="59" sentence="3" number="12">the</token>
<token t_id="60" sentence="3" number="13">second</token>
<token t_id="61" sentence="3" number="14">climber</token>
<token t_id="62" sentence="3" number="15">to</token>
<token t_id="63" sentence="3" number="16">fall</token>
<token t_id="64" sentence="3" number="17">to</token>
<token t_id="65" sentence="3" number="18">his</token>
<token t_id="66" sentence="3" number="19">death</token>
<token t_id="67" sentence="3" number="20">at</token>
<token t_id="68" sentence="3" number="21">Mount</token>
<token t_id="69" sentence="3" number="22">Cook</token>
<token t_id="70" sentence="3" number="23">National</token>
<token t_id="71" sentence="3" number="24">Park</token>
<token t_id="72" sentence="3" number="25">over</token>
<token t_id="73" sentence="3" number="26">the</token>
<token t_id="74" sentence="3" number="27">weekend</token>
<token t_id="75" sentence="3" number="28">.</token>
<token t_id="76" sentence="4" number="0">Inspector</token>
<token t_id="77" sentence="4" number="1">Dave</token>
<token t_id="78" sentence="4" number="2">Gaskin</token>
<token t_id="79" sentence="4" number="3">said</token>
<token t_id="80" sentence="4" number="4">the</token>
<token t_id="81" sentence="4" number="5">man</token>
<token t_id="82" sentence="4" number="6">fell</token>
<token t_id="83" sentence="4" number="7">around</token>
<token t_id="84" sentence="4" number="8">2000ft</token>
<token t_id="85" sentence="4" number="9">(</token>
<token t_id="86" sentence="4" number="10">609</token>
<token t_id="87" sentence="4" number="11">metres</token>
<token t_id="88" sentence="4" number="12">)</token>
<token t_id="89" sentence="4" number="13">near</token>
<token t_id="90" sentence="4" number="14">the</token>
<token t_id="91" sentence="4" number="15">Mount</token>
<token t_id="92" sentence="4" number="16">Sefton</token>
<token t_id="93" sentence="4" number="17">Bivvy</token>
<token t_id="94" sentence="4" number="18">,</token>
<token t_id="95" sentence="4" number="19">above</token>
<token t_id="96" sentence="4" number="20">the</token>
<token t_id="97" sentence="4" number="21">Mueller</token>
<token t_id="98" sentence="4" number="22">Glacier</token>
<token t_id="99" sentence="4" number="23">.</token>
<token t_id="100" sentence="5" number="0">''The</token>
<token t_id="101" sentence="5" number="1">fall</token>
<token t_id="102" sentence="5" number="2">was</token>
<token t_id="103" sentence="5" number="3">unsurvivable</token>
<token t_id="104" sentence="5" number="4">,</token>
<token t_id="105" sentence="5" number="5">''</token>
<token t_id="106" sentence="5" number="6">Inspector</token>
<token t_id="107" sentence="5" number="7">Gaskin</token>
<token t_id="108" sentence="5" number="8">said</token>
<token t_id="109" sentence="5" number="9">.</token>
<token t_id="110" sentence="6" number="0">There</token>
<token t_id="111" sentence="6" number="1">were</token>
<token t_id="112" sentence="6" number="2">four</token>
<token t_id="113" sentence="6" number="3">in</token>
<token t_id="114" sentence="6" number="4">the</token>
<token t_id="115" sentence="6" number="5">climbing</token>
<token t_id="116" sentence="6" number="6">party</token>
<token t_id="117" sentence="6" number="7">.</token>
<token t_id="118" sentence="7" number="0">The</token>
<token t_id="119" sentence="7" number="1">friends</token>
<token t_id="120" sentence="7" number="2">of</token>
<token t_id="121" sentence="7" number="3">the</token>
<token t_id="122" sentence="7" number="4">deceased</token>
<token t_id="123" sentence="7" number="5">had</token>
<token t_id="124" sentence="7" number="6">to</token>
<token t_id="125" sentence="7" number="7">stay</token>
<token t_id="126" sentence="7" number="8">in</token>
<token t_id="127" sentence="7" number="9">position</token>
<token t_id="128" sentence="7" number="10">overnight</token>
<token t_id="129" sentence="7" number="11">until</token>
<token t_id="130" sentence="7" number="12">the</token>
<token t_id="131" sentence="7" number="13">weather</token>
<token t_id="132" sentence="7" number="14">was</token>
<token t_id="133" sentence="7" number="15">suitable</token>
<token t_id="134" sentence="7" number="16">to</token>
<token t_id="135" sentence="7" number="17">carry</token>
<token t_id="136" sentence="7" number="18">them</token>
<token t_id="137" sentence="7" number="19">out</token>
<token t_id="138" sentence="7" number="20">by</token>
<token t_id="139" sentence="7" number="21">rescue</token>
<token t_id="140" sentence="7" number="22">helicopter</token>
<token t_id="141" sentence="7" number="23">this</token>
<token t_id="142" sentence="7" number="24">morning</token>
<token t_id="143" sentence="7" number="25">.</token>
<token t_id="144" sentence="8" number="0">The</token>
<token t_id="145" sentence="8" number="1">body</token>
<token t_id="146" sentence="8" number="2">was</token>
<token t_id="147" sentence="8" number="3">recovered</token>
<token t_id="148" sentence="8" number="4">in</token>
<token t_id="149" sentence="8" number="5">the</token>
<token t_id="150" sentence="8" number="6">afternoon</token>
<token t_id="151" sentence="8" number="7">,</token>
<token t_id="152" sentence="8" number="8">and</token>
<token t_id="153" sentence="8" number="9">taken</token>
<token t_id="154" sentence="8" number="10">to</token>
<token t_id="155" sentence="8" number="11">Mt</token>
<token t_id="156" sentence="8" number="12">Cook</token>
<token t_id="157" sentence="8" number="13">Village</token>
<token t_id="158" sentence="8" number="14">initially</token>
<token t_id="159" sentence="8" number="15">,</token>
<token t_id="160" sentence="8" number="16">then</token>
<token t_id="161" sentence="8" number="17">on</token>
<token t_id="162" sentence="8" number="18">to</token>
<token t_id="163" sentence="8" number="19">Timaru</token>
<token t_id="164" sentence="8" number="20">.</token>
<token t_id="165" sentence="9" number="0">Inspector</token>
<token t_id="166" sentence="9" number="1">Gaskin</token>
<token t_id="167" sentence="9" number="2">confirmed</token>
<token t_id="168" sentence="9" number="3">the</token>
<token t_id="169" sentence="9" number="4">climbing</token>
<token t_id="170" sentence="9" number="5">party</token>
<token t_id="171" sentence="9" number="6">are</token>
<token t_id="172" sentence="9" number="7">foreigners</token>
<token t_id="173" sentence="9" number="8">,</token>
<token t_id="174" sentence="9" number="9">but</token>
<token t_id="175" sentence="9" number="10">would</token>
<token t_id="176" sentence="9" number="11">not</token>
<token t_id="177" sentence="9" number="12">specify</token>
<token t_id="178" sentence="9" number="13">any</token>
<token t_id="179" sentence="9" number="14">other</token>
<token t_id="180" sentence="9" number="15">details</token>
<token t_id="181" sentence="9" number="16">until</token>
<token t_id="182" sentence="9" number="17">the</token>
<token t_id="183" sentence="9" number="18">family</token>
<token t_id="184" sentence="9" number="19">of</token>
<token t_id="185" sentence="9" number="20">the</token>
<token t_id="186" sentence="9" number="21">deceased</token>
<token t_id="187" sentence="9" number="22">had</token>
<token t_id="188" sentence="9" number="23">been</token>
<token t_id="189" sentence="9" number="24">informed</token>
<token t_id="190" sentence="9" number="25">.</token>
<token t_id="191" sentence="10" number="0">With</token>
<token t_id="192" sentence="10" number="1">two</token>
<token t_id="193" sentence="10" number="2">deaths</token>
<token t_id="194" sentence="10" number="3">at</token>
<token t_id="195" sentence="10" number="4">Mt</token>
<token t_id="196" sentence="10" number="5">Cook</token>
<token t_id="197" sentence="10" number="6">National</token>
<token t_id="198" sentence="10" number="7">Park</token>
<token t_id="199" sentence="10" number="8">this</token>
<token t_id="200" sentence="10" number="9">weekend</token>
<token t_id="201" sentence="10" number="10">,</token>
<token t_id="202" sentence="10" number="11">Inspector</token>
<token t_id="203" sentence="10" number="12">Gaskin</token>
<token t_id="204" sentence="10" number="13">said</token>
<token t_id="205" sentence="10" number="14">police</token>
<token t_id="206" sentence="10" number="15">and</token>
<token t_id="207" sentence="10" number="16">rescures</token>
<token t_id="208" sentence="10" number="17">were</token>
<token t_id="209" sentence="10" number="18">pushed</token>
<token t_id="210" sentence="10" number="19">to</token>
<token t_id="211" sentence="10" number="20">their</token>
<token t_id="212" sentence="10" number="21">limits</token>
<token t_id="213" sentence="11" number="0">''Resources</token>
<token t_id="214" sentence="11" number="1">are</token>
<token t_id="215" sentence="11" number="2">tight</token>
<token t_id="216" sentence="11" number="3">,</token>
<token t_id="217" sentence="11" number="4">there's</token>
<token t_id="218" sentence="11" number="5">no</token>
<token t_id="219" sentence="11" number="6">doubt</token>
<token t_id="220" sentence="11" number="7">about</token>
<token t_id="221" sentence="11" number="8">that</token>
<token t_id="222" sentence="11" number="9">.</token>
<token t_id="223" sentence="12" number="0">It's</token>
<token t_id="224" sentence="12" number="1">been</token>
<token t_id="225" sentence="12" number="2">very</token>
<token t_id="226" sentence="12" number="3">difficult</token>
<token t_id="227" sentence="12" number="4">but</token>
<token t_id="228" sentence="12" number="5">the</token>
<token t_id="229" sentence="12" number="6">guys</token>
<token t_id="230" sentence="12" number="7">have</token>
<token t_id="231" sentence="12" number="8">done</token>
<token t_id="232" sentence="12" number="9">a</token>
<token t_id="233" sentence="12" number="10">wonderful</token>
<token t_id="234" sentence="12" number="11">job</token>
<token t_id="235" sentence="12" number="12">.</token>
<token t_id="236" sentence="12" number="13">''</token>
<token t_id="237" sentence="13" number="0">He</token>
<token t_id="238" sentence="13" number="1">said</token>
<token t_id="239" sentence="13" number="2">the</token>
<token t_id="240" sentence="13" number="3">two</token>
<token t_id="241" sentence="13" number="4">deaths</token>
<token t_id="242" sentence="13" number="5">were</token>
<token t_id="243" sentence="13" number="6">not</token>
<token t_id="244" sentence="13" number="7">related</token>
<token t_id="245" sentence="13" number="8">to</token>
<token t_id="246" sentence="13" number="9">weather</token>
<token t_id="247" sentence="13" number="10">conditions</token>
<token t_id="248" sentence="13" number="11">.</token>
<token t_id="249" sentence="14" number="0">''I</token>
<token t_id="250" sentence="14" number="1">can't</token>
<token t_id="251" sentence="14" number="2">speak</token>
<token t_id="252" sentence="14" number="3">for</token>
<token t_id="253" sentence="14" number="4">the</token>
<token t_id="254" sentence="14" number="5">first</token>
<token t_id="255" sentence="14" number="6">death</token>
<token t_id="256" sentence="14" number="7">,</token>
<token t_id="257" sentence="14" number="8">but</token>
<token t_id="258" sentence="14" number="9">in</token>
<token t_id="259" sentence="14" number="10">this</token>
<token t_id="260" sentence="14" number="11">case</token>
<token t_id="261" sentence="14" number="12">it</token>
<token t_id="262" sentence="14" number="13">looks</token>
<token t_id="263" sentence="14" number="14">like</token>
<token t_id="264" sentence="14" number="15">to</token>
<token t_id="265" sentence="14" number="16">be</token>
<token t_id="266" sentence="14" number="17">a</token>
<token t_id="267" sentence="14" number="18">lack</token>
<token t_id="268" sentence="14" number="19">of</token>
<token t_id="269" sentence="14" number="20">experience</token>
<token t_id="270" sentence="14" number="21">,</token>
<token t_id="271" sentence="14" number="22">''</token>
<token t_id="272" sentence="14" number="23">Inspector</token>
<token t_id="273" sentence="14" number="24">Gaskin</token>
<token t_id="274" sentence="14" number="25">said</token>
<token t_id="275" sentence="14" number="26">.</token>
<token t_id="276" sentence="15" number="0">Yesterday</token>
<token t_id="277" sentence="15" number="1">,</token>
<token t_id="278" sentence="15" number="2">a</token>
<token t_id="279" sentence="15" number="3">36</token>
<token t_id="280" sentence="15" number="4">-</token>
<token t_id="281" sentence="15" number="5">year</token>
<token t_id="282" sentence="15" number="6">-</token>
<token t_id="283" sentence="15" number="7">old</token>
<token t_id="284" sentence="15" number="8">Australian</token>
<token t_id="285" sentence="15" number="9">climber</token>
<token t_id="286" sentence="15" number="10">died</token>
<token t_id="287" sentence="15" number="11">after</token>
<token t_id="288" sentence="15" number="12">falling</token>
<token t_id="289" sentence="15" number="13">about</token>
<token t_id="290" sentence="15" number="14">150</token>
<token t_id="291" sentence="15" number="15">metres</token>
<token t_id="292" sentence="15" number="16">at</token>
<token t_id="293" sentence="15" number="17">Mt</token>
<token t_id="294" sentence="15" number="18">Cook</token>
<token t_id="295" sentence="15" number="19">.</token>
<token t_id="296" sentence="16" number="0">The</token>
<token t_id="297" sentence="16" number="1">man</token>
<token t_id="298" sentence="16" number="2">,</token>
<token t_id="299" sentence="16" number="3">from</token>
<token t_id="300" sentence="16" number="4">Hampton</token>
<token t_id="301" sentence="16" number="5">East</token>
<token t_id="302" sentence="16" number="6">,</token>
<token t_id="303" sentence="16" number="7">fell</token>
<token t_id="304" sentence="16" number="8">in</token>
<token t_id="305" sentence="16" number="9">the</token>
<token t_id="306" sentence="16" number="10">Tasman</token>
<token t_id="307" sentence="16" number="11">Glacier</token>
<token t_id="308" sentence="16" number="12">area</token>
<token t_id="309" sentence="16" number="13">.</token>
<token t_id="310" sentence="17" number="0">A</token>
<token t_id="311" sentence="17" number="1">Westpac</token>
<token t_id="312" sentence="17" number="2">Rescue</token>
<token t_id="313" sentence="17" number="3">Helicopter</token>
<token t_id="314" sentence="17" number="4">from</token>
<token t_id="315" sentence="17" number="5">Christchurch</token>
<token t_id="316" sentence="17" number="6">was</token>
<token t_id="317" sentence="17" number="7">called</token>
<token t_id="318" sentence="17" number="8">about</token>
<token t_id="319" sentence="17" number="9">3pm</token>
<token t_id="320" sentence="17" number="10">to</token>
<token t_id="321" sentence="17" number="11">assist</token>
<token t_id="322" sentence="17" number="12">with</token>
<token t_id="323" sentence="17" number="13">search</token>
<token t_id="324" sentence="17" number="14">and</token>
<token t_id="325" sentence="17" number="15">rescue</token>
<token t_id="326" sentence="17" number="16">co</token>
<token t_id="327" sentence="17" number="17">-</token>
<token t_id="328" sentence="17" number="18">ordination</token>
<token t_id="329" sentence="17" number="19">at</token>
<token t_id="330" sentence="17" number="20">the</token>
<token t_id="331" sentence="17" number="21">Mt</token>
<token t_id="332" sentence="17" number="22">Cook</token>
<token t_id="333" sentence="17" number="23">base</token>
<token t_id="334" sentence="17" number="24">.</token>
<token t_id="335" sentence="18" number="0">When</token>
<token t_id="336" sentence="18" number="1">it</token>
<token t_id="337" sentence="18" number="2">got</token>
<token t_id="338" sentence="18" number="3">there</token>
<token t_id="339" sentence="18" number="4">,</token>
<token t_id="340" sentence="18" number="5">the</token>
<token t_id="341" sentence="18" number="6">man</token>
<token t_id="342" sentence="18" number="7">had</token>
<token t_id="343" sentence="18" number="8">been</token>
<token t_id="344" sentence="18" number="9">transported</token>
<token t_id="345" sentence="18" number="10">to</token>
<token t_id="346" sentence="18" number="11">Mt</token>
<token t_id="347" sentence="18" number="12">Cook</token>
<token t_id="348" sentence="18" number="13">Village</token>
<token t_id="349" sentence="18" number="14">by</token>
<token t_id="350" sentence="18" number="15">a</token>
<token t_id="351" sentence="18" number="16">local</token>
<token t_id="352" sentence="18" number="17">helicopter</token>
<token t_id="353" sentence="18" number="18">service</token>
<token t_id="354" sentence="18" number="19">and</token>
<token t_id="355" sentence="18" number="20">pronounced</token>
<token t_id="356" sentence="18" number="21">dead</token>
<token t_id="357" sentence="18" number="22">by</token>
<token t_id="358" sentence="18" number="23">paramedics</token>
<token t_id="359" sentence="18" number="24">.</token>
<token t_id="360" sentence="19" number="0">The</token>
<token t_id="361" sentence="19" number="1">man</token>
<token t_id="362" sentence="19" number="2">is</token>
<token t_id="363" sentence="19" number="3">thought</token>
<token t_id="364" sentence="19" number="4">to</token>
<token t_id="365" sentence="19" number="5">have</token>
<token t_id="366" sentence="19" number="6">fallen</token>
<token t_id="367" sentence="19" number="7">much</token>
<token t_id="368" sentence="19" number="8">earlier</token>
<token t_id="369" sentence="19" number="9">in</token>
<token t_id="370" sentence="19" number="10">the</token>
<token t_id="371" sentence="19" number="11">day</token>
<token t_id="372" sentence="19" number="12">.</token>


<Markables>
<ACTION_OCCURRENCE m_id="1" climaxEvent="FALSE" comment=""  >
<token_anchor t_id="286"/>
</ACTION_OCCURRENCE>
<ACTION_OCCURRENCE m_id="2" climaxEvent="FALSE" comment=""  >
<token_anchor t_id="288"/>
</ACTION_OCCURRENCE>
<ACTION_OCCURRENCE m_id="3" climaxEvent="FALSE" comment=""  >
<token_anchor t_id="303"/>
</ACTION_OCCURRENCE>
<ACTION_OCCURRENCE m_id="4" climaxEvent="FALSE" comment=""  >
<token_anchor t_id="363"/>
</ACTION_OCCURRENCE>
<ACTION_OCCURRENCE m_id="5" climaxEvent="FALSE" comment=""  >
<token_anchor t_id="366"/>
</ACTION_OCCURRENCE>
<ACTION_OCCURRENCE m_id="6" climaxEvent="TRUE" comment=""  >
<token_anchor t_id="32"/>
</ACTION_OCCURRENCE>
<ACTION_OCCURRENCE m_id="7" climaxEvent="FALSE" comment=""  >
<token_anchor t_id="36"/>
</ACTION_OCCURRENCE>
<ACTION_OCCURRENCE m_id="8" climaxEvent="FALSE" comment=""  >
<token_anchor t_id="55"/>
</ACTION_OCCURRENCE>
<ACTION_OCCURRENCE m_id="9" climaxEvent="FALSE" comment=""  >
<token_anchor t_id="63"/>
</ACTION_OCCURRENCE>
<ACTION_OCCURRENCE m_id="10" climaxEvent="FALSE" comment=""  >
<token_anchor t_id="66"/>
</ACTION_OCCURRENCE>
<ACTION_OCCURRENCE m_id="11" climaxEvent="FALSE" comment=""  >
<token_anchor t_id="82"/>
</ACTION_OCCURRENCE>
<ACTION_REPORTING m_id="12" comment=""  >
<token_anchor t_id="79"/>
</ACTION_REPORTING>
<HUMAN_PART_ORG m_id="13"  >
<token_anchor t_id="48"/>
<token_anchor t_id="49"/>
<token_anchor t_id="50"/>
<token_anchor t_id="51"/>
<token_anchor t_id="52"/>
<token_anchor t_id="53"/>
</HUMAN_PART_ORG>
<HUMAN_PART_PER m_id="14" comment=""  >
<token_anchor t_id="297"/>
</HUMAN_PART_PER>
<HUMAN_PART_PER m_id="15" comment=""  >
<token_anchor t_id="361"/>
</HUMAN_PART_PER>
<HUMAN_PART_PER m_id="16" comment=""  >
<token_anchor t_id="57"/>
</HUMAN_PART_PER>
<HUMAN_PART_PER m_id="17" comment=""  >
<token_anchor t_id="31"/>
</HUMAN_PART_PER>
<HUMAN_PART_PER m_id="18" comment=""  >
<token_anchor t_id="61"/>
</HUMAN_PART_PER>
<HUMAN_PART_PER m_id="19" comment=""  >
<token_anchor t_id="77"/>
<token_anchor t_id="78"/>
</HUMAN_PART_PER>
<HUMAN_PART_PER m_id="20" comment=""  >
<token_anchor t_id="81"/>
</HUMAN_PART_PER>
<HUMAN_PART_PER m_id="21" comment=""  >
<token_anchor t_id="285"/>
</HUMAN_PART_PER>
<LOC_GEO m_id="22" comment=""  >
<token_anchor t_id="304"/>
<token_anchor t_id="305"/>
<token_anchor t_id="306"/>
<token_anchor t_id="307"/>
<token_anchor t_id="308"/>
</LOC_GEO>
<LOC_GEO m_id="23" comment=""  >
<token_anchor t_id="292"/>
<token_anchor t_id="293"/>
<token_anchor t_id="294"/>
</LOC_GEO>
<LOC_GEO m_id="24" comment=""  >
<token_anchor t_id="300"/>
<token_anchor t_id="301"/>
</LOC_GEO>
<LOC_GEO m_id="25" comment=""  >
<token_anchor t_id="34"/>
<token_anchor t_id="35"/>
</LOC_GEO>
<LOC_GEO m_id="26" comment=""  >
<token_anchor t_id="89"/>
<token_anchor t_id="90"/>
<token_anchor t_id="91"/>
<token_anchor t_id="92"/>
<token_anchor t_id="93"/>
<token_anchor t_id="94"/>
<token_anchor t_id="95"/>
<token_anchor t_id="96"/>
<token_anchor t_id="97"/>
<token_anchor t_id="98"/>
</LOC_GEO>
<LOC_GEO m_id="27" comment=""  >
<token_anchor t_id="67"/>
<token_anchor t_id="68"/>
<token_anchor t_id="69"/>
<token_anchor t_id="70"/>
<token_anchor t_id="71"/>
</LOC_GEO>
<TIME_DATE m_id="28" comment="" DCT="FALSE" value="2013-W37-WE" anchorTimeID="31"  >
<token_anchor t_id="73"/>
<token_anchor t_id="74"/>
</TIME_DATE>
<TIME_DATE m_id="29" comment="" DCT="FALSE" value="2013-09-14" anchorTimeID="31"  >
<token_anchor t_id="276"/>
</TIME_DATE>
<TIME_OF_THE_DAY m_id="30" DCT="FALSE" value="2013-09-14" anchorTimeID="29"  >
<token_anchor t_id="368"/>
<token_anchor t_id="369"/>
<token_anchor t_id="370"/>
<token_anchor t_id="371"/>
</TIME_OF_THE_DAY>
<TIME_OF_THE_DAY m_id="31" DCT="TRUE" value="2013-09-15T06:48Z" anchorTimeID=""  >
<token_anchor t_id="39"/>
<token_anchor t_id="40"/>
<token_anchor t_id="41"/>
<token_anchor t_id="42"/>
<token_anchor t_id="43"/>
<token_anchor t_id="44"/>
<token_anchor t_id="45"/>
<token_anchor t_id="46"/>
</TIME_OF_THE_DAY>


<ACTION_OCCURRENCE m_id="32" RELATED_TO="" TAG_DESCRIPTOR="t23_death_australian" climaxEvent="FALSE" comment="" />
<ACTION_OCCURRENCE m_id="33" RELATED_TO="" TAG_DESCRIPTOR="t23_both_deaths" climaxEvent="FALSE" comment="" />
<TIME_DATE m_id="34" RELATED_TO="" TAG_DESCRIPTOR="t23_friday" comment="" DCT="FALSE" value="" anchorTimeID="" />
<ACTION_OCCURRENCE m_id="35" RELATED_TO="" TAG_DESCRIPTOR="t23_fall_british" climaxEvent="FALSE" comment="" />
<LOC_GEO m_id="36" RELATED_TO="" TAG_DESCRIPTOR="t23_tasman_glacier" comment="" />
<LOC_GEO m_id="37" RELATED_TO="" TAG_DESCRIPTOR="t23_hampton_east" comment="" />
<LOC_GEO m_id="38" RELATED_TO="" TAG_DESCRIPTOR="t23_cook" comment="" />
<HUMAN_PART_PER m_id="39" RELATED_TO="" TAG_DESCRIPTOR="t23_raite" comment="" />
<ACTION_OCCURRENCE m_id="40" RELATED_TO="" TAG_DESCRIPTOR="t23_both_falls" climaxEvent="FALSE" comment="" />
<HUMAN_PART_PER m_id="41" RELATED_TO="" TAG_DESCRIPTOR="t23_both_climbers" comment="" />
<ACTION_OCCURRENCE m_id="42" RELATED_TO="" TAG_DESCRIPTOR="t23_death_british_man" climaxEvent="FALSE" comment="" />
<HUMAN_PART_PER m_id="43" RELATED_TO="" TAG_DESCRIPTOR="t23_buckley" comment="" />
<ACTION_OCCURRENCE m_id="44" RELATED_TO="" TAG_DESCRIPTOR="t23_fall_new_zealand" climaxEvent="FALSE" comment="" />
</Markables>

<Relations>
<TLINK r_id="244770" contextualModality="" relType="AFTER" comment="" >
<source m_id="31" />
<target m_id="6" />
</TLINK>
<TLINK r_id="244771" contextualModality="" relType="AFTER" comment="" >
<source m_id="31" />
<target m_id="7" />
</TLINK>
<TLINK r_id="244772" contextualModality="" relType="AFTER" comment="" >
<source m_id="31" />
<target m_id="8" />
</TLINK>
<TLINK r_id="244773" contextualModality="" relType="AFTER" comment="" >
<source m_id="31" />
<target m_id="9" />
</TLINK>
<TLINK r_id="244774" contextualModality="" relType="AFTER" comment="" >
<source m_id="31" />
<target m_id="10" />
</TLINK>
<TLINK r_id="244775" contextualModality="" relType="AFTER" comment="" >
<source m_id="31" />
<target m_id="11" />
</TLINK>
<TLINK r_id="244776" contextualModality="" relType="AFTER" comment="" >
<source m_id="31" />
<target m_id="1" />
</TLINK>
<TLINK r_id="244777" contextualModality="" relType="AFTER" comment="" >
<source m_id="31" />
<target m_id="2" />
</TLINK>
<TLINK r_id="244778" contextualModality="" relType="AFTER" comment="" >
<source m_id="31" />
<target m_id="3" />
</TLINK>
<TLINK r_id="244779" contextualModality="" relType="AFTER" comment="" >
<source m_id="31" />
<target m_id="5" />
</TLINK>
<TLINK r_id="244780" contextualModality="" relType="CONTAINS" comment="" >
<source m_id="28" />
<target m_id="6" />
</TLINK>
<TLINK r_id="244781" contextualModality="" relType="CONTAINS" comment="" >
<source m_id="28" />
<target m_id="7" />
</TLINK>
<TLINK r_id="244782" contextualModality="" relType="CONTAINS" comment="" >
<source m_id="28" />
<target m_id="8" />
</TLINK>
<TLINK r_id="244783" contextualModality="" relType="CONTAINS" comment="" >
<source m_id="28" />
<target m_id="9" />
</TLINK>
<TLINK r_id="244784" contextualModality="" relType="CONTAINS" comment="" >
<source m_id="28" />
<target m_id="10" />
</TLINK>
<TLINK r_id="244785" contextualModality="" relType="CONTAINS" comment="" >
<source m_id="28" />
<target m_id="11" />
</TLINK>
<TLINK r_id="244786" contextualModality="" relType="CONTAINS" comment="" >
<source m_id="29" />
<target m_id="1" />
</TLINK>
<TLINK r_id="244787" contextualModality="" relType="CONTAINS" comment="" >
<source m_id="29" />
<target m_id="2" />
</TLINK>
<TLINK r_id="244788" contextualModality="" relType="CONTAINS" comment="" >
<source m_id="29" />
<target m_id="3" />
</TLINK>
<TLINK r_id="244789" contextualModality="" relType="CONTAINS" comment="" >
<source m_id="30" />
<target m_id="5" />
</TLINK>
<PLOT_LINK r_id="244790" SIGNAL="" relType="FALLING_ACTION" CAUSES="FALSE" CAUSED_BY="FALSE" >
<source m_id="6" />
<target m_id="7" />
</PLOT_LINK>
<PLOT_LINK r_id="244791" SIGNAL="" relType="FALLING_ACTION" CAUSES="FALSE" CAUSED_BY="FALSE" >
<source m_id="8" />
<target m_id="10" />
</PLOT_LINK>
<PLOT_LINK r_id="244792" SIGNAL="" relType="PRECONDITION" CAUSES="FALSE" CAUSED_BY="FALSE" >
<source m_id="9" />
<target m_id="10" />
</PLOT_LINK>
<PLOT_LINK r_id="244793" SIGNAL="" relType="FALLING_ACTION" CAUSES="FALSE" CAUSED_BY="FALSE" >
<source m_id="10" />
<target m_id="11" />
</PLOT_LINK>
<PLOT_LINK r_id="244794" SIGNAL="" relType="FALLING_ACTION" CAUSES="FALSE" CAUSED_BY="FALSE" >
<source m_id="1" />
<target m_id="2" />
</PLOT_LINK>
<PLOT_LINK r_id="244795" SIGNAL="" relType="FALLING_ACTION" CAUSES="FALSE" CAUSED_BY="FALSE" >
<source m_id="1" />
<target m_id="3" />
</PLOT_LINK>
<PLOT_LINK r_id="244796" SIGNAL="" relType="FALLING_ACTION" CAUSES="FALSE" CAUSED_BY="FALSE" >
<source m_id="1" />
<target m_id="5" />
</PLOT_LINK>
</Relations>
</Document>
