<Document doc_name="23_4ecbplus.xml">
<token t_id="1" sentence="0" number="0">http</token>
<token t_id="2" sentence="0" number="1">:</token>
<token t_id="3" sentence="0" number="2">/</token>
<token t_id="4" sentence="0" number="3">/</token>
<token t_id="5" sentence="0" number="4">globalnews</token>
<token t_id="6" sentence="0" number="5">.</token>
<token t_id="7" sentence="0" number="6">ca</token>
<token t_id="8" sentence="0" number="7">/</token>
<token t_id="9" sentence="0" number="8">news</token>
<token t_id="10" sentence="0" number="9">/</token>
<token t_id="11" sentence="0" number="10">842183</token>
<token t_id="12" sentence="0" number="11">/</token>
<token t_id="13" sentence="0" number="12">australian</token>
<token t_id="14" sentence="0" number="13">-</token>
<token t_id="15" sentence="0" number="14">english</token>
<token t_id="16" sentence="0" number="15">-</token>
<token t_id="17" sentence="0" number="16">climbers</token>
<token t_id="18" sentence="0" number="17">-</token>
<token t_id="19" sentence="0" number="18">fall</token>
<token t_id="20" sentence="0" number="19">-</token>
<token t_id="21" sentence="0" number="20">to</token>
<token t_id="22" sentence="0" number="21">-</token>
<token t_id="23" sentence="0" number="22">their</token>
<token t_id="24" sentence="0" number="23">-</token>
<token t_id="25" sentence="0" number="24">deaths</token>
<token t_id="26" sentence="0" number="25">-</token>
<token t_id="27" sentence="0" number="26">in</token>
<token t_id="28" sentence="0" number="27">-</token>
<token t_id="29" sentence="0" number="28">new</token>
<token t_id="30" sentence="0" number="29">-</token>
<token t_id="31" sentence="0" number="30">zealand</token>
<token t_id="32" sentence="0" number="31">-</token>
<token t_id="33" sentence="0" number="32">mountains</token>
<token t_id="34" sentence="0" number="33">/</token>
<token t_id="35" sentence="1" number="0">September</token>
<token t_id="36" sentence="1" number="1">15</token>
<token t_id="37" sentence="1" number="2">,</token>
<token t_id="38" sentence="1" number="3">2013</token>
<token t_id="39" sentence="1" number="4">11</token>
<token t_id="40" sentence="1" number="5">:</token>
<token t_id="41" sentence="1" number="6">26</token>
<token t_id="42" sentence="1" number="7">pm</token>
<token t_id="43" sentence="2" number="0">Australian</token>
<token t_id="44" sentence="2" number="1">,</token>
<token t_id="45" sentence="2" number="2">English</token>
<token t_id="46" sentence="2" number="3">climbers</token>
<token t_id="47" sentence="2" number="4">fall</token>
<token t_id="48" sentence="2" number="5">to</token>
<token t_id="49" sentence="2" number="6">their</token>
<token t_id="50" sentence="2" number="7">deaths</token>
<token t_id="51" sentence="2" number="8">in</token>
<token t_id="52" sentence="2" number="9">New</token>
<token t_id="53" sentence="2" number="10">Zealand</token>
<token t_id="54" sentence="2" number="11">mountains</token>
<token t_id="55" sentence="3" number="0">One</token>
<token t_id="56" sentence="3" number="1">Australian</token>
<token t_id="57" sentence="3" number="2">and</token>
<token t_id="58" sentence="3" number="3">one</token>
<token t_id="59" sentence="3" number="4">English</token>
<token t_id="60" sentence="3" number="5">climber</token>
<token t_id="61" sentence="3" number="6">have</token>
<token t_id="62" sentence="3" number="7">fallen</token>
<token t_id="63" sentence="3" number="8">to</token>
<token t_id="64" sentence="3" number="9">their</token>
<token t_id="65" sentence="3" number="10">deaths</token>
<token t_id="66" sentence="3" number="11">in</token>
<token t_id="67" sentence="3" number="12">New</token>
<token t_id="68" sentence="3" number="13">Zealand</token>
<token t_id="69" sentence="3" number="14">.</token>
<token t_id="70" sentence="4" number="0">Police</token>
<token t_id="71" sentence="4" number="1">Inspector</token>
<token t_id="72" sentence="4" number="2">Dave</token>
<token t_id="73" sentence="4" number="3">Gaskin</token>
<token t_id="74" sentence="4" number="4">said</token>
<token t_id="75" sentence="4" number="5">Monday</token>
<token t_id="76" sentence="4" number="6">the</token>
<token t_id="77" sentence="4" number="7">two</token>
<token t_id="78" sentence="4" number="8">incidents</token>
<token t_id="79" sentence="4" number="9">on</token>
<token t_id="80" sentence="4" number="10">consecutive</token>
<token t_id="81" sentence="4" number="11">days</token>
<token t_id="82" sentence="4" number="12">in</token>
<token t_id="83" sentence="4" number="13">the</token>
<token t_id="84" sentence="4" number="14">Aoraki</token>
<token t_id="85" sentence="4" number="15">-</token>
<token t_id="86" sentence="4" number="16">Mt</token>
<token t_id="87" sentence="4" number="17">.</token>
<token t_id="88" sentence="4" number="18">Cook</token>
<token t_id="89" sentence="4" number="19">National</token>
<token t_id="90" sentence="4" number="20">Park</token>
<token t_id="91" sentence="4" number="21">were</token>
<token t_id="92" sentence="4" number="22">not</token>
<token t_id="93" sentence="4" number="23">related</token>
<token t_id="94" sentence="4" number="24">and</token>
<token t_id="95" sentence="4" number="25">were</token>
<token t_id="96" sentence="4" number="26">not</token>
<token t_id="97" sentence="4" number="27">due</token>
<token t_id="98" sentence="4" number="28">to</token>
<token t_id="99" sentence="4" number="29">bad</token>
<token t_id="100" sentence="4" number="30">weather</token>
<token t_id="101" sentence="4" number="31">.</token>
<token t_id="102" sentence="5" number="0">He</token>
<token t_id="103" sentence="5" number="1">says</token>
<token t_id="104" sentence="5" number="2">they</token>
<token t_id="105" sentence="5" number="3">come</token>
<token t_id="106" sentence="5" number="4">as</token>
<token t_id="107" sentence="5" number="5">a</token>
<token t_id="108" sentence="5" number="6">reminder</token>
<token t_id="109" sentence="5" number="7">that</token>
<token t_id="110" sentence="5" number="8">climbers</token>
<token t_id="111" sentence="5" number="9">need</token>
<token t_id="112" sentence="5" number="10">to</token>
<token t_id="113" sentence="5" number="11">use</token>
<token t_id="114" sentence="5" number="12">extreme</token>
<token t_id="115" sentence="5" number="13">caution</token>
<token t_id="116" sentence="5" number="14">.</token>
<token t_id="117" sentence="6" number="0">On</token>
<token t_id="118" sentence="6" number="1">Friday</token>
<token t_id="119" sentence="6" number="2">,</token>
<token t_id="120" sentence="6" number="3">36</token>
<token t_id="121" sentence="6" number="4">-</token>
<token t_id="122" sentence="6" number="5">year</token>
<token t_id="123" sentence="6" number="6">-</token>
<token t_id="124" sentence="6" number="7">old</token>
<token t_id="125" sentence="6" number="8">Duncan</token>
<token t_id="126" sentence="6" number="9">Raite</token>
<token t_id="127" sentence="6" number="10">died</token>
<token t_id="128" sentence="6" number="11">after</token>
<token t_id="129" sentence="6" number="12">slipping</token>
<token t_id="130" sentence="6" number="13">and</token>
<token t_id="131" sentence="6" number="14">falling</token>
<token t_id="132" sentence="6" number="15">about</token>
<token t_id="133" sentence="6" number="16">60</token>
<token t_id="134" sentence="6" number="17">metres</token>
<token t_id="135" sentence="6" number="18">(</token>
<token t_id="136" sentence="6" number="19">200</token>
<token t_id="137" sentence="6" number="20">feet</token>
<token t_id="138" sentence="6" number="21">)</token>
<token t_id="139" sentence="6" number="22">from</token>
<token t_id="140" sentence="6" number="23">a</token>
<token t_id="141" sentence="6" number="24">ridge</token>
<token t_id="142" sentence="6" number="25">.</token>
<token t_id="143" sentence="7" number="0">The</token>
<token t_id="144" sentence="7" number="1">New</token>
<token t_id="145" sentence="7" number="2">Zealand</token>
<token t_id="146" sentence="7" number="3">-</token>
<token t_id="147" sentence="7" number="4">born</token>
<token t_id="148" sentence="7" number="5">Australian</token>
<token t_id="149" sentence="7" number="6">was</token>
<token t_id="150" sentence="7" number="7">planning</token>
<token t_id="151" sentence="7" number="8">to</token>
<token t_id="152" sentence="7" number="9">do</token>
<token t_id="153" sentence="7" number="10">some</token>
<token t_id="154" sentence="7" number="11">ski</token>
<token t_id="155" sentence="7" number="12">touring</token>
<token t_id="156" sentence="7" number="13">.</token>
<token t_id="157" sentence="8" number="0">He</token>
<token t_id="158" sentence="8" number="1">’</token>
<token t_id="159" sentence="8" number="2">d</token>
<token t_id="160" sentence="8" number="3">been</token>
<token t_id="161" sentence="8" number="4">dropped</token>
<token t_id="162" sentence="8" number="5">off</token>
<token t_id="163" sentence="8" number="6">by</token>
<token t_id="164" sentence="8" number="7">helicopter</token>
<token t_id="165" sentence="8" number="8">and</token>
<token t_id="166" sentence="8" number="9">was</token>
<token t_id="167" sentence="8" number="10">walking</token>
<token t_id="168" sentence="8" number="11">to</token>
<token t_id="169" sentence="8" number="12">a</token>
<token t_id="170" sentence="8" number="13">hut</token>
<token t_id="171" sentence="8" number="14">when</token>
<token t_id="172" sentence="8" number="15">he</token>
<token t_id="173" sentence="8" number="16">fell</token>
<token t_id="174" sentence="8" number="17">.</token>
<token t_id="175" sentence="9" number="0">On</token>
<token t_id="176" sentence="9" number="1">Saturday</token>
<token t_id="177" sentence="9" number="2">,</token>
<token t_id="178" sentence="9" number="3">32</token>
<token t_id="179" sentence="9" number="4">-</token>
<token t_id="180" sentence="9" number="5">year</token>
<token t_id="181" sentence="9" number="6">-</token>
<token t_id="182" sentence="9" number="7">old</token>
<token t_id="183" sentence="9" number="8">Englishman</token>
<token t_id="184" sentence="9" number="9">Robert</token>
<token t_id="185" sentence="9" number="10">Buckley</token>
<token t_id="186" sentence="9" number="11">fell</token>
<token t_id="187" sentence="9" number="12">about</token>
<token t_id="188" sentence="9" number="13">600</token>
<token t_id="189" sentence="9" number="14">metres</token>
<token t_id="190" sentence="9" number="15">(</token>
<token t_id="191" sentence="9" number="16">2</token>
<token t_id="192" sentence="9" number="17">,</token>
<token t_id="193" sentence="9" number="18">000</token>
<token t_id="194" sentence="9" number="19">feet</token>
<token t_id="195" sentence="9" number="20">)</token>
<token t_id="196" sentence="9" number="21">while</token>
<token t_id="197" sentence="9" number="22">climbing</token>
<token t_id="198" sentence="9" number="23">to</token>
<token t_id="199" sentence="9" number="24">a</token>
<token t_id="200" sentence="9" number="25">small</token>
<token t_id="201" sentence="9" number="26">hut</token>
<token t_id="202" sentence="9" number="27">on</token>
<token t_id="203" sentence="9" number="28">Mount</token>
<token t_id="204" sentence="9" number="29">Sefton</token>
<token t_id="205" sentence="9" number="30">.</token>
<token t_id="206" sentence="10" number="0">Gaskin</token>
<token t_id="207" sentence="10" number="1">said</token>
<token t_id="208" sentence="10" number="2">Buckley</token>
<token t_id="209" sentence="10" number="3">was</token>
<token t_id="210" sentence="10" number="4">wearing</token>
<token t_id="211" sentence="10" number="5">crampons</token>
<token t_id="212" sentence="10" number="6">but</token>
<token t_id="213" sentence="10" number="7">was</token>
<token t_id="214" sentence="10" number="8">inexperienced</token>
<token t_id="215" sentence="10" number="9">.</token>


<Markables>
<ACTION_OCCURRENCE m_id="1" climaxEvent="FALSE" comment=""  >
<token_anchor t_id="47"/>
</ACTION_OCCURRENCE>
<ACTION_OCCURRENCE m_id="2" climaxEvent="TRUE" comment=""  >
<token_anchor t_id="50"/>
</ACTION_OCCURRENCE>
<ACTION_OCCURRENCE m_id="3" climaxEvent="FALSE" comment=""  >
<token_anchor t_id="62"/>
</ACTION_OCCURRENCE>
<ACTION_OCCURRENCE m_id="4" climaxEvent="FALSE" comment=""  >
<token_anchor t_id="65"/>
</ACTION_OCCURRENCE>
<ACTION_OCCURRENCE m_id="5" climaxEvent="FALSE" comment=""  >
<token_anchor t_id="127"/>
</ACTION_OCCURRENCE>
<ACTION_OCCURRENCE m_id="6" climaxEvent="FALSE" comment=""  >
<token_anchor t_id="129"/>
</ACTION_OCCURRENCE>
<ACTION_OCCURRENCE m_id="7" climaxEvent="FALSE" comment=""  >
<token_anchor t_id="131"/>
</ACTION_OCCURRENCE>
<ACTION_OCCURRENCE m_id="8" climaxEvent="FALSE" comment=""  >
<token_anchor t_id="186"/>
</ACTION_OCCURRENCE>
<ACTION_OCCURRENCE m_id="9" climaxEvent="FALSE" comment=""  >
<token_anchor t_id="197"/>
</ACTION_OCCURRENCE>
<HUMAN_PART_PER m_id="10" comment=""  >
<token_anchor t_id="46"/>
</HUMAN_PART_PER>
<HUMAN_PART_PER m_id="11" comment=""  >
<token_anchor t_id="56"/>
</HUMAN_PART_PER>
<HUMAN_PART_PER m_id="12" comment=""  >
<token_anchor t_id="60"/>
</HUMAN_PART_PER>
<HUMAN_PART_PER m_id="13" comment=""  >
<token_anchor t_id="125"/>
<token_anchor t_id="126"/>
</HUMAN_PART_PER>
<HUMAN_PART_PER m_id="14" comment=""  >
<token_anchor t_id="184"/>
<token_anchor t_id="185"/>
</HUMAN_PART_PER>
<LOC_GEO m_id="15" comment=""  >
<token_anchor t_id="140"/>
<token_anchor t_id="141"/>
</LOC_GEO>
<LOC_GEO m_id="16" comment=""  >
<token_anchor t_id="66"/>
<token_anchor t_id="67"/>
<token_anchor t_id="68"/>
</LOC_GEO>
<LOC_GEO m_id="17" comment=""  >
<token_anchor t_id="51"/>
<token_anchor t_id="52"/>
<token_anchor t_id="53"/>
<token_anchor t_id="54"/>
</LOC_GEO>
<LOC_GEO m_id="18" comment=""  >
<token_anchor t_id="198"/>
<token_anchor t_id="199"/>
<token_anchor t_id="200"/>
<token_anchor t_id="201"/>
<token_anchor t_id="202"/>
<token_anchor t_id="203"/>
<token_anchor t_id="204"/>
</LOC_GEO>
<TIME_DATE m_id="19" comment="" DCT="FALSE" value="2013-09-13" anchorTimeID="21"  >
<token_anchor t_id="118"/>
</TIME_DATE>
<TIME_DATE m_id="20" comment="" DCT="FALSE" value="2013-09-14" anchorTimeID="21"  >
<token_anchor t_id="176"/>
</TIME_DATE>
<TIME_OF_THE_DAY m_id="21" DCT="TRUE" value="2013-09-16T04:26Z" anchorTimeID=""  >
<token_anchor t_id="35"/>
<token_anchor t_id="36"/>
<token_anchor t_id="37"/>
<token_anchor t_id="38"/>
<token_anchor t_id="39"/>
<token_anchor t_id="40"/>
<token_anchor t_id="41"/>
<token_anchor t_id="42"/>
</TIME_OF_THE_DAY>


<ACTION_OCCURRENCE m_id="22" RELATED_TO="" TAG_DESCRIPTOR="t23_fall_british" climaxEvent="FALSE" comment="" />
<TIME_DATE m_id="23" RELATED_TO="" TAG_DESCRIPTOR="t23_saturday" comment="" DCT="FALSE" value="" anchorTimeID="" />
<LOC_GEO m_id="24" RELATED_TO="" TAG_DESCRIPTOR="t23_ridge" comment="" />
<LOC_GEO m_id="25" RELATED_TO="" TAG_DESCRIPTOR="t23_new_zealand" comment="" />
<ACTION_OCCURRENCE m_id="26" RELATED_TO="" TAG_DESCRIPTOR="t23_climbing_british" climaxEvent="FALSE" comment="" />
<HUMAN_PART_PER m_id="27" RELATED_TO="" TAG_DESCRIPTOR="t23_raite" comment="" />
<HUMAN_PART_PER m_id="28" RELATED_TO="" TAG_DESCRIPTOR="t23_both_climbers" comment="" />
<ACTION_OCCURRENCE m_id="29" RELATED_TO="" TAG_DESCRIPTOR="t23_both_falls" climaxEvent="FALSE" comment="" />
<ACTION_OCCURRENCE m_id="30" RELATED_TO="" TAG_DESCRIPTOR="t23_slip_raite" climaxEvent="FALSE" comment="" />
<HUMAN_PART_PER m_id="31" RELATED_TO="" TAG_DESCRIPTOR="t23_buckley" comment="" />
<ACTION_OCCURRENCE m_id="32" RELATED_TO="" TAG_DESCRIPTOR="t23_death_australian" climaxEvent="FALSE" comment="" />
<ACTION_OCCURRENCE m_id="33" RELATED_TO="" TAG_DESCRIPTOR="t23_both_deaths" climaxEvent="FALSE" comment="" />
<TIME_DATE m_id="34" RELATED_TO="" TAG_DESCRIPTOR="t23_friday" comment="" DCT="FALSE" value="" anchorTimeID="" />
<LOC_GEO m_id="35" RELATED_TO="" TAG_DESCRIPTOR="t23_hut_sefton" comment="" />
<ACTION_OCCURRENCE m_id="36" RELATED_TO="" TAG_DESCRIPTOR="t23_fall_new_zealand" climaxEvent="FALSE" comment="" />
</Markables>

<Relations>
<TLINK r_id="244837" contextualModality="" relType="AFTER" comment="" >
<source m_id="21" />
<target m_id="1" />
</TLINK>
<TLINK r_id="244838" contextualModality="" relType="AFTER" comment="" >
<source m_id="21" />
<target m_id="2" />
</TLINK>
<TLINK r_id="244839" contextualModality="" relType="AFTER" comment="" >
<source m_id="21" />
<target m_id="3" />
</TLINK>
<TLINK r_id="244840" contextualModality="" relType="AFTER" comment="" >
<source m_id="21" />
<target m_id="4" />
</TLINK>
<TLINK r_id="244841" contextualModality="" relType="AFTER" comment="" >
<source m_id="21" />
<target m_id="5" />
</TLINK>
<TLINK r_id="244842" contextualModality="" relType="AFTER" comment="" >
<source m_id="21" />
<target m_id="6" />
</TLINK>
<TLINK r_id="244843" contextualModality="" relType="AFTER" comment="" >
<source m_id="21" />
<target m_id="7" />
</TLINK>
<TLINK r_id="244844" contextualModality="" relType="AFTER" comment="" >
<source m_id="21" />
<target m_id="8" />
</TLINK>
<TLINK r_id="244845" contextualModality="" relType="AFTER" comment="" >
<source m_id="21" />
<target m_id="9" />
</TLINK>
<TLINK r_id="244846" contextualModality="" relType="CONTAINS" comment="" >
<source m_id="19" />
<target m_id="5" />
</TLINK>
<TLINK r_id="244847" contextualModality="" relType="CONTAINS" comment="" >
<source m_id="19" />
<target m_id="6" />
</TLINK>
<TLINK r_id="244848" contextualModality="" relType="CONTAINS" comment="" >
<source m_id="19" />
<target m_id="7" />
</TLINK>
<TLINK r_id="244849" contextualModality="" relType="CONTAINS" comment="" >
<source m_id="20" />
<target m_id="8" />
</TLINK>
<TLINK r_id="244850" contextualModality="" relType="CONTAINS" comment="" >
<source m_id="20" />
<target m_id="9" />
</TLINK>
<PLOT_LINK r_id="244851" SIGNAL="" relType="PRECONDITION" CAUSES="FALSE" CAUSED_BY="FALSE" >
<source m_id="1" />
<target m_id="2" />
</PLOT_LINK>
<PLOT_LINK r_id="244852" SIGNAL="" relType="PRECONDITION" CAUSES="FALSE" CAUSED_BY="FALSE" >
<source m_id="3" />
<target m_id="4" />
</PLOT_LINK>
<PLOT_LINK r_id="244853" SIGNAL="" relType="FALLING_ACTION" CAUSES="FALSE" CAUSED_BY="FALSE" >
<source m_id="5" />
<target m_id="7" />
</PLOT_LINK>
<PLOT_LINK r_id="244854" SIGNAL="" relType="PRECONDITION" CAUSES="FALSE" CAUSED_BY="FALSE" >
<source m_id="6" />
<target m_id="7" />
</PLOT_LINK>
<PLOT_LINK r_id="244855" SIGNAL="" relType="FALLING_ACTION" CAUSES="FALSE" CAUSED_BY="FALSE" >
<source m_id="8" />
<target m_id="9" />
</PLOT_LINK>
</Relations>
</Document>
