<Document doc_name="8_10ecbplus.xml">
<token t_id="1" sentence="0" number="0">http</token>
<token t_id="2" sentence="0" number="1">:</token>
<token t_id="3" sentence="0" number="2">/</token>
<token t_id="4" sentence="0" number="3">/</token>
<token t_id="5" sentence="0" number="4">www</token>
<token t_id="6" sentence="0" number="5">.</token>
<token t_id="7" sentence="0" number="6">keeptalkinggreece</token>
<token t_id="8" sentence="0" number="7">.</token>
<token t_id="9" sentence="0" number="8">com</token>
<token t_id="10" sentence="0" number="9">/</token>
<token t_id="11" sentence="0" number="10">2010</token>
<token t_id="12" sentence="0" number="11">/</token>
<token t_id="13" sentence="0" number="12">05</token>
<token t_id="14" sentence="0" number="13">/</token>
<token t_id="15" sentence="0" number="14">05</token>
<token t_id="16" sentence="0" number="15">/</token>
<token t_id="17" sentence="0" number="16">breaking</token>
<token t_id="18" sentence="0" number="17">-</token>
<token t_id="19" sentence="0" number="18">news</token>
<token t_id="20" sentence="0" number="19">-</token>
<token t_id="21" sentence="0" number="20">3</token>
<token t_id="22" sentence="0" number="21">-</token>
<token t_id="23" sentence="0" number="22">dead</token>
<token t_id="24" sentence="0" number="23">-</token>
<token t_id="25" sentence="0" number="24">due</token>
<token t_id="26" sentence="0" number="25">-</token>
<token t_id="27" sentence="0" number="26">to</token>
<token t_id="28" sentence="0" number="27">-</token>
<token t_id="29" sentence="0" number="28">molotov</token>
<token t_id="30" sentence="0" number="29">-</token>
<token t_id="31" sentence="0" number="30">cocktail</token>
<token t_id="32" sentence="0" number="31">-</token>
<token t_id="33" sentence="0" number="32">at</token>
<token t_id="34" sentence="0" number="33">-</token>
<token t_id="35" sentence="0" number="34">bank</token>
<token t_id="36" sentence="0" number="35">/</token>
<token t_id="37" sentence="1" number="0">BREAKING</token>
<token t_id="38" sentence="1" number="1">NEWS</token>
<token t_id="39" sentence="1" number="2">-</token>
<token t_id="40" sentence="1" number="3">3</token>
<token t_id="41" sentence="1" number="4">DEAD</token>
<token t_id="42" sentence="1" number="5">due</token>
<token t_id="43" sentence="1" number="6">to</token>
<token t_id="44" sentence="1" number="7">Molotov</token>
<token t_id="45" sentence="1" number="8">cocktail</token>
<token t_id="46" sentence="1" number="9">at</token>
<token t_id="47" sentence="1" number="10">Bank</token>
<token t_id="48" sentence="2" number="0">According</token>
<token t_id="49" sentence="2" number="1">to</token>
<token t_id="50" sentence="2" number="2">international</token>
<token t_id="51" sentence="2" number="3">media</token>
<token t_id="52" sentence="2" number="4">and</token>
<token t_id="53" sentence="2" number="5">Greek</token>
<token t_id="54" sentence="2" number="6">Sky</token>
<token t_id="55" sentence="2" number="7">TV</token>
<token t_id="56" sentence="3" number="0">THREE</token>
<token t_id="57" sentence="3" number="1">PEOPLE</token>
<token t_id="58" sentence="3" number="2">HAVE</token>
<token t_id="59" sentence="3" number="3">DIED</token>
<token t_id="60" sentence="3" number="4">IN</token>
<token t_id="61" sentence="3" number="5">A</token>
<token t_id="62" sentence="3" number="6">BLAZE</token>
<token t_id="63" sentence="3" number="7">that</token>
<token t_id="64" sentence="3" number="8">broke</token>
<token t_id="65" sentence="3" number="9">out</token>
<token t_id="66" sentence="3" number="10">at</token>
<token t_id="67" sentence="3" number="11">MARFIN</token>
<token t_id="68" sentence="3" number="12">EGNATIA</token>
<token t_id="69" sentence="3" number="13">BANK</token>
<token t_id="70" sentence="3" number="14">,</token>
<token t_id="71" sentence="3" number="15">on</token>
<token t_id="72" sentence="3" number="16">Stadiou</token>
<token t_id="73" sentence="3" number="17">Street</token>
<token t_id="74" sentence="3" number="18">,</token>
<token t_id="75" sentence="3" number="19">downtown</token>
<token t_id="76" sentence="3" number="20">Athens</token>
<token t_id="77" sentence="3" number="21">.</token>
<token t_id="78" sentence="4" number="0">The</token>
<token t_id="79" sentence="4" number="1">fire</token>
<token t_id="80" sentence="4" number="2">started</token>
<token t_id="81" sentence="4" number="3">when</token>
<token t_id="82" sentence="4" number="4">demonstrators</token>
<token t_id="83" sentence="4" number="5">hurled</token>
<token t_id="84" sentence="4" number="6">Molotov</token>
<token t_id="85" sentence="4" number="7">cocktail</token>
<token t_id="86" sentence="4" number="8">fire</token>
<token t_id="87" sentence="4" number="9">bombs</token>
<token t_id="88" sentence="4" number="10">at</token>
<token t_id="89" sentence="4" number="11">the</token>
<token t_id="90" sentence="4" number="12">Bank</token>
<token t_id="91" sentence="4" number="13">.</token>
<token t_id="92" sentence="5" number="0">SKY</token>
<token t_id="93" sentence="5" number="1">-</token>
<token t_id="94" sentence="5" number="2">TV</token>
<token t_id="95" sentence="5" number="3">reports</token>
<token t_id="96" sentence="5" number="4">that</token>
<token t_id="97" sentence="5" number="5">the</token>
<token t_id="98" sentence="5" number="6">3</token>
<token t_id="99" sentence="5" number="7">bank</token>
<token t_id="100" sentence="5" number="8">employees</token>
<token t_id="101" sentence="5" number="9">were</token>
<token t_id="102" sentence="5" number="10">burnt</token>
<token t_id="103" sentence="5" number="11">to</token>
<token t_id="104" sentence="5" number="12">death</token>
<token t_id="105" sentence="5" number="13">.</token>
<token t_id="106" sentence="6" number="0">They</token>
<token t_id="107" sentence="6" number="1">were</token>
<token t_id="108" sentence="6" number="2">trapped</token>
<token t_id="109" sentence="6" number="3">in</token>
<token t_id="110" sentence="6" number="4">the</token>
<token t_id="111" sentence="6" number="5">stairwell</token>
<token t_id="112" sentence="6" number="6">of</token>
<token t_id="113" sentence="6" number="7">the</token>
<token t_id="114" sentence="6" number="8">3rd</token>
<token t_id="115" sentence="6" number="9">floors</token>
<token t_id="116" sentence="6" number="10">while</token>
<token t_id="117" sentence="6" number="11">trying</token>
<token t_id="118" sentence="6" number="12">to</token>
<token t_id="119" sentence="6" number="13">flee</token>
<token t_id="120" sentence="6" number="14">the</token>
<token t_id="121" sentence="6" number="15">fire</token>
<token t_id="122" sentence="6" number="16">broken</token>
<token t_id="123" sentence="6" number="17">out</token>
<token t_id="124" sentence="6" number="18">two</token>
<token t_id="125" sentence="6" number="19">floors</token>
<token t_id="126" sentence="6" number="20">below</token>
<token t_id="127" sentence="6" number="21">.</token>
<token t_id="128" sentence="7" number="0">Four</token>
<token t_id="129" sentence="7" number="1">people</token>
<token t_id="130" sentence="7" number="2">-</token>
<token t_id="131" sentence="7" number="3">one</token>
<token t_id="132" sentence="7" number="4">with</token>
<token t_id="133" sentence="7" number="5">broken</token>
<token t_id="134" sentence="7" number="6">bones</token>
<token t_id="135" sentence="7" number="7">,</token>
<token t_id="136" sentence="7" number="8">3</token>
<token t_id="137" sentence="7" number="9">with</token>
<token t_id="138" sentence="7" number="10">inspiratory</token>
<token t_id="139" sentence="7" number="11">problems</token>
<token t_id="140" sentence="7" number="12">-</token>
<token t_id="141" sentence="7" number="13">are</token>
<token t_id="142" sentence="7" number="14">treated</token>
<token t_id="143" sentence="7" number="15">in</token>
<token t_id="144" sentence="7" number="16">nearby</token>
<token t_id="145" sentence="7" number="17">hospitals</token>
<token t_id="146" sentence="7" number="18">.</token>
<token t_id="147" sentence="8" number="0">Reports</token>
<token t_id="148" sentence="8" number="1">have</token>
<token t_id="149" sentence="8" number="2">it</token>
<token t_id="150" sentence="8" number="3">that</token>
<token t_id="151" sentence="8" number="4">angry</token>
<token t_id="152" sentence="8" number="5">demonstrators</token>
<token t_id="153" sentence="8" number="6">threw</token>
<token t_id="154" sentence="8" number="7">stones</token>
<token t_id="155" sentence="8" number="8">to</token>
<token t_id="156" sentence="8" number="9">the</token>
<token t_id="157" sentence="8" number="10">fire</token>
<token t_id="158" sentence="8" number="11">brigade</token>
<token t_id="159" sentence="8" number="12">coming</token>
<token t_id="160" sentence="8" number="13">in</token>
<token t_id="161" sentence="8" number="14">.</token>
<token t_id="162" sentence="9" number="0">There</token>
<token t_id="163" sentence="9" number="1">are</token>
<token t_id="164" sentence="9" number="2">reports</token>
<token t_id="165" sentence="9" number="3">about</token>
<token t_id="166" sentence="9" number="4">fire</token>
<token t_id="167" sentence="9" number="5">at</token>
<token t_id="168" sentence="9" number="6">Finance</token>
<token t_id="169" sentence="9" number="7">Ministry</token>
<token t_id="170" sentence="9" number="8">-</token>
<token t_id="171" sentence="9" number="9">depts</token>
<token t_id="172" sentence="9" number="10">,</token>
<token t_id="173" sentence="9" number="11">burnt</token>
<token t_id="174" sentence="9" number="12">cars</token>
<token t_id="175" sentence="9" number="13">&amp;</token>
<token t_id="176" sentence="9" number="14">shops</token>
<token t_id="177" sentence="9" number="15">,</token>
<token t_id="178" sentence="9" number="16">smashed</token>
<token t_id="179" sentence="9" number="17">windows</token>
<token t_id="180" sentence="9" number="18">.</token>
<token t_id="181" sentence="10" number="0">The</token>
<token t_id="182" sentence="10" number="1">van</token>
<token t_id="183" sentence="10" number="2">of</token>
<token t_id="184" sentence="10" number="3">turkish</token>
<token t_id="185" sentence="10" number="4">NTV</token>
<token t_id="186" sentence="10" number="5">private</token>
<token t_id="187" sentence="10" number="6">channel</token>
<token t_id="188" sentence="10" number="7">was</token>
<token t_id="189" sentence="10" number="8">also</token>
<token t_id="190" sentence="10" number="9">set</token>
<token t_id="191" sentence="10" number="10">on</token>
<token t_id="192" sentence="10" number="11">fire</token>
<token t_id="193" sentence="10" number="12">.</token>
<token t_id="194" sentence="11" number="0">Clashes</token>
<token t_id="195" sentence="11" number="1">between</token>
<token t_id="196" sentence="11" number="2">demonstrators</token>
<token t_id="197" sentence="11" number="3">and</token>
<token t_id="198" sentence="11" number="4">plice</token>
<token t_id="199" sentence="11" number="5">are</token>
<token t_id="200" sentence="11" number="6">continueing</token>
<token t_id="201" sentence="11" number="7">.</token>
<token t_id="202" sentence="12" number="0">So</token>
<token t_id="203" sentence="12" number="1">far</token>
<token t_id="204" sentence="12" number="2">no</token>
<token t_id="205" sentence="12" number="3">information</token>
<token t_id="206" sentence="12" number="4">about</token>
<token t_id="207" sentence="12" number="5">injured</token>
<token t_id="208" sentence="12" number="6">peple</token>
<token t_id="209" sentence="12" number="7">or</token>
<token t_id="210" sentence="12" number="8">arrests</token>
<token t_id="211" sentence="12" number="9">.</token>
<token t_id="212" sentence="13" number="0">Information</token>
<token t_id="213" sentence="13" number="1">flow</token>
<token t_id="214" sentence="13" number="2">is</token>
<token t_id="215" sentence="13" number="3">hindered</token>
<token t_id="216" sentence="13" number="4">today</token>
<token t_id="217" sentence="13" number="5">since</token>
<token t_id="218" sentence="13" number="6">Greek</token>
<token t_id="219" sentence="13" number="7">Media</token>
<token t_id="220" sentence="13" number="8">are</token>
<token t_id="221" sentence="13" number="9">also</token>
<token t_id="222" sentence="13" number="10">taking</token>
<token t_id="223" sentence="13" number="11">part</token>
<token t_id="224" sentence="13" number="12">to</token>
<token t_id="225" sentence="13" number="13">the</token>
<token t_id="226" sentence="13" number="14">general</token>
<token t_id="227" sentence="13" number="15">strike</token>
<token t_id="228" sentence="13" number="16">.</token>
<token t_id="229" sentence="14" number="0">Tens</token>
<token t_id="230" sentence="14" number="1">of</token>
<token t_id="231" sentence="14" number="2">thousands</token>
<token t_id="232" sentence="14" number="3">angry</token>
<token t_id="233" sentence="14" number="4">Greeks</token>
<token t_id="234" sentence="14" number="5">demonstrate</token>
<token t_id="235" sentence="14" number="6">in</token>
<token t_id="236" sentence="14" number="7">Athens</token>
<token t_id="237" sentence="14" number="8">protesting</token>
<token t_id="238" sentence="14" number="9">the</token>
<token t_id="239" sentence="14" number="10">harsh</token>
<token t_id="240" sentence="14" number="11">austerity</token>
<token t_id="241" sentence="14" number="12">measures</token>
<token t_id="242" sentence="14" number="13">and</token>
<token t_id="243" sentence="14" number="14">severe</token>
<token t_id="244" sentence="14" number="15">cuts</token>
<token t_id="245" sentence="14" number="16">on</token>
<token t_id="246" sentence="14" number="17">salaries</token>
<token t_id="247" sentence="14" number="18">and</token>
<token t_id="248" sentence="14" number="19">pensions</token>
<token t_id="249" sentence="14" number="20">as</token>
<token t_id="250" sentence="14" number="21">well</token>
<token t_id="251" sentence="14" number="22">price</token>
<token t_id="252" sentence="14" number="23">increases</token>
<token t_id="253" sentence="14" number="24">in</token>
<token t_id="254" sentence="14" number="25">electricity</token>
<token t_id="255" sentence="14" number="26">and</token>
<token t_id="256" sentence="14" number="27">extra</token>
<token t_id="257" sentence="14" number="28">taxes</token>
<token t_id="258" sentence="14" number="29">.</token>
<token t_id="259" sentence="15" number="0">The</token>
<token t_id="260" sentence="15" number="1">slogans</token>
<token t_id="261" sentence="15" number="2">are</token>
<token t_id="262" sentence="15" number="3">against</token>
<token t_id="263" sentence="15" number="4">the</token>
<token t_id="264" sentence="15" number="5">politicians</token>
<token t_id="265" sentence="15" number="6">,</token>
<token t_id="266" sentence="15" number="7">the</token>
<token t_id="267" sentence="15" number="8">police</token>
<token t_id="268" sentence="15" number="9">and</token>
<token t_id="269" sentence="15" number="10">the</token>
<token t_id="270" sentence="15" number="11">journalists</token>
<token t_id="271" sentence="15" number="12">.</token>
<token t_id="272" sentence="16" number="0">People</token>
<token t_id="273" sentence="16" number="1">demand</token>
<token t_id="274" sentence="16" number="2">"Give</token>
<token t_id="275" sentence="16" number="3">the</token>
<token t_id="276" sentence="16" number="4">Stolen</token>
<token t_id="277" sentence="16" number="5">Money</token>
<token t_id="278" sentence="16" number="6">Back"</token>
<token t_id="279" sentence="16" number="7">.</token>
<token t_id="280" sentence="17" number="0">People</token>
<token t_id="281" sentence="17" number="1">demand</token>
<token t_id="282" sentence="17" number="2">property</token>
<token t_id="283" sentence="17" number="3">confiscation</token>
<token t_id="284" sentence="17" number="4">of</token>
<token t_id="285" sentence="17" number="5">corrupt</token>
<token t_id="286" sentence="17" number="6">politicians</token>
<token t_id="287" sentence="17" number="7">and</token>
<token t_id="288" sentence="17" number="8">that</token>
<token t_id="289" sentence="17" number="9">those</token>
<token t_id="290" sentence="17" number="10">respomsible</token>
<token t_id="291" sentence="17" number="11">for</token>
<token t_id="292" sentence="17" number="12">the</token>
<token t_id="293" sentence="17" number="13">economic</token>
<token t_id="294" sentence="17" number="14">crisis</token>
<token t_id="295" sentence="17" number="15">should</token>
<token t_id="296" sentence="17" number="16">go</token>
<token t_id="297" sentence="17" number="17">to</token>
<token t_id="298" sentence="17" number="18">jail</token>
<token t_id="299" sentence="17" number="19">.</token>
<token t_id="300" sentence="18" number="0">The</token>
<token t_id="301" sentence="18" number="1">Greek</token>
<token t_id="302" sentence="18" number="2">government</token>
<token t_id="303" sentence="18" number="3">announced</token>
<token t_id="304" sentence="18" number="4">Sunday</token>
<token t_id="305" sentence="18" number="5">drastic</token>
<token t_id="306" sentence="18" number="6">public</token>
<token t_id="307" sentence="18" number="7">spending</token>
<token t_id="308" sentence="18" number="8">cuts</token>
<token t_id="309" sentence="18" number="9">in</token>
<token t_id="310" sentence="18" number="10">order</token>
<token t_id="311" sentence="18" number="11">to</token>
<token t_id="312" sentence="18" number="12">get</token>
<token t_id="313" sentence="18" number="13">bailout</token>
<token t_id="314" sentence="18" number="14">loans</token>
<token t_id="315" sentence="18" number="15">of</token>
<token t_id="316" sentence="18" number="16">110</token>
<token t_id="317" sentence="18" number="17">b</token>
<token t_id="318" sentence="18" number="18">.</token>
<token t_id="319" sentence="18" number="19">Euro</token>
<token t_id="320" sentence="18" number="20">from</token>
<token t_id="321" sentence="18" number="21">EU</token>
<token t_id="322" sentence="18" number="22">&amp;</token>
<token t_id="323" sentence="18" number="23">IMF</token>
<token t_id="324" sentence="18" number="24">.</token>


<Markables>
<ACTION_ASPECTUAL m_id="1" comment=""  >
<token_anchor t_id="80"/>
</ACTION_ASPECTUAL>
<ACTION_OCCURRENCE m_id="2" climaxEvent="FALSE" comment=""  >
<token_anchor t_id="79"/>
</ACTION_OCCURRENCE>
<ACTION_OCCURRENCE m_id="3" climaxEvent="FALSE" comment=""  >
<token_anchor t_id="83"/>
</ACTION_OCCURRENCE>
<ACTION_OCCURRENCE m_id="4" climaxEvent="FALSE" comment=""  >
<token_anchor t_id="102"/>
</ACTION_OCCURRENCE>
<ACTION_OCCURRENCE m_id="5" climaxEvent="FALSE" comment=""  >
<token_anchor t_id="108"/>
</ACTION_OCCURRENCE>
<ACTION_OCCURRENCE m_id="6" climaxEvent="FALSE" comment=""  >
<token_anchor t_id="117"/>
</ACTION_OCCURRENCE>
<ACTION_OCCURRENCE m_id="7" climaxEvent="FALSE" comment=""  >
<token_anchor t_id="119"/>
</ACTION_OCCURRENCE>
<ACTION_OCCURRENCE m_id="8" climaxEvent="FALSE" comment=""  >
<token_anchor t_id="121"/>
</ACTION_OCCURRENCE>
<ACTION_OCCURRENCE m_id="9" climaxEvent="FALSE" comment=""  >
<token_anchor t_id="122"/>
<token_anchor t_id="123"/>
</ACTION_OCCURRENCE>
<ACTION_OCCURRENCE m_id="10" climaxEvent="TRUE" comment=""  >
<token_anchor t_id="59"/>
</ACTION_OCCURRENCE>
<ACTION_OCCURRENCE m_id="11" climaxEvent="FALSE" comment=""  >
<token_anchor t_id="62"/>
</ACTION_OCCURRENCE>
<ACTION_OCCURRENCE m_id="12" climaxEvent="FALSE" comment=""  >
<token_anchor t_id="64"/>
<token_anchor t_id="65"/>
</ACTION_OCCURRENCE>
<ACTION_REPORTING m_id="13" comment=""  >
<token_anchor t_id="95"/>
</ACTION_REPORTING>
<ACTION_STATE m_id="14" climaxEvent="FALSE" comment=""  >
<token_anchor t_id="41"/>
</ACTION_STATE>
<HUMAN_PART_ORG m_id="15"  >
<token_anchor t_id="51"/>
</HUMAN_PART_ORG>
<HUMAN_PART_ORG m_id="16"  >
<token_anchor t_id="53"/>
<token_anchor t_id="54"/>
<token_anchor t_id="55"/>
</HUMAN_PART_ORG>
<HUMAN_PART_PER m_id="17" comment=""  >
<token_anchor t_id="82"/>
</HUMAN_PART_PER>
<HUMAN_PART_PER m_id="18" comment=""  >
<token_anchor t_id="92"/>
<token_anchor t_id="93"/>
<token_anchor t_id="94"/>
</HUMAN_PART_PER>
<HUMAN_PART_PER m_id="19" comment=""  >
<token_anchor t_id="100"/>
</HUMAN_PART_PER>
<HUMAN_PART_PER m_id="20" comment=""  >
<token_anchor t_id="40"/>
</HUMAN_PART_PER>
<HUMAN_PART_PER m_id="21" comment=""  >
<token_anchor t_id="57"/>
</HUMAN_PART_PER>
<LOC_FAC m_id="22"  >
<token_anchor t_id="67"/>
<token_anchor t_id="68"/>
<token_anchor t_id="69"/>
<token_anchor t_id="70"/>
<token_anchor t_id="71"/>
<token_anchor t_id="72"/>
<token_anchor t_id="73"/>
<token_anchor t_id="74"/>
<token_anchor t_id="75"/>
<token_anchor t_id="76"/>
</LOC_FAC>
<LOC_FAC m_id="23"  >
<token_anchor t_id="90"/>
</LOC_FAC>
<LOC_FAC m_id="24"  >
<token_anchor t_id="111"/>
</LOC_FAC>
<LOC_FAC m_id="25"  >
<token_anchor t_id="124"/>
<token_anchor t_id="125"/>
<token_anchor t_id="126"/>
</LOC_FAC>
<LOC_FAC m_id="26"  >
<token_anchor t_id="47"/>
</LOC_FAC>
<NON_HUMAN_PART m_id="27" comment=""  >
<token_anchor t_id="87"/>
</NON_HUMAN_PART>
<NON_HUMAN_PART m_id="28" comment=""  >
<token_anchor t_id="44"/>
<token_anchor t_id="45"/>
</NON_HUMAN_PART>


<HUMAN_PART_PER m_id="29" RELATED_TO="" TAG_DESCRIPTOR="t8_bank_workers" comment="" />
<HUMAN_PART_PER m_id="30" RELATED_TO="" TAG_DESCRIPTOR="t8_demonstrators" comment="" />
<ACTION_STATE m_id="31" RELATED_TO="" TAG_DESCRIPTOR="t8_dead" climaxEvent="FALSE" comment="" />
<ACTION_OCCURRENCE m_id="32" RELATED_TO="" TAG_DESCRIPTOR="t8_threw_fire_bomb" climaxEvent="FALSE" comment="" />
<ACTION_OCCURRENCE m_id="33" RELATED_TO="" TAG_DESCRIPTOR="t8_fire_bank" climaxEvent="FALSE" comment="" />
<LOC_FAC m_id="34" RELATED_TO="" TAG_DESCRIPTOR="t8_bank" />
<NON_HUMAN_PART m_id="35" RELATED_TO="" TAG_DESCRIPTOR="t8_bomb" comment="" />
<ACTION_OCCURRENCE m_id="36" RELATED_TO="" TAG_DESCRIPTOR="t8_bank_workers_died" climaxEvent="FALSE" comment="" />
<TIME_DATE m_id="37" RELATED_TO="" TAG_DESCRIPTOR="t_2010-05-05" comment="" DCT="TRUE" value="2010-05-05" anchorTimeID="" />
</Markables>

<Relations>
<TLINK r_id="241614" contextualModality="" relType="CONTAINS" comment="" >
<source m_id="37" />
<target m_id="10" />
</TLINK>
<TLINK r_id="241615" contextualModality="" relType="CONTAINS" comment="" >
<source m_id="37" />
<target m_id="11" />
</TLINK>
<TLINK r_id="241616" contextualModality="" relType="CONTAINS" comment="" >
<source m_id="37" />
<target m_id="12" />
</TLINK>
<TLINK r_id="241617" contextualModality="" relType="CONTAINS" comment="" >
<source m_id="37" />
<target m_id="2" />
</TLINK>
<TLINK r_id="241618" contextualModality="" relType="CONTAINS" comment="" >
<source m_id="37" />
<target m_id="3" />
</TLINK>
<TLINK r_id="241619" contextualModality="" relType="CONTAINS" comment="" >
<source m_id="37" />
<target m_id="4" />
</TLINK>
<TLINK r_id="241620" contextualModality="" relType="CONTAINS" comment="" >
<source m_id="37" />
<target m_id="5" />
</TLINK>
<TLINK r_id="241621" contextualModality="" relType="CONTAINS" comment="" >
<source m_id="37" />
<target m_id="7" />
</TLINK>
<TLINK r_id="241622" contextualModality="" relType="CONTAINS" comment="" >
<source m_id="37" />
<target m_id="8" />
</TLINK>
<TLINK r_id="241623" contextualModality="" relType="CONTAINS" comment="" >
<source m_id="37" />
<target m_id="14" />
</TLINK>
<PLOT_LINK r_id="241624" SIGNAL="" relType="FALLING_ACTION" CAUSES="FALSE" CAUSED_BY="FALSE" >
<source m_id="14" />
<target m_id="11" />
</PLOT_LINK>
<PLOT_LINK r_id="241625" SIGNAL="" relType="FALLING_ACTION" CAUSES="FALSE" CAUSED_BY="FALSE" >
<source m_id="10" />
<target m_id="11" />
</PLOT_LINK>
<PLOT_LINK r_id="241626" SIGNAL="1" relType="FALLING_ACTION" CAUSES="FALSE" CAUSED_BY="TRUE" >
<source m_id="2" />
<target m_id="3" />
</PLOT_LINK>
<PLOT_LINK r_id="241627" SIGNAL="" relType="FALLING_ACTION" CAUSES="FALSE" CAUSED_BY="FALSE" >
<source m_id="11" />
<target m_id="3" />
</PLOT_LINK>
<PLOT_LINK r_id="241628" SIGNAL="" relType="PRECONDITION" CAUSES="FALSE" CAUSED_BY="FALSE" >
<source m_id="11" />
<target m_id="4" />
</PLOT_LINK>
<PLOT_LINK r_id="241629" SIGNAL="" relType="PRECONDITION" CAUSES="FALSE" CAUSED_BY="FALSE" >
<source m_id="2" />
<target m_id="4" />
</PLOT_LINK>
<PLOT_LINK r_id="241630" SIGNAL="" relType="FALLING_ACTION" CAUSES="FALSE" CAUSED_BY="FALSE" >
<source m_id="5" />
<target m_id="7" />
</PLOT_LINK>
<PLOT_LINK r_id="241631" SIGNAL="" relType="FALLING_ACTION" CAUSES="FALSE" CAUSED_BY="FALSE" >
<source m_id="7" />
<target m_id="8" />
</PLOT_LINK>
<PLOT_LINK r_id="241632" SIGNAL="" relType="PRECONDITION" CAUSES="FALSE" CAUSED_BY="FALSE" >
<source m_id="11" />
<target m_id="7" />
</PLOT_LINK>
</Relations>
</Document>
