<Document doc_name="8_1ecbplus.xml">
<token t_id="1" sentence="0" number="0">http</token>
<token t_id="2" sentence="0" number="1">:</token>
<token t_id="3" sentence="0" number="2">/</token>
<token t_id="4" sentence="0" number="3">/</token>
<token t_id="5" sentence="0" number="4">www</token>
<token t_id="6" sentence="0" number="5">.</token>
<token t_id="7" sentence="0" number="6">thenational</token>
<token t_id="8" sentence="0" number="7">.</token>
<token t_id="9" sentence="0" number="8">ae</token>
<token t_id="10" sentence="0" number="9">/</token>
<token t_id="11" sentence="0" number="10">news</token>
<token t_id="12" sentence="0" number="11">/</token>
<token t_id="13" sentence="0" number="12">world</token>
<token t_id="14" sentence="0" number="13">/</token>
<token t_id="15" sentence="0" number="14">europe</token>
<token t_id="16" sentence="0" number="15">/</token>
<token t_id="17" sentence="0" number="16">three</token>
<token t_id="18" sentence="0" number="17">-</token>
<token t_id="19" sentence="0" number="18">killed</token>
<token t_id="20" sentence="0" number="19">-</token>
<token t_id="21" sentence="0" number="20">as</token>
<token t_id="22" sentence="0" number="21">-</token>
<token t_id="23" sentence="0" number="22">rioters</token>
<token t_id="24" sentence="0" number="23">-</token>
<token t_id="25" sentence="0" number="24">bomb</token>
<token t_id="26" sentence="0" number="25">-</token>
<token t_id="27" sentence="0" number="26">greek</token>
<token t_id="28" sentence="0" number="27">-</token>
<token t_id="29" sentence="0" number="28">bank</token>
<token t_id="30" sentence="1" number="0">Three</token>
<token t_id="31" sentence="1" number="1">killed</token>
<token t_id="32" sentence="1" number="2">as</token>
<token t_id="33" sentence="1" number="3">rioters</token>
<token t_id="34" sentence="1" number="4">bomb</token>
<token t_id="35" sentence="1" number="5">Greek</token>
<token t_id="36" sentence="1" number="6">bank</token>
<token t_id="37" sentence="2" number="0">May</token>
<token t_id="38" sentence="2" number="1">5</token>
<token t_id="39" sentence="2" number="2">,</token>
<token t_id="40" sentence="2" number="3">2010</token>
<token t_id="41" sentence="3" number="0">A</token>
<token t_id="42" sentence="3" number="1">firebomb</token>
<token t_id="43" sentence="3" number="2">attack</token>
<token t_id="44" sentence="3" number="3">on</token>
<token t_id="45" sentence="3" number="4">a</token>
<token t_id="46" sentence="3" number="5">bank</token>
<token t_id="47" sentence="3" number="6">in</token>
<token t_id="48" sentence="3" number="7">Greece</token>
<token t_id="49" sentence="3" number="8">killed</token>
<token t_id="50" sentence="3" number="9">at</token>
<token t_id="51" sentence="3" number="10">least</token>
<token t_id="52" sentence="3" number="11">three</token>
<token t_id="53" sentence="3" number="12">people</token>
<token t_id="54" sentence="3" number="13">today</token>
<token t_id="55" sentence="3" number="14">as</token>
<token t_id="56" sentence="3" number="15">police</token>
<token t_id="57" sentence="3" number="16">fought</token>
<token t_id="58" sentence="3" number="17">pitched</token>
<token t_id="59" sentence="3" number="18">battles</token>
<token t_id="60" sentence="3" number="19">with</token>
<token t_id="61" sentence="3" number="20">striking</token>
<token t_id="62" sentence="3" number="21">protesters</token>
<token t_id="63" sentence="3" number="22">furious</token>
<token t_id="64" sentence="3" number="23">at</token>
<token t_id="65" sentence="3" number="24">brutal</token>
<token t_id="66" sentence="3" number="25">budget</token>
<token t_id="67" sentence="3" number="26">cuts</token>
<token t_id="68" sentence="3" number="27">designed</token>
<token t_id="69" sentence="3" number="28">to</token>
<token t_id="70" sentence="3" number="29">avoid</token>
<token t_id="71" sentence="3" number="30">national</token>
<token t_id="72" sentence="3" number="31">bankruptcy</token>
<token t_id="73" sentence="3" number="32">.</token>
<token t_id="74" sentence="4" number="0">Hooded</token>
<token t_id="75" sentence="4" number="1">youths</token>
<token t_id="76" sentence="4" number="2">hurled</token>
<token t_id="77" sentence="4" number="3">petrol</token>
<token t_id="78" sentence="4" number="4">bombs</token>
<token t_id="79" sentence="4" number="5">at</token>
<token t_id="80" sentence="4" number="6">stores</token>
<token t_id="81" sentence="4" number="7">and</token>
<token t_id="82" sentence="4" number="8">businesses</token>
<token t_id="83" sentence="4" number="9">in</token>
<token t_id="84" sentence="4" number="10">the</token>
<token t_id="85" sentence="4" number="11">centre</token>
<token t_id="86" sentence="4" number="12">of</token>
<token t_id="87" sentence="4" number="13">the</token>
<token t_id="88" sentence="4" number="14">capital</token>
<token t_id="89" sentence="4" number="15">,</token>
<token t_id="90" sentence="4" number="16">Athens</token>
<token t_id="91" sentence="4" number="17">,</token>
<token t_id="92" sentence="4" number="18">and</token>
<token t_id="93" sentence="4" number="19">demonstrators</token>
<token t_id="94" sentence="4" number="20">tried</token>
<token t_id="95" sentence="4" number="21">to</token>
<token t_id="96" sentence="4" number="22">storm</token>
<token t_id="97" sentence="4" number="23">parliament</token>
<token t_id="98" sentence="4" number="24">during</token>
<token t_id="99" sentence="4" number="25">the</token>
<token t_id="100" sentence="4" number="26">general</token>
<token t_id="101" sentence="4" number="27">strike</token>
<token t_id="102" sentence="4" number="28">,</token>
<token t_id="103" sentence="4" number="29">as</token>
<token t_id="104" sentence="4" number="30">the</token>
<token t_id="105" sentence="4" number="31">rioting</token>
<token t_id="106" sentence="4" number="32">spread</token>
<token t_id="107" sentence="4" number="33">to</token>
<token t_id="108" sentence="4" number="34">the</token>
<token t_id="109" sentence="4" number="35">northern</token>
<token t_id="110" sentence="4" number="36">city</token>
<token t_id="111" sentence="4" number="37">of</token>
<token t_id="112" sentence="4" number="38">Thessaloniki</token>
<token t_id="113" sentence="4" number="39">.</token>
<token t_id="114" sentence="5" number="0">Police</token>
<token t_id="115" sentence="5" number="1">said</token>
<token t_id="116" sentence="5" number="2">two</token>
<token t_id="117" sentence="5" number="3">women</token>
<token t_id="118" sentence="5" number="4">and</token>
<token t_id="119" sentence="5" number="5">one</token>
<token t_id="120" sentence="5" number="6">man</token>
<token t_id="121" sentence="5" number="7">died</token>
<token t_id="122" sentence="5" number="8">at</token>
<token t_id="123" sentence="5" number="9">a</token>
<token t_id="124" sentence="5" number="10">branch</token>
<token t_id="125" sentence="5" number="11">of</token>
<token t_id="126" sentence="5" number="12">the</token>
<token t_id="127" sentence="5" number="13">Marfin</token>
<token t_id="128" sentence="5" number="14">bank</token>
<token t_id="129" sentence="5" number="15">which</token>
<token t_id="130" sentence="5" number="16">caught</token>
<token t_id="131" sentence="5" number="17">fire</token>
<token t_id="132" sentence="5" number="18">after</token>
<token t_id="133" sentence="5" number="19">hooded</token>
<token t_id="134" sentence="5" number="20">youths</token>
<token t_id="135" sentence="5" number="21">broke</token>
<token t_id="136" sentence="5" number="22">a</token>
<token t_id="137" sentence="5" number="23">window</token>
<token t_id="138" sentence="5" number="24">and</token>
<token t_id="139" sentence="5" number="25">hurled</token>
<token t_id="140" sentence="5" number="26">petrol</token>
<token t_id="141" sentence="5" number="27">bombs</token>
<token t_id="142" sentence="5" number="28">inside</token>
<token t_id="143" sentence="5" number="29">.</token>
<token t_id="144" sentence="6" number="0">Around</token>
<token t_id="145" sentence="6" number="1">20</token>
<token t_id="146" sentence="6" number="2">more</token>
<token t_id="147" sentence="6" number="3">people</token>
<token t_id="148" sentence="6" number="4">had</token>
<token t_id="149" sentence="6" number="5">to</token>
<token t_id="150" sentence="6" number="6">be</token>
<token t_id="151" sentence="6" number="7">ushered</token>
<token t_id="152" sentence="6" number="8">to</token>
<token t_id="153" sentence="6" number="9">safety</token>
<token t_id="154" sentence="6" number="10">.</token>
<token t_id="155" sentence="7" number="0">At</token>
<token t_id="156" sentence="7" number="1">least</token>
<token t_id="157" sentence="7" number="2">two</token>
<token t_id="158" sentence="7" number="3">other</token>
<token t_id="159" sentence="7" number="4">buildings</token>
<token t_id="160" sentence="7" number="5">,</token>
<token t_id="161" sentence="7" number="6">one</token>
<token t_id="162" sentence="7" number="7">used</token>
<token t_id="163" sentence="7" number="8">by</token>
<token t_id="164" sentence="7" number="9">tax</token>
<token t_id="165" sentence="7" number="10">officials</token>
<token t_id="166" sentence="7" number="11">,</token>
<token t_id="167" sentence="7" number="12">caught</token>
<token t_id="168" sentence="7" number="13">fire</token>
<token t_id="169" sentence="7" number="14">in</token>
<token t_id="170" sentence="7" number="15">other</token>
<token t_id="171" sentence="7" number="16">firebomb</token>
<token t_id="172" sentence="7" number="17">attacks</token>
<token t_id="173" sentence="7" number="18">on</token>
<token t_id="174" sentence="7" number="19">the</token>
<token t_id="175" sentence="7" number="20">margins</token>
<token t_id="176" sentence="7" number="21">of</token>
<token t_id="177" sentence="7" number="22">the</token>
<token t_id="178" sentence="7" number="23">protests</token>
<token t_id="179" sentence="7" number="24">.</token>
<token t_id="180" sentence="8" number="0">Athens</token>
<token t_id="181" sentence="8" number="1">underground</token>
<token t_id="182" sentence="8" number="2">stations</token>
<token t_id="183" sentence="8" number="3">were</token>
<token t_id="184" sentence="8" number="4">shut</token>
<token t_id="185" sentence="8" number="5">and</token>
<token t_id="186" sentence="8" number="6">the</token>
<token t_id="187" sentence="8" number="7">international</token>
<token t_id="188" sentence="8" number="8">airport</token>
<token t_id="189" sentence="8" number="9">deserted</token>
<token t_id="190" sentence="8" number="10">as</token>
<token t_id="191" sentence="8" number="11">tens</token>
<token t_id="192" sentence="8" number="12">of</token>
<token t_id="193" sentence="8" number="13">thousands</token>
<token t_id="194" sentence="8" number="14">of</token>
<token t_id="195" sentence="8" number="15">union</token>
<token t_id="196" sentence="8" number="16">members</token>
<token t_id="197" sentence="8" number="17">rallied</token>
<token t_id="198" sentence="8" number="18">on</token>
<token t_id="199" sentence="8" number="19">the</token>
<token t_id="200" sentence="8" number="20">eve</token>
<token t_id="201" sentence="8" number="21">of</token>
<token t_id="202" sentence="8" number="22">a</token>
<token t_id="203" sentence="8" number="23">vote</token>
<token t_id="204" sentence="8" number="24">in</token>
<token t_id="205" sentence="8" number="25">parliament</token>
<token t_id="206" sentence="8" number="26">on</token>
<token t_id="207" sentence="8" number="27">the</token>
<token t_id="208" sentence="8" number="28">planned</token>
<token t_id="209" sentence="8" number="29">cuts</token>
<token t_id="210" sentence="8" number="30">and</token>
<token t_id="211" sentence="8" number="31">tax</token>
<token t_id="212" sentence="8" number="32">rises</token>
<token t_id="213" sentence="8" number="33">.</token>
<token t_id="214" sentence="9" number="0">The</token>
<token t_id="215" sentence="9" number="1">general</token>
<token t_id="216" sentence="9" number="2">strike</token>
<token t_id="217" sentence="9" number="3">was</token>
<token t_id="218" sentence="9" number="4">the</token>
<token t_id="219" sentence="9" number="5">first</token>
<token t_id="220" sentence="9" number="6">major</token>
<token t_id="221" sentence="9" number="7">test</token>
<token t_id="222" sentence="9" number="8">of</token>
<token t_id="223" sentence="9" number="9">the</token>
<token t_id="224" sentence="9" number="10">Socialist</token>
<token t_id="225" sentence="9" number="11">government's</token>
<token t_id="226" sentence="9" number="12">resolve</token>
<token t_id="227" sentence="9" number="13">to</token>
<token t_id="228" sentence="9" number="14">push</token>
<token t_id="229" sentence="9" number="15">through</token>
<token t_id="230" sentence="9" number="16">unprecedented</token>
<token t_id="231" sentence="9" number="17">measures</token>
<token t_id="232" sentence="9" number="18">since</token>
<token t_id="233" sentence="9" number="19">agreeing</token>
<token t_id="234" sentence="9" number="20">an</token>
<token t_id="235" sentence="9" number="21">?</token>
<token t_id="236" sentence="9" number="22">110</token>
<token t_id="237" sentence="9" number="23">billion</token>
<token t_id="238" sentence="9" number="24">(</token>
<token t_id="239" sentence="9" number="25">Dh472</token>
<token t_id="240" sentence="9" number="26">.</token>
<token t_id="241" sentence="9" number="27">72bn</token>
<token t_id="242" sentence="9" number="28">)</token>
<token t_id="243" sentence="9" number="29">debt</token>
<token t_id="244" sentence="9" number="30">bailout</token>
<token t_id="245" sentence="9" number="31">from</token>
<token t_id="246" sentence="9" number="32">the</token>
<token t_id="247" sentence="9" number="33">EU</token>
<token t_id="248" sentence="9" number="34">and</token>
<token t_id="249" sentence="9" number="35">the</token>
<token t_id="250" sentence="9" number="36">International</token>
<token t_id="251" sentence="9" number="37">Monetary</token>
<token t_id="252" sentence="9" number="38">Fund</token>
<token t_id="253" sentence="9" number="39">at</token>
<token t_id="254" sentence="9" number="40">the</token>
<token t_id="255" sentence="9" number="41">weekend</token>
<token t_id="256" sentence="9" number="42">.</token>
<token t_id="257" sentence="10" number="0">Prime</token>
<token t_id="258" sentence="10" number="1">minister</token>
<token t_id="259" sentence="10" number="2">George</token>
<token t_id="260" sentence="10" number="3">Papandreou's</token>
<token t_id="261" sentence="10" number="4">insistence</token>
<token t_id="262" sentence="10" number="5">that</token>
<token t_id="263" sentence="10" number="6">the</token>
<token t_id="264" sentence="10" number="7">measures</token>
<token t_id="265" sentence="10" number="8">are</token>
<token t_id="266" sentence="10" number="9">vital</token>
<token t_id="267" sentence="10" number="10">for</token>
<token t_id="268" sentence="10" number="11">the</token>
<token t_id="269" sentence="10" number="12">nation's</token>
<token t_id="270" sentence="10" number="13">survival</token>
<token t_id="271" sentence="10" number="14">failed</token>
<token t_id="272" sentence="10" number="15">to</token>
<token t_id="273" sentence="10" number="16">dissuade</token>
<token t_id="274" sentence="10" number="17">unions</token>
<token t_id="275" sentence="10" number="18">from</token>
<token t_id="276" sentence="10" number="19">paralysing</token>
<token t_id="277" sentence="10" number="20">public</token>
<token t_id="278" sentence="10" number="21">transport</token>
<token t_id="279" sentence="10" number="22">and</token>
<token t_id="280" sentence="10" number="23">preventing</token>
<token t_id="281" sentence="10" number="24">ferries</token>
<token t_id="282" sentence="10" number="25">from</token>
<token t_id="283" sentence="10" number="26">leaving</token>
<token t_id="284" sentence="10" number="27">docks</token>
<token t_id="285" sentence="10" number="28">.</token>
<token t_id="286" sentence="11" number="0">After</token>
<token t_id="287" sentence="11" number="1">rallying</token>
<token t_id="288" sentence="11" number="2">in</token>
<token t_id="289" sentence="11" number="3">two</token>
<token t_id="290" sentence="11" number="4">separate</token>
<token t_id="291" sentence="11" number="5">demonstrations</token>
<token t_id="292" sentence="11" number="6">in</token>
<token t_id="293" sentence="11" number="7">central</token>
<token t_id="294" sentence="11" number="8">Athens</token>
<token t_id="295" sentence="11" number="9">,</token>
<token t_id="296" sentence="11" number="10">members</token>
<token t_id="297" sentence="11" number="11">of</token>
<token t_id="298" sentence="11" number="12">the</token>
<token t_id="299" sentence="11" number="13">main</token>
<token t_id="300" sentence="11" number="14">unions</token>
<token t_id="301" sentence="11" number="15">began</token>
<token t_id="302" sentence="11" number="16">converging</token>
<token t_id="303" sentence="11" number="17">on</token>
<token t_id="304" sentence="11" number="18">parliament</token>
<token t_id="305" sentence="11" number="19">,</token>
<token t_id="306" sentence="11" number="20">where</token>
<token t_id="307" sentence="11" number="21">the</token>
<token t_id="308" sentence="11" number="22">government</token>
<token t_id="309" sentence="11" number="23">was</token>
<token t_id="310" sentence="11" number="24">preparing</token>
<token t_id="311" sentence="11" number="25">for</token>
<token t_id="312" sentence="11" number="26">the</token>
<token t_id="313" sentence="11" number="27">measures</token>
<token t_id="314" sentence="11" number="28">to</token>
<token t_id="315" sentence="11" number="29">be</token>
<token t_id="316" sentence="11" number="30">voted</token>
<token t_id="317" sentence="11" number="31">on</token>
<token t_id="318" sentence="11" number="32">Thursday</token>
<token t_id="319" sentence="11" number="33">.</token>
<token t_id="320" sentence="12" number="0">"They're</token>
<token t_id="321" sentence="12" number="1">taking</token>
<token t_id="322" sentence="12" number="2">everything</token>
<token t_id="323" sentence="12" number="3">from</token>
<token t_id="324" sentence="12" number="4">me</token>
<token t_id="325" sentence="12" number="5">,</token>
<token t_id="326" sentence="12" number="6">I</token>
<token t_id="327" sentence="12" number="7">don't</token>
<token t_id="328" sentence="12" number="8">know</token>
<token t_id="329" sentence="12" number="9">how</token>
<token t_id="330" sentence="12" number="10">I'm</token>
<token t_id="331" sentence="12" number="11">going</token>
<token t_id="332" sentence="12" number="12">to</token>
<token t_id="333" sentence="12" number="13">get</token>
<token t_id="334" sentence="12" number="14">by</token>
<token t_id="335" sentence="12" number="15">,</token>
<token t_id="336" sentence="12" number="16">"</token>
<token t_id="337" sentence="12" number="17">said</token>
<token t_id="338" sentence="12" number="18">61</token>
<token t_id="339" sentence="12" number="19">-</token>
<token t_id="340" sentence="12" number="20">year</token>
<token t_id="341" sentence="12" number="21">-</token>
<token t_id="342" sentence="12" number="22">old</token>
<token t_id="343" sentence="12" number="23">Anargyros</token>
<token t_id="344" sentence="12" number="24">Bizianis</token>
<token t_id="345" sentence="12" number="25">,</token>
<token t_id="346" sentence="12" number="26">a</token>
<token t_id="347" sentence="12" number="27">municipal</token>
<token t_id="348" sentence="12" number="28">worker</token>
<token t_id="349" sentence="12" number="29">in</token>
<token t_id="350" sentence="12" number="30">the</token>
<token t_id="351" sentence="12" number="31">Athens</token>
<token t_id="352" sentence="12" number="32">suburb</token>
<token t_id="353" sentence="12" number="33">of</token>
<token t_id="354" sentence="12" number="34">Piraeus</token>
<token t_id="355" sentence="12" number="35">who</token>
<token t_id="356" sentence="12" number="36">earns</token>
<token t_id="357" sentence="12" number="37">?</token>
<token t_id="358" sentence="12" number="38">900</token>
<token t_id="359" sentence="12" number="39">(</token>
<token t_id="360" sentence="12" number="40">Dh4</token>
<token t_id="361" sentence="12" number="41">,</token>
<token t_id="362" sentence="12" number="42">275</token>
<token t_id="363" sentence="12" number="43">)</token>
<token t_id="364" sentence="12" number="44">a</token>
<token t_id="365" sentence="12" number="45">month</token>
<token t_id="366" sentence="12" number="46">.</token>
<token t_id="367" sentence="13" number="0">As</token>
<token t_id="368" sentence="13" number="1">the</token>
<token t_id="369" sentence="13" number="2">protesters</token>
<token t_id="370" sentence="13" number="3">tried</token>
<token t_id="371" sentence="13" number="4">to</token>
<token t_id="372" sentence="13" number="5">break</token>
<token t_id="373" sentence="13" number="6">through</token>
<token t_id="374" sentence="13" number="7">a</token>
<token t_id="375" sentence="13" number="8">police</token>
<token t_id="376" sentence="13" number="9">line</token>
<token t_id="377" sentence="13" number="10">in</token>
<token t_id="378" sentence="13" number="11">front</token>
<token t_id="379" sentence="13" number="12">of</token>
<token t_id="380" sentence="13" number="13">parliament</token>
<token t_id="381" sentence="13" number="14">,</token>
<token t_id="382" sentence="13" number="15">they</token>
<token t_id="383" sentence="13" number="16">first</token>
<token t_id="384" sentence="13" number="17">hurled</token>
<token t_id="385" sentence="13" number="18">stones</token>
<token t_id="386" sentence="13" number="19">and</token>
<token t_id="387" sentence="13" number="20">bottles</token>
<token t_id="388" sentence="13" number="21">of</token>
<token t_id="389" sentence="13" number="22">water</token>
<token t_id="390" sentence="13" number="23">,</token>
<token t_id="391" sentence="13" number="24">prompting</token>
<token t_id="392" sentence="13" number="25">the</token>
<token t_id="393" sentence="13" number="26">riot</token>
<token t_id="394" sentence="13" number="27">squad</token>
<token t_id="395" sentence="13" number="28">officers</token>
<token t_id="396" sentence="13" number="29">to</token>
<token t_id="397" sentence="13" number="30">fire</token>
<token t_id="398" sentence="13" number="31">back</token>
<token t_id="399" sentence="13" number="32">with</token>
<token t_id="400" sentence="13" number="33">tear</token>
<token t_id="401" sentence="13" number="34">gas</token>
<token t_id="402" sentence="13" number="35">.</token>
<token t_id="403" sentence="14" number="0">Full</token>
<token t_id="404" sentence="14" number="1">-</token>
<token t_id="405" sentence="14" number="2">scale</token>
<token t_id="406" sentence="14" number="3">clashes</token>
<token t_id="407" sentence="14" number="4">soon</token>
<token t_id="408" sentence="14" number="5">then</token>
<token t_id="409" sentence="14" number="6">erupted</token>
<token t_id="410" sentence="14" number="7">outside</token>
<token t_id="411" sentence="14" number="8">the</token>
<token t_id="412" sentence="14" number="9">building</token>
<token t_id="413" sentence="14" number="10">,</token>
<token t_id="414" sentence="14" number="11">with</token>
<token t_id="415" sentence="14" number="12">riot</token>
<token t_id="416" sentence="14" number="13">police</token>
<token t_id="417" sentence="14" number="14">trying</token>
<token t_id="418" sentence="14" number="15">to</token>
<token t_id="419" sentence="14" number="16">disperse</token>
<token t_id="420" sentence="14" number="17">the</token>
<token t_id="421" sentence="14" number="18">crowds</token>
<token t_id="422" sentence="14" number="19">with</token>
<token t_id="423" sentence="14" number="20">baton</token>
<token t_id="424" sentence="14" number="21">-</token>
<token t_id="425" sentence="14" number="22">charges</token>
<token t_id="426" sentence="14" number="23">.</token>
<token t_id="427" sentence="15" number="0">During</token>
<token t_id="428" sentence="15" number="1">the</token>
<token t_id="429" sentence="15" number="2">unrest</token>
<token t_id="430" sentence="15" number="3">,</token>
<token t_id="431" sentence="15" number="4">one</token>
<token t_id="432" sentence="15" number="5">protester</token>
<token t_id="433" sentence="15" number="6">threw</token>
<token t_id="434" sentence="15" number="7">a</token>
<token t_id="435" sentence="15" number="8">petrol</token>
<token t_id="436" sentence="15" number="9">bomb</token>
<token t_id="437" sentence="15" number="10">.</token>
<token t_id="438" sentence="16" number="0">Youths</token>
<token t_id="439" sentence="16" number="1">also</token>
<token t_id="440" sentence="16" number="2">went</token>
<token t_id="441" sentence="16" number="3">on</token>
<token t_id="442" sentence="16" number="4">the</token>
<token t_id="443" sentence="16" number="5">rampage</token>
<token t_id="444" sentence="16" number="6">in</token>
<token t_id="445" sentence="16" number="7">other</token>
<token t_id="446" sentence="16" number="8">parts</token>
<token t_id="447" sentence="16" number="9">of</token>
<token t_id="448" sentence="16" number="10">the</token>
<token t_id="449" sentence="16" number="11">capital</token>
<token t_id="450" sentence="16" number="12">,</token>
<token t_id="451" sentence="16" number="13">with</token>
<token t_id="452" sentence="16" number="14">several</token>
<token t_id="453" sentence="16" number="15">dozen</token>
<token t_id="454" sentence="16" number="16">youths</token>
<token t_id="455" sentence="16" number="17">hurling</token>
<token t_id="456" sentence="16" number="18">petrol</token>
<token t_id="457" sentence="16" number="19">bombs</token>
<token t_id="458" sentence="16" number="20">at</token>
<token t_id="459" sentence="16" number="21">stores</token>
<token t_id="460" sentence="16" number="22">and</token>
<token t_id="461" sentence="16" number="23">banks</token>
<token t_id="462" sentence="16" number="24">,</token>
<token t_id="463" sentence="16" number="25">and</token>
<token t_id="464" sentence="16" number="26">smashing</token>
<token t_id="465" sentence="16" number="27">shop</token>
<token t_id="466" sentence="16" number="28">windows</token>
<token t_id="467" sentence="16" number="29">and</token>
<token t_id="468" sentence="16" number="30">bus</token>
<token t_id="469" sentence="16" number="31">shelters</token>
<token t_id="470" sentence="16" number="32">with</token>
<token t_id="471" sentence="16" number="33">iron</token>
<token t_id="472" sentence="16" number="34">bars</token>
<token t_id="473" sentence="16" number="35">.</token>
<token t_id="474" sentence="17" number="0">Athens</token>
<token t_id="475" sentence="17" number="1">police</token>
<token t_id="476" sentence="17" number="2">chiefs</token>
<token t_id="477" sentence="17" number="3">mobilised</token>
<token t_id="478" sentence="17" number="4">all</token>
<token t_id="479" sentence="17" number="5">their</token>
<token t_id="480" sentence="17" number="6">forces</token>
<token t_id="481" sentence="17" number="7">,</token>
<token t_id="482" sentence="17" number="8">including</token>
<token t_id="483" sentence="17" number="9">those</token>
<token t_id="484" sentence="17" number="10">not</token>
<token t_id="485" sentence="17" number="11">on</token>
<token t_id="486" sentence="17" number="12">active</token>
<token t_id="487" sentence="17" number="13">duty</token>
<token t_id="488" sentence="17" number="14">,</token>
<token t_id="489" sentence="17" number="15">by</token>
<token t_id="490" sentence="17" number="16">declaring</token>
<token t_id="491" sentence="17" number="17">a</token>
<token t_id="492" sentence="17" number="18">general</token>
<token t_id="493" sentence="17" number="19">state</token>
<token t_id="494" sentence="17" number="20">of</token>
<token t_id="495" sentence="17" number="21">alert</token>
<token t_id="496" sentence="17" number="22">.</token>
<token t_id="497" sentence="18" number="0">The</token>
<token t_id="498" sentence="18" number="1">protesters</token>
<token t_id="499" sentence="18" number="2">in</token>
<token t_id="500" sentence="18" number="3">Thessaloniki</token>
<token t_id="501" sentence="18" number="4">targeted</token>
<token t_id="502" sentence="18" number="5">stores</token>
<token t_id="503" sentence="18" number="6">and</token>
<token t_id="504" sentence="18" number="7">banks</token>
<token t_id="505" sentence="18" number="8">in</token>
<token t_id="506" sentence="18" number="9">the</token>
<token t_id="507" sentence="18" number="10">city</token>
<token t_id="508" sentence="18" number="11">centre</token>
<token t_id="509" sentence="18" number="12">before</token>
<token t_id="510" sentence="18" number="13">they</token>
<token t_id="511" sentence="18" number="14">were</token>
<token t_id="512" sentence="18" number="15">dispersed</token>
<token t_id="513" sentence="18" number="16">by</token>
<token t_id="514" sentence="18" number="17">anti</token>
<token t_id="515" sentence="18" number="18">-</token>
<token t_id="516" sentence="18" number="19">riot</token>
<token t_id="517" sentence="18" number="20">police</token>
<token t_id="518" sentence="18" number="21">.</token>
<token t_id="519" sentence="19" number="0">A</token>
<token t_id="520" sentence="19" number="1">group</token>
<token t_id="521" sentence="19" number="2">of</token>
<token t_id="522" sentence="19" number="3">about</token>
<token t_id="523" sentence="19" number="4">200</token>
<token t_id="524" sentence="19" number="5">communists</token>
<token t_id="525" sentence="19" number="6">had</token>
<token t_id="526" sentence="19" number="7">stormed</token>
<token t_id="527" sentence="19" number="8">the</token>
<token t_id="528" sentence="19" number="9">Athens</token>
<token t_id="529" sentence="19" number="10">Acropolis</token>
<token t_id="530" sentence="19" number="11">yesterday</token>
<token t_id="531" sentence="19" number="12">,</token>
<token t_id="532" sentence="19" number="13">unfurling</token>
<token t_id="533" sentence="19" number="14">banners</token>
<token t_id="534" sentence="19" number="15">reading</token>
<token t_id="535" sentence="19" number="16">"Peoples</token>
<token t_id="536" sentence="19" number="17">of</token>
<token t_id="537" sentence="19" number="18">Europe</token>
<token t_id="538" sentence="19" number="19">,</token>
<token t_id="539" sentence="19" number="20">Rise</token>
<token t_id="540" sentence="19" number="21">Up</token>
<token t_id="541" sentence="19" number="22">.</token>
<token t_id="542" sentence="19" number="23">"</token>
<token t_id="543" sentence="20" number="0">The</token>
<token t_id="544" sentence="20" number="1">head</token>
<token t_id="545" sentence="20" number="2">of</token>
<token t_id="546" sentence="20" number="3">the</token>
<token t_id="547" sentence="20" number="4">million</token>
<token t_id="548" sentence="20" number="5">-</token>
<token t_id="549" sentence="20" number="6">member</token>
<token t_id="550" sentence="20" number="7">strong</token>
<token t_id="551" sentence="20" number="8">GSEE</token>
<token t_id="552" sentence="20" number="9">private</token>
<token t_id="553" sentence="20" number="10">sector</token>
<token t_id="554" sentence="20" number="11">union</token>
<token t_id="555" sentence="20" number="12">,</token>
<token t_id="556" sentence="20" number="13">Giannis</token>
<token t_id="557" sentence="20" number="14">Panagopoulos</token>
<token t_id="558" sentence="20" number="15">,</token>
<token t_id="559" sentence="20" number="16">said</token>
<token t_id="560" sentence="20" number="17">:</token>
<token t_id="561" sentence="20" number="18">"The</token>
<token t_id="562" sentence="20" number="19">Greek</token>
<token t_id="563" sentence="20" number="20">people</token>
<token t_id="564" sentence="20" number="21">have</token>
<token t_id="565" sentence="20" number="22">been</token>
<token t_id="566" sentence="20" number="23">called</token>
<token t_id="567" sentence="20" number="24">to</token>
<token t_id="568" sentence="20" number="25">make</token>
<token t_id="569" sentence="20" number="26">sacrifices</token>
<token t_id="570" sentence="20" number="27">while</token>
<token t_id="571" sentence="20" number="28">the</token>
<token t_id="572" sentence="20" number="29">rich</token>
<token t_id="573" sentence="20" number="30">pay</token>
<token t_id="574" sentence="20" number="31">nothing</token>
<token t_id="575" sentence="20" number="32">.</token>
<token t_id="576" sentence="20" number="33">"</token>
<token t_id="577" sentence="21" number="0">A</token>
<token t_id="578" sentence="21" number="1">government</token>
<token t_id="579" sentence="21" number="2">official</token>
<token t_id="580" sentence="21" number="3">downplayed</token>
<token t_id="581" sentence="21" number="4">the</token>
<token t_id="582" sentence="21" number="5">unrest</token>
<token t_id="583" sentence="21" number="6">saying</token>
<token t_id="584" sentence="21" number="7">that</token>
<token t_id="585" sentence="21" number="8">"for</token>
<token t_id="586" sentence="21" number="9">years</token>
<token t_id="587" sentence="21" number="10">there's</token>
<token t_id="588" sentence="21" number="11">been</token>
<token t_id="589" sentence="21" number="12">strikes</token>
<token t_id="590" sentence="21" number="13">and</token>
<token t_id="591" sentence="21" number="14">protests</token>
<token t_id="592" sentence="21" number="15">in</token>
<token t_id="593" sentence="21" number="16">this</token>
<token t_id="594" sentence="21" number="17">country</token>
<token t_id="595" sentence="21" number="18">without</token>
<token t_id="596" sentence="21" number="19">much</token>
<token t_id="597" sentence="21" number="20">consequence</token>
<token t_id="598" sentence="21" number="21">.</token>
<token t_id="599" sentence="21" number="22">"</token>
<token t_id="600" sentence="22" number="0">But</token>
<token t_id="601" sentence="22" number="1">markets</token>
<token t_id="602" sentence="22" number="2">reacted</token>
<token t_id="603" sentence="22" number="3">to</token>
<token t_id="604" sentence="22" number="4">the</token>
<token t_id="605" sentence="22" number="5">violence</token>
<token t_id="606" sentence="22" number="6">with</token>
<token t_id="607" sentence="22" number="7">alarm</token>
<token t_id="608" sentence="22" number="8">as</token>
<token t_id="609" sentence="22" number="9">Greek</token>
<token t_id="610" sentence="22" number="10">stocks</token>
<token t_id="611" sentence="22" number="11">plunged</token>
<token t_id="612" sentence="22" number="12">5</token>
<token t_id="613" sentence="22" number="13">.</token>
<token t_id="614" sentence="22" number="14">4</token>
<token t_id="615" sentence="22" number="15">per</token>
<token t_id="616" sentence="22" number="16">cent</token>
<token t_id="617" sentence="22" number="17">.</token>
<token t_id="618" sentence="23" number="0">The</token>
<token t_id="619" sentence="23" number="1">government</token>
<token t_id="620" sentence="23" number="2">,</token>
<token t_id="621" sentence="23" number="3">pushed</token>
<token t_id="622" sentence="23" number="4">to</token>
<token t_id="623" sentence="23" number="5">the</token>
<token t_id="624" sentence="23" number="6">brink</token>
<token t_id="625" sentence="23" number="7">of</token>
<token t_id="626" sentence="23" number="8">default</token>
<token t_id="627" sentence="23" number="9">,</token>
<token t_id="628" sentence="23" number="10">agreed</token>
<token t_id="629" sentence="23" number="11">at</token>
<token t_id="630" sentence="23" number="12">the</token>
<token t_id="631" sentence="23" number="13">weekend</token>
<token t_id="632" sentence="23" number="14">to</token>
<token t_id="633" sentence="23" number="15">slash</token>
<token t_id="634" sentence="23" number="16">spending</token>
<token t_id="635" sentence="23" number="17">and</token>
<token t_id="636" sentence="23" number="18">jack</token>
<token t_id="637" sentence="23" number="19">up</token>
<token t_id="638" sentence="23" number="20">taxes</token>
<token t_id="639" sentence="23" number="21">in</token>
<token t_id="640" sentence="23" number="22">return</token>
<token t_id="641" sentence="23" number="23">for</token>
<token t_id="642" sentence="23" number="24">?</token>
<token t_id="643" sentence="23" number="25">110bn</token>
<token t_id="644" sentence="23" number="26">in</token>
<token t_id="645" sentence="23" number="27">loans</token>
<token t_id="646" sentence="23" number="28">over</token>
<token t_id="647" sentence="23" number="29">three</token>
<token t_id="648" sentence="23" number="30">years</token>
<token t_id="649" sentence="23" number="31">from</token>
<token t_id="650" sentence="23" number="32">eurozone</token>
<token t_id="651" sentence="23" number="33">countries</token>
<token t_id="652" sentence="23" number="34">and</token>
<token t_id="653" sentence="23" number="35">the</token>
<token t_id="654" sentence="23" number="36">International</token>
<token t_id="655" sentence="23" number="37">Monetary</token>
<token t_id="656" sentence="23" number="38">Fund</token>
<token t_id="657" sentence="23" number="39">.</token>
<token t_id="658" sentence="24" number="0">Among</token>
<token t_id="659" sentence="24" number="1">the</token>
<token t_id="660" sentence="24" number="2">major</token>
<token t_id="661" sentence="24" number="3">measures</token>
<token t_id="662" sentence="24" number="4">,</token>
<token t_id="663" sentence="24" number="5">the</token>
<token t_id="664" sentence="24" number="6">government</token>
<token t_id="665" sentence="24" number="7">is</token>
<token t_id="666" sentence="24" number="8">to</token>
<token t_id="667" sentence="24" number="9">cut</token>
<token t_id="668" sentence="24" number="10">13th</token>
<token t_id="669" sentence="24" number="11">and</token>
<token t_id="670" sentence="24" number="12">14th</token>
<token t_id="671" sentence="24" number="13">month</token>
<token t_id="672" sentence="24" number="14">bonus</token>
<token t_id="673" sentence="24" number="15">pay</token>
<token t_id="674" sentence="24" number="16">for</token>
<token t_id="675" sentence="24" number="17">civil</token>
<token t_id="676" sentence="24" number="18">servants</token>
<token t_id="677" sentence="24" number="19">and</token>
<token t_id="678" sentence="24" number="20">retirees</token>
<token t_id="679" sentence="24" number="21">;</token>
<token t_id="680" sentence="24" number="22">require</token>
<token t_id="681" sentence="24" number="23">three</token>
<token t_id="682" sentence="24" number="24">years</token>
<token t_id="683" sentence="24" number="25">more</token>
<token t_id="684" sentence="24" number="26">for</token>
<token t_id="685" sentence="24" number="27">pension</token>
<token t_id="686" sentence="24" number="28">contributions</token>
<token t_id="687" sentence="24" number="29">;</token>
<token t_id="688" sentence="24" number="30">and</token>
<token t_id="689" sentence="24" number="31">raise</token>
<token t_id="690" sentence="24" number="32">the</token>
<token t_id="691" sentence="24" number="33">retirement</token>
<token t_id="692" sentence="24" number="34">age</token>
<token t_id="693" sentence="24" number="35">for</token>
<token t_id="694" sentence="24" number="36">women</token>
<token t_id="695" sentence="24" number="37">to</token>
<token t_id="696" sentence="24" number="38">65</token>
<token t_id="697" sentence="24" number="39">,</token>
<token t_id="698" sentence="24" number="40">the</token>
<token t_id="699" sentence="24" number="41">same</token>
<token t_id="700" sentence="24" number="42">level</token>
<token t_id="701" sentence="24" number="43">as</token>
<token t_id="702" sentence="24" number="44">men</token>
<token t_id="703" sentence="24" number="45">.</token>
<token t_id="704" sentence="25" number="0">After</token>
<token t_id="705" sentence="25" number="1">months</token>
<token t_id="706" sentence="25" number="2">of</token>
<token t_id="707" sentence="25" number="3">hesitation</token>
<token t_id="708" sentence="25" number="4">,</token>
<token t_id="709" sentence="25" number="5">eurozone</token>
<token t_id="710" sentence="25" number="6">countries</token>
<token t_id="711" sentence="25" number="7">and</token>
<token t_id="712" sentence="25" number="8">the</token>
<token t_id="713" sentence="25" number="9">IMF</token>
<token t_id="714" sentence="25" number="10">agreed</token>
<token t_id="715" sentence="25" number="11">to</token>
<token t_id="716" sentence="25" number="12">lend</token>
<token t_id="717" sentence="25" number="13">Greece</token>
<token t_id="718" sentence="25" number="14">billions</token>
<token t_id="719" sentence="25" number="15">of</token>
<token t_id="720" sentence="25" number="16">euros</token>
<token t_id="721" sentence="25" number="17">at</token>
<token t_id="722" sentence="25" number="18">below</token>
<token t_id="723" sentence="25" number="19">market</token>
<token t_id="724" sentence="25" number="20">rates</token>
<token t_id="725" sentence="25" number="21">after</token>
<token t_id="726" sentence="25" number="22">concerns</token>
<token t_id="727" sentence="25" number="23">that</token>
<token t_id="728" sentence="25" number="24">the</token>
<token t_id="729" sentence="25" number="25">Athens</token>
<token t_id="730" sentence="25" number="26">government's</token>
<token t_id="731" sentence="25" number="27">debt</token>
<token t_id="732" sentence="25" number="28">crisis</token>
<token t_id="733" sentence="25" number="29">could</token>
<token t_id="734" sentence="25" number="30">trigger</token>
<token t_id="735" sentence="25" number="31">a</token>
<token t_id="736" sentence="25" number="32">knock</token>
<token t_id="737" sentence="25" number="33">-</token>
<token t_id="738" sentence="25" number="34">on</token>
<token t_id="739" sentence="25" number="35">effect</token>
<token t_id="740" sentence="25" number="36">elsewhere</token>
<token t_id="741" sentence="25" number="37">.</token>
<token t_id="742" sentence="26" number="0">The</token>
<token t_id="743" sentence="26" number="1">German</token>
<token t_id="744" sentence="26" number="2">Chancellor</token>
<token t_id="745" sentence="26" number="3">,</token>
<token t_id="746" sentence="26" number="4">Angela</token>
<token t_id="747" sentence="26" number="5">Merkel</token>
<token t_id="748" sentence="26" number="6">,</token>
<token t_id="749" sentence="26" number="7">fighting</token>
<token t_id="750" sentence="26" number="8">accusations</token>
<token t_id="751" sentence="26" number="9">of</token>
<token t_id="752" sentence="26" number="10">holding</token>
<token t_id="753" sentence="26" number="11">up</token>
<token t_id="754" sentence="26" number="12">the</token>
<token t_id="755" sentence="26" number="13">bailout</token>
<token t_id="756" sentence="26" number="14">,</token>
<token t_id="757" sentence="26" number="15">said</token>
<token t_id="758" sentence="26" number="16">today</token>
<token t_id="759" sentence="26" number="17">that</token>
<token t_id="760" sentence="26" number="18">the</token>
<token t_id="761" sentence="26" number="19">Greek</token>
<token t_id="762" sentence="26" number="20">crisis</token>
<token t_id="763" sentence="26" number="21">underlined</token>
<token t_id="764" sentence="26" number="22">the</token>
<token t_id="765" sentence="26" number="23">need</token>
<token t_id="766" sentence="26" number="24">for</token>
<token t_id="767" sentence="26" number="25">an</token>
<token t_id="768" sentence="26" number="26">overhaul</token>
<token t_id="769" sentence="26" number="27">of</token>
<token t_id="770" sentence="26" number="28">the</token>
<token t_id="771" sentence="26" number="29">EU's</token>
<token t_id="772" sentence="26" number="30">fiscal</token>
<token t_id="773" sentence="26" number="31">rules</token>
<token t_id="774" sentence="26" number="32">.</token>
<token t_id="775" sentence="27" number="0">"The</token>
<token t_id="776" sentence="27" number="1">future</token>
<token t_id="777" sentence="27" number="2">of</token>
<token t_id="778" sentence="27" number="3">Europe</token>
<token t_id="779" sentence="27" number="4">and</token>
<token t_id="780" sentence="27" number="5">the</token>
<token t_id="781" sentence="27" number="6">future</token>
<token t_id="782" sentence="27" number="7">of</token>
<token t_id="783" sentence="27" number="8">Germany</token>
<token t_id="784" sentence="27" number="9">within</token>
<token t_id="785" sentence="27" number="10">Europe</token>
<token t_id="786" sentence="27" number="11">is</token>
<token t_id="787" sentence="27" number="12">at</token>
<token t_id="788" sentence="27" number="13">stake</token>
<token t_id="789" sentence="27" number="14">,</token>
<token t_id="790" sentence="27" number="15">"</token>
<token t_id="791" sentence="27" number="16">she</token>
<token t_id="792" sentence="27" number="17">told</token>
<token t_id="793" sentence="27" number="18">a</token>
<token t_id="794" sentence="27" number="19">debate</token>
<token t_id="795" sentence="27" number="20">on</token>
<token t_id="796" sentence="27" number="21">Berlin's</token>
<token t_id="797" sentence="27" number="22">decision</token>
<token t_id="798" sentence="27" number="23">to</token>
<token t_id="799" sentence="27" number="24">lend</token>
<token t_id="800" sentence="27" number="25">?</token>
<token t_id="801" sentence="27" number="26">22</token>
<token t_id="802" sentence="27" number="27">.</token>
<token t_id="803" sentence="27" number="28">4bn</token>
<token t_id="804" sentence="27" number="29">to</token>
<token t_id="805" sentence="27" number="30">Greece</token>
<token t_id="806" sentence="27" number="31">.</token>


<Markables>
<ACTION_OCCURRENCE m_id="1" climaxEvent="FALSE" comment=""  >
<token_anchor t_id="49"/>
</ACTION_OCCURRENCE>
<ACTION_OCCURRENCE m_id="2" climaxEvent="FALSE" comment=""  >
<token_anchor t_id="57"/>
</ACTION_OCCURRENCE>
<ACTION_OCCURRENCE m_id="3" climaxEvent="FALSE" comment=""  >
<token_anchor t_id="59"/>
</ACTION_OCCURRENCE>
<ACTION_OCCURRENCE m_id="4" climaxEvent="FALSE" comment=""  >
<token_anchor t_id="67"/>
</ACTION_OCCURRENCE>
<ACTION_OCCURRENCE m_id="5" climaxEvent="FALSE" comment=""  >
<token_anchor t_id="68"/>
</ACTION_OCCURRENCE>
<ACTION_OCCURRENCE m_id="6" climaxEvent="FALSE" comment=""  >
<token_anchor t_id="70"/>
</ACTION_OCCURRENCE>
<ACTION_OCCURRENCE m_id="7" climaxEvent="FALSE" comment=""  >
<token_anchor t_id="72"/>
</ACTION_OCCURRENCE>
<ACTION_OCCURRENCE m_id="8" climaxEvent="FALSE" comment=""  >
<token_anchor t_id="94"/>
</ACTION_OCCURRENCE>
<ACTION_OCCURRENCE m_id="9" climaxEvent="FALSE" comment=""  >
<token_anchor t_id="96"/>
</ACTION_OCCURRENCE>
<ACTION_OCCURRENCE m_id="10" climaxEvent="FALSE" comment=""  >
<token_anchor t_id="101"/>
</ACTION_OCCURRENCE>
<ACTION_OCCURRENCE m_id="11" climaxEvent="FALSE" comment=""  >
<token_anchor t_id="105"/>
</ACTION_OCCURRENCE>
<ACTION_OCCURRENCE m_id="12" climaxEvent="FALSE" comment=""  >
<token_anchor t_id="106"/>
</ACTION_OCCURRENCE>
<ACTION_OCCURRENCE m_id="13" climaxEvent="TRUE" comment=""  >
<token_anchor t_id="31"/>
</ACTION_OCCURRENCE>
<ACTION_OCCURRENCE m_id="14" climaxEvent="FALSE" comment=""  >
<token_anchor t_id="34"/>
</ACTION_OCCURRENCE>
<ACTION_OCCURRENCE m_id="15" climaxEvent="FALSE" comment=""  >
<token_anchor t_id="130"/>
<token_anchor t_id="131"/>
</ACTION_OCCURRENCE>
<ACTION_OCCURRENCE m_id="16" climaxEvent="FALSE" comment=""  >
<token_anchor t_id="43"/>
</ACTION_OCCURRENCE>
<ACTION_OCCURRENCE m_id="17" climaxEvent="FALSE" comment=""  >
<token_anchor t_id="135"/>
</ACTION_OCCURRENCE>
<ACTION_OCCURRENCE m_id="18" climaxEvent="FALSE" comment=""  >
<token_anchor t_id="121"/>
</ACTION_OCCURRENCE>
<ACTION_OCCURRENCE m_id="19" climaxEvent="FALSE" comment=""  >
<token_anchor t_id="139"/>
</ACTION_OCCURRENCE>
<ACTION_REPORTING m_id="20" comment=""  >
<token_anchor t_id="115"/>
</ACTION_REPORTING>
<ACTION_STATE m_id="21" climaxEvent="FALSE" comment=""  >
<token_anchor t_id="63"/>
</ACTION_STATE>
<HUMAN_PART_ORG m_id="22"  >
<token_anchor t_id="56"/>
</HUMAN_PART_ORG>
<HUMAN_PART_ORG m_id="23"  >
<token_anchor t_id="114"/>
</HUMAN_PART_ORG>
<HUMAN_PART_PER m_id="24" comment=""  >
<token_anchor t_id="117"/>
</HUMAN_PART_PER>
<HUMAN_PART_PER m_id="25" comment=""  >
<token_anchor t_id="120"/>
</HUMAN_PART_PER>
<HUMAN_PART_PER m_id="26" comment=""  >
<token_anchor t_id="33"/>
</HUMAN_PART_PER>
<HUMAN_PART_PER m_id="27" comment=""  >
<token_anchor t_id="134"/>
</HUMAN_PART_PER>
<HUMAN_PART_PER m_id="28" comment=""  >
<token_anchor t_id="53"/>
</HUMAN_PART_PER>
<HUMAN_PART_PER m_id="29" comment=""  >
<token_anchor t_id="62"/>
</HUMAN_PART_PER>
<HUMAN_PART_PER m_id="30" comment=""  >
<token_anchor t_id="75"/>
</HUMAN_PART_PER>
<HUMAN_PART_PER m_id="31" comment=""  >
<token_anchor t_id="93"/>
</HUMAN_PART_PER>
<HUMAN_PART_PER m_id="32" comment=""  >
<token_anchor t_id="30"/>
</HUMAN_PART_PER>
<LOC_FAC m_id="33"  >
<token_anchor t_id="45"/>
<token_anchor t_id="46"/>
<token_anchor t_id="47"/>
<token_anchor t_id="48"/>
</LOC_FAC>
<LOC_FAC m_id="34"  >
<token_anchor t_id="80"/>
<token_anchor t_id="81"/>
<token_anchor t_id="82"/>
<token_anchor t_id="83"/>
<token_anchor t_id="84"/>
<token_anchor t_id="85"/>
<token_anchor t_id="86"/>
<token_anchor t_id="87"/>
<token_anchor t_id="88"/>
<token_anchor t_id="89"/>
<token_anchor t_id="90"/>
</LOC_FAC>
<LOC_FAC m_id="35"  >
<token_anchor t_id="97"/>
</LOC_FAC>
<LOC_FAC m_id="36"  >
<token_anchor t_id="123"/>
<token_anchor t_id="124"/>
<token_anchor t_id="125"/>
<token_anchor t_id="126"/>
<token_anchor t_id="127"/>
<token_anchor t_id="128"/>
</LOC_FAC>
<LOC_FAC m_id="37"  >
<token_anchor t_id="35"/>
<token_anchor t_id="36"/>
</LOC_FAC>
<LOC_GEO m_id="38" comment=""  >
<token_anchor t_id="108"/>
<token_anchor t_id="109"/>
<token_anchor t_id="110"/>
<token_anchor t_id="111"/>
<token_anchor t_id="112"/>
</LOC_GEO>
<NON_HUMAN_PART m_id="39" comment=""  >
<token_anchor t_id="137"/>
</NON_HUMAN_PART>
<NON_HUMAN_PART m_id="40" comment=""  >
<token_anchor t_id="141"/>
</NON_HUMAN_PART>
<NON_HUMAN_PART m_id="41" comment=""  >
<token_anchor t_id="78"/>
</NON_HUMAN_PART>
<TIME_DATE m_id="42" comment="" DCT="FALSE" value="2010-05-05" anchorTimeID="43"  >
<token_anchor t_id="54"/>
</TIME_DATE>
<TIME_DATE m_id="43" comment="" DCT="TRUE" value="2010-05-05" anchorTimeID=""  >
<token_anchor t_id="37"/>
<token_anchor t_id="38"/>
<token_anchor t_id="39"/>
<token_anchor t_id="40"/>
</TIME_DATE>


<NON_HUMAN_PART m_id="44" RELATED_TO="" TAG_DESCRIPTOR="t8_bomb" comment="" />
<LOC_FAC m_id="45" RELATED_TO="" TAG_DESCRIPTOR="t8_bank" />
<ACTION_OCCURRENCE m_id="46" RELATED_TO="" TAG_DESCRIPTOR="t8_bank_workers_died" climaxEvent="FALSE" comment="" />
<HUMAN_PART_PER m_id="47" RELATED_TO="" TAG_DESCRIPTOR="t8_demonstrators" comment="" />
<ACTION_OCCURRENCE m_id="48" RELATED_TO="" TAG_DESCRIPTOR="t8_bankruptcy" climaxEvent="FALSE" comment="" />
<ACTION_OCCURRENCE m_id="49" RELATED_TO="" TAG_DESCRIPTOR="t8_threw_fire_bomb" climaxEvent="FALSE" comment="" />
<ACTION_OCCURRENCE m_id="50" RELATED_TO="" TAG_DESCRIPTOR="t8_storm_parliament" climaxEvent="FALSE" comment="" />
<ACTION_OCCURRENCE m_id="51" RELATED_TO="" TAG_DESCRIPTOR="t8_bomb_attack_eallier" climaxEvent="FALSE" comment="" />
<ACTION_OCCURRENCE m_id="52" RELATED_TO="" TAG_DESCRIPTOR="t8_designed" climaxEvent="FALSE" comment="" />
<ACTION_OCCURRENCE m_id="53" RELATED_TO="" TAG_DESCRIPTOR="t8_strike" climaxEvent="FALSE" comment="" />
<ACTION_STATE m_id="54" RELATED_TO="" TAG_DESCRIPTOR="t8_furious" climaxEvent="FALSE" comment="" />
<TIME_DATE m_id="55" RELATED_TO="" TAG_DESCRIPTOR="t8_may_5" comment="" DCT="FALSE" value="" anchorTimeID="" />
<HUMAN_PART_ORG m_id="56" RELATED_TO="" TAG_DESCRIPTOR="t8_police" />
<ACTION_OCCURRENCE m_id="57" RELATED_TO="" TAG_DESCRIPTOR="t8_tried_to_storm" climaxEvent="FALSE" comment="" />
<LOC_FAC m_id="58" RELATED_TO="" TAG_DESCRIPTOR="t8_parliament" />
<ACTION_REPORTING m_id="59" RELATED_TO="" TAG_DESCRIPTOR="t8_police_said" comment="" />
<LOC_GEO m_id="60" RELATED_TO="" TAG_DESCRIPTOR="t8_thessaloniki" comment="" />
<HUMAN_PART_PER m_id="61" RELATED_TO="" TAG_DESCRIPTOR="t8_killed_woman" comment="" />
<ACTION_OCCURRENCE m_id="62" RELATED_TO="" TAG_DESCRIPTOR="t8_rioting" climaxEvent="FALSE" comment="" />
<HUMAN_PART_PER m_id="63" RELATED_TO="" TAG_DESCRIPTOR="t8_killed_men" comment="" />
<HUMAN_PART_PER m_id="64" RELATED_TO="" TAG_DESCRIPTOR="t8_bank_workers" comment="" />
<HUMAN_PART_PER m_id="65" RELATED_TO="" TAG_DESCRIPTOR="t8_youths" comment="" />
<NON_HUMAN_PART m_id="66" RELATED_TO="" TAG_DESCRIPTOR="t8_window" comment="" />
<ACTION_OCCURRENCE m_id="67" RELATED_TO="" TAG_DESCRIPTOR="t8_fire_bank" climaxEvent="FALSE" comment="" />
<ACTION_OCCURRENCE m_id="68" RELATED_TO="" TAG_DESCRIPTOR="t8_broke_window" climaxEvent="FALSE" comment="" />
<ACTION_OCCURRENCE m_id="69" RELATED_TO="" TAG_DESCRIPTOR="t8_cuts" climaxEvent="FALSE" comment="" />
</Markables>

<Relations>
<TLINK r_id="241120" contextualModality="" relType="CONTAINS" comment="" >
<source m_id="42" />
<target m_id="16" />
</TLINK>
<TLINK r_id="241121" contextualModality="" relType="CONTAINS" comment="" >
<source m_id="42" />
<target m_id="1" />
</TLINK>
<TLINK r_id="241122" contextualModality="" relType="CONTAINS" comment="" >
<source m_id="42" />
<target m_id="2" />
</TLINK>
<TLINK r_id="241123" contextualModality="" relType="CONTAINS" comment="" >
<source m_id="42" />
<target m_id="3" />
</TLINK>
<TLINK r_id="241124" contextualModality="" relType="OVERLAP" comment="" >
<source m_id="42" />
<target m_id="21" />
</TLINK>
<TLINK r_id="241125" contextualModality="" relType="BEFORE" comment="" >
<source m_id="42" />
<target m_id="4" />
</TLINK>
<TLINK r_id="241127" contextualModality="" relType="CONTAINS" comment="" >
<source m_id="42" />
<target m_id="9" />
</TLINK>
<TLINK r_id="241128" contextualModality="" relType="CONTAINS" comment="" >
<source m_id="42" />
<target m_id="10" />
</TLINK>
<TLINK r_id="241129" contextualModality="" relType="CONTAINS" comment="" >
<source m_id="42" />
<target m_id="11" />
</TLINK>
<TLINK r_id="241130" contextualModality="" relType="CONTAINS" comment="" >
<source m_id="42" />
<target m_id="12" />
</TLINK>
<TLINK r_id="241131" contextualModality="" relType="CONTAINS" comment="" >
<source m_id="42" />
<target m_id="18" />
</TLINK>
<TLINK r_id="241132" contextualModality="" relType="CONTAINS" comment="" >
<source m_id="42" />
<target m_id="15" />
</TLINK>
<TLINK r_id="241133" contextualModality="" relType="CONTAINS" comment="" >
<source m_id="42" />
<target m_id="17" />
</TLINK>
<TLINK r_id="241134" contextualModality="" relType="CONTAINS" comment="" >
<source m_id="42" />
<target m_id="19" />
</TLINK>
<TLINK r_id="241135" contextualModality="" relType="CONTAINS" comment="" >
<source m_id="43" />
<target m_id="16" />
</TLINK>
<TLINK r_id="241136" contextualModality="" relType="CONTAINS" comment="" >
<source m_id="43" />
<target m_id="1" />
</TLINK>
<TLINK r_id="241137" contextualModality="" relType="CONTAINS" comment="" >
<source m_id="43" />
<target m_id="2" />
</TLINK>
<TLINK r_id="241138" contextualModality="" relType="CONTAINS" comment="" >
<source m_id="43" />
<target m_id="3" />
</TLINK>
<TLINK r_id="241139" contextualModality="" relType="OVERLAP" comment="" >
<source m_id="43" />
<target m_id="21" />
</TLINK>
<TLINK r_id="241140" contextualModality="" relType="BEFORE" comment="" >
<source m_id="43" />
<target m_id="4" />
</TLINK>
<TLINK r_id="241142" contextualModality="" relType="CONTAINS" comment="" >
<source m_id="43" />
<target m_id="9" />
</TLINK>
<TLINK r_id="241143" contextualModality="" relType="CONTAINS" comment="" >
<source m_id="43" />
<target m_id="10" />
</TLINK>
<TLINK r_id="241144" contextualModality="" relType="CONTAINS" comment="" >
<source m_id="43" />
<target m_id="11" />
</TLINK>
<TLINK r_id="241145" contextualModality="" relType="CONTAINS" comment="" >
<source m_id="43" />
<target m_id="12" />
</TLINK>
<TLINK r_id="241146" contextualModality="" relType="CONTAINS" comment="" >
<source m_id="43" />
<target m_id="18" />
</TLINK>
<TLINK r_id="241147" contextualModality="" relType="CONTAINS" comment="" >
<source m_id="43" />
<target m_id="15" />
</TLINK>
<TLINK r_id="241148" contextualModality="" relType="CONTAINS" comment="" >
<source m_id="43" />
<target m_id="17" />
</TLINK>
<TLINK r_id="241149" contextualModality="" relType="CONTAINS" comment="" >
<source m_id="43" />
<target m_id="19" />
</TLINK>
<TLINK r_id="241150" contextualModality="" relType="CONTAINS" comment="" >
<source m_id="42" />
<target m_id="13" />
</TLINK>
<TLINK r_id="241151" contextualModality="" relType="CONTAINS" comment="" >
<source m_id="42" />
<target m_id="14" />
</TLINK>
<TLINK r_id="241152" contextualModality="" relType="CONTAINS" comment="" >
<source m_id="43" />
<target m_id="13" />
</TLINK>
<TLINK r_id="241153" contextualModality="" relType="CONTAINS" comment="" >
<source m_id="43" />
<target m_id="14" />
</TLINK>
<PLOT_LINK r_id="241154" SIGNAL="" relType="FALLING_ACTION" CAUSES="FALSE" CAUSED_BY="FALSE" >
<source m_id="13" />
<target m_id="14" />
</PLOT_LINK>
<PLOT_LINK r_id="241155" SIGNAL="" relType="PRECONDITION" CAUSES="FALSE" CAUSED_BY="FALSE" >
<source m_id="16" />
<target m_id="1" />
</PLOT_LINK>
<PLOT_LINK r_id="241156" SIGNAL="" relType="FALLING_ACTION" CAUSES="FALSE" CAUSED_BY="FALSE" >
<source m_id="2" />
<target m_id="3" />
</PLOT_LINK>
<PLOT_LINK r_id="241157" SIGNAL="" relType="FALLING_ACTION" CAUSES="FALSE" CAUSED_BY="FALSE" >
<source m_id="3" />
<target m_id="21" />
</PLOT_LINK>
<PLOT_LINK r_id="241158" SIGNAL="" relType="FALLING_ACTION" CAUSES="FALSE" CAUSED_BY="FALSE" >
<source m_id="21" />
<target m_id="4" />
</PLOT_LINK>
<PLOT_LINK r_id="241159" SIGNAL="5" relType="PRECONDITION" CAUSES="TRUE" CAUSED_BY="FALSE" >
<source m_id="4" />
<target m_id="6" />
</PLOT_LINK>
<PLOT_LINK r_id="241160" SIGNAL="" relType="FALLING_ACTION" CAUSES="FALSE" CAUSED_BY="FALSE" >
<source m_id="9" />
<target m_id="10" />
</PLOT_LINK>
<PLOT_LINK r_id="241161" SIGNAL="" relType="FALLING_ACTION" CAUSES="FALSE" CAUSED_BY="FALSE" >
<source m_id="9" />
<target m_id="11" />
</PLOT_LINK>
<PLOT_LINK r_id="241162" SIGNAL="" relType="PRECONDITION" CAUSES="FALSE" CAUSED_BY="FALSE" >
<source m_id="4" />
<target m_id="10" />
</PLOT_LINK>
<PLOT_LINK r_id="241163" SIGNAL="" relType="PRECONDITION" CAUSES="FALSE" CAUSED_BY="FALSE" >
<source m_id="4" />
<target m_id="11" />
</PLOT_LINK>
<PLOT_LINK r_id="241164" SIGNAL="" relType="FALLING_ACTION" CAUSES="FALSE" CAUSED_BY="FALSE" >
<source m_id="18" />
<target m_id="15" />
</PLOT_LINK>
<PLOT_LINK r_id="241165" SIGNAL="" relType="FALLING_ACTION" CAUSES="FALSE" CAUSED_BY="FALSE" >
<source m_id="15" />
<target m_id="19" />
</PLOT_LINK>
<PLOT_LINK r_id="241166" SIGNAL="" relType="FALLING_ACTION" CAUSES="FALSE" CAUSED_BY="FALSE" >
<source m_id="15" />
<target m_id="17" />
</PLOT_LINK>
<TLINK r_id="252253" contextualModality="" relType="BEFORE" comment="" >
<source m_id="42" />
<target m_id="7" />
</TLINK>
<TLINK r_id="252254" contextualModality="" relType="AFTER" comment="" >
<source m_id="42" />
<target m_id="5" />
</TLINK>
<TLINK r_id="252255" contextualModality="" relType="AFTER" comment="" >
<source m_id="43" />
<target m_id="5" />
</TLINK>
<TLINK r_id="252256" contextualModality="" relType="BEFORE" comment="" >
<source m_id="43" />
<target m_id="7" />
</TLINK>
</Relations>
</Document>
