<Document doc_name="8_5ecbplus.xml">
<token t_id="1" sentence="0" number="0">http</token>
<token t_id="2" sentence="0" number="1">:</token>
<token t_id="3" sentence="0" number="2">/</token>
<token t_id="4" sentence="0" number="3">/</token>
<token t_id="5" sentence="0" number="4">news</token>
<token t_id="6" sentence="0" number="5">.</token>
<token t_id="7" sentence="0" number="6">sky</token>
<token t_id="8" sentence="0" number="7">.</token>
<token t_id="9" sentence="0" number="8">com</token>
<token t_id="10" sentence="0" number="9">/</token>
<token t_id="11" sentence="0" number="10">story</token>
<token t_id="12" sentence="0" number="11">/</token>
<token t_id="13" sentence="0" number="12">778356</token>
<token t_id="14" sentence="0" number="13">/</token>
<token t_id="15" sentence="0" number="14">three</token>
<token t_id="16" sentence="0" number="15">-</token>
<token t_id="17" sentence="0" number="16">killed</token>
<token t_id="18" sentence="0" number="17">-</token>
<token t_id="19" sentence="0" number="18">in</token>
<token t_id="20" sentence="0" number="19">-</token>
<token t_id="21" sentence="0" number="20">athens</token>
<token t_id="22" sentence="0" number="21">-</token>
<token t_id="23" sentence="0" number="22">bank</token>
<token t_id="24" sentence="0" number="23">-</token>
<token t_id="25" sentence="0" number="24">fire</token>
<token t_id="26" sentence="0" number="25">-</token>
<token t_id="27" sentence="0" number="26">amid</token>
<token t_id="28" sentence="0" number="27">-</token>
<token t_id="29" sentence="0" number="28">strike</token>
<token t_id="30" sentence="1" number="0">Three</token>
<token t_id="31" sentence="1" number="1">Killed</token>
<token t_id="32" sentence="1" number="2">In</token>
<token t_id="33" sentence="1" number="3">Athens</token>
<token t_id="34" sentence="1" number="4">Bank</token>
<token t_id="35" sentence="1" number="5">Fire</token>
<token t_id="36" sentence="1" number="6">Amid</token>
<token t_id="37" sentence="1" number="7">Strike</token>
<token t_id="38" sentence="2" number="0">7</token>
<token t_id="39" sentence="2" number="1">:</token>
<token t_id="40" sentence="2" number="2">00pm</token>
<token t_id="41" sentence="2" number="3">UK</token>
<token t_id="42" sentence="2" number="4">,</token>
<token t_id="43" sentence="2" number="5">Wednesday</token>
<token t_id="44" sentence="2" number="6">05</token>
<token t_id="45" sentence="2" number="7">May</token>
<token t_id="46" sentence="2" number="8">2010</token>
<token t_id="47" sentence="3" number="0">Three</token>
<token t_id="48" sentence="3" number="1">people</token>
<token t_id="49" sentence="3" number="2">have</token>
<token t_id="50" sentence="3" number="3">died</token>
<token t_id="51" sentence="3" number="4">after</token>
<token t_id="52" sentence="3" number="5">rioters</token>
<token t_id="53" sentence="3" number="6">in</token>
<token t_id="54" sentence="3" number="7">Greece</token>
<token t_id="55" sentence="3" number="8">set</token>
<token t_id="56" sentence="3" number="9">fire</token>
<token t_id="57" sentence="3" number="10">to</token>
<token t_id="58" sentence="3" number="11">a</token>
<token t_id="59" sentence="3" number="12">bank</token>
<token t_id="60" sentence="3" number="13">in</token>
<token t_id="61" sentence="3" number="14">Athens</token>
<token t_id="62" sentence="3" number="15">during</token>
<token t_id="63" sentence="3" number="16">a</token>
<token t_id="64" sentence="3" number="17">nationwide</token>
<token t_id="65" sentence="3" number="18">strike</token>
<token t_id="66" sentence="3" number="19">against</token>
<token t_id="67" sentence="3" number="20">huge</token>
<token t_id="68" sentence="3" number="21">spending</token>
<token t_id="69" sentence="3" number="22">cuts</token>
<token t_id="70" sentence="3" number="23">aimed</token>
<token t_id="71" sentence="3" number="24">at</token>
<token t_id="72" sentence="3" number="25">rescuing</token>
<token t_id="73" sentence="3" number="26">the</token>
<token t_id="74" sentence="3" number="27">country's</token>
<token t_id="75" sentence="3" number="28">economy</token>
<token t_id="76" sentence="3" number="29">.</token>
<token t_id="77" sentence="4" number="0">Greek</token>
<token t_id="78" sentence="4" number="1">police</token>
<token t_id="79" sentence="4" number="2">clashed</token>
<token t_id="80" sentence="4" number="3">with</token>
<token t_id="81" sentence="4" number="4">protesters</token>
<token t_id="82" sentence="4" number="5">in</token>
<token t_id="83" sentence="4" number="6">the</token>
<token t_id="84" sentence="4" number="7">capital</token>
<token t_id="85" sentence="4" number="8">as</token>
<token t_id="86" sentence="4" number="9">tens</token>
<token t_id="87" sentence="4" number="10">of</token>
<token t_id="88" sentence="4" number="11">thousands</token>
<token t_id="89" sentence="4" number="12">of</token>
<token t_id="90" sentence="4" number="13">people</token>
<token t_id="91" sentence="4" number="14">joined</token>
<token t_id="92" sentence="4" number="15">a</token>
<token t_id="93" sentence="4" number="16">24</token>
<token t_id="94" sentence="4" number="17">-</token>
<token t_id="95" sentence="4" number="18">hour</token>
<token t_id="96" sentence="4" number="19">walkout</token>
<token t_id="97" sentence="4" number="20">.</token>
<token t_id="98" sentence="5" number="0">The</token>
<token t_id="99" sentence="5" number="1">three</token>
<token t_id="100" sentence="5" number="2">bank</token>
<token t_id="101" sentence="5" number="3">workers</token>
<token t_id="102" sentence="5" number="4">-</token>
<token t_id="103" sentence="5" number="5">two</token>
<token t_id="104" sentence="5" number="6">women</token>
<token t_id="105" sentence="5" number="7">and</token>
<token t_id="106" sentence="5" number="8">a</token>
<token t_id="107" sentence="5" number="9">man</token>
<token t_id="108" sentence="5" number="10">-</token>
<token t_id="109" sentence="5" number="11">were</token>
<token t_id="110" sentence="5" number="12">killed</token>
<token t_id="111" sentence="5" number="13">when</token>
<token t_id="112" sentence="5" number="14">their</token>
<token t_id="113" sentence="5" number="15">branch</token>
<token t_id="114" sentence="5" number="16">went</token>
<token t_id="115" sentence="5" number="17">up</token>
<token t_id="116" sentence="5" number="18">in</token>
<token t_id="117" sentence="5" number="19">flames</token>
<token t_id="118" sentence="5" number="20">after</token>
<token t_id="119" sentence="5" number="21">a</token>
<token t_id="120" sentence="5" number="22">protester</token>
<token t_id="121" sentence="5" number="23">threw</token>
<token t_id="122" sentence="5" number="24">a</token>
<token t_id="123" sentence="5" number="25">petrol</token>
<token t_id="124" sentence="5" number="26">bomb</token>
<token t_id="125" sentence="5" number="27">inside</token>
<token t_id="126" sentence="5" number="28">.</token>
<token t_id="127" sentence="6" number="0">Firefighters</token>
<token t_id="128" sentence="6" number="1">rescued</token>
<token t_id="129" sentence="6" number="2">another</token>
<token t_id="130" sentence="6" number="3">five</token>
<token t_id="131" sentence="6" number="4">people</token>
<token t_id="132" sentence="6" number="5">from</token>
<token t_id="133" sentence="6" number="6">the</token>
<token t_id="134" sentence="6" number="7">balcony</token>
<token t_id="135" sentence="6" number="8">.</token>
<token t_id="136" sentence="7" number="0">Greek</token>
<token t_id="137" sentence="7" number="1">prime</token>
<token t_id="138" sentence="7" number="2">minister</token>
<token t_id="139" sentence="7" number="3">George</token>
<token t_id="140" sentence="7" number="4">Papandreou</token>
<token t_id="141" sentence="7" number="5">condemned</token>
<token t_id="142" sentence="7" number="6">the</token>
<token t_id="143" sentence="7" number="7">killings</token>
<token t_id="144" sentence="7" number="8">,</token>
<token t_id="145" sentence="7" number="9">saying</token>
<token t_id="146" sentence="7" number="10">:</token>
<token t_id="147" sentence="7" number="11">"A</token>
<token t_id="148" sentence="7" number="12">demonstration</token>
<token t_id="149" sentence="7" number="13">is</token>
<token t_id="150" sentence="7" number="14">one</token>
<token t_id="151" sentence="7" number="15">thing</token>
<token t_id="152" sentence="7" number="16">and</token>
<token t_id="153" sentence="7" number="17">murder</token>
<token t_id="154" sentence="7" number="18">is</token>
<token t_id="155" sentence="7" number="19">quite</token>
<token t_id="156" sentence="7" number="20">another"</token>
<token t_id="157" sentence="7" number="21">.</token>
<token t_id="158" sentence="8" number="0">He</token>
<token t_id="159" sentence="8" number="1">added</token>
<token t_id="160" sentence="8" number="2">:</token>
<token t_id="161" sentence="8" number="3">"We</token>
<token t_id="162" sentence="8" number="4">will</token>
<token t_id="163" sentence="8" number="5">,</token>
<token t_id="164" sentence="8" number="6">of</token>
<token t_id="165" sentence="8" number="7">course</token>
<token t_id="166" sentence="8" number="8">,</token>
<token t_id="167" sentence="8" number="9">stand</token>
<token t_id="168" sentence="8" number="10">alongside</token>
<token t_id="169" sentence="8" number="11">the</token>
<token t_id="170" sentence="8" number="12">families</token>
<token t_id="171" sentence="8" number="13">who</token>
<token t_id="172" sentence="8" number="14">lost</token>
<token t_id="173" sentence="8" number="15">loved</token>
<token t_id="174" sentence="8" number="16">ones</token>
<token t_id="175" sentence="8" number="17">.</token>
<token t_id="176" sentence="9" number="0">This</token>
<token t_id="177" sentence="9" number="1">is</token>
<token t_id="178" sentence="9" number="2">the</token>
<token t_id="179" sentence="9" number="3">least</token>
<token t_id="180" sentence="9" number="4">we</token>
<token t_id="181" sentence="9" number="5">can</token>
<token t_id="182" sentence="9" number="6">do</token>
<token t_id="183" sentence="9" number="7">.</token>
<token t_id="184" sentence="10" number="0">"To</token>
<token t_id="185" sentence="10" number="1">those</token>
<token t_id="186" sentence="10" number="2">who</token>
<token t_id="187" sentence="10" number="3">now</token>
<token t_id="188" sentence="10" number="4">mourn</token>
<token t_id="189" sentence="10" number="5">the</token>
<token t_id="190" sentence="10" number="6">loss</token>
<token t_id="191" sentence="10" number="7">of</token>
<token t_id="192" sentence="10" number="8">three</token>
<token t_id="193" sentence="10" number="9">children</token>
<token t_id="194" sentence="10" number="10">we</token>
<token t_id="195" sentence="10" number="11">say</token>
<token t_id="196" sentence="10" number="12">that</token>
<token t_id="197" sentence="10" number="13">the</token>
<token t_id="198" sentence="10" number="14">perpetrators</token>
<token t_id="199" sentence="10" number="15">will</token>
<token t_id="200" sentence="10" number="16">be</token>
<token t_id="201" sentence="10" number="17">identified</token>
<token t_id="202" sentence="10" number="18">and</token>
<token t_id="203" sentence="10" number="19">held</token>
<token t_id="204" sentence="10" number="20">accountable</token>
<token t_id="205" sentence="10" number="21">for</token>
<token t_id="206" sentence="10" number="22">what</token>
<token t_id="207" sentence="10" number="23">they've</token>
<token t_id="208" sentence="10" number="24">done</token>
<token t_id="209" sentence="10" number="25">.</token>
<token t_id="210" sentence="10" number="26">"</token>
<token t_id="211" sentence="11" number="0">The</token>
<token t_id="212" sentence="11" number="1">general</token>
<token t_id="213" sentence="11" number="2">strike</token>
<token t_id="214" sentence="11" number="3">was</token>
<token t_id="215" sentence="11" number="4">staged</token>
<token t_id="216" sentence="11" number="5">as</token>
<token t_id="217" sentence="11" number="6">a</token>
<token t_id="218" sentence="11" number="7">protest</token>
<token t_id="219" sentence="11" number="8">against</token>
<token t_id="220" sentence="11" number="9">a</token>
<token t_id="221" sentence="11" number="10">new</token>
<token t_id="222" sentence="11" number="11">round</token>
<token t_id="223" sentence="11" number="12">of</token>
<token t_id="224" sentence="11" number="13">draconian</token>
<token t_id="225" sentence="11" number="14">austerity</token>
<token t_id="226" sentence="11" number="15">measures</token>
<token t_id="227" sentence="11" number="16">.</token>
<token t_id="228" sentence="12" number="0">Police</token>
<token t_id="229" sentence="12" number="1">said</token>
<token t_id="230" sentence="12" number="2">as</token>
<token t_id="231" sentence="12" number="3">many</token>
<token t_id="232" sentence="12" number="4">as</token>
<token t_id="233" sentence="12" number="5">20</token>
<token t_id="234" sentence="12" number="6">,</token>
<token t_id="235" sentence="12" number="7">000</token>
<token t_id="236" sentence="12" number="8">people</token>
<token t_id="237" sentence="12" number="9">took</token>
<token t_id="238" sentence="12" number="10">to</token>
<token t_id="239" sentence="12" number="11">the</token>
<token t_id="240" sentence="12" number="12">streets</token>
<token t_id="241" sentence="12" number="13">of</token>
<token t_id="242" sentence="12" number="14">Athens</token>
<token t_id="243" sentence="12" number="15">as</token>
<token t_id="244" sentence="12" number="16">rallies</token>
<token t_id="245" sentence="12" number="17">all</token>
<token t_id="246" sentence="12" number="18">around</token>
<token t_id="247" sentence="12" number="19">the</token>
<token t_id="248" sentence="12" number="20">country</token>
<token t_id="249" sentence="12" number="21">kicked</token>
<token t_id="250" sentence="12" number="22">off</token>
<token t_id="251" sentence="12" number="23">.</token>
<token t_id="252" sentence="13" number="0">Also</token>
<token t_id="253" sentence="13" number="1">in</token>
<token t_id="254" sentence="13" number="2">the</token>
<token t_id="255" sentence="13" number="3">capital</token>
<token t_id="256" sentence="13" number="4">,</token>
<token t_id="257" sentence="13" number="5">a</token>
<token t_id="258" sentence="13" number="6">large</token>
<token t_id="259" sentence="13" number="7">group</token>
<token t_id="260" sentence="13" number="8">of</token>
<token t_id="261" sentence="13" number="9">people</token>
<token t_id="262" sentence="13" number="10">attempted</token>
<token t_id="263" sentence="13" number="11">to</token>
<token t_id="264" sentence="13" number="12">break</token>
<token t_id="265" sentence="13" number="13">through</token>
<token t_id="266" sentence="13" number="14">a</token>
<token t_id="267" sentence="13" number="15">riot</token>
<token t_id="268" sentence="13" number="16">police</token>
<token t_id="269" sentence="13" number="17">cordon</token>
<token t_id="270" sentence="13" number="18">guarding</token>
<token t_id="271" sentence="13" number="19">the</token>
<token t_id="272" sentence="13" number="20">parliament</token>
<token t_id="273" sentence="13" number="21">building</token>
<token t_id="274" sentence="13" number="22">.</token>
<token t_id="275" sentence="14" number="0">The</token>
<token t_id="276" sentence="14" number="1">protesters</token>
<token t_id="277" sentence="14" number="2">launched</token>
<token t_id="278" sentence="14" number="3">rocks</token>
<token t_id="279" sentence="14" number="4">and</token>
<token t_id="280" sentence="14" number="5">petrol</token>
<token t_id="281" sentence="14" number="6">bombs</token>
<token t_id="282" sentence="14" number="7">at</token>
<token t_id="283" sentence="14" number="8">the</token>
<token t_id="284" sentence="14" number="9">officers</token>
<token t_id="285" sentence="14" number="10">,</token>
<token t_id="286" sentence="14" number="11">who</token>
<token t_id="287" sentence="14" number="12">responded</token>
<token t_id="288" sentence="14" number="13">with</token>
<token t_id="289" sentence="14" number="14">stun</token>
<token t_id="290" sentence="14" number="15">grenades</token>
<token t_id="291" sentence="14" number="16">and</token>
<token t_id="292" sentence="14" number="17">tear</token>
<token t_id="293" sentence="14" number="18">gas</token>
<token t_id="294" sentence="14" number="19">-</token>
<token t_id="295" sentence="14" number="20">filling</token>
<token t_id="296" sentence="14" number="21">Syntagma</token>
<token t_id="297" sentence="14" number="22">Square</token>
<token t_id="298" sentence="14" number="23">with</token>
<token t_id="299" sentence="14" number="24">chemical</token>
<token t_id="300" sentence="14" number="25">smoke</token>
<token t_id="301" sentence="14" number="26">.</token>
<token t_id="302" sentence="15" number="0">Violence</token>
<token t_id="303" sentence="15" number="1">was</token>
<token t_id="304" sentence="15" number="2">also</token>
<token t_id="305" sentence="15" number="3">reported</token>
<token t_id="306" sentence="15" number="4">in</token>
<token t_id="307" sentence="15" number="5">Thessaloniki</token>
<token t_id="308" sentence="15" number="6">,</token>
<token t_id="309" sentence="15" number="7">where</token>
<token t_id="310" sentence="15" number="8">a</token>
<token t_id="311" sentence="15" number="9">further</token>
<token t_id="312" sentence="15" number="10">20</token>
<token t_id="313" sentence="15" number="11">,</token>
<token t_id="314" sentence="15" number="12">000</token>
<token t_id="315" sentence="15" number="13">people</token>
<token t_id="316" sentence="15" number="14">joined</token>
<token t_id="317" sentence="15" number="15">the</token>
<token t_id="318" sentence="15" number="16">city's</token>
<token t_id="319" sentence="15" number="17">demonstrations</token>
<token t_id="320" sentence="15" number="18">.</token>
<token t_id="321" sentence="16" number="0">Greece</token>
<token t_id="322" sentence="16" number="1">has</token>
<token t_id="323" sentence="16" number="2">been</token>
<token t_id="324" sentence="16" number="3">paralysed</token>
<token t_id="325" sentence="16" number="4">by</token>
<token t_id="326" sentence="16" number="5">the</token>
<token t_id="327" sentence="16" number="6">strike</token>
<token t_id="328" sentence="16" number="7">and</token>
<token t_id="329" sentence="16" number="8">was</token>
<token t_id="330" sentence="16" number="9">effectively</token>
<token t_id="331" sentence="16" number="10">cut</token>
<token t_id="332" sentence="16" number="11">-</token>
<token t_id="333" sentence="16" number="12">off</token>
<token t_id="334" sentence="16" number="13">from</token>
<token t_id="335" sentence="16" number="14">the</token>
<token t_id="336" sentence="16" number="15">outside</token>
<token t_id="337" sentence="16" number="16">world</token>
<token t_id="338" sentence="16" number="17">.</token>
<token t_id="339" sentence="17" number="0">Flights</token>
<token t_id="340" sentence="17" number="1">to</token>
<token t_id="341" sentence="17" number="2">and</token>
<token t_id="342" sentence="17" number="3">from</token>
<token t_id="343" sentence="17" number="4">the</token>
<token t_id="344" sentence="17" number="5">country</token>
<token t_id="345" sentence="17" number="6">were</token>
<token t_id="346" sentence="17" number="7">grounded</token>
<token t_id="347" sentence="17" number="8">,</token>
<token t_id="348" sentence="17" number="9">while</token>
<token t_id="349" sentence="17" number="10">trains</token>
<token t_id="350" sentence="17" number="11">and</token>
<token t_id="351" sentence="17" number="12">ferries</token>
<token t_id="352" sentence="17" number="13">suspended</token>
<token t_id="353" sentence="17" number="14">their</token>
<token t_id="354" sentence="17" number="15">routes</token>
<token t_id="355" sentence="17" number="16">.</token>
<token t_id="356" sentence="18" number="0">Hospitals</token>
<token t_id="357" sentence="18" number="1">and</token>
<token t_id="358" sentence="18" number="2">schools</token>
<token t_id="359" sentence="18" number="3">were</token>
<token t_id="360" sentence="18" number="4">also</token>
<token t_id="361" sentence="18" number="5">hit</token>
<token t_id="362" sentence="18" number="6">.</token>
<token t_id="363" sentence="19" number="0">The</token>
<token t_id="364" sentence="19" number="1">Greek</token>
<token t_id="365" sentence="19" number="2">government</token>
<token t_id="366" sentence="19" number="3">is</token>
<token t_id="367" sentence="19" number="4">attempting</token>
<token t_id="368" sentence="19" number="5">to</token>
<token t_id="369" sentence="19" number="6">slice</token>
<token t_id="370" sentence="19" number="7">30bn</token>
<token t_id="371" sentence="19" number="8">euros</token>
<token t_id="372" sentence="19" number="9">(</token>
<token t_id="373" sentence="19" number="10">�25</token>
<token t_id="374" sentence="19" number="11">.</token>
<token t_id="375" sentence="19" number="12">7bn</token>
<token t_id="376" sentence="19" number="13">)</token>
<token t_id="377" sentence="19" number="14">from</token>
<token t_id="378" sentence="19" number="15">its</token>
<token t_id="379" sentence="19" number="16">deficit</token>
<token t_id="380" sentence="19" number="17">over</token>
<token t_id="381" sentence="19" number="18">the</token>
<token t_id="382" sentence="19" number="19">next</token>
<token t_id="383" sentence="19" number="20">three</token>
<token t_id="384" sentence="19" number="21">years</token>
<token t_id="385" sentence="19" number="22">.</token>
<token t_id="386" sentence="20" number="0">The</token>
<token t_id="387" sentence="20" number="1">country</token>
<token t_id="388" sentence="20" number="2">has</token>
<token t_id="389" sentence="20" number="3">to</token>
<token t_id="390" sentence="20" number="4">save</token>
<token t_id="391" sentence="20" number="5">money</token>
<token t_id="392" sentence="20" number="6">as</token>
<token t_id="393" sentence="20" number="7">a</token>
<token t_id="394" sentence="20" number="8">condition</token>
<token t_id="395" sentence="20" number="9">of</token>
<token t_id="396" sentence="20" number="10">a</token>
<token t_id="397" sentence="20" number="11">110bn</token>
<token t_id="398" sentence="20" number="12">-</token>
<token t_id="399" sentence="20" number="13">euro</token>
<token t_id="400" sentence="20" number="14">emergency</token>
<token t_id="401" sentence="20" number="15">rescue</token>
<token t_id="402" sentence="20" number="16">package</token>
<token t_id="403" sentence="20" number="17">from</token>
<token t_id="404" sentence="20" number="18">the</token>
<token t_id="405" sentence="20" number="19">European</token>
<token t_id="406" sentence="20" number="20">Union</token>
<token t_id="407" sentence="20" number="21">and</token>
<token t_id="408" sentence="20" number="22">the</token>
<token t_id="409" sentence="20" number="23">International</token>
<token t_id="410" sentence="20" number="24">Monetary</token>
<token t_id="411" sentence="20" number="25">Fund</token>
<token t_id="412" sentence="20" number="26">.</token>
<token t_id="413" sentence="21" number="0">Ordinary</token>
<token t_id="414" sentence="21" number="1">workers</token>
<token t_id="415" sentence="21" number="2">are</token>
<token t_id="416" sentence="21" number="3">furious</token>
<token t_id="417" sentence="21" number="4">.</token>
<token t_id="418" sentence="22" number="0">Trade</token>
<token t_id="419" sentence="22" number="1">unions</token>
<token t_id="420" sentence="22" number="2">say</token>
<token t_id="421" sentence="22" number="3">their</token>
<token t_id="422" sentence="22" number="4">members</token>
<token t_id="423" sentence="22" number="5">are</token>
<token t_id="424" sentence="22" number="6">having</token>
<token t_id="425" sentence="22" number="7">to</token>
<token t_id="426" sentence="22" number="8">pay</token>
<token t_id="427" sentence="22" number="9">for</token>
<token t_id="428" sentence="22" number="10">an</token>
<token t_id="429" sentence="22" number="11">economic</token>
<token t_id="430" sentence="22" number="12">crisis</token>
<token t_id="431" sentence="22" number="13">that</token>
<token t_id="432" sentence="22" number="14">has</token>
<token t_id="433" sentence="22" number="15">been</token>
<token t_id="434" sentence="22" number="16">created</token>
<token t_id="435" sentence="22" number="17">by</token>
<token t_id="436" sentence="22" number="18">corrupt</token>
<token t_id="437" sentence="22" number="19">politicians</token>
<token t_id="438" sentence="23" number="0">The</token>
<token t_id="439" sentence="23" number="1">vice</token>
<token t_id="440" sentence="23" number="2">president</token>
<token t_id="441" sentence="23" number="3">of</token>
<token t_id="442" sentence="23" number="4">the</token>
<token t_id="443" sentence="23" number="5">civil</token>
<token t_id="444" sentence="23" number="6">servants'</token>
<token t_id="445" sentence="23" number="7">union</token>
<token t_id="446" sentence="23" number="8">,</token>
<token t_id="447" sentence="23" number="9">Elias</token>
<token t_id="448" sentence="23" number="10">Vrettakos</token>
<token t_id="449" sentence="23" number="11">,</token>
<token t_id="450" sentence="23" number="12">told</token>
<token t_id="451" sentence="23" number="13">Sky</token>
<token t_id="452" sentence="23" number="14">News</token>
<token t_id="453" sentence="23" number="15">:</token>
<token t_id="454" sentence="23" number="16">"The</token>
<token t_id="455" sentence="23" number="17">measures</token>
<token t_id="456" sentence="23" number="18">of</token>
<token t_id="457" sentence="23" number="19">the</token>
<token t_id="458" sentence="23" number="20">government</token>
<token t_id="459" sentence="23" number="21">overtake</token>
<token t_id="460" sentence="23" number="22">our</token>
<token t_id="461" sentence="23" number="23">historic</token>
<token t_id="462" sentence="23" number="24">gains</token>
<token t_id="463" sentence="23" number="25">and</token>
<token t_id="464" sentence="23" number="26">abolish</token>
<token t_id="465" sentence="23" number="27">our</token>
<token t_id="466" sentence="23" number="28">rights</token>
<token t_id="467" sentence="23" number="29">and</token>
<token t_id="468" sentence="23" number="30">return</token>
<token t_id="469" sentence="23" number="31">society</token>
<token t_id="470" sentence="23" number="32">back</token>
<token t_id="471" sentence="23" number="33">to</token>
<token t_id="472" sentence="23" number="34">the</token>
<token t_id="473" sentence="23" number="35">1960s</token>
<token t_id="474" sentence="23" number="36">.</token>
<token t_id="475" sentence="23" number="37">"</token>
<token t_id="476" sentence="24" number="0">Other</token>
<token t_id="477" sentence="24" number="1">union</token>
<token t_id="478" sentence="24" number="2">leaders</token>
<token t_id="479" sentence="24" number="3">have</token>
<token t_id="480" sentence="24" number="4">called</token>
<token t_id="481" sentence="24" number="5">the</token>
<token t_id="482" sentence="24" number="6">cuts</token>
<token t_id="483" sentence="24" number="7">"savage</token>
<token t_id="484" sentence="24" number="8">attacks</token>
<token t_id="485" sentence="24" number="9">on</token>
<token t_id="486" sentence="24" number="10">workers'</token>
<token t_id="487" sentence="24" number="11">rights"</token>
<token t_id="488" sentence="24" number="12">.</token>
<token t_id="489" sentence="25" number="0">Markets</token>
<token t_id="490" sentence="25" number="1">around</token>
<token t_id="491" sentence="25" number="2">the</token>
<token t_id="492" sentence="25" number="3">world</token>
<token t_id="493" sentence="25" number="4">remained</token>
<token t_id="494" sentence="25" number="5">sceptical</token>
<token t_id="495" sentence="25" number="6">about</token>
<token t_id="496" sentence="25" number="7">the</token>
<token t_id="497" sentence="25" number="8">bail</token>
<token t_id="498" sentence="25" number="9">-</token>
<token t_id="499" sentence="25" number="10">out</token>
<token t_id="500" sentence="25" number="11">,</token>
<token t_id="501" sentence="25" number="12">as</token>
<token t_id="502" sentence="25" number="13">concerns</token>
<token t_id="503" sentence="25" number="14">grew</token>
<token t_id="504" sentence="25" number="15">about</token>
<token t_id="505" sentence="25" number="16">the</token>
<token t_id="506" sentence="25" number="17">economic</token>
<token t_id="507" sentence="25" number="18">crisis</token>
<token t_id="508" sentence="25" number="19">in</token>
<token t_id="509" sentence="25" number="20">the</token>
<token t_id="510" sentence="25" number="21">eurozone</token>
<token t_id="511" sentence="25" number="22">and</token>
<token t_id="512" sentence="25" number="23">fears</token>
<token t_id="513" sentence="25" number="24">it</token>
<token t_id="514" sentence="25" number="25">will</token>
<token t_id="515" sentence="25" number="26">spead</token>
<token t_id="516" sentence="25" number="27">.</token>


<Markables>
<ACTION_OCCURRENCE m_id="1" climaxEvent="FALSE" comment=""  >
<token_anchor t_id="302"/>
</ACTION_OCCURRENCE>
<ACTION_OCCURRENCE m_id="2" climaxEvent="FALSE" comment=""  >
<token_anchor t_id="215"/>
</ACTION_OCCURRENCE>
<ACTION_OCCURRENCE m_id="3" climaxEvent="FALSE" comment=""  >
<token_anchor t_id="218"/>
</ACTION_OCCURRENCE>
<ACTION_OCCURRENCE m_id="4" climaxEvent="FALSE" comment=""  >
<token_anchor t_id="237"/>
<token_anchor t_id="238"/>
</ACTION_OCCURRENCE>
<ACTION_OCCURRENCE m_id="5" climaxEvent="FALSE" comment=""  >
<token_anchor t_id="244"/>
</ACTION_OCCURRENCE>
<ACTION_OCCURRENCE m_id="6" climaxEvent="TRUE" comment=""  >
<token_anchor t_id="31"/>
</ACTION_OCCURRENCE>
<ACTION_OCCURRENCE m_id="7" climaxEvent="FALSE" comment=""  >
<token_anchor t_id="50"/>
</ACTION_OCCURRENCE>
<ACTION_OCCURRENCE m_id="8" climaxEvent="FALSE" comment=""  >
<token_anchor t_id="264"/>
<token_anchor t_id="265"/>
</ACTION_OCCURRENCE>
<ACTION_OCCURRENCE m_id="9" climaxEvent="FALSE" comment=""  >
<token_anchor t_id="55"/>
<token_anchor t_id="56"/>
</ACTION_OCCURRENCE>
<ACTION_OCCURRENCE m_id="10" climaxEvent="FALSE" comment=""  >
<token_anchor t_id="270"/>
</ACTION_OCCURRENCE>
<ACTION_OCCURRENCE m_id="11" climaxEvent="FALSE" comment=""  >
<token_anchor t_id="65"/>
</ACTION_OCCURRENCE>
<ACTION_OCCURRENCE m_id="12" climaxEvent="FALSE" comment=""  >
<token_anchor t_id="69"/>
</ACTION_OCCURRENCE>
<ACTION_OCCURRENCE m_id="13" climaxEvent="FALSE" comment=""  >
<token_anchor t_id="72"/>
</ACTION_OCCURRENCE>
<ACTION_OCCURRENCE m_id="14" climaxEvent="FALSE" comment=""  >
<token_anchor t_id="79"/>
</ACTION_OCCURRENCE>
<ACTION_OCCURRENCE m_id="15" climaxEvent="FALSE" comment=""  >
<token_anchor t_id="91"/>
</ACTION_OCCURRENCE>
<ACTION_OCCURRENCE m_id="16" climaxEvent="FALSE" comment=""  >
<token_anchor t_id="96"/>
</ACTION_OCCURRENCE>
<ACTION_OCCURRENCE m_id="17" climaxEvent="FALSE" comment=""  >
<token_anchor t_id="110"/>
</ACTION_OCCURRENCE>
<ACTION_OCCURRENCE m_id="18" climaxEvent="FALSE" comment=""  >
<token_anchor t_id="114"/>
<token_anchor t_id="115"/>
<token_anchor t_id="116"/>
<token_anchor t_id="117"/>
</ACTION_OCCURRENCE>
<ACTION_OCCURRENCE m_id="19" climaxEvent="FALSE" comment=""  >
<token_anchor t_id="121"/>
</ACTION_OCCURRENCE>
<ACTION_OCCURRENCE m_id="20" climaxEvent="FALSE" comment=""  >
<token_anchor t_id="128"/>
</ACTION_OCCURRENCE>
<ACTION_OCCURRENCE m_id="21" climaxEvent="FALSE" comment=""  >
<token_anchor t_id="287"/>
</ACTION_OCCURRENCE>
<ACTION_OCCURRENCE m_id="22" climaxEvent="FALSE" comment=""  >
<token_anchor t_id="213"/>
</ACTION_OCCURRENCE>
<ACTION_OCCURRENCE m_id="23" climaxEvent="FALSE" comment=""  >
<token_anchor t_id="316"/>
</ACTION_OCCURRENCE>
<ACTION_ASPECTUAL m_id="24" climaxEvent="FALSE" comment=""  >
<token_anchor t_id="249"/>
<token_anchor t_id="250"/>
</ACTION_ASPECTUAL>
<ACTION_OCCURRENCE m_id="25" climaxEvent="FALSE" comment=""  >
<token_anchor t_id="319"/>
</ACTION_OCCURRENCE>
<ACTION_OCCURRENCE m_id="26" climaxEvent="FALSE" comment=""  >
<token_anchor t_id="262"/>
</ACTION_OCCURRENCE>
<ACTION_OCCURRENCE m_id="27" climaxEvent="FALSE" comment=""  >
<token_anchor t_id="35"/>
</ACTION_OCCURRENCE>
<ACTION_OCCURRENCE m_id="28" climaxEvent="FALSE" comment=""  >
<token_anchor t_id="277"/>
</ACTION_OCCURRENCE>
<ACTION_OCCURRENCE m_id="29" climaxEvent="TRUE" comment=""  >
<token_anchor t_id="37"/>
</ACTION_OCCURRENCE>
<ACTION_REPORTING m_id="30" comment=""  >
<token_anchor t_id="229"/>
</ACTION_REPORTING>
<ACTION_REPORTING m_id="31" comment=""  >
<token_anchor t_id="305"/>
</ACTION_REPORTING>
<HUMAN_PART_ORG m_id="33"  >
<token_anchor t_id="228"/>
</HUMAN_PART_ORG>
<HUMAN_PART_ORG m_id="32"  >
<token_anchor t_id="78"/>
</HUMAN_PART_ORG>
<HUMAN_PART_PER m_id="34" comment=""  >
<token_anchor t_id="52"/>
</HUMAN_PART_PER>
<HUMAN_PART_PER m_id="35" comment=""  >
<token_anchor t_id="81"/>
</HUMAN_PART_PER>
<HUMAN_PART_PER m_id="36" comment=""  >
<token_anchor t_id="90"/>
</HUMAN_PART_PER>
<HUMAN_PART_PER m_id="37" comment=""  >
<token_anchor t_id="236"/>
</HUMAN_PART_PER>
<HUMAN_PART_PER m_id="38" comment=""  >
<token_anchor t_id="47"/>
<token_anchor t_id="48"/>
</HUMAN_PART_PER>
<HUMAN_PART_PER m_id="39" comment=""  >
<token_anchor t_id="104"/>
</HUMAN_PART_PER>
<HUMAN_PART_PER m_id="40" comment=""  >
<token_anchor t_id="107"/>
</HUMAN_PART_PER>
<HUMAN_PART_PER m_id="41" comment=""  >
<token_anchor t_id="120"/>
</HUMAN_PART_PER>
<HUMAN_PART_PER m_id="42" comment=""  >
<token_anchor t_id="127"/>
</HUMAN_PART_PER>
<HUMAN_PART_PER m_id="43" comment=""  >
<token_anchor t_id="131"/>
</HUMAN_PART_PER>
<HUMAN_PART_PER m_id="44" comment=""  >
<token_anchor t_id="261"/>
</HUMAN_PART_PER>
<HUMAN_PART_PER m_id="45" comment=""  >
<token_anchor t_id="276"/>
</HUMAN_PART_PER>
<HUMAN_PART_PER m_id="46" comment=""  >
<token_anchor t_id="284"/>
</HUMAN_PART_PER>
<HUMAN_PART_PER m_id="47" comment=""  >
<token_anchor t_id="30"/>
</HUMAN_PART_PER>
<HUMAN_PART_PER m_id="48" comment=""  >
<token_anchor t_id="101"/>
</HUMAN_PART_PER>
<HUMAN_PART_PER m_id="49" comment=""  >
<token_anchor t_id="315"/>
</HUMAN_PART_PER>
<LOC_FAC m_id="50"  >
<token_anchor t_id="273"/>
</LOC_FAC>
<LOC_FAC m_id="51"  >
<token_anchor t_id="32"/>
<token_anchor t_id="33"/>
<token_anchor t_id="34"/>
</LOC_FAC>
<LOC_FAC m_id="52"  >
<token_anchor t_id="58"/>
<token_anchor t_id="59"/>
<token_anchor t_id="60"/>
<token_anchor t_id="61"/>
</LOC_FAC>
<LOC_FAC m_id="53"  >
<token_anchor t_id="113"/>
</LOC_FAC>
<LOC_GEO m_id="54" comment=""  >
<token_anchor t_id="239"/>
<token_anchor t_id="240"/>
<token_anchor t_id="241"/>
<token_anchor t_id="242"/>
</LOC_GEO>
<LOC_GEO m_id="55" comment=""  >
<token_anchor t_id="245"/>
<token_anchor t_id="246"/>
<token_anchor t_id="247"/>
<token_anchor t_id="248"/>
</LOC_GEO>
<LOC_GEO m_id="56" comment=""  >
<token_anchor t_id="253"/>
<token_anchor t_id="254"/>
<token_anchor t_id="255"/>
</LOC_GEO>
<LOC_GEO m_id="57" comment=""  >
<token_anchor t_id="296"/>
<token_anchor t_id="297"/>
</LOC_GEO>
<LOC_GEO m_id="58" comment=""  >
<token_anchor t_id="307"/>
</LOC_GEO>
<LOC_GEO m_id="59" comment=""  >
<token_anchor t_id="53"/>
<token_anchor t_id="54"/>
</LOC_GEO>
<LOC_GEO m_id="60" comment=""  >
<token_anchor t_id="82"/>
<token_anchor t_id="83"/>
<token_anchor t_id="84"/>
</LOC_GEO>
<NON_HUMAN_PART m_id="65" comment=""  >
<token_anchor t_id="290"/>
</NON_HUMAN_PART>
<NON_HUMAN_PART m_id="66" comment=""  >
<token_anchor t_id="300"/>
</NON_HUMAN_PART>
<NON_HUMAN_PART m_id="67" comment=""  >
<token_anchor t_id="226"/>
</NON_HUMAN_PART>
<NON_HUMAN_PART m_id="61" comment=""  >
<token_anchor t_id="124"/>
</NON_HUMAN_PART>
<NON_HUMAN_PART m_id="62" comment=""  >
<token_anchor t_id="269"/>
</NON_HUMAN_PART>
<NON_HUMAN_PART m_id="63" comment=""  >
<token_anchor t_id="278"/>
</NON_HUMAN_PART>
<NON_HUMAN_PART m_id="64" comment=""  >
<token_anchor t_id="281"/>
</NON_HUMAN_PART>
<NON_HUMAN_PART_GENERIC m_id="68"  >
<token_anchor t_id="75"/>
</NON_HUMAN_PART_GENERIC>
<TIME_OF_THE_DAY m_id="69" DCT="TRUE" value="2010-05-05T19:00Z" anchorTimeID=""  >
<token_anchor t_id="38"/>
<token_anchor t_id="39"/>
<token_anchor t_id="40"/>
<token_anchor t_id="41"/>
<token_anchor t_id="42"/>
<token_anchor t_id="43"/>
<token_anchor t_id="44"/>
<token_anchor t_id="45"/>
<token_anchor t_id="46"/>
</TIME_OF_THE_DAY>


<ACTION_OCCURRENCE m_id="70" RELATED_TO="" TAG_DESCRIPTOR="t8_fighting" climaxEvent="FALSE" comment="" />
<LOC_FAC m_id="71" RELATED_TO="" TAG_DESCRIPTOR="t8_buildings" />
<ACTION_OCCURRENCE m_id="72" RELATED_TO="" TAG_DESCRIPTOR="t8_bomb_attack_eallier" climaxEvent="FALSE" comment="" />
<ACTION_OCCURRENCE m_id="73" RELATED_TO="" TAG_DESCRIPTOR="t8_strike" climaxEvent="FALSE" comment="" />
<LOC_GEO m_id="74" RELATED_TO="" TAG_DESCRIPTOR="t8_athens" comment="" />
<ACTION_OCCURRENCE m_id="75" RELATED_TO="" TAG_DESCRIPTOR="t8_cuts" climaxEvent="FALSE" comment="" />
<ACTION_OCCURRENCE m_id="76" RELATED_TO="" TAG_DESCRIPTOR="t8_demonstrations" climaxEvent="FALSE" comment="" />
<NON_HUMAN_PART m_id="77" RELATED_TO="" TAG_DESCRIPTOR="t8_bomb" comment="" />
<HUMAN_PART_ORG m_id="78" RELATED_TO="" TAG_DESCRIPTOR="t8_police" />
<LOC_GEO m_id="79" RELATED_TO="" TAG_DESCRIPTOR="t8_thessaloniki" comment="" />
<LOC_FAC m_id="80" RELATED_TO="" TAG_DESCRIPTOR="t8_bank" />
<ACTION_OCCURRENCE m_id="81" RELATED_TO="" TAG_DESCRIPTOR="t8_took_to_streets" climaxEvent="FALSE" comment="" />
<ACTION_OCCURRENCE m_id="82" RELATED_TO="" TAG_DESCRIPTOR="t8_bank_workers_died" climaxEvent="FALSE" comment="" />
<HUMAN_PART_PER m_id="83" RELATED_TO="" TAG_DESCRIPTOR="t8_bank_workers" comment="" />
<HUMAN_PART_PER m_id="84" RELATED_TO="" TAG_DESCRIPTOR="t8_demonstrators" comment="" />
<ACTION_OCCURRENCE m_id="85" RELATED_TO="" TAG_DESCRIPTOR="t8_torched" climaxEvent="FALSE" comment="" />
<ACTION_OCCURRENCE m_id="86" RELATED_TO="" TAG_DESCRIPTOR="t8_fire_bank" climaxEvent="FALSE" comment="" />
<TIME_DATE m_id="87" RELATED_TO="" TAG_DESCRIPTOR="t_2010-05-05" comment="" DCT="FALSE" value="2010-05-05" anchorTimeID="69" />
</Markables>

<Relations>
<TLINK r_id="241314" contextualModality="" relType="CONTAINS" comment="" >
<source m_id="87" />
<target m_id="7" />
</TLINK>
<TLINK r_id="241315" contextualModality="" relType="CONTAINS" comment="" >
<source m_id="87" />
<target m_id="9" />
</TLINK>
<TLINK r_id="241316" contextualModality="" relType="CONTAINS" comment="" >
<source m_id="87" />
<target m_id="11" />
</TLINK>
<TLINK r_id="241319" contextualModality="" relType="CONTAINS" comment="" >
<source m_id="87" />
<target m_id="14" />
</TLINK>
<TLINK r_id="241320" contextualModality="" relType="CONTAINS" comment="" >
<source m_id="87" />
<target m_id="15" />
</TLINK>
<TLINK r_id="241321" contextualModality="" relType="CONTAINS" comment="" >
<source m_id="87" />
<target m_id="16" />
</TLINK>
<TLINK r_id="241322" contextualModality="" relType="CONTAINS" comment="" >
<source m_id="87" />
<target m_id="17" />
</TLINK>
<TLINK r_id="241323" contextualModality="" relType="CONTAINS" comment="" >
<source m_id="87" />
<target m_id="18" />
</TLINK>
<TLINK r_id="241324" contextualModality="" relType="CONTAINS" comment="" >
<source m_id="87" />
<target m_id="19" />
</TLINK>
<TLINK r_id="241325" contextualModality="" relType="CONTAINS" comment="" >
<source m_id="87" />
<target m_id="20" />
</TLINK>
<TLINK r_id="241326" contextualModality="" relType="CONTAINS" comment="" >
<source m_id="87" />
<target m_id="2" />
</TLINK>
<TLINK r_id="241327" contextualModality="" relType="CONTAINS" comment="" >
<source m_id="87" />
<target m_id="3" />
</TLINK>
<TLINK r_id="241328" contextualModality="" relType="CONTAINS" comment="" >
<source m_id="87" />
<target m_id="4" />
</TLINK>
<TLINK r_id="241329" contextualModality="" relType="CONTAINS" comment="" >
<source m_id="87" />
<target m_id="5" />
</TLINK>
<TLINK r_id="241330" contextualModality="" relType="CONTAINS" comment="" >
<source m_id="87" />
<target m_id="6" />
</TLINK>
<TLINK r_id="241331" contextualModality="" relType="CONTAINS" comment="" >
<source m_id="87" />
<target m_id="27" />
</TLINK>
<TLINK r_id="241332" contextualModality="" relType="CONTAINS" comment="" >
<source m_id="87" />
<target m_id="8" />
</TLINK>
<TLINK r_id="241333" contextualModality="" relType="CONTAINS" comment="" >
<source m_id="87" />
<target m_id="10" />
</TLINK>
<TLINK r_id="241334" contextualModality="" relType="CONTAINS" comment="" >
<source m_id="87" />
<target m_id="28" />
</TLINK>
<TLINK r_id="241335" contextualModality="" relType="CONTAINS" comment="" >
<source m_id="87" />
<target m_id="21" />
</TLINK>
<TLINK r_id="241336" contextualModality="" relType="CONTAINS" comment="" >
<source m_id="87" />
<target m_id="1" />
</TLINK>
<TLINK r_id="241337" contextualModality="" relType="CONTAINS" comment="" >
<source m_id="87" />
<target m_id="23" />
</TLINK>
<TLINK r_id="241338" contextualModality="" relType="CONTAINS" comment="" >
<source m_id="87" />
<target m_id="25" />
</TLINK>
<TLINK r_id="241339" contextualModality="" relType="AFTER" comment="" >
<source m_id="69" />
<target m_id="7" />
</TLINK>
<TLINK r_id="241340" contextualModality="" relType="AFTER" comment="" >
<source m_id="69" />
<target m_id="9" />
</TLINK>
<TLINK r_id="241341" contextualModality="" relType="AFTER" comment="" >
<source m_id="69" />
<target m_id="11" />
</TLINK>
<TLINK r_id="241342" contextualModality="" relType="BEFORE" comment="" >
<source m_id="69" />
<target m_id="12" />
</TLINK>
<TLINK r_id="241343" contextualModality="" relType="BEFORE" comment="" >
<source m_id="69" />
<target m_id="13" />
</TLINK>
<TLINK r_id="241344" contextualModality="" relType="AFTER" comment="" >
<source m_id="69" />
<target m_id="14" />
</TLINK>
<TLINK r_id="241345" contextualModality="" relType="AFTER" comment="" >
<source m_id="69" />
<target m_id="15" />
</TLINK>
<TLINK r_id="241346" contextualModality="" relType="AFTER" comment="" >
<source m_id="69" />
<target m_id="16" />
</TLINK>
<TLINK r_id="241347" contextualModality="" relType="AFTER" comment="" >
<source m_id="69" />
<target m_id="17" />
</TLINK>
<TLINK r_id="241348" contextualModality="" relType="AFTER" comment="" >
<source m_id="69" />
<target m_id="18" />
</TLINK>
<TLINK r_id="241349" contextualModality="" relType="AFTER" comment="" >
<source m_id="69" />
<target m_id="19" />
</TLINK>
<TLINK r_id="241350" contextualModality="" relType="AFTER" comment="" >
<source m_id="69" />
<target m_id="20" />
</TLINK>
<TLINK r_id="241351" contextualModality="" relType="AFTER" comment="" >
<source m_id="69" />
<target m_id="22" />
</TLINK>
<TLINK r_id="241352" contextualModality="" relType="AFTER" comment="" >
<source m_id="69" />
<target m_id="2" />
</TLINK>
<TLINK r_id="241353" contextualModality="" relType="AFTER" comment="" >
<source m_id="69" />
<target m_id="3" />
</TLINK>
<TLINK r_id="241354" contextualModality="" relType="AFTER" comment="" >
<source m_id="69" />
<target m_id="4" />
</TLINK>
<TLINK r_id="241355" contextualModality="" relType="AFTER" comment="" >
<source m_id="69" />
<target m_id="5" />
</TLINK>
<TLINK r_id="241358" contextualModality="" relType="AFTER" comment="" >
<source m_id="69" />
<target m_id="8" />
</TLINK>
<TLINK r_id="241359" contextualModality="" relType="AFTER" comment="" >
<source m_id="69" />
<target m_id="10" />
</TLINK>
<TLINK r_id="241360" contextualModality="" relType="AFTER" comment="" >
<source m_id="69" />
<target m_id="28" />
</TLINK>
<TLINK r_id="241361" contextualModality="" relType="AFTER" comment="" >
<source m_id="69" />
<target m_id="21" />
</TLINK>
<TLINK r_id="241362" contextualModality="" relType="AFTER" comment="" >
<source m_id="69" />
<target m_id="1" />
</TLINK>
<TLINK r_id="241363" contextualModality="" relType="AFTER" comment="" >
<source m_id="69" />
<target m_id="23" />
</TLINK>
<TLINK r_id="241364" contextualModality="" relType="AFTER" comment="" >
<source m_id="69" />
<target m_id="25" />
</TLINK>
<PLOT_LINK r_id="241365" SIGNAL="" relType="FALLING_ACTION" CAUSES="FALSE" CAUSED_BY="FALSE" >
<source m_id="6" />
<target m_id="27" />
</PLOT_LINK>
<PLOT_LINK r_id="241366" SIGNAL="" relType="FALLING_ACTION" CAUSES="FALSE" CAUSED_BY="FALSE" >
<source m_id="27" />
<target m_id="29" />
</PLOT_LINK>
<PLOT_LINK r_id="241367" SIGNAL="" relType="FALLING_ACTION" CAUSES="FALSE" CAUSED_BY="FALSE" >
<source m_id="7" />
<target m_id="9" />
</PLOT_LINK>
<PLOT_LINK r_id="241368" SIGNAL="" relType="FALLING_ACTION" CAUSES="FALSE" CAUSED_BY="FALSE" >
<source m_id="9" />
<target m_id="11" />
</PLOT_LINK>
<PLOT_LINK r_id="241369" SIGNAL="" relType="FALLING_ACTION" CAUSES="FALSE" CAUSED_BY="FALSE" >
<source m_id="11" />
<target m_id="12" />
</PLOT_LINK>
<PLOT_LINK r_id="241370" SIGNAL="" relType="PRECONDITION" CAUSES="FALSE" CAUSED_BY="FALSE" >
<source m_id="12" />
<target m_id="13" />
</PLOT_LINK>
<PLOT_LINK r_id="241371" SIGNAL="" relType="PRECONDITION" CAUSES="FALSE" CAUSED_BY="FALSE" >
<source m_id="11" />
<target m_id="14" />
</PLOT_LINK>
<PLOT_LINK r_id="241372" SIGNAL="" relType="FALLING_ACTION" CAUSES="FALSE" CAUSED_BY="FALSE" >
<source m_id="14" />
<target m_id="15" />
</PLOT_LINK>
<PLOT_LINK r_id="241373" SIGNAL="" relType="FALLING_ACTION" CAUSES="FALSE" CAUSED_BY="FALSE" >
<source m_id="14" />
<target m_id="16" />
</PLOT_LINK>
<PLOT_LINK r_id="241374" SIGNAL="" relType="FALLING_ACTION" CAUSES="FALSE" CAUSED_BY="FALSE" >
<source m_id="17" />
<target m_id="18" />
</PLOT_LINK>
<PLOT_LINK r_id="241375" SIGNAL="" relType="FALLING_ACTION" CAUSES="FALSE" CAUSED_BY="FALSE" >
<source m_id="18" />
<target m_id="19" />
</PLOT_LINK>
<PLOT_LINK r_id="241376" SIGNAL="" relType="PRECONDITION" CAUSES="FALSE" CAUSED_BY="FALSE" >
<source m_id="18" />
<target m_id="20" />
</PLOT_LINK>
<PLOT_LINK r_id="241377" SIGNAL="2" relType="FALLING_ACTION" CAUSES="TRUE" CAUSED_BY="FALSE" >
<source m_id="22" />
<target m_id="3" />
</PLOT_LINK>
<PLOT_LINK r_id="241378" SIGNAL="" relType="FALLING_ACTION" CAUSES="FALSE" CAUSED_BY="FALSE" >
<source m_id="3" />
<target m_id="5" />
</PLOT_LINK>
<PLOT_LINK r_id="241379" SIGNAL="" relType="PRECONDITION" CAUSES="FALSE" CAUSED_BY="FALSE" >
<source m_id="22" />
<target m_id="8" />
</PLOT_LINK>
<PLOT_LINK r_id="241380" SIGNAL="" relType="PRECONDITION" CAUSES="FALSE" CAUSED_BY="FALSE" >
<source m_id="22" />
<target m_id="5" />
</PLOT_LINK>
<PLOT_LINK r_id="241381" SIGNAL="" relType="PRECONDITION" CAUSES="FALSE" CAUSED_BY="FALSE" >
<source m_id="22" />
<target m_id="28" />
</PLOT_LINK>
<PLOT_LINK r_id="241382" SIGNAL="" relType="PRECONDITION" CAUSES="FALSE" CAUSED_BY="FALSE" >
<source m_id="28" />
<target m_id="21" />
</PLOT_LINK>
<PLOT_LINK r_id="241383" SIGNAL="" relType="FALLING_ACTION" CAUSES="FALSE" CAUSED_BY="FALSE" >
<source m_id="1" />
<target m_id="25" />
</PLOT_LINK>
<PLOT_LINK r_id="241384" SIGNAL="" relType="PRECONDITION" CAUSES="FALSE" CAUSED_BY="FALSE" >
<source m_id="22" />
<target m_id="1" />
</PLOT_LINK>
<TLINK r_id="252303" contextualModality="" relType="CONTAINS" comment="" >
<source m_id="87" />
<target m_id="29" />
</TLINK>
</Relations>
</Document>
