<Document doc_name="8_9ecbplus.xml">
<token t_id="1" sentence="0" number="0">http</token>
<token t_id="2" sentence="0" number="1">:</token>
<token t_id="3" sentence="0" number="2">/</token>
<token t_id="4" sentence="0" number="3">/</token>
<token t_id="5" sentence="0" number="4">www</token>
<token t_id="6" sentence="0" number="5">.</token>
<token t_id="7" sentence="0" number="6">foxnews</token>
<token t_id="8" sentence="0" number="7">.</token>
<token t_id="9" sentence="0" number="8">com</token>
<token t_id="10" sentence="0" number="9">/</token>
<token t_id="11" sentence="0" number="10">world</token>
<token t_id="12" sentence="0" number="11">/</token>
<token t_id="13" sentence="0" number="12">2010</token>
<token t_id="14" sentence="0" number="13">/</token>
<token t_id="15" sentence="0" number="14">05</token>
<token t_id="16" sentence="0" number="15">/</token>
<token t_id="17" sentence="0" number="16">05</token>
<token t_id="18" sentence="0" number="17">/</token>
<token t_id="19" sentence="0" number="18">brigade</token>
<token t_id="20" sentence="0" number="19">-</token>
<token t_id="21" sentence="0" number="20">says</token>
<token t_id="22" sentence="0" number="21">-</token>
<token t_id="23" sentence="0" number="22">person</token>
<token t_id="24" sentence="0" number="23">-</token>
<token t_id="25" sentence="0" number="24">dead</token>
<token t_id="26" sentence="0" number="25">-</token>
<token t_id="27" sentence="0" number="26">bank</token>
<token t_id="28" sentence="0" number="27">-</token>
<token t_id="29" sentence="0" number="28">riots</token>
<token t_id="30" sentence="0" number="29">-</token>
<token t_id="31" sentence="0" number="30">demonstration</token>
<token t_id="32" sentence="0" number="31">/</token>
<token t_id="33" sentence="1" number="0">Greek</token>
<token t_id="34" sentence="1" number="1">Prime</token>
<token t_id="35" sentence="1" number="2">Minister</token>
<token t_id="36" sentence="1" number="3">Calls</token>
<token t_id="37" sentence="1" number="4">Bank</token>
<token t_id="38" sentence="1" number="5">Workers'</token>
<token t_id="39" sentence="1" number="6">Riot</token>
<token t_id="40" sentence="1" number="7">Deaths</token>
<token t_id="41" sentence="1" number="8">'Murder'</token>
<token t_id="42" sentence="2" number="0">Published</token>
<token t_id="43" sentence="2" number="1">May</token>
<token t_id="44" sentence="2" number="2">05</token>
<token t_id="45" sentence="2" number="3">,</token>
<token t_id="46" sentence="2" number="4">2010</token>
<token t_id="47" sentence="3" number="0">The</token>
<token t_id="48" sentence="3" number="1">Greek</token>
<token t_id="49" sentence="3" number="2">prime</token>
<token t_id="50" sentence="3" number="3">minister</token>
<token t_id="51" sentence="3" number="4">has</token>
<token t_id="52" sentence="3" number="5">denounced</token>
<token t_id="53" sentence="3" number="6">what</token>
<token t_id="54" sentence="3" number="7">he</token>
<token t_id="55" sentence="3" number="8">called</token>
<token t_id="56" sentence="3" number="9">the</token>
<token t_id="57" sentence="3" number="10">"murder"</token>
<token t_id="58" sentence="3" number="11">of</token>
<token t_id="59" sentence="3" number="12">three</token>
<token t_id="60" sentence="3" number="13">bank</token>
<token t_id="61" sentence="3" number="14">workers</token>
<token t_id="62" sentence="3" number="15">killed</token>
<token t_id="63" sentence="3" number="16">when</token>
<token t_id="64" sentence="3" number="17">the</token>
<token t_id="65" sentence="3" number="18">building</token>
<token t_id="66" sentence="3" number="19">they</token>
<token t_id="67" sentence="3" number="20">were</token>
<token t_id="68" sentence="3" number="21">in</token>
<token t_id="69" sentence="3" number="22">was</token>
<token t_id="70" sentence="3" number="23">torched</token>
<token t_id="71" sentence="3" number="24">during</token>
<token t_id="72" sentence="3" number="25">protests</token>
<token t_id="73" sentence="3" number="26">in</token>
<token t_id="74" sentence="3" number="27">Athens</token>
<token t_id="75" sentence="3" number="28">against</token>
<token t_id="76" sentence="3" number="29">harsh</token>
<token t_id="77" sentence="3" number="30">new</token>
<token t_id="78" sentence="3" number="31">austerity</token>
<token t_id="79" sentence="3" number="32">measures</token>
<token t_id="80" sentence="3" number="33">.</token>
<token t_id="81" sentence="4" number="0">Prime</token>
<token t_id="82" sentence="4" number="1">Minister</token>
<token t_id="83" sentence="4" number="2">George</token>
<token t_id="84" sentence="4" number="3">Papandreou</token>
<token t_id="85" sentence="4" number="4">vowed</token>
<token t_id="86" sentence="4" number="5">Wednesday</token>
<token t_id="87" sentence="4" number="6">that</token>
<token t_id="88" sentence="4" number="7">those</token>
<token t_id="89" sentence="4" number="8">responsible</token>
<token t_id="90" sentence="4" number="9">for</token>
<token t_id="91" sentence="4" number="10">the</token>
<token t_id="92" sentence="4" number="11">deaths</token>
<token t_id="93" sentence="4" number="12">would</token>
<token t_id="94" sentence="4" number="13">be</token>
<token t_id="95" sentence="4" number="14">found</token>
<token t_id="96" sentence="4" number="15">and</token>
<token t_id="97" sentence="4" number="16">brought</token>
<token t_id="98" sentence="4" number="17">to</token>
<token t_id="99" sentence="4" number="18">justice</token>
<token t_id="100" sentence="4" number="19">.</token>
<token t_id="101" sentence="5" number="0">He</token>
<token t_id="102" sentence="5" number="1">told</token>
<token t_id="103" sentence="5" number="2">Parliament</token>
<token t_id="104" sentence="5" number="3">that</token>
<token t_id="105" sentence="5" number="4">"a</token>
<token t_id="106" sentence="5" number="5">demonstration</token>
<token t_id="107" sentence="5" number="6">is</token>
<token t_id="108" sentence="5" number="7">one</token>
<token t_id="109" sentence="5" number="8">thing</token>
<token t_id="110" sentence="5" number="9">and</token>
<token t_id="111" sentence="5" number="10">murder</token>
<token t_id="112" sentence="5" number="11">is</token>
<token t_id="113" sentence="5" number="12">quite</token>
<token t_id="114" sentence="5" number="13">another</token>
<token t_id="115" sentence="5" number="14">.</token>
<token t_id="116" sentence="5" number="15">"</token>
<token t_id="117" sentence="6" number="0">The</token>
<token t_id="118" sentence="6" number="1">two</token>
<token t_id="119" sentence="6" number="2">women</token>
<token t_id="120" sentence="6" number="3">and</token>
<token t_id="121" sentence="6" number="4">a</token>
<token t_id="122" sentence="6" number="5">man</token>
<token t_id="123" sentence="6" number="6">were</token>
<token t_id="124" sentence="6" number="7">killed</token>
<token t_id="125" sentence="6" number="8">during</token>
<token t_id="126" sentence="6" number="9">demonstrations</token>
<token t_id="127" sentence="6" number="10">by</token>
<token t_id="128" sentence="6" number="11">tens</token>
<token t_id="129" sentence="6" number="12">of</token>
<token t_id="130" sentence="6" number="13">thousands</token>
<token t_id="131" sentence="6" number="14">who</token>
<token t_id="132" sentence="6" number="15">marched</token>
<token t_id="133" sentence="6" number="16">through</token>
<token t_id="134" sentence="6" number="17">Athens</token>
<token t_id="135" sentence="6" number="18">.</token>
<token t_id="136" sentence="7" number="0">The</token>
<token t_id="137" sentence="7" number="1">national</token>
<token t_id="138" sentence="7" number="2">strike</token>
<token t_id="139" sentence="7" number="3">was</token>
<token t_id="140" sentence="7" number="4">held</token>
<token t_id="141" sentence="7" number="5">to</token>
<token t_id="142" sentence="7" number="6">protest</token>
<token t_id="143" sentence="7" number="7">the</token>
<token t_id="144" sentence="7" number="8">austerity</token>
<token t_id="145" sentence="7" number="9">measures</token>
<token t_id="146" sentence="7" number="10">announced</token>
<token t_id="147" sentence="7" number="11">last</token>
<token t_id="148" sentence="7" number="12">weekend</token>
<token t_id="149" sentence="7" number="13">so</token>
<token t_id="150" sentence="7" number="14">that</token>
<token t_id="151" sentence="7" number="15">Greece</token>
<token t_id="152" sentence="7" number="16">can</token>
<token t_id="153" sentence="7" number="17">get</token>
<token t_id="154" sentence="7" number="18">a</token>
<token t_id="155" sentence="7" number="19">$144</token>
<token t_id="156" sentence="7" number="20">billion</token>
<token t_id="157" sentence="7" number="21">bailout</token>
<token t_id="158" sentence="7" number="22">from</token>
<token t_id="159" sentence="7" number="23">the</token>
<token t_id="160" sentence="7" number="24">International</token>
<token t_id="161" sentence="7" number="25">Monetary</token>
<token t_id="162" sentence="7" number="26">fund</token>
<token t_id="163" sentence="7" number="27">and</token>
<token t_id="164" sentence="7" number="28">other</token>
<token t_id="165" sentence="7" number="29">European</token>
<token t_id="166" sentence="7" number="30">nations</token>
<token t_id="167" sentence="7" number="31">.</token>
<token t_id="168" sentence="8" number="0">Three</token>
<token t_id="169" sentence="8" number="1">people</token>
<token t_id="170" sentence="8" number="2">died</token>
<token t_id="171" sentence="8" number="3">when</token>
<token t_id="172" sentence="8" number="4">an</token>
<token t_id="173" sentence="8" number="5">Athens</token>
<token t_id="174" sentence="8" number="6">bank</token>
<token t_id="175" sentence="8" number="7">went</token>
<token t_id="176" sentence="8" number="8">up</token>
<token t_id="177" sentence="8" number="9">in</token>
<token t_id="178" sentence="8" number="10">flames</token>
<token t_id="179" sentence="8" number="11">Wednesday</token>
<token t_id="180" sentence="8" number="12">as</token>
<token t_id="181" sentence="8" number="13">tens</token>
<token t_id="182" sentence="8" number="14">of</token>
<token t_id="183" sentence="8" number="15">thousands</token>
<token t_id="184" sentence="8" number="16">of</token>
<token t_id="185" sentence="8" number="17">Greeks</token>
<token t_id="186" sentence="8" number="18">took</token>
<token t_id="187" sentence="8" number="19">to</token>
<token t_id="188" sentence="8" number="20">the</token>
<token t_id="189" sentence="8" number="21">streets</token>
<token t_id="190" sentence="8" number="22">to</token>
<token t_id="191" sentence="8" number="23">protest</token>
<token t_id="192" sentence="8" number="24">harsh</token>
<token t_id="193" sentence="8" number="25">spending</token>
<token t_id="194" sentence="8" number="26">cuts</token>
<token t_id="195" sentence="8" number="27">aimed</token>
<token t_id="196" sentence="8" number="28">at</token>
<token t_id="197" sentence="8" number="29">saving</token>
<token t_id="198" sentence="8" number="30">the</token>
<token t_id="199" sentence="8" number="31">country</token>
<token t_id="200" sentence="8" number="32">from</token>
<token t_id="201" sentence="8" number="33">bankruptcy</token>
<token t_id="202" sentence="8" number="34">.</token>
<token t_id="203" sentence="9" number="0">The</token>
<token t_id="204" sentence="9" number="1">fire</token>
<token t_id="205" sentence="9" number="2">brigade</token>
<token t_id="206" sentence="9" number="3">said</token>
<token t_id="207" sentence="9" number="4">the</token>
<token t_id="208" sentence="9" number="5">bodies</token>
<token t_id="209" sentence="9" number="6">were</token>
<token t_id="210" sentence="9" number="7">found</token>
<token t_id="211" sentence="9" number="8">in</token>
<token t_id="212" sentence="9" number="9">the</token>
<token t_id="213" sentence="9" number="10">wreckage</token>
<token t_id="214" sentence="9" number="11">of</token>
<token t_id="215" sentence="9" number="12">a</token>
<token t_id="216" sentence="9" number="13">Marfin</token>
<token t_id="217" sentence="9" number="14">Bank</token>
<token t_id="218" sentence="9" number="15">branch</token>
<token t_id="219" sentence="9" number="16">,</token>
<token t_id="220" sentence="9" number="17">on</token>
<token t_id="221" sentence="9" number="18">the</token>
<token t_id="222" sentence="9" number="19">route</token>
<token t_id="223" sentence="9" number="20">of</token>
<token t_id="224" sentence="9" number="21">the</token>
<token t_id="225" sentence="9" number="22">march</token>
<token t_id="226" sentence="9" number="23">in</token>
<token t_id="227" sentence="9" number="24">the</token>
<token t_id="228" sentence="9" number="25">city</token>
<token t_id="229" sentence="9" number="26">center</token>
<token t_id="230" sentence="9" number="27">.</token>
<token t_id="231" sentence="10" number="0">Demonstrators</token>
<token t_id="232" sentence="10" number="1">chanting</token>
<token t_id="233" sentence="10" number="2">"thieves</token>
<token t_id="234" sentence="10" number="3">,</token>
<token t_id="235" sentence="10" number="4">thieves"</token>
<token t_id="236" sentence="10" number="5">attempted</token>
<token t_id="237" sentence="10" number="6">to</token>
<token t_id="238" sentence="10" number="7">break</token>
<token t_id="239" sentence="10" number="8">through</token>
<token t_id="240" sentence="10" number="9">a</token>
<token t_id="241" sentence="10" number="10">riot</token>
<token t_id="242" sentence="10" number="11">police</token>
<token t_id="243" sentence="10" number="12">cordon</token>
<token t_id="244" sentence="10" number="13">guarding</token>
<token t_id="245" sentence="10" number="14">Parliament</token>
<token t_id="246" sentence="10" number="15">and</token>
<token t_id="247" sentence="10" number="16">chased</token>
<token t_id="248" sentence="10" number="17">the</token>
<token t_id="249" sentence="10" number="18">ceremonial</token>
<token t_id="250" sentence="10" number="19">guards</token>
<token t_id="251" sentence="10" number="20">away</token>
<token t_id="252" sentence="10" number="21">from</token>
<token t_id="253" sentence="10" number="22">the</token>
<token t_id="254" sentence="10" number="23">Tomb</token>
<token t_id="255" sentence="10" number="24">of</token>
<token t_id="256" sentence="10" number="25">the</token>
<token t_id="257" sentence="10" number="26">Unknown</token>
<token t_id="258" sentence="10" number="27">Soldier</token>
<token t_id="259" sentence="10" number="28">in</token>
<token t_id="260" sentence="10" number="29">front</token>
<token t_id="261" sentence="10" number="30">of</token>
<token t_id="262" sentence="10" number="31">the</token>
<token t_id="263" sentence="10" number="32">building</token>
<token t_id="264" sentence="10" number="33">.</token>
<token t_id="265" sentence="11" number="0">An</token>
<token t_id="266" sentence="11" number="1">estimated</token>
<token t_id="267" sentence="11" number="2">100</token>
<token t_id="268" sentence="11" number="3">,</token>
<token t_id="269" sentence="11" number="4">000</token>
<token t_id="270" sentence="11" number="5">people</token>
<token t_id="271" sentence="11" number="6">took</token>
<token t_id="272" sentence="11" number="7">to</token>
<token t_id="273" sentence="11" number="8">the</token>
<token t_id="274" sentence="11" number="9">streets</token>
<token t_id="275" sentence="11" number="10">as</token>
<token t_id="276" sentence="11" number="11">part</token>
<token t_id="277" sentence="11" number="12">of</token>
<token t_id="278" sentence="11" number="13">nationwide</token>
<token t_id="279" sentence="11" number="14">strikes</token>
<token t_id="280" sentence="11" number="15">to</token>
<token t_id="281" sentence="11" number="16">protest</token>
<token t_id="282" sentence="11" number="17">austerity</token>
<token t_id="283" sentence="11" number="18">measures</token>
<token t_id="284" sentence="11" number="19">imposed</token>
<token t_id="285" sentence="11" number="20">as</token>
<token t_id="286" sentence="11" number="21">a</token>
<token t_id="287" sentence="11" number="22">condition</token>
<token t_id="288" sentence="11" number="23">of</token>
<token t_id="289" sentence="11" number="24">bailout</token>
<token t_id="290" sentence="11" number="25">loans</token>
<token t_id="291" sentence="11" number="26">from</token>
<token t_id="292" sentence="11" number="27">the</token>
<token t_id="293" sentence="11" number="28">International</token>
<token t_id="294" sentence="11" number="29">Monetary</token>
<token t_id="295" sentence="11" number="30">Fund</token>
<token t_id="296" sentence="11" number="31">and</token>
<token t_id="297" sentence="11" number="32">other</token>
<token t_id="298" sentence="11" number="33">eurozone</token>
<token t_id="299" sentence="11" number="34">governments</token>
<token t_id="300" sentence="11" number="35">.</token>
<token t_id="301" sentence="12" number="0">The</token>
<token t_id="302" sentence="12" number="1">bailout</token>
<token t_id="303" sentence="12" number="2">is</token>
<token t_id="304" sentence="12" number="3">needed</token>
<token t_id="305" sentence="12" number="4">to</token>
<token t_id="306" sentence="12" number="5">keep</token>
<token t_id="307" sentence="12" number="6">heavily</token>
<token t_id="308" sentence="12" number="7">indebted</token>
<token t_id="309" sentence="12" number="8">Greece</token>
<token t_id="310" sentence="12" number="9">from</token>
<token t_id="311" sentence="12" number="10">defaulting</token>
<token t_id="312" sentence="12" number="11">on</token>
<token t_id="313" sentence="12" number="12">its</token>
<token t_id="314" sentence="12" number="13">debts</token>
<token t_id="315" sentence="12" number="14">.</token>
<token t_id="316" sentence="13" number="0">The</token>
<token t_id="317" sentence="13" number="1">loans</token>
<token t_id="318" sentence="13" number="2">are</token>
<token t_id="319" sentence="13" number="3">aimed</token>
<token t_id="320" sentence="13" number="4">at</token>
<token t_id="321" sentence="13" number="5">preventing</token>
<token t_id="322" sentence="13" number="6">Athens'</token>
<token t_id="323" sentence="13" number="7">debt</token>
<token t_id="324" sentence="13" number="8">troubles</token>
<token t_id="325" sentence="13" number="9">from</token>
<token t_id="326" sentence="13" number="10">becoming</token>
<token t_id="327" sentence="13" number="11">a</token>
<token t_id="328" sentence="13" number="12">wider</token>
<token t_id="329" sentence="13" number="13">crisis</token>
<token t_id="330" sentence="13" number="14">for</token>
<token t_id="331" sentence="13" number="15">the</token>
<token t_id="332" sentence="13" number="16">Euro</token>
<token t_id="333" sentence="13" number="17">by</token>
<token t_id="334" sentence="13" number="18">engulfing</token>
<token t_id="335" sentence="13" number="19">other</token>
<token t_id="336" sentence="13" number="20">financially</token>
<token t_id="337" sentence="13" number="21">troubled</token>
<token t_id="338" sentence="13" number="22">countries</token>
<token t_id="339" sentence="13" number="23">such</token>
<token t_id="340" sentence="13" number="24">as</token>
<token t_id="341" sentence="13" number="25">Spain</token>
<token t_id="342" sentence="13" number="26">and</token>
<token t_id="343" sentence="13" number="27">Portugal</token>
<token t_id="344" sentence="13" number="28">.</token>
<token t_id="345" sentence="14" number="0">But</token>
<token t_id="346" sentence="14" number="1">the</token>
<token t_id="347" sentence="14" number="2">rioting</token>
<token t_id="348" sentence="14" number="3">underlined</token>
<token t_id="349" sentence="14" number="4">skepticism</token>
<token t_id="350" sentence="14" number="5">that</token>
<token t_id="351" sentence="14" number="6">the</token>
<token t_id="352" sentence="14" number="7">Greek</token>
<token t_id="353" sentence="14" number="8">government</token>
<token t_id="354" sentence="14" number="9">could</token>
<token t_id="355" sentence="14" number="10">keep</token>
<token t_id="356" sentence="14" number="11">up</token>
<token t_id="357" sentence="14" number="12">its</token>
<token t_id="358" sentence="14" number="13">end</token>
<token t_id="359" sentence="14" number="14">of</token>
<token t_id="360" sentence="14" number="15">the</token>
<token t_id="361" sentence="14" number="16">bargain</token>
<token t_id="362" sentence="14" number="17">,</token>
<token t_id="363" sentence="14" number="18">helping</token>
<token t_id="364" sentence="14" number="19">drive</token>
<token t_id="365" sentence="14" number="20">the</token>
<token t_id="366" sentence="14" number="21">Euro</token>
<token t_id="367" sentence="14" number="22">below</token>
<token t_id="368" sentence="14" number="23">$1</token>
<token t_id="369" sentence="14" number="24">.</token>
<token t_id="370" sentence="14" number="25">29</token>
<token t_id="371" sentence="14" number="26">for</token>
<token t_id="372" sentence="14" number="27">the</token>
<token t_id="373" sentence="14" number="28">first</token>
<token t_id="374" sentence="14" number="29">time</token>
<token t_id="375" sentence="14" number="30">in</token>
<token t_id="376" sentence="14" number="31">over</token>
<token t_id="377" sentence="14" number="32">a</token>
<token t_id="378" sentence="14" number="33">year</token>
<token t_id="379" sentence="14" number="34">.</token>
<token t_id="380" sentence="15" number="0">Union</token>
<token t_id="381" sentence="15" number="1">reaction</token>
<token t_id="382" sentence="15" number="2">until</token>
<token t_id="383" sentence="15" number="3">now</token>
<token t_id="384" sentence="15" number="4">had</token>
<token t_id="385" sentence="15" number="5">been</token>
<token t_id="386" sentence="15" number="6">relatively</token>
<token t_id="387" sentence="15" number="7">muted</token>
<token t_id="388" sentence="15" number="8">by</token>
<token t_id="389" sentence="15" number="9">Greece's</token>
<token t_id="390" sentence="15" number="10">volatile</token>
<token t_id="391" sentence="15" number="11">standards</token>
<token t_id="392" sentence="15" number="12">,</token>
<token t_id="393" sentence="15" number="13">although</token>
<token t_id="394" sentence="15" number="14">the</token>
<token t_id="395" sentence="15" number="15">country</token>
<token t_id="396" sentence="15" number="16">has</token>
<token t_id="397" sentence="15" number="17">been</token>
<token t_id="398" sentence="15" number="18">hit</token>
<token t_id="399" sentence="15" number="19">by</token>
<token t_id="400" sentence="15" number="20">a</token>
<token t_id="401" sentence="15" number="21">series</token>
<token t_id="402" sentence="15" number="22">of</token>
<token t_id="403" sentence="15" number="23">strikes</token>
<token t_id="404" sentence="15" number="24">.</token>
<token t_id="405" sentence="16" number="0">But</token>
<token t_id="406" sentence="16" number="1">anger</token>
<token t_id="407" sentence="16" number="2">has</token>
<token t_id="408" sentence="16" number="3">mounted</token>
<token t_id="409" sentence="16" number="4">after</token>
<token t_id="410" sentence="16" number="5">the</token>
<token t_id="411" sentence="16" number="6">announcement</token>
<token t_id="412" sentence="16" number="7">of</token>
<token t_id="413" sentence="16" number="8">new</token>
<token t_id="414" sentence="16" number="9">austerity</token>
<token t_id="415" sentence="16" number="10">measures</token>
<token t_id="416" sentence="16" number="11">,</token>
<token t_id="417" sentence="16" number="12">which</token>
<token t_id="418" sentence="16" number="13">were</token>
<token t_id="419" sentence="16" number="14">essential</token>
<token t_id="420" sentence="16" number="15">to</token>
<token t_id="421" sentence="16" number="16">unlock</token>
<token t_id="422" sentence="16" number="17">the</token>
<token t_id="423" sentence="16" number="18">loans</token>
<token t_id="424" sentence="16" number="19">.</token>
<token t_id="425" sentence="17" number="0">Papandreou</token>
<token t_id="426" sentence="17" number="1">on</token>
<token t_id="427" sentence="17" number="2">Sunday</token>
<token t_id="428" sentence="17" number="3">announced</token>
<token t_id="429" sentence="17" number="4">cuts</token>
<token t_id="430" sentence="17" number="5">in</token>
<token t_id="431" sentence="17" number="6">salaries</token>
<token t_id="432" sentence="17" number="7">and</token>
<token t_id="433" sentence="17" number="8">pensions</token>
<token t_id="434" sentence="17" number="9">for</token>
<token t_id="435" sentence="17" number="10">civil</token>
<token t_id="436" sentence="17" number="11">servants</token>
<token t_id="437" sentence="17" number="12">,</token>
<token t_id="438" sentence="17" number="13">and</token>
<token t_id="439" sentence="17" number="14">another</token>
<token t_id="440" sentence="17" number="15">round</token>
<token t_id="441" sentence="17" number="16">of</token>
<token t_id="442" sentence="17" number="17">consumer</token>
<token t_id="443" sentence="17" number="18">tax</token>
<token t_id="444" sentence="17" number="19">increases</token>
<token t_id="445" sentence="17" number="20">,</token>
<token t_id="446" sentence="17" number="21">as</token>
<token t_id="447" sentence="17" number="22">a</token>
<token t_id="448" sentence="17" number="23">condition</token>
<token t_id="449" sentence="17" number="24">of</token>
<token t_id="450" sentence="17" number="25">the</token>
<token t_id="451" sentence="17" number="26">bailout</token>
<token t_id="452" sentence="17" number="27">.</token>
<token t_id="453" sentence="18" number="0">In</token>
<token t_id="454" sentence="18" number="1">Germany</token>
<token t_id="455" sentence="18" number="2">,</token>
<token t_id="456" sentence="18" number="3">Chancellor</token>
<token t_id="457" sentence="18" number="4">Angela</token>
<token t_id="458" sentence="18" number="5">Merkel</token>
<token t_id="459" sentence="18" number="6">urged</token>
<token t_id="460" sentence="18" number="7">parliament</token>
<token t_id="461" sentence="18" number="8">to</token>
<token t_id="462" sentence="18" number="9">quickly</token>
<token t_id="463" sentence="18" number="10">pass</token>
<token t_id="464" sentence="18" number="11">the</token>
<token t_id="465" sentence="18" number="12">country's</token>
<token t_id="466" sentence="18" number="13">share</token>
<token t_id="467" sentence="18" number="14">of</token>
<token t_id="468" sentence="18" number="15">the</token>
<token t_id="469" sentence="18" number="16">bailout</token>
<token t_id="470" sentence="18" number="17">-</token>
<token t_id="471" sentence="18" number="18">-</token>
<token t_id="472" sentence="18" number="19">22</token>
<token t_id="473" sentence="18" number="20">billion</token>
<token t_id="474" sentence="18" number="21">Euros</token>
<token t_id="475" sentence="18" number="22">over</token>
<token t_id="476" sentence="18" number="23">three</token>
<token t_id="477" sentence="18" number="24">years</token>
<token t_id="478" sentence="18" number="25">.</token>
<token t_id="479" sentence="19" number="0">The</token>
<token t_id="480" sentence="19" number="1">goal</token>
<token t_id="481" sentence="19" number="2">is</token>
<token t_id="482" sentence="19" number="3">passage</token>
<token t_id="483" sentence="19" number="4">by</token>
<token t_id="484" sentence="19" number="5">Friday</token>
<token t_id="485" sentence="19" number="6">;</token>
<token t_id="486" sentence="19" number="7">Greece</token>
<token t_id="487" sentence="19" number="8">faces</token>
<token t_id="488" sentence="19" number="9">a</token>
<token t_id="489" sentence="19" number="10">May</token>
<token t_id="490" sentence="19" number="11">19</token>
<token t_id="491" sentence="19" number="12">due</token>
<token t_id="492" sentence="19" number="13">date</token>
<token t_id="493" sentence="19" number="14">on</token>
<token t_id="494" sentence="19" number="15">debt</token>
<token t_id="495" sentence="19" number="16">it</token>
<token t_id="496" sentence="19" number="17">says</token>
<token t_id="497" sentence="19" number="18">it</token>
<token t_id="498" sentence="19" number="19">can't</token>
<token t_id="499" sentence="19" number="20">repay</token>
<token t_id="500" sentence="19" number="21">without</token>
<token t_id="501" sentence="19" number="22">the</token>
<token t_id="502" sentence="19" number="23">bailout</token>
<token t_id="503" sentence="19" number="24">.</token>
<token t_id="504" sentence="20" number="0">"Nothing</token>
<token t_id="505" sentence="20" number="1">less</token>
<token t_id="506" sentence="20" number="2">than</token>
<token t_id="507" sentence="20" number="3">the</token>
<token t_id="508" sentence="20" number="4">future</token>
<token t_id="509" sentence="20" number="5">of</token>
<token t_id="510" sentence="20" number="6">Europe</token>
<token t_id="511" sentence="20" number="7">,</token>
<token t_id="512" sentence="20" number="8">and</token>
<token t_id="513" sentence="20" number="9">with</token>
<token t_id="514" sentence="20" number="10">that</token>
<token t_id="515" sentence="20" number="11">the</token>
<token t_id="516" sentence="20" number="12">future</token>
<token t_id="517" sentence="20" number="13">of</token>
<token t_id="518" sentence="20" number="14">Germany</token>
<token t_id="519" sentence="20" number="15">in</token>
<token t_id="520" sentence="20" number="16">Europe</token>
<token t_id="521" sentence="20" number="17">,</token>
<token t_id="522" sentence="20" number="18">is</token>
<token t_id="523" sentence="20" number="19">at</token>
<token t_id="524" sentence="20" number="20">stake</token>
<token t_id="525" sentence="20" number="21">,</token>
<token t_id="526" sentence="20" number="22">"</token>
<token t_id="527" sentence="20" number="23">Merkel</token>
<token t_id="528" sentence="20" number="24">told</token>
<token t_id="529" sentence="20" number="25">lawmakers</token>
<token t_id="530" sentence="20" number="26">.</token>
<token t_id="531" sentence="21" number="0">"We</token>
<token t_id="532" sentence="21" number="1">are</token>
<token t_id="533" sentence="21" number="2">at</token>
<token t_id="534" sentence="21" number="3">a</token>
<token t_id="535" sentence="21" number="4">fork</token>
<token t_id="536" sentence="21" number="5">in</token>
<token t_id="537" sentence="21" number="6">the</token>
<token t_id="538" sentence="21" number="7">road</token>
<token t_id="539" sentence="21" number="8">.</token>
<token t_id="540" sentence="21" number="9">"</token>
<token t_id="541" sentence="22" number="0">Extensive</token>
<token t_id="542" sentence="22" number="1">clashes</token>
<token t_id="543" sentence="22" number="2">took</token>
<token t_id="544" sentence="22" number="3">place</token>
<token t_id="545" sentence="22" number="4">a</token>
<token t_id="546" sentence="22" number="5">broad</token>
<token t_id="547" sentence="22" number="6">swathe</token>
<token t_id="548" sentence="22" number="7">of</token>
<token t_id="549" sentence="22" number="8">central</token>
<token t_id="550" sentence="22" number="9">Athens</token>
<token t_id="551" sentence="22" number="10">,</token>
<token t_id="552" sentence="22" number="11">with</token>
<token t_id="553" sentence="22" number="12">hundreds</token>
<token t_id="554" sentence="22" number="13">of</token>
<token t_id="555" sentence="22" number="14">people</token>
<token t_id="556" sentence="22" number="15">battering</token>
<token t_id="557" sentence="22" number="16">store</token>
<token t_id="558" sentence="22" number="17">fronts</token>
<token t_id="559" sentence="22" number="18">and</token>
<token t_id="560" sentence="22" number="19">smashing</token>
<token t_id="561" sentence="22" number="20">paving</token>
<token t_id="562" sentence="22" number="21">stones</token>
<token t_id="563" sentence="22" number="22">to</token>
<token t_id="564" sentence="22" number="23">throw</token>
<token t_id="565" sentence="22" number="24">at</token>
<token t_id="566" sentence="22" number="25">the</token>
<token t_id="567" sentence="22" number="26">police</token>
<token t_id="568" sentence="22" number="27">,</token>
<token t_id="569" sentence="22" number="28">who</token>
<token t_id="570" sentence="22" number="29">responded</token>
<token t_id="571" sentence="22" number="30">with</token>
<token t_id="572" sentence="22" number="31">stun</token>
<token t_id="573" sentence="22" number="32">grenades</token>
<token t_id="574" sentence="22" number="33">and</token>
<token t_id="575" sentence="22" number="34">volleys</token>
<token t_id="576" sentence="22" number="35">of</token>
<token t_id="577" sentence="22" number="36">tear</token>
<token t_id="578" sentence="22" number="37">gas</token>
<token t_id="579" sentence="22" number="38">that</token>
<token t_id="580" sentence="22" number="39">left</token>
<token t_id="581" sentence="22" number="40">clouds</token>
<token t_id="582" sentence="22" number="41">of</token>
<token t_id="583" sentence="22" number="42">smoke</token>
<token t_id="584" sentence="22" number="43">hovering</token>
<token t_id="585" sentence="22" number="44">over</token>
<token t_id="586" sentence="22" number="45">the</token>
<token t_id="587" sentence="22" number="46">streets</token>
<token t_id="588" sentence="22" number="47">.</token>
<token t_id="589" sentence="23" number="0">Violence</token>
<token t_id="590" sentence="23" number="1">also</token>
<token t_id="591" sentence="23" number="2">broke</token>
<token t_id="592" sentence="23" number="3">out</token>
<token t_id="593" sentence="23" number="4">in</token>
<token t_id="594" sentence="23" number="5">the</token>
<token t_id="595" sentence="23" number="6">northern</token>
<token t_id="596" sentence="23" number="7">city</token>
<token t_id="597" sentence="23" number="8">of</token>
<token t_id="598" sentence="23" number="9">Thessaloniki</token>
<token t_id="599" sentence="23" number="10">,</token>
<token t_id="600" sentence="23" number="11">where</token>
<token t_id="601" sentence="23" number="12">another</token>
<token t_id="602" sentence="23" number="13">20</token>
<token t_id="603" sentence="23" number="14">,</token>
<token t_id="604" sentence="23" number="15">000</token>
<token t_id="605" sentence="23" number="16">people</token>
<token t_id="606" sentence="23" number="17">marched</token>
<token t_id="607" sentence="23" number="18">through</token>
<token t_id="608" sentence="23" number="19">the</token>
<token t_id="609" sentence="23" number="20">city</token>
<token t_id="610" sentence="23" number="21">center</token>
<token t_id="611" sentence="23" number="22">,</token>
<token t_id="612" sentence="23" number="23">with</token>
<token t_id="613" sentence="23" number="24">youths</token>
<token t_id="614" sentence="23" number="25">smashing</token>
<token t_id="615" sentence="23" number="26">windows</token>
<token t_id="616" sentence="23" number="27">of</token>
<token t_id="617" sentence="23" number="28">stores</token>
<token t_id="618" sentence="23" number="29">and</token>
<token t_id="619" sentence="23" number="30">fast</token>
<token t_id="620" sentence="23" number="31">food</token>
<token t_id="621" sentence="23" number="32">restaurants</token>
<token t_id="622" sentence="23" number="33">.</token>
<token t_id="623" sentence="24" number="0">The</token>
<token t_id="624" sentence="24" number="1">outpouring</token>
<token t_id="625" sentence="24" number="2">of</token>
<token t_id="626" sentence="24" number="3">anger</token>
<token t_id="627" sentence="24" number="4">appeared</token>
<token t_id="628" sentence="24" number="5">much</token>
<token t_id="629" sentence="24" number="6">more</token>
<token t_id="630" sentence="24" number="7">spontaneous</token>
<token t_id="631" sentence="24" number="8">than</token>
<token t_id="632" sentence="24" number="9">the</token>
<token t_id="633" sentence="24" number="10">frequent</token>
<token t_id="634" sentence="24" number="11">set</token>
<token t_id="635" sentence="24" number="12">piece</token>
<token t_id="636" sentence="24" number="13">battles</token>
<token t_id="637" sentence="24" number="14">between</token>
<token t_id="638" sentence="24" number="15">police</token>
<token t_id="639" sentence="24" number="16">and</token>
<token t_id="640" sentence="24" number="17">anarchist</token>
<token t_id="641" sentence="24" number="18">youths</token>
<token t_id="642" sentence="24" number="19">who</token>
<token t_id="643" sentence="24" number="20">often</token>
<token t_id="644" sentence="24" number="21">spark</token>
<token t_id="645" sentence="24" number="22">violence</token>
<token t_id="646" sentence="24" number="23">during</token>
<token t_id="647" sentence="24" number="24">Greek</token>
<token t_id="648" sentence="24" number="25">demonstrations</token>
<token t_id="649" sentence="24" number="26">.</token>
<token t_id="650" sentence="25" number="0">The</token>
<token t_id="651" sentence="25" number="1">marches</token>
<token t_id="652" sentence="25" number="2">came</token>
<token t_id="653" sentence="25" number="3">amid</token>
<token t_id="654" sentence="25" number="4">a</token>
<token t_id="655" sentence="25" number="5">24</token>
<token t_id="656" sentence="25" number="6">-</token>
<token t_id="657" sentence="25" number="7">hour</token>
<token t_id="658" sentence="25" number="8">nationwide</token>
<token t_id="659" sentence="25" number="9">general</token>
<token t_id="660" sentence="25" number="10">strike</token>
<token t_id="661" sentence="25" number="11">that</token>
<token t_id="662" sentence="25" number="12">grounded</token>
<token t_id="663" sentence="25" number="13">all</token>
<token t_id="664" sentence="25" number="14">flights</token>
<token t_id="665" sentence="25" number="15">to</token>
<token t_id="666" sentence="25" number="16">and</token>
<token t_id="667" sentence="25" number="17">from</token>
<token t_id="668" sentence="25" number="18">Greece</token>
<token t_id="669" sentence="25" number="19">,</token>
<token t_id="670" sentence="25" number="20">shut</token>
<token t_id="671" sentence="25" number="21">down</token>
<token t_id="672" sentence="25" number="22">ports</token>
<token t_id="673" sentence="25" number="23">,</token>
<token t_id="674" sentence="25" number="24">schools</token>
<token t_id="675" sentence="25" number="25">and</token>
<token t_id="676" sentence="25" number="26">government</token>
<token t_id="677" sentence="25" number="27">services</token>
<token t_id="678" sentence="25" number="28">and</token>
<token t_id="679" sentence="25" number="29">left</token>
<token t_id="680" sentence="25" number="30">hospitals</token>
<token t_id="681" sentence="25" number="31">working</token>
<token t_id="682" sentence="25" number="32">with</token>
<token t_id="683" sentence="25" number="33">emergency</token>
<token t_id="684" sentence="25" number="34">medical</token>
<token t_id="685" sentence="25" number="35">staff</token>
<token t_id="686" sentence="25" number="36">.</token>
<token t_id="687" sentence="26" number="0">The</token>
<token t_id="688" sentence="26" number="1">Acropolis</token>
<token t_id="689" sentence="26" number="2">and</token>
<token t_id="690" sentence="26" number="3">all</token>
<token t_id="691" sentence="26" number="4">other</token>
<token t_id="692" sentence="26" number="5">ancient</token>
<token t_id="693" sentence="26" number="6">sites</token>
<token t_id="694" sentence="26" number="7">were</token>
<token t_id="695" sentence="26" number="8">closed</token>
<token t_id="696" sentence="26" number="9">,</token>
<token t_id="697" sentence="26" number="10">while</token>
<token t_id="698" sentence="26" number="11">journalists</token>
<token t_id="699" sentence="26" number="12">also</token>
<token t_id="700" sentence="26" number="13">walked</token>
<token t_id="701" sentence="26" number="14">off</token>
<token t_id="702" sentence="26" number="15">the</token>
<token t_id="703" sentence="26" number="16">job</token>
<token t_id="704" sentence="26" number="17">,</token>
<token t_id="705" sentence="26" number="18">suspending</token>
<token t_id="706" sentence="26" number="19">television</token>
<token t_id="707" sentence="26" number="20">and</token>
<token t_id="708" sentence="26" number="21">radio</token>
<token t_id="709" sentence="26" number="22">news</token>
<token t_id="710" sentence="26" number="23">broadcasts</token>
<token t_id="711" sentence="26" number="24">.</token>
<token t_id="712" sentence="27" number="0">Some</token>
<token t_id="713" sentence="27" number="1">media</token>
<token t_id="714" sentence="27" number="2">-</token>
<token t_id="715" sentence="27" number="3">-</token>
<token t_id="716" sentence="27" number="4">including</token>
<token t_id="717" sentence="27" number="5">state</token>
<token t_id="718" sentence="27" number="6">television</token>
<token t_id="719" sentence="27" number="7">and</token>
<token t_id="720" sentence="27" number="8">the</token>
<token t_id="721" sentence="27" number="9">Ta</token>
<token t_id="722" sentence="27" number="10">Nea</token>
<token t_id="723" sentence="27" number="11">newspaper</token>
<token t_id="724" sentence="27" number="12">Web</token>
<token t_id="725" sentence="27" number="13">site</token>
<token t_id="726" sentence="27" number="14">-</token>
<token t_id="727" sentence="27" number="15">-</token>
<token t_id="728" sentence="27" number="16">broke</token>
<token t_id="729" sentence="27" number="17">the</token>
<token t_id="730" sentence="27" number="18">strike</token>
<token t_id="731" sentence="27" number="19">to</token>
<token t_id="732" sentence="27" number="20">report</token>
<token t_id="733" sentence="27" number="21">on</token>
<token t_id="734" sentence="27" number="22">the</token>
<token t_id="735" sentence="27" number="23">deaths</token>
<token t_id="736" sentence="27" number="24">.</token>
<token t_id="737" sentence="28" number="0">Greek</token>
<token t_id="738" sentence="28" number="1">unions</token>
<token t_id="739" sentence="28" number="2">concede</token>
<token t_id="740" sentence="28" number="3">that</token>
<token t_id="741" sentence="28" number="4">the</token>
<token t_id="742" sentence="28" number="5">cash</token>
<token t_id="743" sentence="28" number="6">-</token>
<token t_id="744" sentence="28" number="7">strapped</token>
<token t_id="745" sentence="28" number="8">government</token>
<token t_id="746" sentence="28" number="9">was</token>
<token t_id="747" sentence="28" number="10">forced</token>
<token t_id="748" sentence="28" number="11">to</token>
<token t_id="749" sentence="28" number="12">increase</token>
<token t_id="750" sentence="28" number="13">consumer</token>
<token t_id="751" sentence="28" number="14">taxes</token>
<token t_id="752" sentence="28" number="15">and</token>
<token t_id="753" sentence="28" number="16">slash</token>
<token t_id="754" sentence="28" number="17">spending</token>
<token t_id="755" sentence="28" number="18">,</token>
<token t_id="756" sentence="28" number="19">including</token>
<token t_id="757" sentence="28" number="20">cutting</token>
<token t_id="758" sentence="28" number="21">salaries</token>
<token t_id="759" sentence="28" number="22">and</token>
<token t_id="760" sentence="28" number="23">pensions</token>
<token t_id="761" sentence="28" number="24">for</token>
<token t_id="762" sentence="28" number="25">civil</token>
<token t_id="763" sentence="28" number="26">servants</token>
<token t_id="764" sentence="28" number="27">.</token>
<token t_id="765" sentence="29" number="0">But</token>
<token t_id="766" sentence="29" number="1">they</token>
<token t_id="767" sentence="29" number="2">say</token>
<token t_id="768" sentence="29" number="3">low</token>
<token t_id="769" sentence="29" number="4">-</token>
<token t_id="770" sentence="29" number="5">income</token>
<token t_id="771" sentence="29" number="6">Greeks</token>
<token t_id="772" sentence="29" number="7">will</token>
<token t_id="773" sentence="29" number="8">suffer</token>
<token t_id="774" sentence="29" number="9">disproportionately</token>
<token t_id="775" sentence="29" number="10">from</token>
<token t_id="776" sentence="29" number="11">the</token>
<token t_id="777" sentence="29" number="12">measures</token>
<token t_id="778" sentence="29" number="13">,</token>
<token t_id="779" sentence="29" number="14">which</token>
<token t_id="780" sentence="29" number="15">aim</token>
<token t_id="781" sentence="29" number="16">to</token>
<token t_id="782" sentence="29" number="17">save</token>
<token t_id="783" sentence="29" number="18">$40</token>
<token t_id="784" sentence="29" number="19">billion</token>
<token t_id="785" sentence="29" number="20">-</token>
<token t_id="786" sentence="29" number="21">-</token>
<token t_id="787" sentence="29" number="22">the</token>
<token t_id="788" sentence="29" number="23">country's</token>
<token t_id="789" sentence="29" number="24">current</token>
<token t_id="790" sentence="29" number="25">budget</token>
<token t_id="791" sentence="29" number="26">deficit</token>
<token t_id="792" sentence="29" number="27">-</token>
<token t_id="793" sentence="29" number="28">-</token>
<token t_id="794" sentence="29" number="29">through</token>
<token t_id="795" sentence="29" number="30">2012</token>
<token t_id="796" sentence="29" number="31">.</token>
<token t_id="797" sentence="30" number="0">"These</token>
<token t_id="798" sentence="30" number="1">people</token>
<token t_id="799" sentence="30" number="2">are</token>
<token t_id="800" sentence="30" number="3">losing</token>
<token t_id="801" sentence="30" number="4">their</token>
<token t_id="802" sentence="30" number="5">rights</token>
<token t_id="803" sentence="30" number="6">,</token>
<token t_id="804" sentence="30" number="7">they</token>
<token t_id="805" sentence="30" number="8">are</token>
<token t_id="806" sentence="30" number="9">losing</token>
<token t_id="807" sentence="30" number="10">their</token>
<token t_id="808" sentence="30" number="11">future</token>
<token t_id="809" sentence="30" number="12">,</token>
<token t_id="810" sentence="30" number="13">"</token>
<token t_id="811" sentence="30" number="14">said</token>
<token t_id="812" sentence="30" number="15">Yiannis</token>
<token t_id="813" sentence="30" number="16">Panagopoulos</token>
<token t_id="814" sentence="30" number="17">,</token>
<token t_id="815" sentence="30" number="18">head</token>
<token t_id="816" sentence="30" number="19">of</token>
<token t_id="817" sentence="30" number="20">GSEE</token>
<token t_id="818" sentence="30" number="21">,</token>
<token t_id="819" sentence="30" number="22">one</token>
<token t_id="820" sentence="30" number="23">of</token>
<token t_id="821" sentence="30" number="24">the</token>
<token t_id="822" sentence="30" number="25">two</token>
<token t_id="823" sentence="30" number="26">largest</token>
<token t_id="824" sentence="30" number="27">union</token>
<token t_id="825" sentence="30" number="28">organizations</token>
<token t_id="826" sentence="30" number="29">.</token>
<token t_id="827" sentence="31" number="0">"The</token>
<token t_id="828" sentence="31" number="1">country</token>
<token t_id="829" sentence="31" number="2">cannot</token>
<token t_id="830" sentence="31" number="3">surrender</token>
<token t_id="831" sentence="31" number="4">without</token>
<token t_id="832" sentence="31" number="5">a</token>
<token t_id="833" sentence="31" number="6">fight</token>
<token t_id="834" sentence="31" number="7">.</token>
<token t_id="835" sentence="31" number="8">"</token>
<token t_id="836" sentence="32" number="0">IMF</token>
<token t_id="837" sentence="32" number="1">head</token>
<token t_id="838" sentence="32" number="2">Dominique</token>
<token t_id="839" sentence="32" number="3">Strauss</token>
<token t_id="840" sentence="32" number="4">-</token>
<token t_id="841" sentence="32" number="5">Kahn</token>
<token t_id="842" sentence="32" number="6">warned</token>
<token t_id="843" sentence="32" number="7">that</token>
<token t_id="844" sentence="32" number="8">the</token>
<token t_id="845" sentence="32" number="9">crisis</token>
<token t_id="846" sentence="32" number="10">could</token>
<token t_id="847" sentence="32" number="11">spread</token>
<token t_id="848" sentence="32" number="12">to</token>
<token t_id="849" sentence="32" number="13">other</token>
<token t_id="850" sentence="32" number="14">countries</token>
<token t_id="851" sentence="32" number="15">despite</token>
<token t_id="852" sentence="32" number="16">the</token>
<token t_id="853" sentence="32" number="17">rescue</token>
<token t_id="854" sentence="32" number="18">package's</token>
<token t_id="855" sentence="32" number="19">efforts</token>
<token t_id="856" sentence="32" number="20">to</token>
<token t_id="857" sentence="32" number="21">contain</token>
<token t_id="858" sentence="32" number="22">it</token>
<token t_id="859" sentence="32" number="23">.</token>
<token t_id="860" sentence="33" number="0">"Everyone</token>
<token t_id="861" sentence="33" number="1">must</token>
<token t_id="862" sentence="33" number="2">remain</token>
<token t_id="863" sentence="33" number="3">extremely</token>
<token t_id="864" sentence="33" number="4">vigilant</token>
<token t_id="865" sentence="33" number="5">,</token>
<token t_id="866" sentence="33" number="6">"</token>
<token t_id="867" sentence="33" number="7">to</token>
<token t_id="868" sentence="33" number="8">this</token>
<token t_id="869" sentence="33" number="9">risk</token>
<token t_id="870" sentence="33" number="10">,</token>
<token t_id="871" sentence="33" number="11">Strauss</token>
<token t_id="872" sentence="33" number="12">-</token>
<token t_id="873" sentence="33" number="13">Kahn</token>
<token t_id="874" sentence="33" number="14">said</token>
<token t_id="875" sentence="33" number="15">in</token>
<token t_id="876" sentence="33" number="16">an</token>
<token t_id="877" sentence="33" number="17">interview</token>
<token t_id="878" sentence="33" number="18">published</token>
<token t_id="879" sentence="33" number="19">in</token>
<token t_id="880" sentence="33" number="20">French</token>
<token t_id="881" sentence="33" number="21">newspaper</token>
<token t_id="882" sentence="33" number="22">Le</token>
<token t_id="883" sentence="33" number="23">Parisien</token>
<token t_id="884" sentence="33" number="24">Wednesday</token>
<token t_id="885" sentence="33" number="25">.</token>
<token t_id="886" sentence="34" number="0">"I</token>
<token t_id="887" sentence="34" number="1">completely</token>
<token t_id="888" sentence="34" number="2">understand</token>
<token t_id="889" sentence="34" number="3">the</token>
<token t_id="890" sentence="34" number="4">Greek</token>
<token t_id="891" sentence="34" number="5">populations'</token>
<token t_id="892" sentence="34" number="6">anger</token>
<token t_id="893" sentence="34" number="7">,</token>
<token t_id="894" sentence="34" number="8">its</token>
<token t_id="895" sentence="34" number="9">incomprehension</token>
<token t_id="896" sentence="34" number="10">at</token>
<token t_id="897" sentence="34" number="11">the</token>
<token t_id="898" sentence="34" number="12">size</token>
<token t_id="899" sentence="34" number="13">of</token>
<token t_id="900" sentence="34" number="14">the</token>
<token t_id="901" sentence="34" number="15">economic</token>
<token t_id="902" sentence="34" number="16">catastrophe</token>
<token t_id="903" sentence="34" number="17">,</token>
<token t_id="904" sentence="34" number="18">"</token>
<token t_id="905" sentence="34" number="19">Strauss</token>
<token t_id="906" sentence="34" number="20">-</token>
<token t_id="907" sentence="34" number="21">Kahn</token>
<token t_id="908" sentence="34" number="22">said</token>
<token t_id="909" sentence="34" number="23">.</token>
<token t_id="910" sentence="35" number="0">But</token>
<token t_id="911" sentence="35" number="1">Greeks</token>
<token t_id="912" sentence="35" number="2">must</token>
<token t_id="913" sentence="35" number="3">also</token>
<token t_id="914" sentence="35" number="4">understand</token>
<token t_id="915" sentence="35" number="5">that</token>
<token t_id="916" sentence="35" number="6">without</token>
<token t_id="917" sentence="35" number="7">these</token>
<token t_id="918" sentence="35" number="8">measures</token>
<token t_id="919" sentence="35" number="9">,</token>
<token t_id="920" sentence="35" number="10">"the</token>
<token t_id="921" sentence="35" number="11">situation</token>
<token t_id="922" sentence="35" number="12">would</token>
<token t_id="923" sentence="35" number="13">be</token>
<token t_id="924" sentence="35" number="14">infinitely</token>
<token t_id="925" sentence="35" number="15">more</token>
<token t_id="926" sentence="35" number="16">serious</token>
<token t_id="927" sentence="35" number="17">,</token>
<token t_id="928" sentence="35" number="18">"</token>
<token t_id="929" sentence="35" number="19">he</token>
<token t_id="930" sentence="35" number="20">said</token>
<token t_id="931" sentence="35" number="21">.</token>
<token t_id="932" sentence="36" number="0">Those</token>
<token t_id="933" sentence="36" number="1">who</token>
<token t_id="934" sentence="36" number="2">are</token>
<token t_id="935" sentence="36" number="3">feeling</token>
<token t_id="936" sentence="36" number="4">the</token>
<token t_id="937" sentence="36" number="5">crunch</token>
<token t_id="938" sentence="36" number="6">are</token>
<token t_id="939" sentence="36" number="7">outraged</token>
<token t_id="940" sentence="36" number="8">that</token>
<token t_id="941" sentence="36" number="9">they</token>
<token t_id="942" sentence="36" number="10">have</token>
<token t_id="943" sentence="36" number="11">to</token>
<token t_id="944" sentence="36" number="12">pay</token>
<token t_id="945" sentence="36" number="13">for</token>
<token t_id="946" sentence="36" number="14">what</token>
<token t_id="947" sentence="36" number="15">they</token>
<token t_id="948" sentence="36" number="16">see</token>
<token t_id="949" sentence="36" number="17">as</token>
<token t_id="950" sentence="36" number="18">politicians'</token>
<token t_id="951" sentence="36" number="19">mismanagement</token>
<token t_id="952" sentence="36" number="20">of</token>
<token t_id="953" sentence="36" number="21">their</token>
<token t_id="954" sentence="36" number="22">country's</token>
<token t_id="955" sentence="36" number="23">economy</token>
<token t_id="956" sentence="36" number="24">.</token>
<token t_id="957" sentence="37" number="0">"We'll</token>
<token t_id="958" sentence="37" number="1">be</token>
<token t_id="959" sentence="37" number="2">on</token>
<token t_id="960" sentence="37" number="3">the</token>
<token t_id="961" sentence="37" number="4">streets</token>
<token t_id="962" sentence="37" number="5">every</token>
<token t_id="963" sentence="37" number="6">day</token>
<token t_id="964" sentence="37" number="7">,</token>
<token t_id="965" sentence="37" number="8">every</token>
<token t_id="966" sentence="37" number="9">day</token>
<token t_id="967" sentence="37" number="10">!</token>
<token t_id="968" sentence="38" number="0">You</token>
<token t_id="969" sentence="38" number="1">never</token>
<token t_id="970" sentence="38" number="2">win</token>
<token t_id="971" sentence="38" number="3">unless</token>
<token t_id="972" sentence="38" number="4">you</token>
<token t_id="973" sentence="38" number="5">fight</token>
<token t_id="974" sentence="38" number="6">,</token>
<token t_id="975" sentence="38" number="7">"</token>
<token t_id="976" sentence="38" number="8">said</token>
<token t_id="977" sentence="38" number="9">76</token>
<token t_id="978" sentence="38" number="10">-</token>
<token t_id="979" sentence="38" number="11">year</token>
<token t_id="980" sentence="38" number="12">-</token>
<token t_id="981" sentence="38" number="13">old</token>
<token t_id="982" sentence="38" number="14">Constantinos</token>
<token t_id="983" sentence="38" number="15">Doganis</token>
<token t_id="984" sentence="38" number="16">,</token>
<token t_id="985" sentence="38" number="17">who</token>
<token t_id="986" sentence="38" number="18">gets</token>
<token t_id="987" sentence="38" number="19">euro345</token>
<token t_id="988" sentence="38" number="20">a</token>
<token t_id="989" sentence="38" number="21">month</token>
<token t_id="990" sentence="38" number="22">from</token>
<token t_id="991" sentence="38" number="23">his</token>
<token t_id="992" sentence="38" number="24">farming</token>
<token t_id="993" sentence="38" number="25">pension</token>
<token t_id="994" sentence="38" number="26">fund</token>
<token t_id="995" sentence="38" number="27">.</token>
<token t_id="996" sentence="39" number="0">"It's</token>
<token t_id="997" sentence="39" number="1">our</token>
<token t_id="998" sentence="39" number="2">fault</token>
<token t_id="999" sentence="39" number="3">too</token>
<token t_id="1000" sentence="39" number="4">,</token>
<token t_id="1001" sentence="39" number="5">all</token>
<token t_id="1002" sentence="39" number="6">the</token>
<token t_id="1003" sentence="39" number="7">mistakes</token>
<token t_id="1004" sentence="39" number="8">made</token>
<token t_id="1005" sentence="39" number="9">by</token>
<token t_id="1006" sentence="39" number="10">politicians</token>
<token t_id="1007" sentence="39" number="11">over</token>
<token t_id="1008" sentence="39" number="12">30</token>
<token t_id="1009" sentence="39" number="13">years</token>
<token t_id="1010" sentence="39" number="14">,</token>
<token t_id="1011" sentence="39" number="15">all</token>
<token t_id="1012" sentence="39" number="16">the</token>
<token t_id="1013" sentence="39" number="17">people</token>
<token t_id="1014" sentence="39" number="18">who</token>
<token t_id="1015" sentence="39" number="19">cheat</token>
<token t_id="1016" sentence="39" number="20">on</token>
<token t_id="1017" sentence="39" number="21">their</token>
<token t_id="1018" sentence="39" number="22">taxes</token>
<token t_id="1019" sentence="39" number="23">,</token>
<token t_id="1020" sentence="39" number="24">"</token>
<token t_id="1021" sentence="39" number="25">he</token>
<token t_id="1022" sentence="39" number="26">said</token>
<token t_id="1023" sentence="39" number="27">.</token>
<token t_id="1024" sentence="40" number="0">"But</token>
<token t_id="1025" sentence="40" number="1">they</token>
<token t_id="1026" sentence="40" number="2">are</token>
<token t_id="1027" sentence="40" number="3">behaving</token>
<token t_id="1028" sentence="40" number="4">like</token>
<token t_id="1029" sentence="40" number="5">buzzards</token>
<token t_id="1030" sentence="40" number="6">-</token>
<token t_id="1031" sentence="40" number="7">-</token>
<token t_id="1032" sentence="40" number="8">the</token>
<token t_id="1033" sentence="40" number="9">Germans</token>
<token t_id="1034" sentence="40" number="10">borrow</token>
<token t_id="1035" sentence="40" number="11">money</token>
<token t_id="1036" sentence="40" number="12">at</token>
<token t_id="1037" sentence="40" number="13">3</token>
<token t_id="1038" sentence="40" number="14">percent</token>
<token t_id="1039" sentence="40" number="15">and</token>
<token t_id="1040" sentence="40" number="16">then</token>
<token t_id="1041" sentence="40" number="17">lend</token>
<token t_id="1042" sentence="40" number="18">it</token>
<token t_id="1043" sentence="40" number="19">to</token>
<token t_id="1044" sentence="40" number="20">us</token>
<token t_id="1045" sentence="40" number="21">for</token>
<token t_id="1046" sentence="40" number="22">5</token>
<token t_id="1047" sentence="40" number="23">.</token>
<token t_id="1048" sentence="41" number="0">Why</token>
<token t_id="1049" sentence="41" number="1">?</token>
<token t_id="1050" sentence="41" number="2">"</token>
<token t_id="1051" sentence="42" number="0">Despite</token>
<token t_id="1052" sentence="42" number="1">the</token>
<token t_id="1053" sentence="42" number="2">strike</token>
<token t_id="1054" sentence="42" number="3">,</token>
<token t_id="1055" sentence="42" number="4">the</token>
<token t_id="1056" sentence="42" number="5">draft</token>
<token t_id="1057" sentence="42" number="6">bill</token>
<token t_id="1058" sentence="42" number="7">of</token>
<token t_id="1059" sentence="42" number="8">the</token>
<token t_id="1060" sentence="42" number="9">new</token>
<token t_id="1061" sentence="42" number="10">austerity</token>
<token t_id="1062" sentence="42" number="11">measures</token>
<token t_id="1063" sentence="42" number="12">is</token>
<token t_id="1064" sentence="42" number="13">to</token>
<token t_id="1065" sentence="42" number="14">be</token>
<token t_id="1066" sentence="42" number="15">voted</token>
<token t_id="1067" sentence="42" number="16">on</token>
<token t_id="1068" sentence="42" number="17">Thursday</token>
<token t_id="1069" sentence="42" number="18">.</token>
<token t_id="1070" sentence="43" number="0">Prime</token>
<token t_id="1071" sentence="43" number="1">Minister</token>
<token t_id="1072" sentence="43" number="2">George</token>
<token t_id="1073" sentence="43" number="3">Papandreou's</token>
<token t_id="1074" sentence="43" number="4">Socialists</token>
<token t_id="1075" sentence="43" number="5">hold</token>
<token t_id="1076" sentence="43" number="6">a</token>
<token t_id="1077" sentence="43" number="7">comfortable</token>
<token t_id="1078" sentence="43" number="8">majority</token>
<token t_id="1079" sentence="43" number="9">of</token>
<token t_id="1080" sentence="43" number="10">160</token>
<token t_id="1081" sentence="43" number="11">in</token>
<token t_id="1082" sentence="43" number="12">the</token>
<token t_id="1083" sentence="43" number="13">300</token>
<token t_id="1084" sentence="43" number="14">-</token>
<token t_id="1085" sentence="43" number="15">seat</token>
<token t_id="1086" sentence="43" number="16">Parliament</token>
<token t_id="1087" sentence="43" number="17">,</token>
<token t_id="1088" sentence="43" number="18">and</token>
<token t_id="1089" sentence="43" number="19">with</token>
<token t_id="1090" sentence="43" number="20">a</token>
<token t_id="1091" sentence="43" number="21">simple</token>
<token t_id="1092" sentence="43" number="22">majority</token>
<token t_id="1093" sentence="43" number="23">of</token>
<token t_id="1094" sentence="43" number="24">151</token>
<token t_id="1095" sentence="43" number="25">votes</token>
<token t_id="1096" sentence="43" number="26">needed</token>
<token t_id="1097" sentence="43" number="27">,</token>
<token t_id="1098" sentence="43" number="28">the</token>
<token t_id="1099" sentence="43" number="29">bill</token>
<token t_id="1100" sentence="43" number="30">is</token>
<token t_id="1101" sentence="43" number="31">expected</token>
<token t_id="1102" sentence="43" number="32">to</token>
<token t_id="1103" sentence="43" number="33">be</token>
<token t_id="1104" sentence="43" number="34">passed</token>
<token t_id="1105" sentence="43" number="35">easily</token>
<token t_id="1106" sentence="43" number="36">.</token>


<Markables>
<ACTION_REPORTING m_id="1" climaxEvent="TRUE" comment=""  >
<token_anchor t_id="52"/>
</ACTION_REPORTING>
<ACTION_OCCURRENCE m_id="2" climaxEvent="FALSE" comment=""  >
<token_anchor t_id="57"/>
</ACTION_OCCURRENCE>
<ACTION_OCCURRENCE m_id="3" climaxEvent="FALSE" comment=""  >
<token_anchor t_id="62"/>
</ACTION_OCCURRENCE>
<ACTION_OCCURRENCE m_id="4" climaxEvent="FALSE" comment=""  >
<token_anchor t_id="70"/>
</ACTION_OCCURRENCE>
<ACTION_OCCURRENCE m_id="5" climaxEvent="FALSE" comment=""  >
<token_anchor t_id="72"/>
</ACTION_OCCURRENCE>
<ACTION_OCCURRENCE m_id="6" climaxEvent="FALSE" comment=""  >
<token_anchor t_id="124"/>
</ACTION_OCCURRENCE>
<ACTION_OCCURRENCE m_id="7" climaxEvent="FALSE" comment=""  >
<token_anchor t_id="79"/>
</ACTION_OCCURRENCE>
<ACTION_OCCURRENCE m_id="8" climaxEvent="FALSE" comment=""  >
<token_anchor t_id="126"/>
</ACTION_OCCURRENCE>
<ACTION_OCCURRENCE m_id="9" climaxEvent="FALSE" comment=""  >
<token_anchor t_id="132"/>
</ACTION_OCCURRENCE>
<ACTION_OCCURRENCE m_id="10" climaxEvent="FALSE" comment=""  >
<token_anchor t_id="170"/>
</ACTION_OCCURRENCE>
<ACTION_OCCURRENCE m_id="11" climaxEvent="FALSE" comment=""  >
<token_anchor t_id="175"/>
<token_anchor t_id="176"/>
<token_anchor t_id="177"/>
<token_anchor t_id="178"/>
</ACTION_OCCURRENCE>
<ACTION_OCCURRENCE m_id="12" climaxEvent="FALSE" comment=""  >
<token_anchor t_id="186"/>
<token_anchor t_id="187"/>
<token_anchor t_id="188"/>
<token_anchor t_id="189"/>
</ACTION_OCCURRENCE>
<ACTION_OCCURRENCE m_id="13" climaxEvent="FALSE" comment=""  >
<token_anchor t_id="194"/>
</ACTION_OCCURRENCE>
<ACTION_OCCURRENCE m_id="14" climaxEvent="FALSE" comment=""  >
<token_anchor t_id="197"/>
</ACTION_OCCURRENCE>
<ACTION_OCCURRENCE m_id="15" climaxEvent="FALSE" comment=""  >
<token_anchor t_id="201"/>
</ACTION_OCCURRENCE>
<ACTION_OCCURRENCE m_id="16" climaxEvent="FALSE" comment=""  >
<token_anchor t_id="40"/>
</ACTION_OCCURRENCE>
<ACTION_OCCURRENCE m_id="17" climaxEvent="TRUE" comment=""  >
<token_anchor t_id="39"/>
</ACTION_OCCURRENCE>
<ACTION_OCCURRENCE m_id="18" climaxEvent="TRUE" comment=""  >
<token_anchor t_id="41"/>
</ACTION_OCCURRENCE>
<ACTION_OCCURRENCE m_id="19" climaxEvent="FALSE" comment=""  >
<token_anchor t_id="191"/>
</ACTION_OCCURRENCE>
<ACTION_REPORTING m_id="20" comment=""  >
<token_anchor t_id="55"/>
</ACTION_REPORTING>
<ACTION_REPORTING m_id="21" comment=""  >
<token_anchor t_id="36"/>
</ACTION_REPORTING>
<HUMAN_PART_GPE m_id="22"  >
<token_anchor t_id="199"/>
</HUMAN_PART_GPE>
<HUMAN_PART_PER m_id="33" comment=""  >
<token_anchor t_id="169"/>
</HUMAN_PART_PER>
<HUMAN_PART_PER m_id="23" comment=""  >
<token_anchor t_id="185"/>
</HUMAN_PART_PER>
<HUMAN_PART_PER m_id="24" comment=""  >
<token_anchor t_id="34"/>
<token_anchor t_id="35"/>
</HUMAN_PART_PER>
<HUMAN_PART_PER m_id="25" comment=""  >
<token_anchor t_id="38"/>
</HUMAN_PART_PER>
<HUMAN_PART_PER m_id="26" comment=""  >
<token_anchor t_id="49"/>
<token_anchor t_id="50"/>
</HUMAN_PART_PER>
<HUMAN_PART_PER m_id="27" comment=""  >
<token_anchor t_id="54"/>
</HUMAN_PART_PER>
<HUMAN_PART_PER m_id="28" comment=""  >
<token_anchor t_id="61"/>
</HUMAN_PART_PER>
<HUMAN_PART_PER m_id="29" comment=""  >
<token_anchor t_id="66"/>
</HUMAN_PART_PER>
<HUMAN_PART_PER m_id="30" comment=""  >
<token_anchor t_id="119"/>
</HUMAN_PART_PER>
<HUMAN_PART_PER m_id="31" comment=""  >
<token_anchor t_id="122"/>
</HUMAN_PART_PER>
<HUMAN_PART_PER m_id="32" comment=""  >
<token_anchor t_id="128"/>
<token_anchor t_id="129"/>
<token_anchor t_id="130"/>
</HUMAN_PART_PER>
<LOC_FAC m_id="34"  >
<token_anchor t_id="65"/>
</LOC_FAC>
<LOC_FAC m_id="35"  >
<token_anchor t_id="172"/>
<token_anchor t_id="173"/>
<token_anchor t_id="174"/>
</LOC_FAC>
<LOC_GEO m_id="36" comment=""  >
<token_anchor t_id="73"/>
<token_anchor t_id="74"/>
</LOC_GEO>
<LOC_GEO m_id="37" comment=""  >
<token_anchor t_id="134"/>
</LOC_GEO>
<TIME_DATE m_id="38" comment="" DCT="FALSE" value="2010-05-05" anchorTimeID="39"  >
<token_anchor t_id="179"/>
</TIME_DATE>
<TIME_DATE m_id="39" comment="" DCT="TRUE" value="2010-05-05" anchorTimeID="39"  >
<token_anchor t_id="43"/>
<token_anchor t_id="44"/>
<token_anchor t_id="45"/>
<token_anchor t_id="46"/>
</TIME_DATE>


<HUMAN_PART_PER m_id="40" RELATED_TO="" TAG_DESCRIPTOR="t8_demonstrators" comment="" />
<ACTION_OCCURRENCE m_id="41" RELATED_TO="" TAG_DESCRIPTOR="t8_torched" climaxEvent="FALSE" comment="" />
<ACTION_OCCURRENCE m_id="42" RELATED_TO="" TAG_DESCRIPTOR="t8_cuts" climaxEvent="FALSE" comment="" />
<ACTION_OCCURRENCE m_id="43" RELATED_TO="" TAG_DESCRIPTOR="t8_demonstrations" climaxEvent="FALSE" comment="" />
<ACTION_OCCURRENCE m_id="44" RELATED_TO="" TAG_DESCRIPTOR="t8_austerity_measures" climaxEvent="FALSE" comment="" />
<ACTION_OCCURRENCE m_id="45" RELATED_TO="" TAG_DESCRIPTOR="t8_bankruptcy" climaxEvent="FALSE" comment="" />
<HUMAN_PART_PER m_id="46" RELATED_TO="" TAG_DESCRIPTOR="prime_minister" comment="" />
<LOC_GEO m_id="47" RELATED_TO="" TAG_DESCRIPTOR="t8_athens" comment="" />
<LOC_FAC m_id="48" RELATED_TO="" TAG_DESCRIPTOR="t8_bank" />
<ACTION_OCCURRENCE m_id="49" RELATED_TO="" TAG_DESCRIPTOR="t8_rioting" climaxEvent="FALSE" comment="" />
<ACTION_OCCURRENCE m_id="50" RELATED_TO="" TAG_DESCRIPTOR="t8_took_to_streets" climaxEvent="FALSE" comment="" />
<HUMAN_PART_GPE m_id="51" RELATED_TO="" TAG_DESCRIPTOR="t8_greece" />
<ACTION_OCCURRENCE m_id="52" RELATED_TO="" TAG_DESCRIPTOR="t8_bank_workers_died" climaxEvent="FALSE" comment="" />
<HUMAN_PART_PER m_id="53" RELATED_TO="" TAG_DESCRIPTOR="t8_bank_workers" comment="" />
<TIME_DATE m_id="54" RELATED_TO="" TAG_DESCRIPTOR="t8_wednesday" comment="" DCT="FALSE" value="" anchorTimeID="" />
</Markables>

<Relations>
<TLINK r_id="241562" contextualModality="" relType="CONTAINS" comment="" >
<source m_id="38" />
<target m_id="2" />
</TLINK>
<TLINK r_id="241563" contextualModality="" relType="CONTAINS" comment="" >
<source m_id="38" />
<target m_id="3" />
</TLINK>
<TLINK r_id="241564" contextualModality="" relType="CONTAINS" comment="" >
<source m_id="38" />
<target m_id="4" />
</TLINK>
<TLINK r_id="241565" contextualModality="" relType="CONTAINS" comment="" >
<source m_id="38" />
<target m_id="5" />
</TLINK>
<TLINK r_id="241567" contextualModality="" relType="CONTAINS" comment="" >
<source m_id="38" />
<target m_id="6" />
</TLINK>
<TLINK r_id="241568" contextualModality="" relType="CONTAINS" comment="" >
<source m_id="38" />
<target m_id="8" />
</TLINK>
<TLINK r_id="241569" contextualModality="" relType="CONTAINS" comment="" >
<source m_id="38" />
<target m_id="9" />
</TLINK>
<TLINK r_id="241570" contextualModality="" relType="CONTAINS" comment="" >
<source m_id="38" />
<target m_id="10" />
</TLINK>
<TLINK r_id="241571" contextualModality="" relType="CONTAINS" comment="" >
<source m_id="38" />
<target m_id="11" />
</TLINK>
<TLINK r_id="241572" contextualModality="" relType="CONTAINS" comment="" >
<source m_id="38" />
<target m_id="12" />
</TLINK>
<TLINK r_id="241573" contextualModality="" relType="CONTAINS" comment="" >
<source m_id="38" />
<target m_id="19" />
</TLINK>
<TLINK r_id="241578" contextualModality="" relType="CONTAINS" comment="" >
<source m_id="39" />
<target m_id="2" />
</TLINK>
<TLINK r_id="241579" contextualModality="" relType="CONTAINS" comment="" >
<source m_id="39" />
<target m_id="3" />
</TLINK>
<TLINK r_id="241580" contextualModality="" relType="CONTAINS" comment="" >
<source m_id="39" />
<target m_id="4" />
</TLINK>
<TLINK r_id="241581" contextualModality="" relType="CONTAINS" comment="" >
<source m_id="39" />
<target m_id="5" />
</TLINK>
<TLINK r_id="241582" contextualModality="" relType="BEFORE" comment="" >
<source m_id="39" />
<target m_id="7" />
</TLINK>
<TLINK r_id="241583" contextualModality="" relType="CONTAINS" comment="" >
<source m_id="39" />
<target m_id="6" />
</TLINK>
<TLINK r_id="241584" contextualModality="" relType="CONTAINS" comment="" >
<source m_id="39" />
<target m_id="8" />
</TLINK>
<TLINK r_id="241585" contextualModality="" relType="AFTER" comment="" >
<source m_id="39" />
<target m_id="9" />
</TLINK>
<TLINK r_id="241586" contextualModality="" relType="CONTAINS" comment="" >
<source m_id="39" />
<target m_id="10" />
</TLINK>
<TLINK r_id="241587" contextualModality="" relType="CONTAINS" comment="" >
<source m_id="39" />
<target m_id="11" />
</TLINK>
<TLINK r_id="241588" contextualModality="" relType="CONTAINS" comment="" >
<source m_id="39" />
<target m_id="12" />
</TLINK>
<TLINK r_id="241589" contextualModality="" relType="CONTAINS" comment="" >
<source m_id="39" />
<target m_id="19" />
</TLINK>
<TLINK r_id="241590" contextualModality="" relType="CONTAINS" comment="" >
<source m_id="39" />
<target m_id="13" />
</TLINK>
<TLINK r_id="241591" contextualModality="" relType="BEFORE" comment="" >
<source m_id="39" />
<target m_id="14" />
</TLINK>
<TLINK r_id="241592" contextualModality="" relType="AFTER" comment="" >
<source m_id="39" />
<target m_id="15" />
</TLINK>
<TLINK r_id="241593" contextualModality="" relType="CONTAINS" comment="" >
<source m_id="39" />
<target m_id="17" />
</TLINK>
<TLINK r_id="241594" contextualModality="" relType="CONTAINS" comment="" >
<source m_id="39" />
<target m_id="16" />
</TLINK>
<TLINK r_id="241595" contextualModality="" relType="CONTAINS" comment="" >
<source m_id="39" />
<target m_id="18" />
</TLINK>
<TLINK r_id="241596" contextualModality="" relType="CONTAINS" comment="" >
<source m_id="38" />
<target m_id="17" />
</TLINK>
<TLINK r_id="241597" contextualModality="" relType="CONTAINS" comment="" >
<source m_id="38" />
<target m_id="16" />
</TLINK>
<TLINK r_id="241598" contextualModality="" relType="CONTAINS" comment="" >
<source m_id="38" />
<target m_id="18" />
</TLINK>
<PLOT_LINK r_id="241599" SIGNAL="" relType="PRECONDITION" CAUSES="FALSE" CAUSED_BY="FALSE" >
<source m_id="17" />
<target m_id="16" />
</PLOT_LINK>
<PLOT_LINK r_id="241600" SIGNAL="" relType="FALLING_ACTION" CAUSES="FALSE" CAUSED_BY="FALSE" >
<source m_id="2" />
<target m_id="3" />
</PLOT_LINK>
<PLOT_LINK r_id="241601" SIGNAL="" relType="FALLING_ACTION" CAUSES="FALSE" CAUSED_BY="FALSE" >
<source m_id="18" />
<target m_id="3" />
</PLOT_LINK>
<PLOT_LINK r_id="241602" SIGNAL="" relType="FALLING_ACTION" CAUSES="FALSE" CAUSED_BY="FALSE" >
<source m_id="3" />
<target m_id="4" />
</PLOT_LINK>
<PLOT_LINK r_id="241603" SIGNAL="" relType="FALLING_ACTION" CAUSES="FALSE" CAUSED_BY="FALSE" >
<source m_id="18" />
<target m_id="4" />
</PLOT_LINK>
<PLOT_LINK r_id="241604" SIGNAL="" relType="FALLING_ACTION" CAUSES="FALSE" CAUSED_BY="FALSE" >
<source m_id="2" />
<target m_id="4" />
</PLOT_LINK>
<PLOT_LINK r_id="241605" SIGNAL="" relType="FALLING_ACTION" CAUSES="FALSE" CAUSED_BY="FALSE" >
<source m_id="4" />
<target m_id="5" />
</PLOT_LINK>
<PLOT_LINK r_id="241606" SIGNAL="" relType="FALLING_ACTION" CAUSES="FALSE" CAUSED_BY="FALSE" >
<source m_id="5" />
<target m_id="7" />
</PLOT_LINK>
<PLOT_LINK r_id="241607" SIGNAL="" relType="FALLING_ACTION" CAUSES="FALSE" CAUSED_BY="FALSE" >
<source m_id="6" />
<target m_id="8" />
</PLOT_LINK>
<PLOT_LINK r_id="241608" SIGNAL="" relType="PRECONDITION" CAUSES="FALSE" CAUSED_BY="FALSE" >
<source m_id="8" />
<target m_id="9" />
</PLOT_LINK>
<PLOT_LINK r_id="241609" SIGNAL="" relType="FALLING_ACTION" CAUSES="FALSE" CAUSED_BY="FALSE" >
<source m_id="10" />
<target m_id="11" />
</PLOT_LINK>
<PLOT_LINK r_id="241610" SIGNAL="" relType="FALLING_ACTION" CAUSES="FALSE" CAUSED_BY="FALSE" >
<source m_id="12" />
<target m_id="19" />
</PLOT_LINK>
<PLOT_LINK r_id="241611" SIGNAL="" relType="FALLING_ACTION" CAUSES="FALSE" CAUSED_BY="FALSE" >
<source m_id="19" />
<target m_id="13" />
</PLOT_LINK>
<PLOT_LINK r_id="241612" SIGNAL="" relType="PRECONDITION" CAUSES="FALSE" CAUSED_BY="FALSE" >
<source m_id="13" />
<target m_id="14" />
</PLOT_LINK>
<PLOT_LINK r_id="241613" SIGNAL="" relType="PRECONDITION" CAUSES="FALSE" CAUSED_BY="FALSE" >
<source m_id="13" />
<target m_id="15" />
</PLOT_LINK>
</Relations>
</Document>
