<Document doc_name="3_9ecbplus.xml">
<token t_id="1" sentence="0" number="0">http</token>
<token t_id="2" sentence="0" number="1">:</token>
<token t_id="3" sentence="0" number="2">/</token>
<token t_id="4" sentence="0" number="3">/</token>
<token t_id="5" sentence="0" number="4">news</token>
<token t_id="6" sentence="0" number="5">.</token>
<token t_id="7" sentence="0" number="6">heralddemocrat</token>
<token t_id="8" sentence="0" number="7">.</token>
<token t_id="9" sentence="0" number="8">com</token>
<token t_id="10" sentence="0" number="9">/</token>
<token t_id="11" sentence="0" number="10">hd</token>
<token t_id="12" sentence="0" number="11">/</token>
<token t_id="13" sentence="0" number="12">News</token>
<token t_id="14" sentence="0" number="13">/</token>
<token t_id="15" sentence="0" number="14">Police</token>
<token t_id="16" sentence="0" number="15">-</token>
<token t_id="17" sentence="0" number="16">-</token>
<token t_id="18" sentence="0" number="17">-</token>
<token t_id="19" sentence="0" number="18">-</token>
<token t_id="20" sentence="0" number="19">Texas</token>
<token t_id="21" sentence="0" number="20">-</token>
<token t_id="22" sentence="0" number="21">on</token>
<token t_id="23" sentence="0" number="22">-</token>
<token t_id="24" sentence="0" number="23">U</token>
<token t_id="25" sentence="0" number="24">-</token>
<token t_id="26" sentence="0" number="25">S</token>
<token t_id="27" sentence="0" number="26">-</token>
<token t_id="28" sentence="0" number="27">-</token>
<token t_id="29" sentence="0" number="28">Marshal</token>
<token t_id="30" sentence="0" number="29">-</token>
<token t_id="31" sentence="0" number="30">Most</token>
<token t_id="32" sentence="0" number="31">-</token>
<token t_id="33" sentence="0" number="32">Wanted</token>
<token t_id="34" sentence="0" number="33">-</token>
<token t_id="35" sentence="0" number="34">list</token>
<token t_id="36" sentence="0" number="35">-</token>
<token t_id="37" sentence="0" number="36">_</token>
<token t_id="38" sentence="0" number="37">-</token>
<token t_id="39" sentence="0" number="38">MUG</token>
<token t_id="40" sentence="1" number="0">Updated</token>
<token t_id="41" sentence="1" number="1">Saturday</token>
<token t_id="42" sentence="1" number="2">,</token>
<token t_id="43" sentence="1" number="3">December</token>
<token t_id="44" sentence="1" number="4">05</token>
<token t_id="45" sentence="1" number="5">,</token>
<token t_id="46" sentence="1" number="6">2009</token>
<token t_id="47" sentence="1" number="7">8</token>
<token t_id="48" sentence="1" number="8">:</token>
<token t_id="49" sentence="1" number="9">28</token>
<token t_id="50" sentence="1" number="10">PM</token>
<token t_id="51" sentence="2" number="0">Texas</token>
<token t_id="52" sentence="2" number="1">escapee</token>
<token t_id="53" sentence="2" number="2">now</token>
<token t_id="54" sentence="2" number="3">on</token>
<token t_id="55" sentence="2" number="4">U</token>
<token t_id="56" sentence="2" number="5">.</token>
<token t_id="57" sentence="2" number="6">S</token>
<token t_id="58" sentence="2" number="7">.</token>
<token t_id="59" sentence="2" number="8">Marshal's</token>
<token t_id="60" sentence="2" number="9">most</token>
<token t_id="61" sentence="2" number="10">wanted</token>
<token t_id="62" sentence="2" number="11">list</token>
<token t_id="63" sentence="3" number="0">Last</token>
<token t_id="64" sentence="3" number="1">week's</token>
<token t_id="65" sentence="3" number="2">escapee</token>
<token t_id="66" sentence="3" number="3">from</token>
<token t_id="67" sentence="3" number="4">the</token>
<token t_id="68" sentence="3" number="5">Texas</token>
<token t_id="69" sentence="3" number="6">prison</token>
<token t_id="70" sentence="3" number="7">system</token>
<token t_id="71" sentence="3" number="8">is</token>
<token t_id="72" sentence="3" number="9">still</token>
<token t_id="73" sentence="3" number="10">at</token>
<token t_id="74" sentence="3" number="11">large</token>
<token t_id="75" sentence="3" number="12">and</token>
<token t_id="76" sentence="3" number="13">is</token>
<token t_id="77" sentence="3" number="14">now</token>
<token t_id="78" sentence="3" number="15">on</token>
<token t_id="79" sentence="3" number="16">the</token>
<token t_id="80" sentence="3" number="17">U</token>
<token t_id="81" sentence="3" number="18">.</token>
<token t_id="82" sentence="3" number="19">S</token>
<token t_id="83" sentence="3" number="20">.</token>
<token t_id="84" sentence="3" number="21">Marshal</token>
<token t_id="85" sentence="3" number="22">Service's</token>
<token t_id="86" sentence="3" number="23">"Most</token>
<token t_id="87" sentence="3" number="24">Wanted"</token>
<token t_id="88" sentence="3" number="25">list</token>
<token t_id="89" sentence="3" number="26">of</token>
<token t_id="90" sentence="3" number="27">fugitives</token>
<token t_id="91" sentence="3" number="28">.</token>
<token t_id="92" sentence="4" number="0">Arcade</token>
<token t_id="93" sentence="4" number="1">Joseph</token>
<token t_id="94" sentence="4" number="2">Comeaux</token>
<token t_id="95" sentence="4" number="3">Jr</token>
<token t_id="96" sentence="4" number="4">.</token>
<token t_id="97" sentence="4" number="5">is</token>
<token t_id="98" sentence="4" number="6">serving</token>
<token t_id="99" sentence="4" number="7">three</token>
<token t_id="100" sentence="4" number="8">life</token>
<token t_id="101" sentence="4" number="9">sentences</token>
<token t_id="102" sentence="4" number="10">.</token>
<token t_id="103" sentence="5" number="0">He</token>
<token t_id="104" sentence="5" number="1">escaped</token>
<token t_id="105" sentence="5" number="2">last</token>
<token t_id="106" sentence="5" number="3">week</token>
<token t_id="107" sentence="5" number="4">while</token>
<token t_id="108" sentence="5" number="5">being</token>
<token t_id="109" sentence="5" number="6">transported</token>
<token t_id="110" sentence="5" number="7">from</token>
<token t_id="111" sentence="5" number="8">a</token>
<token t_id="112" sentence="5" number="9">prison</token>
<token t_id="113" sentence="5" number="10">in</token>
<token t_id="114" sentence="5" number="11">Huntsville</token>
<token t_id="115" sentence="5" number="12">to</token>
<token t_id="116" sentence="5" number="13">one</token>
<token t_id="117" sentence="5" number="14">in</token>
<token t_id="118" sentence="5" number="15">Beaumont</token>
<token t_id="119" sentence="5" number="16">,</token>
<token t_id="120" sentence="5" number="17">Texas</token>
<token t_id="121" sentence="5" number="18">.</token>
<token t_id="122" sentence="6" number="0">Comeaux</token>
<token t_id="123" sentence="6" number="1">is</token>
<token t_id="124" sentence="6" number="2">accused</token>
<token t_id="125" sentence="6" number="3">of</token>
<token t_id="126" sentence="6" number="4">using</token>
<token t_id="127" sentence="6" number="5">a</token>
<token t_id="128" sentence="6" number="6">gun</token>
<token t_id="129" sentence="6" number="7">which</token>
<token t_id="130" sentence="6" number="8">was</token>
<token t_id="131" sentence="6" number="9">smuggled</token>
<token t_id="132" sentence="6" number="10">in</token>
<token t_id="133" sentence="6" number="11">to</token>
<token t_id="134" sentence="6" number="12">him</token>
<token t_id="135" sentence="6" number="13">for</token>
<token t_id="136" sentence="6" number="14">the</token>
<token t_id="137" sentence="6" number="15">escape</token>
<token t_id="138" sentence="6" number="16">.</token>
<token t_id="139" sentence="7" number="0">He</token>
<token t_id="140" sentence="7" number="1">was</token>
<token t_id="141" sentence="7" number="2">in</token>
<token t_id="142" sentence="7" number="3">prison</token>
<token t_id="143" sentence="7" number="4">after</token>
<token t_id="144" sentence="7" number="5">being</token>
<token t_id="145" sentence="7" number="6">convicted</token>
<token t_id="146" sentence="7" number="7">of</token>
<token t_id="147" sentence="7" number="8">aggravated</token>
<token t_id="148" sentence="7" number="9">sexual</token>
<token t_id="149" sentence="7" number="10">assault</token>
<token t_id="150" sentence="7" number="11">of</token>
<token t_id="151" sentence="7" number="12">a</token>
<token t_id="152" sentence="7" number="13">child</token>
<token t_id="153" sentence="7" number="14">and</token>
<token t_id="154" sentence="7" number="15">aggravated</token>
<token t_id="155" sentence="7" number="16">assault</token>
<token t_id="156" sentence="7" number="17">with</token>
<token t_id="157" sentence="7" number="18">a</token>
<token t_id="158" sentence="7" number="19">deadly</token>
<token t_id="159" sentence="7" number="20">weapon</token>
<token t_id="160" sentence="7" number="21">.</token>
<token t_id="161" sentence="8" number="0">According</token>
<token t_id="162" sentence="8" number="1">to</token>
<token t_id="163" sentence="8" number="2">Texas</token>
<token t_id="164" sentence="8" number="3">authorities</token>
<token t_id="165" sentence="8" number="4">,</token>
<token t_id="166" sentence="8" number="5">the</token>
<token t_id="167" sentence="8" number="6">weapons</token>
<token t_id="168" sentence="8" number="7">conviction</token>
<token t_id="169" sentence="8" number="8">stemmed</token>
<token t_id="170" sentence="8" number="9">from</token>
<token t_id="171" sentence="8" number="10">a</token>
<token t_id="172" sentence="8" number="11">1999</token>
<token t_id="173" sentence="8" number="12">incident</token>
<token t_id="174" sentence="8" number="13">where</token>
<token t_id="175" sentence="8" number="14">he</token>
<token t_id="176" sentence="8" number="15">stabbed</token>
<token t_id="177" sentence="8" number="16">his</token>
<token t_id="178" sentence="8" number="17">wife</token>
<token t_id="179" sentence="8" number="18">17</token>
<token t_id="180" sentence="8" number="19">times</token>
<token t_id="181" sentence="8" number="20">while</token>
<token t_id="182" sentence="8" number="21">she</token>
<token t_id="183" sentence="8" number="22">was</token>
<token t_id="184" sentence="8" number="23">visiting</token>
<token t_id="185" sentence="8" number="24">him</token>
<token t_id="186" sentence="8" number="25">in</token>
<token t_id="187" sentence="8" number="26">prison</token>
<token t_id="188" sentence="8" number="27">.</token>


<Markables>
<ACTION_OCCURRENCE m_id="1" climaxEvent="FALSE" comment=""  >
<token_anchor t_id="173"/>
</ACTION_OCCURRENCE>
<ACTION_OCCURRENCE m_id="2" climaxEvent="FALSE" comment=""  >
<token_anchor t_id="61"/>
</ACTION_OCCURRENCE>
<ACTION_OCCURRENCE m_id="3" climaxEvent="FALSE" comment=""  >
<token_anchor t_id="87"/>
</ACTION_OCCURRENCE>
<ACTION_OCCURRENCE m_id="4" climaxEvent="FALSE" comment=""  >
<token_anchor t_id="98"/>
</ACTION_OCCURRENCE>
<ACTION_OCCURRENCE m_id="5" climaxEvent="FALSE" comment=""  >
<token_anchor t_id="101"/>
</ACTION_OCCURRENCE>
<ACTION_OCCURRENCE m_id="6" climaxEvent="FALSE" comment=""  >
<token_anchor t_id="104"/>
</ACTION_OCCURRENCE>
<ACTION_OCCURRENCE m_id="7" climaxEvent="FALSE" comment=""  >
<token_anchor t_id="109"/>
</ACTION_OCCURRENCE>
<ACTION_OCCURRENCE m_id="8" climaxEvent="FALSE" comment=""  >
<token_anchor t_id="124"/>
</ACTION_OCCURRENCE>
<ACTION_OCCURRENCE m_id="9" climaxEvent="FALSE" comment=""  >
<token_anchor t_id="131"/>
</ACTION_OCCURRENCE>
<ACTION_OCCURRENCE m_id="10" climaxEvent="FALSE" comment=""  >
<token_anchor t_id="137"/>
</ACTION_OCCURRENCE>
<ACTION_OCCURRENCE m_id="11" climaxEvent="FALSE" comment=""  >
<token_anchor t_id="145"/>
</ACTION_OCCURRENCE>
<ACTION_OCCURRENCE m_id="12" climaxEvent="FALSE" comment=""  >
<token_anchor t_id="149"/>
</ACTION_OCCURRENCE>
<ACTION_OCCURRENCE m_id="13" climaxEvent="FALSE" comment=""  >
<token_anchor t_id="155"/>
</ACTION_OCCURRENCE>
<ACTION_OCCURRENCE m_id="14" climaxEvent="FALSE" comment=""  >
<token_anchor t_id="168"/>
</ACTION_OCCURRENCE>
<ACTION_OCCURRENCE m_id="15" climaxEvent="FALSE" comment=""  >
<token_anchor t_id="176"/>
</ACTION_OCCURRENCE>
<ACTION_OCCURRENCE m_id="16" climaxEvent="FALSE" comment=""  >
<token_anchor t_id="184"/>
</ACTION_OCCURRENCE>
<ACTION_STATE m_id="17" climaxEvent="FALSE" comment=""  >
<token_anchor t_id="73"/>
<token_anchor t_id="74"/>
</ACTION_STATE>
<HUMAN_PART_ORG m_id="18"  >
<token_anchor t_id="80"/>
<token_anchor t_id="81"/>
<token_anchor t_id="82"/>
<token_anchor t_id="83"/>
<token_anchor t_id="84"/>
<token_anchor t_id="85"/>
</HUMAN_PART_ORG>
<HUMAN_PART_ORG m_id="19"  >
<token_anchor t_id="55"/>
<token_anchor t_id="56"/>
<token_anchor t_id="57"/>
<token_anchor t_id="58"/>
<token_anchor t_id="59"/>
</HUMAN_PART_ORG>
<HUMAN_PART_ORG m_id="20"  >
<token_anchor t_id="70"/>
</HUMAN_PART_ORG>
<HUMAN_PART_PER m_id="33" comment=""  >
<token_anchor t_id="65"/>
</HUMAN_PART_PER>
<HUMAN_PART_PER m_id="34" comment=""  >
<token_anchor t_id="92"/>
<token_anchor t_id="93"/>
<token_anchor t_id="94"/>
<token_anchor t_id="95"/>
</HUMAN_PART_PER>
<HUMAN_PART_PER m_id="21" comment=""  >
<token_anchor t_id="103"/>
</HUMAN_PART_PER>
<HUMAN_PART_PER m_id="22" comment=""  >
<token_anchor t_id="122"/>
</HUMAN_PART_PER>
<HUMAN_PART_PER m_id="23" comment=""  >
<token_anchor t_id="139"/>
</HUMAN_PART_PER>
<HUMAN_PART_PER m_id="24" comment=""  >
<token_anchor t_id="185"/>
</HUMAN_PART_PER>
<HUMAN_PART_PER m_id="25" comment=""  >
<token_anchor t_id="134"/>
</HUMAN_PART_PER>
<HUMAN_PART_PER m_id="26" comment=""  >
<token_anchor t_id="164"/>
</HUMAN_PART_PER>
<HUMAN_PART_PER m_id="27" comment=""  >
<token_anchor t_id="152"/>
</HUMAN_PART_PER>
<HUMAN_PART_PER m_id="28" comment=""  >
<token_anchor t_id="175"/>
</HUMAN_PART_PER>
<HUMAN_PART_PER m_id="29" comment=""  >
<token_anchor t_id="182"/>
</HUMAN_PART_PER>
<HUMAN_PART_PER m_id="30" comment=""  >
<token_anchor t_id="178"/>
</HUMAN_PART_PER>
<HUMAN_PART_PER m_id="31" comment=""  >
<token_anchor t_id="90"/>
</HUMAN_PART_PER>
<HUMAN_PART_PER m_id="32" comment=""  >
<token_anchor t_id="52"/>
</HUMAN_PART_PER>
<LOC_FAC m_id="35"  >
<token_anchor t_id="186"/>
<token_anchor t_id="187"/>
</LOC_FAC>
<LOC_FAC m_id="36"  >
<token_anchor t_id="111"/>
<token_anchor t_id="112"/>
<token_anchor t_id="113"/>
<token_anchor t_id="114"/>
</LOC_FAC>
<LOC_FAC m_id="37"  >
<token_anchor t_id="141"/>
<token_anchor t_id="142"/>
</LOC_FAC>
<LOC_FAC m_id="38"  >
<token_anchor t_id="115"/>
<token_anchor t_id="116"/>
<token_anchor t_id="117"/>
<token_anchor t_id="118"/>
<token_anchor t_id="119"/>
<token_anchor t_id="120"/>
</LOC_FAC>
<NON_HUMAN_PART m_id="39" comment=""  >
<token_anchor t_id="88"/>
</NON_HUMAN_PART>
<NON_HUMAN_PART m_id="40" comment=""  >
<token_anchor t_id="62"/>
</NON_HUMAN_PART>
<NON_HUMAN_PART m_id="41" comment=""  >
<token_anchor t_id="167"/>
</NON_HUMAN_PART>
<NON_HUMAN_PART m_id="42" comment=""  >
<token_anchor t_id="128"/>
</NON_HUMAN_PART>
<NON_HUMAN_PART m_id="43" comment=""  >
<token_anchor t_id="159"/>
</NON_HUMAN_PART>
<TIME_DATE m_id="44" comment="" DCT="FALSE" value="2009-W49" anchorTimeID="47"  >
<token_anchor t_id="63"/>
<token_anchor t_id="64"/>
</TIME_DATE>
<TIME_DATE m_id="45" comment="" DCT="FALSE" value="2009-W49" anchorTimeID="44"  >
<token_anchor t_id="105"/>
<token_anchor t_id="106"/>
</TIME_DATE>
<TIME_DATE m_id="46" comment="" DCT="FALSE" value="1999" anchorTimeID=""  >
<token_anchor t_id="171"/>
<token_anchor t_id="172"/>
</TIME_DATE>
<TIME_OF_THE_DAY m_id="47" DCT="TRUE" value="2009-12-6T00:28Z" anchorTimeID=""  >
<token_anchor t_id="41"/>
<token_anchor t_id="42"/>
<token_anchor t_id="43"/>
<token_anchor t_id="44"/>
<token_anchor t_id="45"/>
<token_anchor t_id="46"/>
<token_anchor t_id="47"/>
<token_anchor t_id="48"/>
<token_anchor t_id="49"/>
<token_anchor t_id="50"/>
</TIME_OF_THE_DAY>


<ACTION_OCCURRENCE m_id="48" RELATED_TO="" TAG_DESCRIPTOR="t3_serving_98_sentence" climaxEvent="FALSE" comment="" />
<ACTION_OCCURRENCE m_id="49" RELATED_TO="" TAG_DESCRIPTOR="t3_wife_attack" climaxEvent="FALSE" comment="" />
<HUMAN_PART_PER m_id="50" RELATED_TO="" TAG_DESCRIPTOR="t3_authorities" comment="" />
<HUMAN_PART_PER m_id="51" RELATED_TO="" TAG_DESCRIPTOR="t3_arcade_joseph_comeaux" comment="" />
<ACTION_OCCURRENCE m_id="52" RELATED_TO="" TAG_DESCRIPTOR="t3_escape_nov_30" climaxEvent="FALSE" comment="" />
<ACTION_OCCURRENCE m_id="53" RELATED_TO="" TAG_DESCRIPTOR="t3_aggravated_child_rape" climaxEvent="FALSE" comment="" />
<TIME_DURATION m_id="54" RELATED_TO="" TAG_DESCRIPTOR="t3_life" endPoint="" value="" begin="" anchorTimeID="" />
<ACTION_OCCURRENCE m_id="55" RELATED_TO="" TAG_DESCRIPTOR="t3_life_sentence" climaxEvent="FALSE" comment="" />
<LOC_FAC m_id="56" RELATED_TO="" TAG_DESCRIPTOR="t3_huntsville_prison" />
<NON_HUMAN_PART m_id="57" RELATED_TO="" TAG_DESCRIPTOR="t3_smuggled_gun" comment="" />
<ACTION_OCCURRENCE m_id="58" RELATED_TO="" TAG_DESCRIPTOR="t3_wife_visiting" climaxEvent="FALSE" comment="" />
<LOC_FAC m_id="59" RELATED_TO="" TAG_DESCRIPTOR="t3_beaumont_prison" />
<TIME_DATE m_id="60" RELATED_TO="" TAG_DESCRIPTOR="t3_nov_30" comment="" DCT="FALSE" value="" anchorTimeID="" />
<HUMAN_PART_PER m_id="61" RELATED_TO="" TAG_DESCRIPTOR="t3_wife" comment="" />
<HUMAN_PART_PER m_id="62" RELATED_TO="" TAG_DESCRIPTOR="t3_child" comment="" />
<LOC_FAC m_id="63" RELATED_TO="" TAG_DESCRIPTOR="t3_in_prison" />
<ACTION_OCCURRENCE m_id="64" RELATED_TO="" TAG_DESCRIPTOR="t3_convicted_99" climaxEvent="FALSE" comment="" />
<ACTION_OCCURRENCE m_id="65" RELATED_TO="" TAG_DESCRIPTOR="t3_transport_to_beaumont" climaxEvent="FALSE" comment="" />
<ACTION_OCCURRENCE m_id="66" RELATED_TO="" TAG_DESCRIPTOR="t3_convicted_98" climaxEvent="FALSE" comment="" />
<NON_HUMAN_PART m_id="67" RELATED_TO="" TAG_DESCRIPTOR="t3_most_wanted_list" comment="" />
<TIME_DATE m_id="68" RELATED_TO="" TAG_DESCRIPTOR="t_2009-12-5" comment="" DCT="FALSE" value="" anchorTimeID="" />
</Markables>

<Relations>
<PLOT_LINK r_id="234993" SIGNAL="" relType="FALLING_ACTION" CAUSES="FALSE" CAUSED_BY="FALSE" >
<source m_id="2" />
<target m_id="17" />
</PLOT_LINK>
<PLOT_LINK r_id="234994" SIGNAL="" relType="PRECONDITION" CAUSES="FALSE" CAUSED_BY="FALSE" >
<source m_id="17" />
<target m_id="3" />
</PLOT_LINK>
<PLOT_LINK r_id="234995" SIGNAL="" relType="FALLING_ACTION" CAUSES="FALSE" CAUSED_BY="FALSE" >
<source m_id="17" />
<target m_id="5" />
</PLOT_LINK>
<PLOT_LINK r_id="234996" SIGNAL="" relType="FALLING_ACTION" CAUSES="FALSE" CAUSED_BY="FALSE" >
<source m_id="3" />
<target m_id="5" />
</PLOT_LINK>
<PLOT_LINK r_id="234997" SIGNAL="" relType="FALLING_ACTION" CAUSES="FALSE" CAUSED_BY="FALSE" >
<source m_id="2" />
<target m_id="5" />
</PLOT_LINK>
<PLOT_LINK r_id="234998" SIGNAL="" relType="PRECONDITION" CAUSES="FALSE" CAUSED_BY="FALSE" >
<source m_id="5" />
<target m_id="6" />
</PLOT_LINK>
<PLOT_LINK r_id="234999" SIGNAL="" relType="FALLING_ACTION" CAUSES="FALSE" CAUSED_BY="FALSE" >
<source m_id="2" />
<target m_id="6" />
</PLOT_LINK>
<PLOT_LINK r_id="235000" SIGNAL="" relType="FALLING_ACTION" CAUSES="FALSE" CAUSED_BY="FALSE" >
<source m_id="3" />
<target m_id="6" />
</PLOT_LINK>
<PLOT_LINK r_id="235001" SIGNAL="" relType="FALLING_ACTION" CAUSES="FALSE" CAUSED_BY="FALSE" >
<source m_id="17" />
<target m_id="6" />
</PLOT_LINK>
<PLOT_LINK r_id="235002" SIGNAL="" relType="FALLING_ACTION" CAUSES="FALSE" CAUSED_BY="FALSE" >
<source m_id="6" />
<target m_id="7" />
</PLOT_LINK>
<PLOT_LINK r_id="235003" SIGNAL="" relType="PRECONDITION" CAUSES="FALSE" CAUSED_BY="FALSE" >
<source m_id="9" />
<target m_id="10" />
</PLOT_LINK>
<PLOT_LINK r_id="235004" SIGNAL="" relType="FALLING_ACTION" CAUSES="FALSE" CAUSED_BY="FALSE" >
<source m_id="10" />
<target m_id="11" />
</PLOT_LINK>
<PLOT_LINK r_id="235005" SIGNAL="" relType="FALLING_ACTION" CAUSES="FALSE" CAUSED_BY="FALSE" >
<source m_id="6" />
<target m_id="11" />
</PLOT_LINK>
<PLOT_LINK r_id="235006" SIGNAL="" relType="FALLING_ACTION" CAUSES="FALSE" CAUSED_BY="FALSE" >
<source m_id="14" />
<target m_id="1" />
</PLOT_LINK>
<PLOT_LINK r_id="235007" SIGNAL="" relType="FALLING_ACTION" CAUSES="FALSE" CAUSED_BY="FALSE" >
<source m_id="2" />
<target m_id="10" />
</PLOT_LINK>
<PLOT_LINK r_id="235008" SIGNAL="" relType="FALLING_ACTION" CAUSES="FALSE" CAUSED_BY="FALSE" >
<source m_id="17" />
<target m_id="10" />
</PLOT_LINK>
<PLOT_LINK r_id="235009" SIGNAL="" relType="FALLING_ACTION" CAUSES="FALSE" CAUSED_BY="FALSE" >
<source m_id="3" />
<target m_id="10" />
</PLOT_LINK>
<PLOT_LINK r_id="235010" SIGNAL="" relType="PRECONDITION" CAUSES="FALSE" CAUSED_BY="FALSE" >
<source m_id="5" />
<target m_id="10" />
</PLOT_LINK>
<TLINK r_id="235011" contextualModality="" relType="CONTAINS" comment="" >
<source m_id="68" />
<target m_id="2" />
</TLINK>
<TLINK r_id="235013" contextualModality="" relType="CONTAINS" comment="" >
<source m_id="68" />
<target m_id="3" />
</TLINK>
<TLINK r_id="235025" contextualModality="" relType="CONTAINS" comment="" >
<source m_id="46" />
<target m_id="14" />
</TLINK>
<TLINK r_id="235026" contextualModality="" relType="CONTAINS" comment="" >
<source m_id="46" />
<target m_id="1" />
</TLINK>
<TLINK r_id="235027" contextualModality="" relType="CONTAINS" comment="" >
<source m_id="46" />
<target m_id="15" />
</TLINK>
<TLINK r_id="235028" contextualModality="" relType="CONTAINS" comment="" >
<source m_id="46" />
<target m_id="16" />
</TLINK>
<TLINK r_id="235029" contextualModality="" relType="AFTER" comment="" >
<source m_id="47" />
<target m_id="2" />
</TLINK>
<TLINK r_id="235030" contextualModality="" relType="OVERLAP" comment="" >
<source m_id="47" />
<target m_id="17" />
</TLINK>
<TLINK r_id="235031" contextualModality="" relType="OVERLAP" comment="" >
<source m_id="47" />
<target m_id="3" />
</TLINK>
<TLINK r_id="235032" contextualModality="" relType="OVERLAP" comment="" >
<source m_id="47" />
<target m_id="4" />
</TLINK>
<TLINK r_id="235033" contextualModality="" relType="AFTER" comment="" >
<source m_id="47" />
<target m_id="5" />
</TLINK>
<TLINK r_id="235034" contextualModality="" relType="AFTER" comment="" >
<source m_id="47" />
<target m_id="6" />
</TLINK>
<TLINK r_id="235035" contextualModality="" relType="AFTER" comment="" >
<source m_id="47" />
<target m_id="7" />
</TLINK>
<TLINK r_id="235036" contextualModality="" relType="AFTER" comment="" >
<source m_id="47" />
<target m_id="8" />
</TLINK>
<TLINK r_id="235037" contextualModality="" relType="AFTER" comment="" >
<source m_id="47" />
<target m_id="9" />
</TLINK>
<TLINK r_id="235038" contextualModality="" relType="AFTER" comment="" >
<source m_id="47" />
<target m_id="10" />
</TLINK>
<TLINK r_id="235039" contextualModality="" relType="AFTER" comment="" >
<source m_id="47" />
<target m_id="11" />
</TLINK>
<TLINK r_id="235040" contextualModality="" relType="AFTER" comment="" >
<source m_id="47" />
<target m_id="12" />
</TLINK>
<TLINK r_id="235041" contextualModality="" relType="AFTER" comment="" >
<source m_id="47" />
<target m_id="13" />
</TLINK>
<TLINK r_id="235042" contextualModality="" relType="AFTER" comment="" >
<source m_id="47" />
<target m_id="14" />
</TLINK>
<TLINK r_id="235043" contextualModality="" relType="AFTER" comment="" >
<source m_id="47" />
<target m_id="1" />
</TLINK>
<TLINK r_id="235044" contextualModality="" relType="AFTER" comment="" >
<source m_id="47" />
<target m_id="15" />
</TLINK>
<TLINK r_id="235045" contextualModality="" relType="AFTER" comment="" >
<source m_id="47" />
<target m_id="16" />
</TLINK>
<TLINK r_id="250584" contextualModality="" relType="CONTAINS" comment="" >
<source m_id="45" />
<target m_id="6" />
</TLINK>
<TLINK r_id="250585" contextualModality="" relType="CONTAINS" comment="" >
<source m_id="45" />
<target m_id="7" />
</TLINK>
<TLINK r_id="250586" contextualModality="" relType="CONTAINS" comment="" >
<source m_id="45" />
<target m_id="10" />
</TLINK>
</Relations>
</Document>
