<Document doc_name="7_1ecbplus.xml">
<token t_id="1" sentence="0" number="0">http</token>
<token t_id="2" sentence="0" number="1">:</token>
<token t_id="3" sentence="0" number="2">/</token>
<token t_id="4" sentence="0" number="3">/</token>
<token t_id="5" sentence="0" number="4">espn</token>
<token t_id="6" sentence="0" number="5">.</token>
<token t_id="7" sentence="0" number="6">go</token>
<token t_id="8" sentence="0" number="7">.</token>
<token t_id="9" sentence="0" number="8">com</token>
<token t_id="10" sentence="0" number="9">/</token>
<token t_id="11" sentence="0" number="10">boxing</token>
<token t_id="12" sentence="0" number="11">/</token>
<token t_id="13" sentence="0" number="12">story</token>
<token t_id="14" sentence="0" number="13">/</token>
<token t_id="15" sentence="0" number="14">_</token>
<token t_id="16" sentence="0" number="15">/</token>
<token t_id="17" sentence="0" number="16">id</token>
<token t_id="18" sentence="0" number="17">/</token>
<token t_id="19" sentence="0" number="18">8139047</token>
<token t_id="20" sentence="0" number="19">/</token>
<token t_id="21" sentence="0" number="20">wladimir</token>
<token t_id="22" sentence="0" number="21">-</token>
<token t_id="23" sentence="0" number="22">klitschko</token>
<token t_id="24" sentence="0" number="23">-</token>
<token t_id="25" sentence="0" number="24">stops</token>
<token t_id="26" sentence="0" number="25">-</token>
<token t_id="27" sentence="0" number="26">tony</token>
<token t_id="28" sentence="0" number="27">-</token>
<token t_id="29" sentence="0" number="28">thompson</token>
<token t_id="30" sentence="0" number="29">-</token>
<token t_id="31" sentence="0" number="30">6th</token>
<token t_id="32" sentence="0" number="31">-</token>
<token t_id="33" sentence="0" number="32">round</token>
<token t_id="34" sentence="0" number="33">-</token>
<token t_id="35" sentence="0" number="34">retain</token>
<token t_id="36" sentence="0" number="35">-</token>
<token t_id="37" sentence="0" number="36">world</token>
<token t_id="38" sentence="0" number="37">-</token>
<token t_id="39" sentence="0" number="38">heavyweight</token>
<token t_id="40" sentence="0" number="39">-</token>
<token t_id="41" sentence="0" number="40">belts</token>
<token t_id="42" sentence="1" number="0">Wladimir</token>
<token t_id="43" sentence="1" number="1">Klitschko</token>
<token t_id="44" sentence="1" number="2">retains</token>
<token t_id="45" sentence="1" number="3">belts</token>
<token t_id="46" sentence="2" number="0">Updated</token>
<token t_id="47" sentence="2" number="1">:</token>
<token t_id="48" sentence="2" number="2">July</token>
<token t_id="49" sentence="2" number="3">7</token>
<token t_id="50" sentence="2" number="4">,</token>
<token t_id="51" sentence="2" number="5">2012</token>
<token t_id="52" sentence="2" number="6">,</token>
<token t_id="53" sentence="2" number="7">10</token>
<token t_id="54" sentence="2" number="8">:</token>
<token t_id="55" sentence="2" number="9">04</token>
<token t_id="56" sentence="2" number="10">PM</token>
<token t_id="57" sentence="2" number="11">ET</token>
<token t_id="58" sentence="3" number="0">Wladimir</token>
<token t_id="59" sentence="3" number="1">Klitschko</token>
<token t_id="60" sentence="3" number="2">stopped</token>
<token t_id="61" sentence="3" number="3">Tony</token>
<token t_id="62" sentence="3" number="4">Thompson</token>
<token t_id="63" sentence="3" number="5">in</token>
<token t_id="64" sentence="3" number="6">the</token>
<token t_id="65" sentence="3" number="7">sixth</token>
<token t_id="66" sentence="3" number="8">round</token>
<token t_id="67" sentence="3" number="9">to</token>
<token t_id="68" sentence="3" number="10">keep</token>
<token t_id="69" sentence="3" number="11">a</token>
<token t_id="70" sentence="3" number="12">comfortable</token>
<token t_id="71" sentence="3" number="13">hold</token>
<token t_id="72" sentence="3" number="14">on</token>
<token t_id="73" sentence="3" number="15">his</token>
<token t_id="74" sentence="3" number="16">WBA</token>
<token t_id="75" sentence="3" number="17">,</token>
<token t_id="76" sentence="3" number="18">IBF</token>
<token t_id="77" sentence="3" number="19">and</token>
<token t_id="78" sentence="3" number="20">WBO</token>
<token t_id="79" sentence="3" number="21">heavyweight</token>
<token t_id="80" sentence="3" number="22">titles</token>
<token t_id="81" sentence="3" number="23">Saturday</token>
<token t_id="82" sentence="3" number="24">night</token>
<token t_id="83" sentence="3" number="25">.</token>
<token t_id="84" sentence="4" number="0">The</token>
<token t_id="85" sentence="4" number="1">36</token>
<token t_id="86" sentence="4" number="2">-</token>
<token t_id="87" sentence="4" number="3">year</token>
<token t_id="88" sentence="4" number="4">-</token>
<token t_id="89" sentence="4" number="5">old</token>
<token t_id="90" sentence="4" number="6">champion</token>
<token t_id="91" sentence="4" number="7">Klitschko</token>
<token t_id="92" sentence="4" number="8">,</token>
<token t_id="93" sentence="4" number="9">58</token>
<token t_id="94" sentence="4" number="10">-</token>
<token t_id="95" sentence="4" number="11">3</token>
<token t_id="96" sentence="4" number="12">with</token>
<token t_id="97" sentence="4" number="13">51</token>
<token t_id="98" sentence="4" number="14">knockouts</token>
<token t_id="99" sentence="4" number="15">,</token>
<token t_id="100" sentence="4" number="16">floored</token>
<token t_id="101" sentence="4" number="17">Thompson</token>
<token t_id="102" sentence="4" number="18">with</token>
<token t_id="103" sentence="4" number="19">a</token>
<token t_id="104" sentence="4" number="20">big</token>
<token t_id="105" sentence="4" number="21">right</token>
<token t_id="106" sentence="4" number="22">hand</token>
<token t_id="107" sentence="4" number="23">near</token>
<token t_id="108" sentence="4" number="24">the</token>
<token t_id="109" sentence="4" number="25">end</token>
<token t_id="110" sentence="4" number="26">of</token>
<token t_id="111" sentence="4" number="27">the</token>
<token t_id="112" sentence="4" number="28">fifth</token>
<token t_id="113" sentence="4" number="29">round</token>
<token t_id="114" sentence="4" number="30">at</token>
<token t_id="115" sentence="4" number="31">Stade</token>
<token t_id="116" sentence="4" number="32">de</token>
<token t_id="117" sentence="4" number="33">Suisse</token>
<token t_id="118" sentence="4" number="34">,</token>
<token t_id="119" sentence="4" number="35">and</token>
<token t_id="120" sentence="4" number="36">the</token>
<token t_id="121" sentence="4" number="37">40</token>
<token t_id="122" sentence="4" number="38">-</token>
<token t_id="123" sentence="4" number="39">year</token>
<token t_id="124" sentence="4" number="40">-</token>
<token t_id="125" sentence="4" number="41">old</token>
<token t_id="126" sentence="4" number="42">American</token>
<token t_id="127" sentence="4" number="43">never</token>
<token t_id="128" sentence="4" number="44">recovered</token>
<token t_id="129" sentence="4" number="45">.</token>
<token t_id="130" sentence="5" number="0">The</token>
<token t_id="131" sentence="5" number="1">Ukrainian</token>
<token t_id="132" sentence="5" number="2">champion</token>
<token t_id="133" sentence="5" number="3">dropped</token>
<token t_id="134" sentence="5" number="4">Thompson</token>
<token t_id="135" sentence="5" number="5">again</token>
<token t_id="136" sentence="5" number="6">in</token>
<token t_id="137" sentence="5" number="7">the</token>
<token t_id="138" sentence="5" number="8">sixth</token>
<token t_id="139" sentence="5" number="9">,</token>
<token t_id="140" sentence="5" number="10">and</token>
<token t_id="141" sentence="5" number="11">referee</token>
<token t_id="142" sentence="5" number="12">Sam</token>
<token t_id="143" sentence="5" number="13">Williams</token>
<token t_id="144" sentence="5" number="14">gave</token>
<token t_id="145" sentence="5" number="15">the</token>
<token t_id="146" sentence="5" number="16">challenger</token>
<token t_id="147" sentence="5" number="17">a</token>
<token t_id="148" sentence="5" number="18">standing</token>
<token t_id="149" sentence="5" number="19">count</token>
<token t_id="150" sentence="5" number="20">before</token>
<token t_id="151" sentence="5" number="21">stopping</token>
<token t_id="152" sentence="5" number="22">the</token>
<token t_id="153" sentence="5" number="23">fight</token>
<token t_id="154" sentence="5" number="24">at</token>
<token t_id="155" sentence="5" number="25">2</token>
<token t_id="156" sentence="5" number="26">:</token>
<token t_id="157" sentence="5" number="27">56</token>
<token t_id="158" sentence="5" number="28">.</token>
<token t_id="159" sentence="6" number="0">"Thompson</token>
<token t_id="160" sentence="6" number="1">was</token>
<token t_id="161" sentence="6" number="2">not</token>
<token t_id="162" sentence="6" number="3">so</token>
<token t_id="163" sentence="6" number="4">easy</token>
<token t_id="164" sentence="6" number="5">to</token>
<token t_id="165" sentence="6" number="6">box</token>
<token t_id="166" sentence="6" number="7">.</token>
<token t_id="167" sentence="7" number="0">I'm</token>
<token t_id="168" sentence="7" number="1">satisfied</token>
<token t_id="169" sentence="7" number="2">,</token>
<token t_id="170" sentence="7" number="3">"</token>
<token t_id="171" sentence="7" number="4">Klitschko</token>
<token t_id="172" sentence="7" number="5">said</token>
<token t_id="173" sentence="7" number="6">.</token>
<token t_id="174" sentence="8" number="0">In</token>
<token t_id="175" sentence="8" number="1">2008</token>
<token t_id="176" sentence="8" number="2">,</token>
<token t_id="177" sentence="8" number="3">Klitschko</token>
<token t_id="178" sentence="8" number="4">stopped</token>
<token t_id="179" sentence="8" number="5">Thompson</token>
<token t_id="180" sentence="8" number="6">in</token>
<token t_id="181" sentence="8" number="7">the</token>
<token t_id="182" sentence="8" number="8">11th</token>
<token t_id="183" sentence="8" number="9">round</token>
<token t_id="184" sentence="8" number="10">.</token>
<token t_id="185" sentence="9" number="0">Thompson</token>
<token t_id="186" sentence="9" number="1">,</token>
<token t_id="187" sentence="9" number="2">the</token>
<token t_id="188" sentence="9" number="3">mandatory</token>
<token t_id="189" sentence="9" number="4">challenger</token>
<token t_id="190" sentence="9" number="5">nominated</token>
<token t_id="191" sentence="9" number="6">by</token>
<token t_id="192" sentence="9" number="7">the</token>
<token t_id="193" sentence="9" number="8">IBF</token>
<token t_id="194" sentence="9" number="9">,</token>
<token t_id="195" sentence="9" number="10">fell</token>
<token t_id="196" sentence="9" number="11">to</token>
<token t_id="197" sentence="9" number="12">36</token>
<token t_id="198" sentence="9" number="13">-</token>
<token t_id="199" sentence="9" number="14">3</token>
<token t_id="200" sentence="9" number="15">(</token>
<token t_id="201" sentence="9" number="16">24</token>
<token t_id="202" sentence="9" number="17">KOs</token>
<token t_id="203" sentence="9" number="18">)</token>
<token t_id="204" sentence="9" number="19">.</token>
<token t_id="205" sentence="10" number="0">After</token>
<token t_id="206" sentence="10" number="1">the</token>
<token t_id="207" sentence="10" number="2">fight</token>
<token t_id="208" sentence="10" number="3">,</token>
<token t_id="209" sentence="10" number="4">Klitschko</token>
<token t_id="210" sentence="10" number="5">led</token>
<token t_id="211" sentence="10" number="6">the</token>
<token t_id="212" sentence="10" number="7">crowd</token>
<token t_id="213" sentence="10" number="8">of</token>
<token t_id="214" sentence="10" number="9">22</token>
<token t_id="215" sentence="10" number="10">,</token>
<token t_id="216" sentence="10" number="11">000</token>
<token t_id="217" sentence="10" number="12">in</token>
<token t_id="218" sentence="10" number="13">signing</token>
<token t_id="219" sentence="10" number="14">"Happy</token>
<token t_id="220" sentence="10" number="15">Birthday"</token>
<token t_id="221" sentence="10" number="16">to</token>
<token t_id="222" sentence="10" number="17">trainer</token>
<token t_id="223" sentence="10" number="18">Emanuel</token>
<token t_id="224" sentence="10" number="19">Steward</token>
<token t_id="225" sentence="10" number="20">,</token>
<token t_id="226" sentence="10" number="21">who</token>
<token t_id="227" sentence="10" number="22">turned</token>
<token t_id="228" sentence="10" number="23">68</token>
<token t_id="229" sentence="10" number="24">on</token>
<token t_id="230" sentence="10" number="25">Saturday</token>
<token t_id="231" sentence="10" number="26">.</token>
<token t_id="232" sentence="11" number="0">"Tony</token>
<token t_id="233" sentence="11" number="1">Thompson</token>
<token t_id="234" sentence="11" number="2">is</token>
<token t_id="235" sentence="11" number="3">very</token>
<token t_id="236" sentence="11" number="4">hard</token>
<token t_id="237" sentence="11" number="5">to</token>
<token t_id="238" sentence="11" number="6">hit</token>
<token t_id="239" sentence="11" number="7">,</token>
<token t_id="240" sentence="11" number="8">"</token>
<token t_id="241" sentence="11" number="9">Steward</token>
<token t_id="242" sentence="11" number="10">said</token>
<token t_id="243" sentence="11" number="11">.</token>
<token t_id="244" sentence="12" number="0">"Tony</token>
<token t_id="245" sentence="12" number="1">was</token>
<token t_id="246" sentence="12" number="2">watching</token>
<token t_id="247" sentence="12" number="3">Wladimir's</token>
<token t_id="248" sentence="12" number="4">right</token>
<token t_id="249" sentence="12" number="5">hand</token>
<token t_id="250" sentence="12" number="6">all</token>
<token t_id="251" sentence="12" number="7">night</token>
<token t_id="252" sentence="12" number="8">.</token>
<token t_id="253" sentence="12" number="9">"</token>
<token t_id="254" sentence="13" number="0">A</token>
<token t_id="255" sentence="13" number="1">cagey</token>
<token t_id="256" sentence="13" number="2">opening</token>
<token t_id="257" sentence="13" number="3">round</token>
<token t_id="258" sentence="13" number="4">was</token>
<token t_id="259" sentence="13" number="5">followed</token>
<token t_id="260" sentence="13" number="6">by</token>
<token t_id="261" sentence="13" number="7">a</token>
<token t_id="262" sentence="13" number="8">scrappy</token>
<token t_id="263" sentence="13" number="9">second</token>
<token t_id="264" sentence="13" number="10">,</token>
<token t_id="265" sentence="13" number="11">as</token>
<token t_id="266" sentence="13" number="12">Klitschko</token>
<token t_id="267" sentence="13" number="13">twice</token>
<token t_id="268" sentence="13" number="14">wrestled</token>
<token t_id="269" sentence="13" number="15">Thompson</token>
<token t_id="270" sentence="13" number="16">to</token>
<token t_id="271" sentence="13" number="17">the</token>
<token t_id="272" sentence="13" number="18">floor</token>
<token t_id="273" sentence="13" number="19">.</token>
<token t_id="274" sentence="14" number="0">Thompson</token>
<token t_id="275" sentence="14" number="1">briefly</token>
<token t_id="276" sentence="14" number="2">stepped</token>
<token t_id="277" sentence="14" number="3">up</token>
<token t_id="278" sentence="14" number="4">his</token>
<token t_id="279" sentence="14" number="5">cautious</token>
<token t_id="280" sentence="14" number="6">tactics</token>
<token t_id="281" sentence="14" number="7">when</token>
<token t_id="282" sentence="14" number="8">landing</token>
<token t_id="283" sentence="14" number="9">a</token>
<token t_id="284" sentence="14" number="10">left</token>
<token t_id="285" sentence="14" number="11">to</token>
<token t_id="286" sentence="14" number="12">Klitschko's</token>
<token t_id="287" sentence="14" number="13">face</token>
<token t_id="288" sentence="14" number="14">in</token>
<token t_id="289" sentence="14" number="15">the</token>
<token t_id="290" sentence="14" number="16">third</token>
<token t_id="291" sentence="14" number="17">.</token>
<token t_id="292" sentence="15" number="0">Klitschko</token>
<token t_id="293" sentence="15" number="1">finally</token>
<token t_id="294" sentence="15" number="2">landed</token>
<token t_id="295" sentence="15" number="3">a</token>
<token t_id="296" sentence="15" number="4">long</token>
<token t_id="297" sentence="15" number="5">,</token>
<token t_id="298" sentence="15" number="6">straight</token>
<token t_id="299" sentence="15" number="7">right</token>
<token t_id="300" sentence="15" number="8">in</token>
<token t_id="301" sentence="15" number="9">the</token>
<token t_id="302" sentence="15" number="10">fifth</token>
<token t_id="303" sentence="15" number="11">,</token>
<token t_id="304" sentence="15" number="12">and</token>
<token t_id="305" sentence="15" number="13">the</token>
<token t_id="306" sentence="15" number="14">round</token>
<token t_id="307" sentence="15" number="15">ended</token>
<token t_id="308" sentence="15" number="16">with</token>
<token t_id="309" sentence="15" number="17">Thompson</token>
<token t_id="310" sentence="15" number="18">struggling</token>
<token t_id="311" sentence="15" number="19">on</token>
<token t_id="312" sentence="15" number="20">the</token>
<token t_id="313" sentence="15" number="21">ropes</token>
<token t_id="314" sentence="15" number="22">.</token>
<token t_id="315" sentence="16" number="0">The</token>
<token t_id="316" sentence="16" number="1">champion</token>
<token t_id="317" sentence="16" number="2">cornered</token>
<token t_id="318" sentence="16" number="3">Thompson</token>
<token t_id="319" sentence="16" number="4">toward</token>
<token t_id="320" sentence="16" number="5">the</token>
<token t_id="321" sentence="16" number="6">end</token>
<token t_id="322" sentence="16" number="7">of</token>
<token t_id="323" sentence="16" number="8">the</token>
<token t_id="324" sentence="16" number="9">sixth</token>
<token t_id="325" sentence="16" number="10">,</token>
<token t_id="326" sentence="16" number="11">and</token>
<token t_id="327" sentence="16" number="12">landed</token>
<token t_id="328" sentence="16" number="13">punches</token>
<token t_id="329" sentence="16" number="14">to</token>
<token t_id="330" sentence="16" number="15">the</token>
<token t_id="331" sentence="16" number="16">head</token>
<token t_id="332" sentence="16" number="17">though</token>
<token t_id="333" sentence="16" number="18">no</token>
<token t_id="334" sentence="16" number="19">single</token>
<token t_id="335" sentence="16" number="20">blow</token>
<token t_id="336" sentence="16" number="21">appeared</token>
<token t_id="337" sentence="16" number="22">to</token>
<token t_id="338" sentence="16" number="23">cause</token>
<token t_id="339" sentence="16" number="24">serious</token>
<token t_id="340" sentence="16" number="25">damage</token>
<token t_id="341" sentence="16" number="26">.</token>
<token t_id="342" sentence="17" number="0">"I</token>
<token t_id="343" sentence="17" number="1">got</token>
<token t_id="344" sentence="17" number="2">caught</token>
<token t_id="345" sentence="17" number="3">but</token>
<token t_id="346" sentence="17" number="4">I'm</token>
<token t_id="347" sentence="17" number="5">OK</token>
<token t_id="348" sentence="17" number="6">,</token>
<token t_id="349" sentence="17" number="7">"</token>
<token t_id="350" sentence="17" number="8">Thompson</token>
<token t_id="351" sentence="17" number="9">said</token>
<token t_id="352" sentence="17" number="10">in</token>
<token t_id="353" sentence="17" number="11">the</token>
<token t_id="354" sentence="17" number="12">ring</token>
<token t_id="355" sentence="17" number="13">.</token>
<token t_id="356" sentence="18" number="0">"He's</token>
<token t_id="357" sentence="18" number="1">strong</token>
<token t_id="358" sentence="18" number="2">and</token>
<token t_id="359" sentence="18" number="3">he's</token>
<token t_id="360" sentence="18" number="4">world</token>
<token t_id="361" sentence="18" number="5">heavyweight</token>
<token t_id="362" sentence="18" number="6">champion</token>
<token t_id="363" sentence="18" number="7">for</token>
<token t_id="364" sentence="18" number="8">a</token>
<token t_id="365" sentence="18" number="9">reason</token>
<token t_id="366" sentence="18" number="10">.</token>
<token t_id="367" sentence="18" number="11">"</token>
<token t_id="368" sentence="19" number="0">Klitschko</token>
<token t_id="369" sentence="19" number="1">extended</token>
<token t_id="370" sentence="19" number="2">the</token>
<token t_id="371" sentence="19" number="3">domination</token>
<token t_id="372" sentence="19" number="4">of</token>
<token t_id="373" sentence="19" number="5">the</token>
<token t_id="374" sentence="19" number="6">heavyweight</token>
<token t_id="375" sentence="19" number="7">ranks</token>
<token t_id="376" sentence="19" number="8">he</token>
<token t_id="377" sentence="19" number="9">shares</token>
<token t_id="378" sentence="19" number="10">with</token>
<token t_id="379" sentence="19" number="11">his</token>
<token t_id="380" sentence="19" number="12">older</token>
<token t_id="381" sentence="19" number="13">brother</token>
<token t_id="382" sentence="19" number="14">,</token>
<token t_id="383" sentence="19" number="15">Vitali</token>
<token t_id="384" sentence="19" number="16">.</token>
<token t_id="385" sentence="20" number="0">Vitali</token>
<token t_id="386" sentence="20" number="1">was</token>
<token t_id="387" sentence="20" number="2">in</token>
<token t_id="388" sentence="20" number="3">his</token>
<token t_id="389" sentence="20" number="4">brother's</token>
<token t_id="390" sentence="20" number="5">corner</token>
<token t_id="391" sentence="20" number="6">as</token>
<token t_id="392" sentence="20" number="7">usual</token>
<token t_id="393" sentence="20" number="8">,</token>
<token t_id="394" sentence="20" number="9">and</token>
<token t_id="395" sentence="20" number="10">acted</token>
<token t_id="396" sentence="20" number="11">as</token>
<token t_id="397" sentence="20" number="12">cheerleader</token>
<token t_id="398" sentence="20" number="13">in</token>
<token t_id="399" sentence="20" number="14">the</token>
<token t_id="400" sentence="20" number="15">third</token>
<token t_id="401" sentence="20" number="16">round</token>
<token t_id="402" sentence="20" number="17">,</token>
<token t_id="403" sentence="20" number="18">urging</token>
<token t_id="404" sentence="20" number="19">on</token>
<token t_id="405" sentence="20" number="20">fans</token>
<token t_id="406" sentence="20" number="21">in</token>
<token t_id="407" sentence="20" number="22">the</token>
<token t_id="408" sentence="20" number="23">soccer</token>
<token t_id="409" sentence="20" number="24">stadium</token>
<token t_id="410" sentence="20" number="25">when</token>
<token t_id="411" sentence="20" number="26">the</token>
<token t_id="412" sentence="20" number="27">first</token>
<token t_id="413" sentence="20" number="28">chants</token>
<token t_id="414" sentence="20" number="29">of</token>
<token t_id="415" sentence="20" number="30">"Klitschko</token>
<token t_id="416" sentence="20" number="31">!</token>
<token t_id="417" sentence="20" number="32">Klistchko</token>
<token t_id="418" sentence="20" number="33">!</token>
<token t_id="419" sentence="20" number="34">stirred</token>
<token t_id="420" sentence="20" number="35">.</token>
<token t_id="421" sentence="21" number="0">The</token>
<token t_id="422" sentence="21" number="1">elder</token>
<token t_id="423" sentence="21" number="2">Klitschko</token>
<token t_id="424" sentence="21" number="3">will</token>
<token t_id="425" sentence="21" number="4">defend</token>
<token t_id="426" sentence="21" number="5">his</token>
<token t_id="427" sentence="21" number="6">WBC</token>
<token t_id="428" sentence="21" number="7">title</token>
<token t_id="429" sentence="21" number="8">against</token>
<token t_id="430" sentence="21" number="9">Manuel</token>
<token t_id="431" sentence="21" number="10">Charr</token>
<token t_id="432" sentence="21" number="11">of</token>
<token t_id="433" sentence="21" number="12">Germany</token>
<token t_id="434" sentence="21" number="13">in</token>
<token t_id="435" sentence="21" number="14">Moscow</token>
<token t_id="436" sentence="21" number="15">on</token>
<token t_id="437" sentence="21" number="16">Sept</token>
<token t_id="438" sentence="21" number="17">.</token>
<token t_id="439" sentence="21" number="18">8</token>
<token t_id="440" sentence="21" number="19">.</token>


<Markables>
<ACTION_ASPECTUAL m_id="1" comment=""  >
<token_anchor t_id="109"/>
</ACTION_ASPECTUAL>
<ACTION_ASPECTUAL m_id="2" comment=""  >
<token_anchor t_id="307"/>
</ACTION_ASPECTUAL>
<ACTION_ASPECTUAL m_id="3" comment=""  >
<token_anchor t_id="321"/>
</ACTION_ASPECTUAL>
<ACTION_ASPECTUAL m_id="4" comment=""  >
<token_anchor t_id="259"/>
</ACTION_ASPECTUAL>
<ACTION_CAUSATIVE m_id="5" comment=""  >
<token_anchor t_id="338"/>
</ACTION_CAUSATIVE>
<ACTION_OCCURRENCE m_id="33" climaxEvent="FALSE" comment=""  >
<token_anchor t_id="68"/>
<token_anchor t_id="69"/>
<token_anchor t_id="71"/>
<token_anchor t_id="72"/>
</ACTION_OCCURRENCE>
<ACTION_OCCURRENCE m_id="34" climaxEvent="FALSE" comment=""  >
<token_anchor t_id="310"/>
</ACTION_OCCURRENCE>
<ACTION_OCCURRENCE m_id="35" climaxEvent="FALSE" comment=""  >
<token_anchor t_id="66"/>
</ACTION_OCCURRENCE>
<ACTION_OCCURRENCE m_id="36" climaxEvent="FALSE" comment=""  >
<token_anchor t_id="138"/>
</ACTION_OCCURRENCE>
<ACTION_OCCURRENCE m_id="37" climaxEvent="FALSE" comment=""  >
<token_anchor t_id="302"/>
</ACTION_OCCURRENCE>
<ACTION_OCCURRENCE m_id="6" climaxEvent="FALSE" comment=""  >
<token_anchor t_id="336"/>
</ACTION_OCCURRENCE>
<ACTION_OCCURRENCE m_id="38" climaxEvent="FALSE" comment=""  >
<token_anchor t_id="317"/>
</ACTION_OCCURRENCE>
<ACTION_OCCURRENCE m_id="7" climaxEvent="FALSE" comment=""  >
<token_anchor t_id="340"/>
</ACTION_OCCURRENCE>
<ACTION_OCCURRENCE m_id="39" climaxEvent="FALSE" comment=""  >
<token_anchor t_id="60"/>
</ACTION_OCCURRENCE>
<ACTION_OCCURRENCE m_id="8" climaxEvent="FALSE" comment=""  >
<token_anchor t_id="344"/>
</ACTION_OCCURRENCE>
<ACTION_OCCURRENCE m_id="40" climaxEvent="FALSE" comment=""  >
<token_anchor t_id="183"/>
</ACTION_OCCURRENCE>
<ACTION_OCCURRENCE m_id="9" climaxEvent="FALSE" comment=""  >
<token_anchor t_id="190"/>
</ACTION_OCCURRENCE>
<ACTION_OCCURRENCE m_id="41" climaxEvent="FALSE" comment=""  >
<token_anchor t_id="324"/>
</ACTION_OCCURRENCE>
<ACTION_OCCURRENCE m_id="10" climaxEvent="FALSE" comment=""  >
<token_anchor t_id="195"/>
</ACTION_OCCURRENCE>
<ACTION_OCCURRENCE m_id="42" climaxEvent="FALSE" comment=""  >
<token_anchor t_id="178"/>
</ACTION_OCCURRENCE>
<ACTION_OCCURRENCE m_id="11" climaxEvent="FALSE" comment=""  >
<token_anchor t_id="257"/>
</ACTION_OCCURRENCE>
<ACTION_OCCURRENCE m_id="43" climaxEvent="FALSE" comment=""  >
<token_anchor t_id="327"/>
</ACTION_OCCURRENCE>
<ACTION_OCCURRENCE m_id="12" climaxEvent="FALSE" comment=""  >
<token_anchor t_id="263"/>
</ACTION_OCCURRENCE>
<ACTION_OCCURRENCE m_id="44" climaxEvent="FALSE" comment=""  >
<token_anchor t_id="144"/>
</ACTION_OCCURRENCE>
<ACTION_OCCURRENCE m_id="13" climaxEvent="FALSE" comment=""  >
<token_anchor t_id="369"/>
</ACTION_OCCURRENCE>
<ACTION_OCCURRENCE m_id="45" climaxEvent="FALSE" comment=""  >
<token_anchor t_id="328"/>
</ACTION_OCCURRENCE>
<ACTION_OCCURRENCE m_id="14" climaxEvent="FALSE" comment=""  >
<token_anchor t_id="268"/>
</ACTION_OCCURRENCE>
<ACTION_OCCURRENCE m_id="46" climaxEvent="FALSE" comment=""  >
<token_anchor t_id="149"/>
</ACTION_OCCURRENCE>
<ACTION_OCCURRENCE m_id="15" climaxEvent="TRUE" comment=""  >
<token_anchor t_id="44"/>
</ACTION_OCCURRENCE>
<ACTION_OCCURRENCE m_id="47" climaxEvent="FALSE" comment=""  >
<token_anchor t_id="335"/>
</ACTION_OCCURRENCE>
<ACTION_OCCURRENCE m_id="16" climaxEvent="FALSE" comment=""  >
<token_anchor t_id="100"/>
</ACTION_OCCURRENCE>
<ACTION_ASPECTUAL m_id="48" climaxEvent="FALSE" comment=""  >
<token_anchor t_id="151"/>
</ACTION_ASPECTUAL>
<ACTION_OCCURRENCE m_id="17" climaxEvent="FALSE" comment=""  >
<token_anchor t_id="371"/>
</ACTION_OCCURRENCE>
<ACTION_OCCURRENCE m_id="49" climaxEvent="FALSE" comment=""  >
<token_anchor t_id="153"/>
</ACTION_OCCURRENCE>
<ACTION_OCCURRENCE m_id="18" climaxEvent="FALSE" comment=""  >
<token_anchor t_id="106"/>
</ACTION_OCCURRENCE>
<ACTION_OCCURRENCE m_id="19" climaxEvent="FALSE" comment=""  >
<token_anchor t_id="377"/>
</ACTION_OCCURRENCE>
<ACTION_OCCURRENCE m_id="20" climaxEvent="FALSE" comment=""  >
<token_anchor t_id="395"/>
</ACTION_OCCURRENCE>
<ACTION_OCCURRENCE m_id="21" climaxEvent="FALSE" comment=""  >
<token_anchor t_id="113"/>
</ACTION_OCCURRENCE>
<ACTION_OCCURRENCE m_id="22" climaxEvent="FALSE" comment=""  >
<token_anchor t_id="276"/>
<token_anchor t_id="277"/>
</ACTION_OCCURRENCE>
<ACTION_OCCURRENCE m_id="23" climaxEvent="FALSE" comment=""  >
<token_anchor t_id="401"/>
</ACTION_OCCURRENCE>
<ACTION_OCCURRENCE m_id="24" climaxEvent="FALSE" comment=""  >
<token_anchor t_id="282"/>
</ACTION_OCCURRENCE>
<ACTION_OCCURRENCE m_id="25" climaxEvent="FALSE" comment=""  >
<token_anchor t_id="284"/>
</ACTION_OCCURRENCE>
<ACTION_OCCURRENCE m_id="26" climaxEvent="FALSE" comment=""  >
<token_anchor t_id="290"/>
</ACTION_OCCURRENCE>
<ACTION_OCCURRENCE m_id="27" climaxEvent="FALSE" comment=""  >
<token_anchor t_id="413"/>
</ACTION_OCCURRENCE>
<ACTION_OCCURRENCE m_id="28" climaxEvent="FALSE" comment=""  >
<token_anchor t_id="280"/>
</ACTION_OCCURRENCE>
<ACTION_OCCURRENCE m_id="29" climaxEvent="FALSE" comment=""  >
<token_anchor t_id="419"/>
</ACTION_OCCURRENCE>
<ACTION_OCCURRENCE m_id="30" climaxEvent="FALSE" comment=""  >
<token_anchor t_id="98"/>
</ACTION_OCCURRENCE>
<ACTION_OCCURRENCE m_id="31" climaxEvent="FALSE" comment=""  >
<token_anchor t_id="306"/>
</ACTION_OCCURRENCE>
<ACTION_OCCURRENCE m_id="32" climaxEvent="FALSE" comment=""  >
<token_anchor t_id="133"/>
</ACTION_OCCURRENCE>
<ACTION_REPORTING m_id="50" comment=""  >
<token_anchor t_id="172"/>
</ACTION_REPORTING>
<ACTION_REPORTING m_id="51" comment=""  >
<token_anchor t_id="351"/>
</ACTION_REPORTING>
<ACTION_STATE m_id="52" climaxEvent="FALSE" comment=""  >
<token_anchor t_id="168"/>
</ACTION_STATE>
<ACTION_STATE m_id="53" climaxEvent="FALSE" comment=""  >
<token_anchor t_id="357"/>
</ACTION_STATE>
<HUMAN_PART_PER m_id="65" comment=""  >
<token_anchor t_id="368"/>
</HUMAN_PART_PER>
<HUMAN_PART_PER m_id="66" comment=""  >
<token_anchor t_id="385"/>
</HUMAN_PART_PER>
<HUMAN_PART_PER m_id="67" comment=""  >
<token_anchor t_id="189"/>
</HUMAN_PART_PER>
<HUMAN_PART_PER m_id="68" comment=""  >
<token_anchor t_id="342"/>
</HUMAN_PART_PER>
<HUMAN_PART_PER m_id="69" comment=""  >
<token_anchor t_id="383"/>
</HUMAN_PART_PER>
<HUMAN_PART_PER m_id="70" comment=""  >
<token_anchor t_id="346"/>
</HUMAN_PART_PER>
<HUMAN_PART_PER m_id="71" comment=""  >
<token_anchor t_id="389"/>
</HUMAN_PART_PER>
<HUMAN_PART_PER m_id="72" comment=""  >
<token_anchor t_id="397"/>
</HUMAN_PART_PER>
<HUMAN_PART_PER m_id="73" comment=""  >
<token_anchor t_id="405"/>
</HUMAN_PART_PER>
<HUMAN_PART_PER m_id="74" comment=""  >
<token_anchor t_id="362"/>
</HUMAN_PART_PER>
<HUMAN_PART_PER m_id="75" comment=""  >
<token_anchor t_id="126"/>
</HUMAN_PART_PER>
<HUMAN_PART_PER m_id="76" comment=""  >
<token_anchor t_id="415"/>
</HUMAN_PART_PER>
<HUMAN_PART_PER m_id="77" comment=""  >
<token_anchor t_id="132"/>
</HUMAN_PART_PER>
<HUMAN_PART_PER m_id="78" comment=""  >
<token_anchor t_id="42"/>
<token_anchor t_id="43"/>
</HUMAN_PART_PER>
<HUMAN_PART_PER m_id="79" comment=""  >
<token_anchor t_id="134"/>
</HUMAN_PART_PER>
<HUMAN_PART_PER m_id="80" comment=""  >
<token_anchor t_id="417"/>
</HUMAN_PART_PER>
<HUMAN_PART_PER m_id="81" comment=""  >
<token_anchor t_id="159"/>
</HUMAN_PART_PER>
<HUMAN_PART_PER m_id="82" comment=""  >
<token_anchor t_id="376"/>
</HUMAN_PART_PER>
<HUMAN_PART_PER m_id="83" comment=""  >
<token_anchor t_id="171"/>
</HUMAN_PART_PER>
<HUMAN_PART_PER m_id="84" comment=""  >
<token_anchor t_id="58"/>
<token_anchor t_id="59"/>
</HUMAN_PART_PER>
<HUMAN_PART_PER m_id="85" comment=""  >
<token_anchor t_id="185"/>
</HUMAN_PART_PER>
<HUMAN_PART_PER m_id="86" comment=""  >
<token_anchor t_id="381"/>
</HUMAN_PART_PER>
<HUMAN_PART_PER m_id="54" comment=""  >
<token_anchor t_id="142"/>
<token_anchor t_id="143"/>
</HUMAN_PART_PER>
<HUMAN_PART_PER m_id="87" comment=""  >
<token_anchor t_id="266"/>
</HUMAN_PART_PER>
<HUMAN_PART_PER m_id="55" comment=""  >
<token_anchor t_id="286"/>
</HUMAN_PART_PER>
<HUMAN_PART_PER m_id="88" comment=""  >
<token_anchor t_id="61"/>
<token_anchor t_id="62"/>
</HUMAN_PART_PER>
<HUMAN_PART_PER m_id="56" comment=""  >
<token_anchor t_id="146"/>
</HUMAN_PART_PER>
<HUMAN_PART_PER m_id="89" comment=""  >
<token_anchor t_id="269"/>
</HUMAN_PART_PER>
<HUMAN_PART_PER m_id="57" comment=""  >
<token_anchor t_id="292"/>
</HUMAN_PART_PER>
<HUMAN_PART_PER m_id="90" comment=""  >
<token_anchor t_id="278"/>
</HUMAN_PART_PER>
<HUMAN_PART_PER m_id="58" comment=""  >
<token_anchor t_id="167"/>
</HUMAN_PART_PER>
<HUMAN_PART_PER m_id="91" comment=""  >
<token_anchor t_id="177"/>
</HUMAN_PART_PER>
<HUMAN_PART_PER m_id="59" comment=""  >
<token_anchor t_id="309"/>
</HUMAN_PART_PER>
<HUMAN_PART_PER m_id="92" comment=""  >
<token_anchor t_id="91"/>
</HUMAN_PART_PER>
<HUMAN_PART_PER m_id="60" comment=""  >
<token_anchor t_id="318"/>
</HUMAN_PART_PER>
<HUMAN_PART_PER m_id="93" comment=""  >
<token_anchor t_id="274"/>
</HUMAN_PART_PER>
<HUMAN_PART_PER m_id="61" comment=""  >
<token_anchor t_id="316"/>
</HUMAN_PART_PER>
<HUMAN_PART_PER m_id="94" comment=""  >
<token_anchor t_id="101"/>
</HUMAN_PART_PER>
<HUMAN_PART_PER m_id="62" comment=""  >
<token_anchor t_id="350"/>
</HUMAN_PART_PER>
<HUMAN_PART_PER m_id="95" comment=""  >
<token_anchor t_id="179"/>
</HUMAN_PART_PER>
<HUMAN_PART_PER m_id="63" comment=""  >
<token_anchor t_id="356"/>
</HUMAN_PART_PER>
<HUMAN_PART_PER m_id="64" comment=""  >
<token_anchor t_id="359"/>
</HUMAN_PART_PER>
<LOC_FAC m_id="97"  >
<token_anchor t_id="407"/>
<token_anchor t_id="408"/>
<token_anchor t_id="409"/>
</LOC_FAC>
<LOC_FAC m_id="96"  >
<token_anchor t_id="115"/>
<token_anchor t_id="116"/>
<token_anchor t_id="117"/>
</LOC_FAC>
<NEG_ACTION_OCCURRENCE m_id="98" climaxEvent="FALSE" comment=""  >
<token_anchor t_id="294"/>
</NEG_ACTION_OCCURRENCE>
<NEG_ACTION_OCCURRENCE m_id="99" climaxEvent="FALSE" comment=""  >
<token_anchor t_id="299"/>
</NEG_ACTION_OCCURRENCE>
<NEG_ACTION_OCCURRENCE m_id="100" climaxEvent="FALSE" comment=""  >
<token_anchor t_id="128"/>
</NEG_ACTION_OCCURRENCE>
<NEG_ACTION_OCCURRENCE m_id="101" climaxEvent="FALSE" comment=""  >
<token_anchor t_id="165"/>
</NEG_ACTION_OCCURRENCE>
<NON_HUMAN_PART m_id="102" comment=""  >
<token_anchor t_id="390"/>
</NON_HUMAN_PART>
<NON_HUMAN_PART m_id="103" comment=""  >
<token_anchor t_id="313"/>
</NON_HUMAN_PART>
<NON_HUMAN_PART m_id="104" comment=""  >
<token_anchor t_id="331"/>
</NON_HUMAN_PART>
<NON_HUMAN_PART m_id="105" comment=""  >
<token_anchor t_id="354"/>
</NON_HUMAN_PART>
<NON_HUMAN_PART m_id="106" comment=""  >
<token_anchor t_id="272"/>
</NON_HUMAN_PART>
<NON_HUMAN_PART m_id="107" comment=""  >
<token_anchor t_id="45"/>
</NON_HUMAN_PART>
<NON_HUMAN_PART m_id="108" comment=""  >
<token_anchor t_id="375"/>
</NON_HUMAN_PART>
<NON_HUMAN_PART m_id="109" comment=""  >
<token_anchor t_id="80"/>
</NON_HUMAN_PART>
<NON_HUMAN_PART m_id="110" comment=""  >
<token_anchor t_id="365"/>
</NON_HUMAN_PART>
<NON_HUMAN_PART m_id="111" comment=""  >
<token_anchor t_id="287"/>
</NON_HUMAN_PART>
<TIME_DATE m_id="112" comment="" DCT="FALSE" value="2008" anchorTimeID=""  >
<token_anchor t_id="175"/>
</TIME_DATE>
<TIME_OF_THE_DAY m_id="113" DCT="TRUE" value="2012-07-08T03:04Z" anchorTimeID=""  >
<token_anchor t_id="48"/>
<token_anchor t_id="49"/>
<token_anchor t_id="50"/>
<token_anchor t_id="51"/>
<token_anchor t_id="52"/>
<token_anchor t_id="53"/>
<token_anchor t_id="54"/>
<token_anchor t_id="55"/>
<token_anchor t_id="56"/>
<token_anchor t_id="57"/>
</TIME_OF_THE_DAY>
<TIME_OF_THE_DAY m_id="114" DCT="FALSE" value="2012-07-07" anchorTimeID="113"  >
<token_anchor t_id="81"/>
<token_anchor t_id="82"/>
</TIME_OF_THE_DAY>


<ACTION_OCCURRENCE m_id="115" RELATED_TO="" TAG_DESCRIPTOR="t7_standing_count" climaxEvent="FALSE" comment="" />
<ACTION_OCCURRENCE m_id="116" RELATED_TO="" TAG_DESCRIPTOR="t7_round_3" climaxEvent="FALSE" comment="" />
<ACTION_OCCURRENCE m_id="117" RELATED_TO="" TAG_DESCRIPTOR="t7_appeared" climaxEvent="FALSE" comment="" />
<ACTION_OCCURRENCE m_id="118" RELATED_TO="" TAG_DESCRIPTOR="t7_klitschko_ends _fight" climaxEvent="FALSE" comment="" />
<ACTION_ASPECTUAL m_id="119" RELATED_TO="" TAG_DESCRIPTOR="t7_end_round_5" comment="" />
<ACTION_OCCURRENCE m_id="120" RELATED_TO="" TAG_DESCRIPTOR="t7_knockouts" climaxEvent="FALSE" comment="" />
<ACTION_OCCURRENCE m_id="121" RELATED_TO="" TAG_DESCRIPTOR="t7_caught" climaxEvent="FALSE" comment="" />
<NEG_ACTION_OCCURRENCE m_id="122" RELATED_TO="" TAG_DESCRIPTOR="t7_box" climaxEvent="FALSE" comment="" />
<ACTION_REPORTING m_id="123" RELATED_TO="" TAG_DESCRIPTOR="t7_klitschko_said" comment="" />
<ACTION_STATE m_id="124" RELATED_TO="" TAG_DESCRIPTOR="t7_satifsied" climaxEvent="FALSE" comment="" />
<ACTION_OCCURRENCE m_id="125" RELATED_TO="" TAG_DESCRIPTOR="t7_round_6" climaxEvent="FALSE" comment="" />
<LOC_FAC m_id="126" RELATED_TO="" TAG_DESCRIPTOR="t7_stade_de_suisse" />
<NON_HUMAN_PART m_id="127" RELATED_TO="" TAG_DESCRIPTOR="t7_heavyweight_belts" comment="" />
<ACTION_OCCURRENCE m_id="128" RELATED_TO="" TAG_DESCRIPTOR="t7_retain_awards" climaxEvent="FALSE" comment="" />
<ACTION_OCCURRENCE m_id="129" RELATED_TO="" TAG_DESCRIPTOR="t7_ref_ends_fight" climaxEvent="FALSE" comment="" />
<HUMAN_PART_PER m_id="130" RELATED_TO="" TAG_DESCRIPTOR="t7_klitschko" comment="" />
<NEG_ACTION_OCCURRENCE m_id="131" RELATED_TO="" TAG_DESCRIPTOR="t7_recovered" climaxEvent="FALSE" comment="" />
<HUMAN_PART_PER m_id="132" RELATED_TO="" TAG_DESCRIPTOR="t7_thompson" comment="" />
<ACTION_STATE m_id="133" RELATED_TO="" TAG_DESCRIPTOR="t7_strong" climaxEvent="FALSE" comment="" />
<ACTION_OCCURRENCE m_id="134" RELATED_TO="" TAG_DESCRIPTOR="t7_round 11_2008" climaxEvent="FALSE" comment="" />
<TIME_OF_THE_DAY m_id="135" RELATED_TO="" TAG_DESCRIPTOR="t7_saturday_night" DCT="FALSE" value="" anchorTimeID="" />
<ACTION_OCCURRENCE m_id="136" RELATED_TO="" TAG_DESCRIPTOR="t7_damage" climaxEvent="FALSE" comment="" />
<TIME_DATE m_id="137" RELATED_TO="" TAG_DESCRIPTOR="t7_in_2008" comment="" DCT="FALSE" value="" anchorTimeID="" />
<ACTION_OCCURRENCE m_id="138" RELATED_TO="" TAG_DESCRIPTOR="t7_blow" climaxEvent="FALSE" comment="" />
<HUMAN_PART_PER m_id="139" RELATED_TO="" TAG_DESCRIPTOR="t7_vitali" comment="" />
<HUMAN_PART_PER m_id="140" RELATED_TO="" TAG_DESCRIPTOR="t7_sam_williams" comment="" />
<ACTION_OCCURRENCE m_id="141" RELATED_TO="" TAG_DESCRIPTOR="t7_round_1" climaxEvent="FALSE" comment="" />
<ACTION_OCCURRENCE m_id="142" RELATED_TO="" TAG_DESCRIPTOR="t7_the_match" climaxEvent="FALSE" comment="" />
<ACTION_OCCURRENCE m_id="143" RELATED_TO="" TAG_DESCRIPTOR="t7_chants" climaxEvent="FALSE" comment="" />
<ACTION_ASPECTUAL m_id="144" RELATED_TO="" TAG_DESCRIPTOR="t7_1_followed_by_2" comment="" />
<ACTION_OCCURRENCE m_id="145" RELATED_TO="" TAG_DESCRIPTOR="t7_round_5" climaxEvent="FALSE" comment="" />
<ACTION_ASPECTUAL m_id="146" RELATED_TO="" TAG_DESCRIPTOR="t7_end_round_6" comment="" />
<ACTION_OCCURRENCE m_id="147" RELATED_TO="" TAG_DESCRIPTOR="t7_round_2" climaxEvent="FALSE" comment="" />
</Markables>

<Relations>
<TLINK r_id="240441" contextualModality="" relType="AFTER" comment="" >
<source m_id="113" />
<target m_id="100" />
</TLINK>
<TLINK r_id="240442" contextualModality="" relType="AFTER" comment="" >
<source m_id="113" />
<target m_id="32" />
</TLINK>
<TLINK r_id="240443" contextualModality="" relType="AFTER" comment="" >
<source m_id="113" />
<target m_id="36" />
</TLINK>
<TLINK r_id="240444" contextualModality="" relType="AFTER" comment="" >
<source m_id="113" />
<target m_id="44" />
</TLINK>
<TLINK r_id="240445" contextualModality="" relType="AFTER" comment="" >
<source m_id="113" />
<target m_id="46" />
</TLINK>
<TLINK r_id="240447" contextualModality="" relType="AFTER" comment="" >
<source m_id="113" />
<target m_id="49" />
</TLINK>
<TLINK r_id="240448" contextualModality="" relType="AFTER" comment="" >
<source m_id="113" />
<target m_id="101" />
</TLINK>
<TLINK r_id="240449" contextualModality="" relType="AFTER" comment="" >
<source m_id="113" />
<target m_id="52" />
</TLINK>
<TLINK r_id="240450" contextualModality="" relType="AFTER" comment="" >
<source m_id="113" />
<target m_id="42" />
</TLINK>
<TLINK r_id="240451" contextualModality="" relType="AFTER" comment="" >
<source m_id="113" />
<target m_id="40" />
</TLINK>
<TLINK r_id="240452" contextualModality="" relType="AFTER" comment="" >
<source m_id="113" />
<target m_id="9" />
</TLINK>
<TLINK r_id="240453" contextualModality="" relType="AFTER" comment="" >
<source m_id="113" />
<target m_id="10" />
</TLINK>
<TLINK r_id="240454" contextualModality="" relType="AFTER" comment="" >
<source m_id="113" />
<target m_id="11" />
</TLINK>
<TLINK r_id="240455" contextualModality="" relType="AFTER" comment="" >
<source m_id="113" />
<target m_id="12" />
</TLINK>
<TLINK r_id="240456" contextualModality="" relType="AFTER" comment="" >
<source m_id="113" />
<target m_id="14" />
</TLINK>
<TLINK r_id="240457" contextualModality="" relType="AFTER" comment="" >
<source m_id="113" />
<target m_id="22" />
</TLINK>
<TLINK r_id="240458" contextualModality="" relType="AFTER" comment="" >
<source m_id="113" />
<target m_id="28" />
</TLINK>
<TLINK r_id="240459" contextualModality="" relType="AFTER" comment="" >
<source m_id="113" />
<target m_id="24" />
</TLINK>
<TLINK r_id="240460" contextualModality="" relType="AFTER" comment="" >
<source m_id="113" />
<target m_id="25" />
</TLINK>
<TLINK r_id="240461" contextualModality="" relType="AFTER" comment="" >
<source m_id="113" />
<target m_id="26" />
</TLINK>
<TLINK r_id="240462" contextualModality="" relType="AFTER" comment="" >
<source m_id="113" />
<target m_id="98" />
</TLINK>
<TLINK r_id="240463" contextualModality="" relType="AFTER" comment="" >
<source m_id="113" />
<target m_id="99" />
</TLINK>
<TLINK r_id="240464" contextualModality="" relType="AFTER" comment="" >
<source m_id="113" />
<target m_id="37" />
</TLINK>
<TLINK r_id="240465" contextualModality="" relType="AFTER" comment="" >
<source m_id="113" />
<target m_id="31" />
</TLINK>
<TLINK r_id="240467" contextualModality="" relType="AFTER" comment="" >
<source m_id="113" />
<target m_id="34" />
</TLINK>
<TLINK r_id="240468" contextualModality="" relType="AFTER" comment="" >
<source m_id="113" />
<target m_id="38" />
</TLINK>
<TLINK r_id="240470" contextualModality="" relType="AFTER" comment="" >
<source m_id="113" />
<target m_id="41" />
</TLINK>
<TLINK r_id="240471" contextualModality="" relType="AFTER" comment="" >
<source m_id="113" />
<target m_id="43" />
</TLINK>
<TLINK r_id="240472" contextualModality="" relType="AFTER" comment="" >
<source m_id="113" />
<target m_id="45" />
</TLINK>
<TLINK r_id="240473" contextualModality="" relType="AFTER" comment="" >
<source m_id="113" />
<target m_id="47" />
</TLINK>
<TLINK r_id="240476" contextualModality="" relType="AFTER" comment="" >
<source m_id="113" />
<target m_id="7" />
</TLINK>
<TLINK r_id="240477" contextualModality="" relType="AFTER" comment="" >
<source m_id="113" />
<target m_id="8" />
</TLINK>
<TLINK r_id="240478" contextualModality="" relType="OVERLAP" comment="" >
<source m_id="113" />
<target m_id="53" />
</TLINK>
<TLINK r_id="240480" contextualModality="" relType="OVERLAP" comment="" >
<source m_id="113" />
<target m_id="17" />
</TLINK>
<TLINK r_id="240481" contextualModality="" relType="OVERLAP" comment="" >
<source m_id="113" />
<target m_id="19" />
</TLINK>
<TLINK r_id="240482" contextualModality="" relType="AFTER" comment="" >
<source m_id="113" />
<target m_id="20" />
</TLINK>
<TLINK r_id="240483" contextualModality="" relType="AFTER" comment="" >
<source m_id="113" />
<target m_id="23" />
</TLINK>
<TLINK r_id="240484" contextualModality="" relType="AFTER" comment="" >
<source m_id="113" />
<target m_id="27" />
</TLINK>
<TLINK r_id="240485" contextualModality="" relType="AFTER" comment="" >
<source m_id="113" />
<target m_id="29" />
</TLINK>
<TLINK r_id="240486" contextualModality="" relType="CONTAINS" comment="" >
<source m_id="114" />
<target m_id="18" />
</TLINK>
<TLINK r_id="240488" contextualModality="" relType="CONTAINS" comment="" >
<source m_id="114" />
<target m_id="32" />
</TLINK>
<TLINK r_id="240489" contextualModality="" relType="CONTAINS" comment="" >
<source m_id="114" />
<target m_id="36" />
</TLINK>
<TLINK r_id="240490" contextualModality="" relType="CONTAINS" comment="" >
<source m_id="114" />
<target m_id="44" />
</TLINK>
<TLINK r_id="240491" contextualModality="" relType="CONTAINS" comment="" >
<source m_id="114" />
<target m_id="46" />
</TLINK>
<TLINK r_id="240493" contextualModality="" relType="CONTAINS" comment="" >
<source m_id="114" />
<target m_id="49" />
</TLINK>
<TLINK r_id="240494" contextualModality="" relType="CONTAINS" comment="" >
<source m_id="114" />
<target m_id="101" />
</TLINK>
<TLINK r_id="240495" contextualModality="" relType="CONTAINS" comment="" >
<source m_id="114" />
<target m_id="52" />
</TLINK>
<TLINK r_id="240497" contextualModality="" relType="CONTAINS" comment="" >
<source m_id="114" />
<target m_id="10" />
</TLINK>
<TLINK r_id="240498" contextualModality="" relType="CONTAINS" comment="" >
<source m_id="114" />
<target m_id="11" />
</TLINK>
<TLINK r_id="240499" contextualModality="" relType="CONTAINS" comment="" >
<source m_id="114" />
<target m_id="12" />
</TLINK>
<TLINK r_id="240500" contextualModality="" relType="CONTAINS" comment="" >
<source m_id="114" />
<target m_id="14" />
</TLINK>
<TLINK r_id="240501" contextualModality="" relType="CONTAINS" comment="" >
<source m_id="114" />
<target m_id="22" />
</TLINK>
<TLINK r_id="240502" contextualModality="" relType="CONTAINS" comment="" >
<source m_id="114" />
<target m_id="28" />
</TLINK>
<TLINK r_id="240503" contextualModality="" relType="CONTAINS" comment="" >
<source m_id="114" />
<target m_id="24" />
</TLINK>
<TLINK r_id="240504" contextualModality="" relType="CONTAINS" comment="" >
<source m_id="114" />
<target m_id="26" />
</TLINK>
<TLINK r_id="240505" contextualModality="" relType="CONTAINS" comment="" >
<source m_id="114" />
<target m_id="99" />
</TLINK>
<TLINK r_id="240506" contextualModality="" relType="CONTAINS" comment="" >
<source m_id="114" />
<target m_id="37" />
</TLINK>
<TLINK r_id="240507" contextualModality="" relType="CONTAINS" comment="" >
<source m_id="114" />
<target m_id="31" />
</TLINK>
<TLINK r_id="240509" contextualModality="" relType="CONTAINS" comment="" >
<source m_id="114" />
<target m_id="34" />
</TLINK>
<TLINK r_id="240510" contextualModality="" relType="CONTAINS" comment="" >
<source m_id="114" />
<target m_id="38" />
</TLINK>
<TLINK r_id="240512" contextualModality="" relType="CONTAINS" comment="" >
<source m_id="114" />
<target m_id="41" />
</TLINK>
<TLINK r_id="240513" contextualModality="" relType="CONTAINS" comment="" >
<source m_id="114" />
<target m_id="43" />
</TLINK>
<TLINK r_id="240514" contextualModality="" relType="CONTAINS" comment="" >
<source m_id="114" />
<target m_id="45" />
</TLINK>
<TLINK r_id="240515" contextualModality="" relType="CONTAINS" comment="" >
<source m_id="114" />
<target m_id="47" />
</TLINK>
<TLINK r_id="240518" contextualModality="" relType="CONTAINS" comment="" >
<source m_id="114" />
<target m_id="7" />
</TLINK>
<TLINK r_id="240519" contextualModality="" relType="CONTAINS" comment="" >
<source m_id="114" />
<target m_id="13" />
</TLINK>
<TLINK r_id="240520" contextualModality="" relType="CONTAINS" comment="" >
<source m_id="114" />
<target m_id="53" />
</TLINK>
<TLINK r_id="240523" contextualModality="" relType="CONTAINS" comment="" >
<source m_id="114" />
<target m_id="20" />
</TLINK>
<TLINK r_id="240524" contextualModality="" relType="CONTAINS" comment="" >
<source m_id="114" />
<target m_id="23" />
</TLINK>
<TLINK r_id="240525" contextualModality="" relType="CONTAINS" comment="" >
<source m_id="114" />
<target m_id="27" />
</TLINK>
<TLINK r_id="240526" contextualModality="" relType="CONTAINS" comment="" >
<source m_id="114" />
<target m_id="29" />
</TLINK>
<TLINK r_id="240527" contextualModality="" relType="CONTAINS" comment="" >
<source m_id="112" />
<target m_id="42" />
</TLINK>
<TLINK r_id="240528" contextualModality="" relType="CONTAINS" comment="" >
<source m_id="112" />
<target m_id="40" />
</TLINK>
<PLOT_LINK r_id="240529" SIGNAL="" relType="PRECONDITION" CAUSES="FALSE" CAUSED_BY="FALSE" >
<source m_id="39" />
<target m_id="33" />
</PLOT_LINK>
<PLOT_LINK r_id="240530" SIGNAL="" relType="FALLING_ACTION" CAUSES="FALSE" CAUSED_BY="FALSE" >
<source m_id="16" />
<target m_id="18" />
</PLOT_LINK>
<PLOT_LINK r_id="240531" SIGNAL="" relType="PRECONDITION" CAUSES="FALSE" CAUSED_BY="FALSE" >
<source m_id="16" />
<target m_id="100" />
</PLOT_LINK>
<PLOT_LINK r_id="240532" SIGNAL="" relType="PRECONDITION" CAUSES="FALSE" CAUSED_BY="FALSE" >
<source m_id="32" />
<target m_id="46" />
</PLOT_LINK>
<PLOT_LINK r_id="240533" SIGNAL="" relType="PRECONDITION" CAUSES="FALSE" CAUSED_BY="FALSE" >
<source m_id="46" />
<target m_id="48" />
</PLOT_LINK>
<PLOT_LINK r_id="240534" SIGNAL="" relType="PRECONDITION" CAUSES="FALSE" CAUSED_BY="FALSE" >
<source m_id="32" />
<target m_id="52" />
</PLOT_LINK>
<PLOT_LINK r_id="240535" SIGNAL="" relType="PRECONDITION" CAUSES="FALSE" CAUSED_BY="FALSE" >
<source m_id="22" />
<target m_id="25" />
</PLOT_LINK>
<PLOT_LINK r_id="240536" SIGNAL="" relType="PRECONDITION" CAUSES="FALSE" CAUSED_BY="FALSE" >
<source m_id="99" />
<target m_id="34" />
</PLOT_LINK>
<PLOT_LINK r_id="240537" SIGNAL="" relType="PRECONDITION" CAUSES="FALSE" CAUSED_BY="FALSE" >
<source m_id="38" />
<target m_id="45" />
</PLOT_LINK>
<PLOT_LINK r_id="240538" SIGNAL="5" relType="PRECONDITION" CAUSES="TRUE" CAUSED_BY="FALSE" >
<source m_id="47" />
<target m_id="7" />
</PLOT_LINK>
<PLOT_LINK r_id="240539" SIGNAL="" relType="PRECONDITION" CAUSES="FALSE" CAUSED_BY="FALSE" >
<source m_id="38" />
<target m_id="47" />
</PLOT_LINK>
<PLOT_LINK r_id="240540" SIGNAL="" relType="PRECONDITION" CAUSES="FALSE" CAUSED_BY="FALSE" >
<source m_id="42" />
<target m_id="17" />
</PLOT_LINK>
<TLINK r_id="251849" contextualModality="" relType="CONTAINS" comment="" >
<source m_id="114" />
<target m_id="21" />
</TLINK>
<TLINK r_id="251850" contextualModality="" relType="CONTAINS" comment="" >
<source m_id="114" />
<target m_id="25" />
</TLINK>
<TLINK r_id="251851" contextualModality="" relType="CONTAINS" comment="" >
<source m_id="114" />
<target m_id="8" />
</TLINK>
<TLINK r_id="251870" contextualModality="" relType="AFTER" comment="" >
<source m_id="113" />
<target m_id="13" />
</TLINK>
<TLINK r_id="251873" contextualModality="" relType="AFTER" comment="" >
<source m_id="113" />
<target m_id="39" />
</TLINK>
<TLINK r_id="251874" >
<source m_id="113" />
<target m_id="35" />
</TLINK>
<TLINK r_id="251875" contextualModality="" relType="OVERLAP" comment="" >
<source m_id="113" />
<target m_id="33" />
</TLINK>
<TLINK r_id="251878" contextualModality="" relType="AFTER" comment="" >
<source m_id="113" />
<target m_id="30" />
</TLINK>
<TLINK r_id="251879" contextualModality="" relType="AFTER" comment="" >
<source m_id="113" />
<target m_id="16" />
</TLINK>
<TLINK r_id="251880" contextualModality="" relType="AFTER" comment="" >
<source m_id="113" />
<target m_id="18" />
</TLINK>
<TLINK r_id="251881" contextualModality="" relType="AFTER" comment="" >
<source m_id="113" />
<target m_id="21" />
</TLINK>
<TLINK r_id="251883" contextualModality="" relType="CONTAINS" comment="" >
<source m_id="114" />
<target m_id="39" />
</TLINK>
<TLINK r_id="251884" contextualModality="" relType="CONTAINS" comment="" >
<source m_id="114" />
<target m_id="35" />
</TLINK>
<TLINK r_id="251885" contextualModality="" relType="BEGUN_ON" comment="" >
<source m_id="114" />
<target m_id="33" />
</TLINK>
<TLINK r_id="251886" contextualModality="" relType="CONTAINS" comment="" >
<source m_id="114" />
<target m_id="16" />
</TLINK>
<TLINK r_id="251887" contextualModality="" relType="CONTAINS" comment="" >
<source m_id="114" />
<target m_id="100" />
</TLINK>
</Relations>
</Document>
