<Document doc_name="7_2ecbplus.xml">
<token t_id="1" sentence="0" number="0">http</token>
<token t_id="2" sentence="0" number="1">:</token>
<token t_id="3" sentence="0" number="2">/</token>
<token t_id="4" sentence="0" number="3">/</token>
<token t_id="5" sentence="0" number="4">www</token>
<token t_id="6" sentence="0" number="5">.</token>
<token t_id="7" sentence="0" number="6">dailymail</token>
<token t_id="8" sentence="0" number="7">.</token>
<token t_id="9" sentence="0" number="8">co</token>
<token t_id="10" sentence="0" number="9">.</token>
<token t_id="11" sentence="0" number="10">uk</token>
<token t_id="12" sentence="0" number="11">/</token>
<token t_id="13" sentence="0" number="12">sport</token>
<token t_id="14" sentence="0" number="13">/</token>
<token t_id="15" sentence="0" number="14">boxing</token>
<token t_id="16" sentence="0" number="15">/</token>
<token t_id="17" sentence="0" number="16">article</token>
<token t_id="18" sentence="0" number="17">-</token>
<token t_id="19" sentence="0" number="18">2170324</token>
<token t_id="20" sentence="0" number="19">/</token>
<token t_id="21" sentence="0" number="20">Wladimir</token>
<token t_id="22" sentence="0" number="21">-</token>
<token t_id="23" sentence="0" number="22">Klitschko</token>
<token t_id="24" sentence="0" number="23">-</token>
<token t_id="25" sentence="0" number="24">retains</token>
<token t_id="26" sentence="0" number="25">-</token>
<token t_id="27" sentence="0" number="26">titles</token>
<token t_id="28" sentence="0" number="27">-</token>
<token t_id="29" sentence="0" number="28">stopping</token>
<token t_id="30" sentence="0" number="29">-</token>
<token t_id="31" sentence="0" number="30">Tony</token>
<token t_id="32" sentence="0" number="31">-</token>
<token t_id="33" sentence="0" number="32">Thompson</token>
<token t_id="34" sentence="0" number="33">-</token>
<token t_id="35" sentence="0" number="34">rounds</token>
<token t_id="36" sentence="0" number="35">.</token>
<token t_id="37" sentence="0" number="36">html</token>
<token t_id="38" sentence="1" number="0">Wladimir</token>
<token t_id="39" sentence="1" number="1">Klitschko</token>
<token t_id="40" sentence="1" number="2">retains</token>
<token t_id="41" sentence="1" number="3">titles</token>
<token t_id="42" sentence="1" number="4">stopping</token>
<token t_id="43" sentence="1" number="5">Thompson</token>
<token t_id="44" sentence="1" number="6">in</token>
<token t_id="45" sentence="1" number="7">six</token>
<token t_id="46" sentence="1" number="8">rounds</token>
<token t_id="47" sentence="2" number="0">PUBLISHED</token>
<token t_id="48" sentence="2" number="1">:</token>
<token t_id="49" sentence="2" number="2">22</token>
<token t_id="50" sentence="2" number="3">:</token>
<token t_id="51" sentence="2" number="4">07</token>
<token t_id="52" sentence="2" number="5">GMT</token>
<token t_id="53" sentence="2" number="6">,</token>
<token t_id="54" sentence="2" number="7">7</token>
<token t_id="55" sentence="2" number="8">July</token>
<token t_id="56" sentence="2" number="9">2012</token>
<token t_id="57" sentence="3" number="0">UPDATED</token>
<token t_id="58" sentence="3" number="1">:</token>
<token t_id="59" sentence="3" number="2">22</token>
<token t_id="60" sentence="3" number="3">:</token>
<token t_id="61" sentence="3" number="4">07</token>
<token t_id="62" sentence="3" number="5">GMT</token>
<token t_id="63" sentence="3" number="6">,</token>
<token t_id="64" sentence="3" number="7">7</token>
<token t_id="65" sentence="3" number="8">July</token>
<token t_id="66" sentence="3" number="9">2012</token>
<token t_id="67" sentence="4" number="0">Wladimir</token>
<token t_id="68" sentence="4" number="1">Klitschko</token>
<token t_id="69" sentence="4" number="2">stopped</token>
<token t_id="70" sentence="4" number="3">Tony</token>
<token t_id="71" sentence="4" number="4">Thompson</token>
<token t_id="72" sentence="4" number="5">in</token>
<token t_id="73" sentence="4" number="6">the</token>
<token t_id="74" sentence="4" number="7">sixth</token>
<token t_id="75" sentence="4" number="8">round</token>
<token t_id="76" sentence="4" number="9">to</token>
<token t_id="77" sentence="4" number="10">retain</token>
<token t_id="78" sentence="4" number="11">his</token>
<token t_id="79" sentence="4" number="12">WBA</token>
<token t_id="80" sentence="4" number="13">,</token>
<token t_id="81" sentence="4" number="14">IBF</token>
<token t_id="82" sentence="4" number="15">and</token>
<token t_id="83" sentence="4" number="16">WBO</token>
<token t_id="84" sentence="4" number="17">heavyweight</token>
<token t_id="85" sentence="4" number="18">title</token>
<token t_id="86" sentence="4" number="19">belts</token>
<token t_id="87" sentence="4" number="20">on</token>
<token t_id="88" sentence="4" number="21">Saturday</token>
<token t_id="89" sentence="4" number="22">.</token>
<token t_id="90" sentence="5" number="0">Klitschko</token>
<token t_id="91" sentence="5" number="1">put</token>
<token t_id="92" sentence="5" number="2">Thompson</token>
<token t_id="93" sentence="5" number="3">on</token>
<token t_id="94" sentence="5" number="4">the</token>
<token t_id="95" sentence="5" number="5">canvas</token>
<token t_id="96" sentence="5" number="6">with</token>
<token t_id="97" sentence="5" number="7">a</token>
<token t_id="98" sentence="5" number="8">big</token>
<token t_id="99" sentence="5" number="9">right</token>
<token t_id="100" sentence="5" number="10">hand</token>
<token t_id="101" sentence="5" number="11">near</token>
<token t_id="102" sentence="5" number="12">the</token>
<token t_id="103" sentence="5" number="13">end</token>
<token t_id="104" sentence="5" number="14">of</token>
<token t_id="105" sentence="5" number="15">the</token>
<token t_id="106" sentence="5" number="16">fifth</token>
<token t_id="107" sentence="5" number="17">round</token>
<token t_id="108" sentence="5" number="18">at</token>
<token t_id="109" sentence="5" number="19">Stade</token>
<token t_id="110" sentence="5" number="20">de</token>
<token t_id="111" sentence="5" number="21">Suisse</token>
<token t_id="112" sentence="5" number="22">,</token>
<token t_id="113" sentence="5" number="23">and</token>
<token t_id="114" sentence="5" number="24">the</token>
<token t_id="115" sentence="5" number="25">40</token>
<token t_id="116" sentence="5" number="26">-</token>
<token t_id="117" sentence="5" number="27">year</token>
<token t_id="118" sentence="5" number="28">-</token>
<token t_id="119" sentence="5" number="29">old</token>
<token t_id="120" sentence="5" number="30">American</token>
<token t_id="121" sentence="5" number="31">never</token>
<token t_id="122" sentence="5" number="32">recovered</token>
<token t_id="123" sentence="5" number="33">.</token>
<token t_id="124" sentence="6" number="0">The</token>
<token t_id="125" sentence="6" number="1">Ukrainian</token>
<token t_id="126" sentence="6" number="2">champion</token>
<token t_id="127" sentence="6" number="3">dropped</token>
<token t_id="128" sentence="6" number="4">Thompson</token>
<token t_id="129" sentence="6" number="5">again</token>
<token t_id="130" sentence="6" number="6">in</token>
<token t_id="131" sentence="6" number="7">the</token>
<token t_id="132" sentence="6" number="8">sixth</token>
<token t_id="133" sentence="6" number="9">,</token>
<token t_id="134" sentence="6" number="10">and</token>
<token t_id="135" sentence="6" number="11">referee</token>
<token t_id="136" sentence="6" number="12">Sam</token>
<token t_id="137" sentence="6" number="13">Williams</token>
<token t_id="138" sentence="6" number="14">gave</token>
<token t_id="139" sentence="6" number="15">the</token>
<token t_id="140" sentence="6" number="16">challenger</token>
<token t_id="141" sentence="6" number="17">a</token>
<token t_id="142" sentence="6" number="18">standing</token>
<token t_id="143" sentence="6" number="19">count</token>
<token t_id="144" sentence="6" number="20">before</token>
<token t_id="145" sentence="6" number="21">stopping</token>
<token t_id="146" sentence="6" number="22">the</token>
<token t_id="147" sentence="6" number="23">fight</token>
<token t_id="148" sentence="6" number="24">.</token>
<token t_id="149" sentence="7" number="0">Klitschko</token>
<token t_id="150" sentence="7" number="1">finished</token>
<token t_id="151" sentence="7" number="2">the</token>
<token t_id="152" sentence="7" number="3">fight</token>
<token t_id="153" sentence="7" number="4">five</token>
<token t_id="154" sentence="7" number="5">rounds</token>
<token t_id="155" sentence="7" number="6">sooner</token>
<token t_id="156" sentence="7" number="7">than</token>
<token t_id="157" sentence="7" number="8">when</token>
<token t_id="158" sentence="7" number="9">knocking</token>
<token t_id="159" sentence="7" number="10">out</token>
<token t_id="160" sentence="7" number="11">Thompson</token>
<token t_id="161" sentence="7" number="12">in</token>
<token t_id="162" sentence="7" number="13">the</token>
<token t_id="163" sentence="7" number="14">11th</token>
<token t_id="164" sentence="7" number="15">of</token>
<token t_id="165" sentence="7" number="16">their</token>
<token t_id="166" sentence="7" number="17">first</token>
<token t_id="167" sentence="7" number="18">title</token>
<token t_id="168" sentence="7" number="19">fight</token>
<token t_id="169" sentence="7" number="20">in</token>
<token t_id="170" sentence="7" number="21">2008</token>
<token t_id="171" sentence="7" number="22">.</token>
<token t_id="172" sentence="8" number="0">The</token>
<token t_id="173" sentence="8" number="1">36</token>
<token t_id="174" sentence="8" number="2">-</token>
<token t_id="175" sentence="8" number="3">year</token>
<token t_id="176" sentence="8" number="4">-</token>
<token t_id="177" sentence="8" number="5">old</token>
<token t_id="178" sentence="8" number="6">champion</token>
<token t_id="179" sentence="8" number="7">Klitschko</token>
<token t_id="180" sentence="8" number="8">improved</token>
<token t_id="181" sentence="8" number="9">to</token>
<token t_id="182" sentence="8" number="10">58</token>
<token t_id="183" sentence="8" number="11">-</token>
<token t_id="184" sentence="8" number="12">3</token>
<token t_id="185" sentence="8" number="13">(</token>
<token t_id="186" sentence="8" number="14">51</token>
<token t_id="187" sentence="8" number="15">KO</token>
<token t_id="188" sentence="8" number="16">)</token>
<token t_id="189" sentence="8" number="17">.</token>
<token t_id="190" sentence="9" number="0">Thompson</token>
<token t_id="191" sentence="9" number="1">,</token>
<token t_id="192" sentence="9" number="2">who</token>
<token t_id="193" sentence="9" number="3">was</token>
<token t_id="194" sentence="9" number="4">the</token>
<token t_id="195" sentence="9" number="5">mandatory</token>
<token t_id="196" sentence="9" number="6">challenger</token>
<token t_id="197" sentence="9" number="7">nominated</token>
<token t_id="198" sentence="9" number="8">by</token>
<token t_id="199" sentence="9" number="9">the</token>
<token t_id="200" sentence="9" number="10">IBF</token>
<token t_id="201" sentence="9" number="11">,</token>
<token t_id="202" sentence="9" number="12">fell</token>
<token t_id="203" sentence="9" number="13">to</token>
<token t_id="204" sentence="9" number="14">36</token>
<token t_id="205" sentence="9" number="15">-</token>
<token t_id="206" sentence="9" number="16">3</token>
<token t_id="207" sentence="9" number="17">(</token>
<token t_id="208" sentence="9" number="18">24</token>
<token t_id="209" sentence="9" number="19">KO</token>
<token t_id="210" sentence="9" number="20">)</token>
<token t_id="211" sentence="9" number="21">.</token>


<Markables>
<ACTION_OCCURRENCE m_id="1" climaxEvent="FALSE" comment=""  >
<token_anchor t_id="147"/>
</ACTION_OCCURRENCE>
<ACTION_OCCURRENCE m_id="2" climaxEvent="FALSE" comment=""  >
<token_anchor t_id="154"/>
</ACTION_OCCURRENCE>
<ACTION_OCCURRENCE m_id="3" climaxEvent="FALSE" comment=""  >
<token_anchor t_id="168"/>
</ACTION_OCCURRENCE>
<ACTION_OCCURRENCE m_id="4" climaxEvent="FALSE" comment=""  >
<token_anchor t_id="152"/>
</ACTION_OCCURRENCE>
<ACTION_OCCURRENCE m_id="5" climaxEvent="TRUE" comment=""  >
<token_anchor t_id="40"/>
</ACTION_OCCURRENCE>
<ACTION_OCCURRENCE m_id="6" climaxEvent="FALSE" comment=""  >
<token_anchor t_id="42"/>
</ACTION_OCCURRENCE>
<ACTION_OCCURRENCE m_id="7" climaxEvent="FALSE" comment=""  >
<token_anchor t_id="46"/>
</ACTION_OCCURRENCE>
<ACTION_OCCURRENCE m_id="8" climaxEvent="FALSE" comment=""  >
<token_anchor t_id="69"/>
</ACTION_OCCURRENCE>
<ACTION_OCCURRENCE m_id="9" climaxEvent="FALSE" comment=""  >
<token_anchor t_id="75"/>
</ACTION_OCCURRENCE>
<ACTION_OCCURRENCE m_id="10" climaxEvent="FALSE" comment=""  >
<token_anchor t_id="77"/>
</ACTION_OCCURRENCE>
<ACTION_OCCURRENCE m_id="11" climaxEvent="FALSE" comment=""  >
<token_anchor t_id="91"/>
<token_anchor t_id="93"/>
</ACTION_OCCURRENCE>
<ACTION_OCCURRENCE m_id="12" climaxEvent="FALSE" comment=""  >
<token_anchor t_id="99"/>
<token_anchor t_id="100"/>
</ACTION_OCCURRENCE>
<ACTION_OCCURRENCE m_id="13" climaxEvent="FALSE" comment=""  >
<token_anchor t_id="127"/>
</ACTION_OCCURRENCE>
<ACTION_OCCURRENCE m_id="14" climaxEvent="FALSE" comment=""  >
<token_anchor t_id="132"/>
</ACTION_OCCURRENCE>
<ACTION_OCCURRENCE m_id="15" climaxEvent="FALSE" comment=""  >
<token_anchor t_id="138"/>
</ACTION_OCCURRENCE>
<ACTION_OCCURRENCE m_id="16" climaxEvent="FALSE" comment=""  >
<token_anchor t_id="143"/>
</ACTION_OCCURRENCE>
<ACTION_OCCURRENCE m_id="17" climaxEvent="FALSE" comment=""  >
<token_anchor t_id="145"/>
</ACTION_OCCURRENCE>
<ACTION_OCCURRENCE m_id="18" climaxEvent="FALSE" comment=""  >
<token_anchor t_id="150"/>
</ACTION_OCCURRENCE>
<ACTION_OCCURRENCE m_id="19" climaxEvent="FALSE" comment=""  >
<token_anchor t_id="158"/>
<token_anchor t_id="159"/>
</ACTION_OCCURRENCE>
<ACTION_OCCURRENCE m_id="20" climaxEvent="FALSE" comment=""  >
<token_anchor t_id="180"/>
</ACTION_OCCURRENCE>
<ACTION_OCCURRENCE m_id="21" climaxEvent="FALSE" comment=""  >
<token_anchor t_id="197"/>
</ACTION_OCCURRENCE>
<ACTION_OCCURRENCE m_id="22" climaxEvent="FALSE" comment=""  >
<token_anchor t_id="107"/>
</ACTION_OCCURRENCE>
<HUMAN_PART_ORG m_id="23"  >
<token_anchor t_id="200"/>
</HUMAN_PART_ORG>
<HUMAN_PART_PER m_id="33" comment=""  >
<token_anchor t_id="120"/>
</HUMAN_PART_PER>
<HUMAN_PART_PER m_id="34" comment=""  >
<token_anchor t_id="126"/>
</HUMAN_PART_PER>
<HUMAN_PART_PER m_id="35" comment=""  >
<token_anchor t_id="128"/>
</HUMAN_PART_PER>
<HUMAN_PART_PER m_id="36" comment=""  >
<token_anchor t_id="140"/>
</HUMAN_PART_PER>
<HUMAN_PART_PER m_id="37" comment=""  >
<token_anchor t_id="136"/>
<token_anchor t_id="137"/>
</HUMAN_PART_PER>
<HUMAN_PART_PER m_id="38" comment=""  >
<token_anchor t_id="149"/>
</HUMAN_PART_PER>
<HUMAN_PART_PER m_id="39" comment=""  >
<token_anchor t_id="160"/>
</HUMAN_PART_PER>
<HUMAN_PART_PER m_id="24" comment=""  >
<token_anchor t_id="179"/>
</HUMAN_PART_PER>
<HUMAN_PART_PER m_id="25" comment=""  >
<token_anchor t_id="190"/>
</HUMAN_PART_PER>
<HUMAN_PART_PER m_id="26" comment=""  >
<token_anchor t_id="196"/>
</HUMAN_PART_PER>
<HUMAN_PART_PER m_id="27" comment=""  >
<token_anchor t_id="38"/>
<token_anchor t_id="39"/>
</HUMAN_PART_PER>
<HUMAN_PART_PER m_id="28" comment=""  >
<token_anchor t_id="43"/>
</HUMAN_PART_PER>
<HUMAN_PART_PER m_id="29" comment=""  >
<token_anchor t_id="67"/>
<token_anchor t_id="68"/>
</HUMAN_PART_PER>
<HUMAN_PART_PER m_id="30" comment=""  >
<token_anchor t_id="70"/>
<token_anchor t_id="71"/>
</HUMAN_PART_PER>
<HUMAN_PART_PER m_id="31" comment=""  >
<token_anchor t_id="90"/>
</HUMAN_PART_PER>
<HUMAN_PART_PER m_id="32" comment=""  >
<token_anchor t_id="92"/>
</HUMAN_PART_PER>
<LOC_FAC m_id="40"  >
<token_anchor t_id="109"/>
<token_anchor t_id="110"/>
<token_anchor t_id="111"/>
</LOC_FAC>
<NEG_ACTION_OCCURRENCE m_id="41" climaxEvent="FALSE" comment=""  >
<token_anchor t_id="122"/>
</NEG_ACTION_OCCURRENCE>
<NON_HUMAN_PART m_id="42" comment=""  >
<token_anchor t_id="86"/>
</NON_HUMAN_PART>
<NON_HUMAN_PART m_id="43" comment=""  >
<token_anchor t_id="95"/>
</NON_HUMAN_PART>
<NON_HUMAN_PART m_id="44" comment=""  >
<token_anchor t_id="41"/>
</NON_HUMAN_PART>
<TIME_DATE m_id="45" comment="" DCT="FALSE" value="2008" anchorTimeID=""  >
<token_anchor t_id="170"/>
</TIME_DATE>
<TIME_OF_THE_DAY m_id="46" DCT="TRUE" value="2012-07-07T22:07Z" anchorTimeID=""  >
<token_anchor t_id="49"/>
<token_anchor t_id="50"/>
<token_anchor t_id="51"/>
<token_anchor t_id="52"/>
<token_anchor t_id="53"/>
<token_anchor t_id="54"/>
<token_anchor t_id="55"/>
<token_anchor t_id="56"/>
</TIME_OF_THE_DAY>
<TIME_OF_THE_DAY m_id="47" DCT="FALSE" value="2012-07-07" anchorTimeID="46"  >
<token_anchor t_id="88"/>
</TIME_OF_THE_DAY>


<ACTION_OCCURRENCE m_id="48" RELATED_TO="" TAG_DESCRIPTOR="t7_standing_count" climaxEvent="FALSE" comment="" />
<ACTION_OCCURRENCE m_id="49" RELATED_TO="" TAG_DESCRIPTOR="t7_dropped_in_6" climaxEvent="FALSE" comment="" />
<TIME_OF_THE_DAY m_id="50" RELATED_TO="" TAG_DESCRIPTOR="t7_saturday_night" DCT="FALSE" value="" anchorTimeID="" />
<ACTION_OCCURRENCE m_id="51" RELATED_TO="" TAG_DESCRIPTOR="t7_klitschko_ends _fight" climaxEvent="FALSE" comment="" />
<TIME_DATE m_id="52" RELATED_TO="" TAG_DESCRIPTOR="t7_in_2008" comment="" DCT="FALSE" value="" anchorTimeID="" />
<ACTION_OCCURRENCE m_id="53" RELATED_TO="" TAG_DESCRIPTOR="t7_knockout_in_2008" climaxEvent="FALSE" comment="" />
<NON_HUMAN_PART m_id="54" RELATED_TO="" TAG_DESCRIPTOR="t7_heavyweight_belts" comment="" />
<LOC_FAC m_id="55" RELATED_TO="" TAG_DESCRIPTOR="t7_stade_de_suisse" />
<ACTION_OCCURRENCE m_id="56" RELATED_TO="" TAG_DESCRIPTOR="t7_round_6" climaxEvent="FALSE" comment="" />
<ACTION_OCCURRENCE m_id="57" RELATED_TO="" TAG_DESCRIPTOR="t7_retain_awards" climaxEvent="FALSE" comment="" />
<ACTION_OCCURRENCE m_id="58" RELATED_TO="" TAG_DESCRIPTOR="t7_fight_2008" climaxEvent="FALSE" comment="" />
<HUMAN_PART_PER m_id="59" RELATED_TO="" TAG_DESCRIPTOR="t7_thompson" comment="" />
<NEG_ACTION_OCCURRENCE m_id="60" RELATED_TO="" TAG_DESCRIPTOR="t7_recovered" climaxEvent="FALSE" comment="" />
<ACTION_OCCURRENCE m_id="61" RELATED_TO="" TAG_DESCRIPTOR="t7_right_hand" climaxEvent="FALSE" comment="" />
<ACTION_OCCURRENCE m_id="62" RELATED_TO="" TAG_DESCRIPTOR="t7_gave_count" climaxEvent="FALSE" comment="" />
<HUMAN_PART_PER m_id="63" RELATED_TO="" TAG_DESCRIPTOR="t7_sam_williams" comment="" />
<NON_HUMAN_PART m_id="64" RELATED_TO="" TAG_DESCRIPTOR="t7_canvas" comment="" />
<ACTION_OCCURRENCE m_id="65" RELATED_TO="" TAG_DESCRIPTOR="t7_the_match" climaxEvent="FALSE" comment="" />
<HUMAN_PART_PER m_id="66" RELATED_TO="" TAG_DESCRIPTOR="t7_klitschko" comment="" />
<ACTION_OCCURRENCE m_id="67" RELATED_TO="" TAG_DESCRIPTOR="t7_round_5" climaxEvent="FALSE" comment="" />
<HUMAN_PART_ORG m_id="68" RELATED_TO="" TAG_DESCRIPTOR="t7_ibf" />
</Markables>

<Relations>
<TLINK r_id="240541" contextualModality="" relType="AFTER" comment="" >
<source m_id="46" />
<target m_id="5" />
</TLINK>
<TLINK r_id="240542" contextualModality="" relType="AFTER" comment="" >
<source m_id="46" />
<target m_id="6" />
</TLINK>
<TLINK r_id="240543" contextualModality="" relType="AFTER" comment="" >
<source m_id="46" />
<target m_id="7" />
</TLINK>
<TLINK r_id="240544" contextualModality="" relType="AFTER" comment="" >
<source m_id="46" />
<target m_id="8" />
</TLINK>
<TLINK r_id="240545" contextualModality="" relType="AFTER" comment="" >
<source m_id="46" />
<target m_id="9" />
</TLINK>
<TLINK r_id="240546" contextualModality="" relType="OVERLAP" comment="" >
<source m_id="46" />
<target m_id="10" />
</TLINK>
<TLINK r_id="240547" contextualModality="" relType="AFTER" comment="" >
<source m_id="46" />
<target m_id="12" />
</TLINK>
<TLINK r_id="240548" contextualModality="" relType="AFTER" comment="" >
<source m_id="46" />
<target m_id="22" />
</TLINK>
<TLINK r_id="240549" contextualModality="" relType="AFTER" comment="" >
<source m_id="46" />
<target m_id="41" />
</TLINK>
<TLINK r_id="240550" contextualModality="" relType="AFTER" comment="" >
<source m_id="46" />
<target m_id="13" />
</TLINK>
<TLINK r_id="240551" contextualModality="" relType="AFTER" comment="" >
<source m_id="46" />
<target m_id="14" />
</TLINK>
<TLINK r_id="240552" contextualModality="" relType="AFTER" comment="" >
<source m_id="46" />
<target m_id="16" />
</TLINK>
<TLINK r_id="240554" contextualModality="" relType="AFTER" comment="" >
<source m_id="46" />
<target m_id="1" />
</TLINK>
<TLINK r_id="240556" contextualModality="" relType="AFTER" comment="" >
<source m_id="46" />
<target m_id="4" />
</TLINK>
<TLINK r_id="240557" contextualModality="" relType="AFTER" comment="" >
<source m_id="46" />
<target m_id="2" />
</TLINK>
<TLINK r_id="240558" contextualModality="" relType="AFTER" comment="" >
<source m_id="46" />
<target m_id="19" />
</TLINK>
<TLINK r_id="240559" contextualModality="" relType="AFTER" comment="" >
<source m_id="46" />
<target m_id="3" />
</TLINK>
<TLINK r_id="240560" contextualModality="" relType="AFTER" comment="" >
<source m_id="46" />
<target m_id="20" />
</TLINK>
<TLINK r_id="240561" contextualModality="" relType="AFTER" comment="" >
<source m_id="46" />
<target m_id="21" />
</TLINK>
<TLINK r_id="240562" contextualModality="" relType="CONTAINS" comment="" >
<source m_id="47" />
<target m_id="5" />
</TLINK>
<TLINK r_id="240563" contextualModality="" relType="CONTAINS" comment="" >
<source m_id="47" />
<target m_id="6" />
</TLINK>
<TLINK r_id="240564" contextualModality="" relType="CONTAINS" comment="" >
<source m_id="47" />
<target m_id="7" />
</TLINK>
<TLINK r_id="240565" contextualModality="" relType="CONTAINS" comment="" >
<source m_id="47" />
<target m_id="8" />
</TLINK>
<TLINK r_id="240566" contextualModality="" relType="CONTAINS" comment="" >
<source m_id="47" />
<target m_id="9" />
</TLINK>
<TLINK r_id="240567" contextualModality="" relType="BEGUN_ON" comment="" >
<source m_id="47" />
<target m_id="10" />
</TLINK>
<TLINK r_id="240568" contextualModality="" relType="CONTAINS" comment="" >
<source m_id="47" />
<target m_id="12" />
</TLINK>
<TLINK r_id="240569" contextualModality="" relType="CONTAINS" comment="" >
<source m_id="47" />
<target m_id="22" />
</TLINK>
<TLINK r_id="240570" contextualModality="" relType="CONTAINS" comment="" >
<source m_id="47" />
<target m_id="41" />
</TLINK>
<TLINK r_id="240571" contextualModality="" relType="CONTAINS" comment="" >
<source m_id="47" />
<target m_id="13" />
</TLINK>
<TLINK r_id="240572" contextualModality="" relType="CONTAINS" comment="" >
<source m_id="47" />
<target m_id="14" />
</TLINK>
<TLINK r_id="240573" contextualModality="" relType="CONTAINS" comment="" >
<source m_id="47" />
<target m_id="16" />
</TLINK>
<TLINK r_id="240574" contextualModality="" relType="CONTAINS" comment="" >
<source m_id="47" />
<target m_id="17" />
</TLINK>
<TLINK r_id="240575" contextualModality="" relType="CONTAINS" comment="" >
<source m_id="47" />
<target m_id="1" />
</TLINK>
<TLINK r_id="240577" contextualModality="" relType="CONTAINS" comment="" >
<source m_id="47" />
<target m_id="4" />
</TLINK>
<TLINK r_id="240578" contextualModality="" relType="CONTAINS" comment="" >
<source m_id="47" />
<target m_id="2" />
</TLINK>
<TLINK r_id="240579" contextualModality="" relType="CONTAINS" comment="" >
<source m_id="45" />
<target m_id="19" />
</TLINK>
<TLINK r_id="240580" contextualModality="" relType="CONTAINS" comment="" >
<source m_id="45" />
<target m_id="3" />
</TLINK>
<TLINK r_id="240581" contextualModality="" relType="CONTAINS" comment="" >
<source m_id="47" />
<target m_id="20" />
</TLINK>
<PLOT_LINK r_id="240583" SIGNAL="" relType="FALLING_ACTION" CAUSES="FALSE" CAUSED_BY="FALSE" >
<source m_id="5" />
<target m_id="6" />
</PLOT_LINK>
<PLOT_LINK r_id="240584" SIGNAL="" relType="PRECONDITION" CAUSES="FALSE" CAUSED_BY="FALSE" >
<source m_id="8" />
<target m_id="10" />
</PLOT_LINK>
<PLOT_LINK r_id="240585" SIGNAL="" relType="FALLING_ACTION" CAUSES="FALSE" CAUSED_BY="FALSE" >
<source m_id="11" />
<target m_id="12" />
</PLOT_LINK>
<PLOT_LINK r_id="240586" SIGNAL="" relType="PRECONDITION" CAUSES="FALSE" CAUSED_BY="FALSE" >
<source m_id="11" />
<target m_id="41" />
</PLOT_LINK>
<PLOT_LINK r_id="240587" SIGNAL="" relType="PRECONDITION" CAUSES="FALSE" CAUSED_BY="FALSE" >
<source m_id="13" />
<target m_id="16" />
</PLOT_LINK>
<PLOT_LINK r_id="240588" SIGNAL="" relType="PRECONDITION" CAUSES="FALSE" CAUSED_BY="FALSE" >
<source m_id="16" />
<target m_id="17" />
</PLOT_LINK>
<PLOT_LINK r_id="240589" SIGNAL="" relType="PRECONDITION" CAUSES="FALSE" CAUSED_BY="FALSE" >
<source m_id="8" />
<target m_id="1" />
</PLOT_LINK>
<PLOT_LINK r_id="240590" SIGNAL="" relType="PRECONDITION" CAUSES="FALSE" CAUSED_BY="FALSE" >
<source m_id="12" />
<target m_id="1" />
</PLOT_LINK>
<PLOT_LINK r_id="240591" SIGNAL="" relType="PRECONDITION" CAUSES="FALSE" CAUSED_BY="FALSE" >
<source m_id="13" />
<target m_id="1" />
</PLOT_LINK>
<PLOT_LINK r_id="240592" SIGNAL="" relType="PRECONDITION" CAUSES="FALSE" CAUSED_BY="FALSE" >
<source m_id="6" />
<target m_id="1" />
</PLOT_LINK>
<PLOT_LINK r_id="240593" SIGNAL="" relType="FALLING_ACTION" CAUSES="FALSE" CAUSED_BY="FALSE" >
<source m_id="18" />
<target m_id="19" />
</PLOT_LINK>
<PLOT_LINK r_id="240594" SIGNAL="" relType="PRECONDITION" CAUSES="FALSE" CAUSED_BY="FALSE" >
<source m_id="18" />
<target m_id="20" />
</PLOT_LINK>
<TLINK r_id="251852" contextualModality="" relType="AFTER" comment="" >
<source m_id="46" />
<target m_id="11" />
</TLINK>
</Relations>
</Document>
