<Document doc_name="7_6ecbplus.xml">
<token t_id="1" sentence="0" number="0">http</token>
<token t_id="2" sentence="0" number="1">:</token>
<token t_id="3" sentence="0" number="2">/</token>
<token t_id="4" sentence="0" number="3">/</token>
<token t_id="5" sentence="0" number="4">www</token>
<token t_id="6" sentence="0" number="5">.</token>
<token t_id="7" sentence="0" number="6">espn</token>
<token t_id="8" sentence="0" number="7">.</token>
<token t_id="9" sentence="0" number="8">co</token>
<token t_id="10" sentence="0" number="9">.</token>
<token t_id="11" sentence="0" number="10">uk</token>
<token t_id="12" sentence="0" number="11">/</token>
<token t_id="13" sentence="0" number="12">boxing</token>
<token t_id="14" sentence="0" number="13">/</token>
<token t_id="15" sentence="0" number="14">sport</token>
<token t_id="16" sentence="0" number="15">/</token>
<token t_id="17" sentence="0" number="16">story</token>
<token t_id="18" sentence="0" number="17">/</token>
<token t_id="19" sentence="0" number="18">159389</token>
<token t_id="20" sentence="0" number="19">.</token>
<token t_id="21" sentence="0" number="20">html</token>
<token t_id="22" sentence="1" number="0">Klitschko</token>
<token t_id="23" sentence="1" number="1">stops</token>
<token t_id="24" sentence="1" number="2">Thompson</token>
<token t_id="25" sentence="1" number="3">in</token>
<token t_id="26" sentence="1" number="4">regulation</token>
<token t_id="27" sentence="1" number="5">win</token>
<token t_id="28" sentence="2" number="0">July</token>
<token t_id="29" sentence="2" number="1">7</token>
<token t_id="30" sentence="2" number="2">,</token>
<token t_id="31" sentence="2" number="3">2012</token>
<token t_id="32" sentence="3" number="0">Wladimir</token>
<token t_id="33" sentence="3" number="1">Klitschko</token>
<token t_id="34" sentence="3" number="2">retained</token>
<token t_id="35" sentence="3" number="3">his</token>
<token t_id="36" sentence="3" number="4">IBF</token>
<token t_id="37" sentence="3" number="5">,</token>
<token t_id="38" sentence="3" number="6">WBO</token>
<token t_id="39" sentence="3" number="7">,</token>
<token t_id="40" sentence="3" number="8">WBA</token>
<token t_id="41" sentence="3" number="9">&amp;</token>
<token t_id="42" sentence="3" number="10">IBO</token>
<token t_id="43" sentence="3" number="11">heavyweight</token>
<token t_id="44" sentence="3" number="12">world</token>
<token t_id="45" sentence="3" number="13">titles</token>
<token t_id="46" sentence="3" number="14">with</token>
<token t_id="47" sentence="3" number="15">a</token>
<token t_id="48" sentence="3" number="16">second</token>
<token t_id="49" sentence="3" number="17">professional</token>
<token t_id="50" sentence="3" number="18">victory</token>
<token t_id="51" sentence="3" number="19">over</token>
<token t_id="52" sentence="3" number="20">Tony</token>
<token t_id="53" sentence="3" number="21">Thompson</token>
<token t_id="54" sentence="3" number="22">on</token>
<token t_id="55" sentence="3" number="23">Saturday</token>
<token t_id="56" sentence="3" number="24">.</token>
<token t_id="57" sentence="4" number="0">Klitschko</token>
<token t_id="58" sentence="4" number="1">,</token>
<token t_id="59" sentence="4" number="2">36</token>
<token t_id="60" sentence="4" number="3">,</token>
<token t_id="61" sentence="4" number="4">stopped</token>
<token t_id="62" sentence="4" number="5">the</token>
<token t_id="63" sentence="4" number="6">40</token>
<token t_id="64" sentence="4" number="7">-</token>
<token t_id="65" sentence="4" number="8">year</token>
<token t_id="66" sentence="4" number="9">-</token>
<token t_id="67" sentence="4" number="10">old</token>
<token t_id="68" sentence="4" number="11">Thompson</token>
<token t_id="69" sentence="4" number="12">with</token>
<token t_id="70" sentence="4" number="13">two</token>
<token t_id="71" sentence="4" number="14">seconds</token>
<token t_id="72" sentence="4" number="15">remaining</token>
<token t_id="73" sentence="4" number="16">of</token>
<token t_id="74" sentence="4" number="17">the</token>
<token t_id="75" sentence="4" number="18">sixth</token>
<token t_id="76" sentence="4" number="19">round</token>
<token t_id="77" sentence="4" number="20">in</token>
<token t_id="78" sentence="4" number="21">Switzerland</token>
<token t_id="79" sentence="4" number="22">to</token>
<token t_id="80" sentence="4" number="23">retain</token>
<token t_id="81" sentence="4" number="24">his</token>
<token t_id="82" sentence="4" number="25">collection</token>
<token t_id="83" sentence="4" number="26">of</token>
<token t_id="84" sentence="4" number="27">titles</token>
<token t_id="85" sentence="4" number="28">.</token>
<token t_id="86" sentence="5" number="0">In</token>
<token t_id="87" sentence="5" number="1">2008</token>
<token t_id="88" sentence="5" number="2">,</token>
<token t_id="89" sentence="5" number="3">last</token>
<token t_id="90" sentence="5" number="4">time</token>
<token t_id="91" sentence="5" number="5">the</token>
<token t_id="92" sentence="5" number="6">pair</token>
<token t_id="93" sentence="5" number="7">met</token>
<token t_id="94" sentence="5" number="8">,</token>
<token t_id="95" sentence="5" number="9">the</token>
<token t_id="96" sentence="5" number="10">bout</token>
<token t_id="97" sentence="5" number="11">went</token>
<token t_id="98" sentence="5" number="12">11</token>
<token t_id="99" sentence="5" number="13">rounds</token>
<token t_id="100" sentence="5" number="14">before</token>
<token t_id="101" sentence="5" number="15">the</token>
<token t_id="102" sentence="5" number="16">Ukrainian</token>
<token t_id="103" sentence="5" number="17">emerged</token>
<token t_id="104" sentence="5" number="18">triumphant</token>
<token t_id="105" sentence="5" number="19">.</token>
<token t_id="106" sentence="6" number="0">Klitschko</token>
<token t_id="107" sentence="6" number="1">dumped</token>
<token t_id="108" sentence="6" number="2">Thompson</token>
<token t_id="109" sentence="6" number="3">onto</token>
<token t_id="110" sentence="6" number="4">the</token>
<token t_id="111" sentence="6" number="5">canvas</token>
<token t_id="112" sentence="6" number="6">with</token>
<token t_id="113" sentence="6" number="7">a</token>
<token t_id="114" sentence="6" number="8">booming</token>
<token t_id="115" sentence="6" number="9">right</token>
<token t_id="116" sentence="6" number="10">end</token>
<token t_id="117" sentence="6" number="11">towards</token>
<token t_id="118" sentence="6" number="12">the</token>
<token t_id="119" sentence="6" number="13">end</token>
<token t_id="120" sentence="6" number="14">of</token>
<token t_id="121" sentence="6" number="15">the</token>
<token t_id="122" sentence="6" number="16">fifth</token>
<token t_id="123" sentence="6" number="17">round</token>
<token t_id="124" sentence="6" number="18">of</token>
<token t_id="125" sentence="6" number="19">the</token>
<token t_id="126" sentence="6" number="20">fight</token>
<token t_id="127" sentence="6" number="21">in</token>
<token t_id="128" sentence="6" number="22">Bern</token>
<token t_id="129" sentence="6" number="23">,</token>
<token t_id="130" sentence="6" number="24">and</token>
<token t_id="131" sentence="6" number="25">from</token>
<token t_id="132" sentence="6" number="26">then</token>
<token t_id="133" sentence="6" number="27">on</token>
<token t_id="134" sentence="6" number="28">it</token>
<token t_id="135" sentence="6" number="29">was</token>
<token t_id="136" sentence="6" number="30">simply</token>
<token t_id="137" sentence="6" number="31">a</token>
<token t_id="138" sentence="6" number="32">matter</token>
<token t_id="139" sentence="6" number="33">of</token>
<token t_id="140" sentence="6" number="34">time</token>
<token t_id="141" sentence="6" number="35">before</token>
<token t_id="142" sentence="6" number="36">referee</token>
<token t_id="143" sentence="6" number="37">Sam</token>
<token t_id="144" sentence="6" number="38">Williams</token>
<token t_id="145" sentence="6" number="39">stopped</token>
<token t_id="146" sentence="6" number="40">matters</token>
<token t_id="147" sentence="6" number="41">.</token>
<token t_id="148" sentence="7" number="0">The</token>
<token t_id="149" sentence="7" number="1">decisive</token>
<token t_id="150" sentence="7" number="2">moment</token>
<token t_id="151" sentence="7" number="3">came</token>
<token t_id="152" sentence="7" number="4">at</token>
<token t_id="153" sentence="7" number="5">the</token>
<token t_id="154" sentence="7" number="6">end</token>
<token t_id="155" sentence="7" number="7">of</token>
<token t_id="156" sentence="7" number="8">the</token>
<token t_id="157" sentence="7" number="9">next</token>
<token t_id="158" sentence="7" number="10">three</token>
<token t_id="159" sentence="7" number="11">-</token>
<token t_id="160" sentence="7" number="12">minute</token>
<token t_id="161" sentence="7" number="13">stretch</token>
<token t_id="162" sentence="7" number="14">,</token>
<token t_id="163" sentence="7" number="15">the</token>
<token t_id="164" sentence="7" number="16">same</token>
<token t_id="165" sentence="7" number="17">punch</token>
<token t_id="166" sentence="7" number="18">again</token>
<token t_id="167" sentence="7" number="19">bringing</token>
<token t_id="168" sentence="7" number="20">Thompson</token>
<token t_id="169" sentence="7" number="21">to</token>
<token t_id="170" sentence="7" number="22">his</token>
<token t_id="171" sentence="7" number="23">knees</token>
<token t_id="172" sentence="7" number="24">and</token>
<token t_id="173" sentence="7" number="25">-</token>
<token t_id="174" sentence="7" number="26">despite</token>
<token t_id="175" sentence="7" number="27">beating</token>
<token t_id="176" sentence="7" number="28">the</token>
<token t_id="177" sentence="7" number="29">count</token>
<token t_id="178" sentence="7" number="30">-</token>
<token t_id="179" sentence="7" number="31">he</token>
<token t_id="180" sentence="7" number="32">was</token>
<token t_id="181" sentence="7" number="33">clearly</token>
<token t_id="182" sentence="7" number="34">too</token>
<token t_id="183" sentence="7" number="35">unsteady</token>
<token t_id="184" sentence="7" number="36">to</token>
<token t_id="185" sentence="7" number="37">continue</token>
<token t_id="186" sentence="7" number="38">.</token>
<token t_id="187" sentence="8" number="0">Klitschko</token>
<token t_id="188" sentence="8" number="1">,</token>
<token t_id="189" sentence="8" number="2">who</token>
<token t_id="190" sentence="8" number="3">could</token>
<token t_id="191" sentence="8" number="4">face</token>
<token t_id="192" sentence="8" number="5">Tyson</token>
<token t_id="193" sentence="8" number="6">Fury</token>
<token t_id="194" sentence="8" number="7">in</token>
<token t_id="195" sentence="8" number="8">the</token>
<token t_id="196" sentence="8" number="9">near</token>
<token t_id="197" sentence="8" number="10">future</token>
<token t_id="198" sentence="8" number="11">after</token>
<token t_id="199" sentence="8" number="12">being</token>
<token t_id="200" sentence="8" number="13">called</token>
<token t_id="201" sentence="8" number="14">out</token>
<token t_id="202" sentence="8" number="15">by</token>
<token t_id="203" sentence="8" number="16">the</token>
<token t_id="204" sentence="8" number="17">British</token>
<token t_id="205" sentence="8" number="18">-</token>
<token t_id="206" sentence="8" number="19">Irish</token>
<token t_id="207" sentence="8" number="20">fighter</token>
<token t_id="208" sentence="8" number="21">,</token>
<token t_id="209" sentence="8" number="22">improves</token>
<token t_id="210" sentence="8" number="23">to</token>
<token t_id="211" sentence="8" number="24">a</token>
<token t_id="212" sentence="8" number="25">career</token>
<token t_id="213" sentence="8" number="26">record</token>
<token t_id="214" sentence="8" number="27">of</token>
<token t_id="215" sentence="8" number="28">58</token>
<token t_id="216" sentence="8" number="29">wins</token>
<token t_id="217" sentence="8" number="30">and</token>
<token t_id="218" sentence="8" number="31">three</token>
<token t_id="219" sentence="8" number="32">defeats</token>
<token t_id="220" sentence="8" number="33">.</token>


<Markables>
<ACTION_ASPECTUAL m_id="1" comment=""  >
<token_anchor t_id="119"/>
</ACTION_ASPECTUAL>
<ACTION_ASPECTUAL m_id="2" comment=""  >
<token_anchor t_id="185"/>
</ACTION_ASPECTUAL>
<ACTION_ASPECTUAL m_id="3" comment=""  >
<token_anchor t_id="154"/>
</ACTION_ASPECTUAL>
<ACTION_OCCURRENCE m_id="4" climaxEvent="FALSE" comment=""  >
<token_anchor t_id="50"/>
</ACTION_OCCURRENCE>
<ACTION_OCCURRENCE m_id="5" climaxEvent="FALSE" comment=""  >
<token_anchor t_id="93"/>
</ACTION_OCCURRENCE>
<ACTION_OCCURRENCE m_id="6" climaxEvent="FALSE" comment=""  >
<token_anchor t_id="61"/>
</ACTION_OCCURRENCE>
<ACTION_OCCURRENCE m_id="7" climaxEvent="FALSE" comment=""  >
<token_anchor t_id="96"/>
</ACTION_OCCURRENCE>
<ACTION_OCCURRENCE m_id="8" climaxEvent="FALSE" comment=""  >
<token_anchor t_id="72"/>
</ACTION_OCCURRENCE>
<ACTION_OCCURRENCE m_id="9" climaxEvent="FALSE" comment=""  >
<token_anchor t_id="99"/>
</ACTION_OCCURRENCE>
<ACTION_OCCURRENCE m_id="10" climaxEvent="FALSE" comment=""  >
<token_anchor t_id="76"/>
</ACTION_OCCURRENCE>
<ACTION_OCCURRENCE m_id="11" climaxEvent="FALSE" comment=""  >
<token_anchor t_id="103"/>
</ACTION_OCCURRENCE>
<ACTION_OCCURRENCE m_id="12" climaxEvent="FALSE" comment=""  >
<token_anchor t_id="80"/>
</ACTION_OCCURRENCE>
<ACTION_OCCURRENCE m_id="13" climaxEvent="FALSE" comment=""  >
<token_anchor t_id="126"/>
</ACTION_OCCURRENCE>
<ACTION_OCCURRENCE m_id="14" climaxEvent="FALSE" comment=""  >
<token_anchor t_id="151"/>
</ACTION_OCCURRENCE>
<ACTION_OCCURRENCE m_id="15" climaxEvent="FALSE" comment=""  >
<token_anchor t_id="165"/>
</ACTION_OCCURRENCE>
<ACTION_OCCURRENCE m_id="16" climaxEvent="FALSE" comment=""  >
<token_anchor t_id="115"/>
</ACTION_OCCURRENCE>
<ACTION_OCCURRENCE m_id="17" climaxEvent="FALSE" comment=""  >
<token_anchor t_id="167"/>
</ACTION_OCCURRENCE>
<ACTION_OCCURRENCE m_id="18" climaxEvent="FALSE" comment=""  >
<token_anchor t_id="123"/>
</ACTION_OCCURRENCE>
<ACTION_OCCURRENCE m_id="19" climaxEvent="FALSE" comment=""  >
<token_anchor t_id="175"/>
</ACTION_OCCURRENCE>
<ACTION_OCCURRENCE m_id="20" climaxEvent="FALSE" comment=""  >
<token_anchor t_id="177"/>
</ACTION_OCCURRENCE>
<ACTION_OCCURRENCE m_id="21" climaxEvent="FALSE" comment=""  >
<token_anchor t_id="23"/>
</ACTION_OCCURRENCE>
<ACTION_OCCURRENCE m_id="22" climaxEvent="TRUE" comment=""  >
<token_anchor t_id="27"/>
</ACTION_OCCURRENCE>
<ACTION_OCCURRENCE m_id="23" climaxEvent="FALSE" comment=""  >
<token_anchor t_id="34"/>
</ACTION_OCCURRENCE>
<ACTION_STATE m_id="24" climaxEvent="FALSE" comment=""  >
<token_anchor t_id="104"/>
</ACTION_STATE>
<ACTION_STATE m_id="25" climaxEvent="FALSE" comment=""  >
<token_anchor t_id="183"/>
</ACTION_STATE>
<HUMAN_PART_PER m_id="33" comment=""  >
<token_anchor t_id="143"/>
<token_anchor t_id="144"/>
</HUMAN_PART_PER>
<HUMAN_PART_PER m_id="34" comment=""  >
<token_anchor t_id="179"/>
</HUMAN_PART_PER>
<HUMAN_PART_PER m_id="35" comment=""  >
<token_anchor t_id="102"/>
</HUMAN_PART_PER>
<HUMAN_PART_PER m_id="36" comment=""  >
<token_anchor t_id="57"/>
</HUMAN_PART_PER>
<HUMAN_PART_PER m_id="37" comment=""  >
<token_anchor t_id="92"/>
</HUMAN_PART_PER>
<HUMAN_PART_PER m_id="38" comment=""  >
<token_anchor t_id="68"/>
</HUMAN_PART_PER>
<HUMAN_PART_PER m_id="26" comment=""  >
<token_anchor t_id="106"/>
</HUMAN_PART_PER>
<HUMAN_PART_PER m_id="27" comment=""  >
<token_anchor t_id="108"/>
</HUMAN_PART_PER>
<HUMAN_PART_PER m_id="28" comment=""  >
<token_anchor t_id="22"/>
</HUMAN_PART_PER>
<HUMAN_PART_PER m_id="29" comment=""  >
<token_anchor t_id="24"/>
</HUMAN_PART_PER>
<HUMAN_PART_PER m_id="30" comment=""  >
<token_anchor t_id="32"/>
<token_anchor t_id="33"/>
</HUMAN_PART_PER>
<HUMAN_PART_PER m_id="31" comment=""  >
<token_anchor t_id="52"/>
<token_anchor t_id="53"/>
</HUMAN_PART_PER>
<HUMAN_PART_PER m_id="32" comment=""  >
<token_anchor t_id="168"/>
</HUMAN_PART_PER>
<LOC_GEO m_id="39" comment=""  >
<token_anchor t_id="77"/>
<token_anchor t_id="78"/>
</LOC_GEO>
<LOC_GEO m_id="40" comment=""  >
<token_anchor t_id="127"/>
<token_anchor t_id="128"/>
</LOC_GEO>
<NEG_ACTION_OCCURRENCE m_id="41" climaxEvent="FALSE" comment=""  >
<token_anchor t_id="107"/>
</NEG_ACTION_OCCURRENCE>
<NEG_ACTION_OCCURRENCE m_id="42" climaxEvent="FALSE" comment=""  >
<token_anchor t_id="145"/>
</NEG_ACTION_OCCURRENCE>
<NON_HUMAN_PART m_id="43" comment=""  >
<token_anchor t_id="45"/>
</NON_HUMAN_PART>
<NON_HUMAN_PART m_id="44" comment=""  >
<token_anchor t_id="84"/>
</NON_HUMAN_PART>
<NON_HUMAN_PART m_id="45" comment=""  >
<token_anchor t_id="111"/>
</NON_HUMAN_PART>
<TIME_DATE m_id="46" comment="" DCT="FALSE" value="2008" anchorTimeID=""  >
<token_anchor t_id="87"/>
</TIME_DATE>
<TIME_DATE m_id="47" comment="" DCT="TRUE" value="2012-07-07" anchorTimeID=""  >
<token_anchor t_id="28"/>
<token_anchor t_id="29"/>
<token_anchor t_id="30"/>
<token_anchor t_id="31"/>
</TIME_DATE>
<TIME_DURATION m_id="48" endPoint="" value="PT3M" begin="" anchorTimeID=""  >
<token_anchor t_id="156"/>
<token_anchor t_id="157"/>
<token_anchor t_id="158"/>
<token_anchor t_id="159"/>
<token_anchor t_id="160"/>
</TIME_DURATION>
<TIME_OF_THE_DAY m_id="49" DCT="FALSE" value="2012-07-07" anchorTimeID="47"  >
<token_anchor t_id="55"/>
</TIME_OF_THE_DAY>


<LOC_GEO m_id="50" RELATED_TO="" TAG_DESCRIPTOR="t7_bern" comment="" />
<ACTION_OCCURRENCE m_id="51" RELATED_TO="" TAG_DESCRIPTOR="t7_klitschko_ends _fight" climaxEvent="FALSE" comment="" />
<TIME_DATE m_id="52" RELATED_TO="" TAG_DESCRIPTOR="t7_in_2008" comment="" DCT="FALSE" value="" anchorTimeID="" />
<ACTION_ASPECTUAL m_id="53" RELATED_TO="" TAG_DESCRIPTOR="t7_end_round_5" comment="" />
<LOC_GEO m_id="54" RELATED_TO="" TAG_DESCRIPTOR="t7_switzerland" comment="" />
<NON_HUMAN_PART m_id="55" RELATED_TO="" TAG_DESCRIPTOR="t7_heavyweight_belts" comment="" />
<ACTION_OCCURRENCE m_id="56" RELATED_TO="" TAG_DESCRIPTOR="t7_round_6" climaxEvent="FALSE" comment="" />
<ACTION_OCCURRENCE m_id="57" RELATED_TO="" TAG_DESCRIPTOR="t7_retain_awards" climaxEvent="FALSE" comment="" />
<HUMAN_PART_PER m_id="58" RELATED_TO="" TAG_DESCRIPTOR="t7_sam_williams" comment="" />
<NON_HUMAN_PART m_id="59" RELATED_TO="" TAG_DESCRIPTOR="t7_canvas" comment="" />
<ACTION_OCCURRENCE m_id="60" RELATED_TO="" TAG_DESCRIPTOR="t7_fight_2008" climaxEvent="FALSE" comment="" />
<HUMAN_PART_PER m_id="61" RELATED_TO="" TAG_DESCRIPTOR="t7_thompson" comment="" />
<ACTION_ASPECTUAL m_id="62" RELATED_TO="" TAG_DESCRIPTOR="t7_end_round_6" comment="" />
<ACTION_OCCURRENCE m_id="63" RELATED_TO="" TAG_DESCRIPTOR="t7_right_hand" climaxEvent="FALSE" comment="" />
<ACTION_OCCURRENCE m_id="64" RELATED_TO="" TAG_DESCRIPTOR="t7_standing_count" climaxEvent="FALSE" comment="" />
<TIME_OF_THE_DAY m_id="65" RELATED_TO="" TAG_DESCRIPTOR="t7_saturday_night" DCT="FALSE" value="" anchorTimeID="" />
<ACTION_OCCURRENCE m_id="66" RELATED_TO="" TAG_DESCRIPTOR="t7_the_match" climaxEvent="FALSE" comment="" />
<HUMAN_PART_PER m_id="67" RELATED_TO="" TAG_DESCRIPTOR="t7_klitschko" comment="" />
<ACTION_OCCURRENCE m_id="68" RELATED_TO="" TAG_DESCRIPTOR="t7_win_broader" climaxEvent="FALSE" comment="" />
<ACTION_OCCURRENCE m_id="69" RELATED_TO="" TAG_DESCRIPTOR="t7_round_5" climaxEvent="FALSE" comment="" />
</Markables>

<Relations>
<TLINK r_id="240792" contextualModality="" relType="CONTAINS" comment="" >
<source m_id="47" />
<target m_id="21" />
</TLINK>
<TLINK r_id="240793" contextualModality="" relType="CONTAINS" comment="" >
<source m_id="47" />
<target m_id="22" />
</TLINK>
<TLINK r_id="240794" contextualModality="" relType="BEGUN_ON" comment="" >
<source m_id="47" />
<target m_id="23" />
</TLINK>
<TLINK r_id="240795" contextualModality="" relType="CONTAINS" comment="" >
<source m_id="47" />
<target m_id="4" />
</TLINK>
<TLINK r_id="240796" contextualModality="" relType="CONTAINS" comment="" >
<source m_id="47" />
<target m_id="6" />
</TLINK>
<TLINK r_id="240797" contextualModality="" relType="CONTAINS" comment="" >
<source m_id="47" />
<target m_id="8" />
</TLINK>
<TLINK r_id="240798" contextualModality="" relType="CONTAINS" comment="" >
<source m_id="47" />
<target m_id="10" />
</TLINK>
<TLINK r_id="240799" contextualModality="" relType="BEGUN_ON" comment="" >
<source m_id="47" />
<target m_id="12" />
</TLINK>
<TLINK r_id="240800" contextualModality="" relType="AFTER" comment="" >
<source m_id="47" />
<target m_id="5" />
</TLINK>
<TLINK r_id="240801" contextualModality="" relType="AFTER" comment="" >
<source m_id="47" />
<target m_id="7" />
</TLINK>
<TLINK r_id="240802" contextualModality="" relType="AFTER" comment="" >
<source m_id="47" />
<target m_id="9" />
</TLINK>
<TLINK r_id="240803" contextualModality="" relType="AFTER" comment="" >
<source m_id="47" />
<target m_id="24" />
</TLINK>
<TLINK r_id="240804" contextualModality="" relType="AFTER" comment="" >
<source m_id="47" />
<target m_id="11" />
</TLINK>
<TLINK r_id="240805" contextualModality="" relType="CONTAINS" comment="" >
<source m_id="47" />
<target m_id="41" />
</TLINK>
<TLINK r_id="240806" contextualModality="" relType="CONTAINS" comment="" >
<source m_id="47" />
<target m_id="16" />
</TLINK>
<TLINK r_id="240807" contextualModality="" relType="CONTAINS" comment="" >
<source m_id="47" />
<target m_id="18" />
</TLINK>
<TLINK r_id="240808" contextualModality="" relType="CONTAINS" comment="" >
<source m_id="47" />
<target m_id="13" />
</TLINK>
<TLINK r_id="240809" contextualModality="" relType="CONTAINS" comment="" >
<source m_id="47" />
<target m_id="42" />
</TLINK>
<TLINK r_id="240810" contextualModality="" relType="CONTAINS" comment="" >
<source m_id="47" />
<target m_id="14" />
</TLINK>
<TLINK r_id="240811" contextualModality="" relType="CONTAINS" comment="" >
<source m_id="47" />
<target m_id="15" />
</TLINK>
<TLINK r_id="240812" contextualModality="" relType="CONTAINS" comment="" >
<source m_id="47" />
<target m_id="17" />
</TLINK>
<TLINK r_id="240813" contextualModality="" relType="CONTAINS" comment="" >
<source m_id="47" />
<target m_id="20" />
</TLINK>
<TLINK r_id="240814" contextualModality="" relType="CONTAINS" comment="" >
<source m_id="47" />
<target m_id="19" />
</TLINK>
<TLINK r_id="240815" contextualModality="" relType="CONTAINS" comment="" >
<source m_id="47" />
<target m_id="25" />
</TLINK>
<TLINK r_id="240816" contextualModality="" relType="CONTAINS" comment="" >
<source m_id="47" />
<target m_id="2" />
</TLINK>
<TLINK r_id="240817" contextualModality="" relType="CONTAINS" comment="" >
<source m_id="46" />
<target m_id="5" />
</TLINK>
<TLINK r_id="240818" contextualModality="" relType="CONTAINS" comment="" >
<source m_id="46" />
<target m_id="7" />
</TLINK>
<TLINK r_id="240819" contextualModality="" relType="CONTAINS" comment="" >
<source m_id="46" />
<target m_id="9" />
</TLINK>
<TLINK r_id="240820" contextualModality="" relType="CONTAINS" comment="" >
<source m_id="46" />
<target m_id="11" />
</TLINK>
<TLINK r_id="240821" contextualModality="" relType="CONTAINS" comment="" >
<source m_id="46" />
<target m_id="24" />
</TLINK>
<TLINK r_id="240822" contextualModality="" relType="BEGUN_ON" comment="" >
<source m_id="49" />
<target m_id="23" />
</TLINK>
<TLINK r_id="240823" contextualModality="" relType="CONTAINS" comment="" >
<source m_id="49" />
<target m_id="4" />
</TLINK>
<TLINK r_id="240824" contextualModality="" relType="CONTAINS" comment="" >
<source m_id="49" />
<target m_id="8" />
</TLINK>
<TLINK r_id="240825" contextualModality="" relType="CONTAINS" comment="" >
<source m_id="49" />
<target m_id="10" />
</TLINK>
<TLINK r_id="240826" contextualModality="" relType="BEGUN_ON" comment="" >
<source m_id="49" />
<target m_id="12" />
</TLINK>
<TLINK r_id="240827" contextualModality="" relType="CONTAINS" comment="" >
<source m_id="49" />
<target m_id="41" />
</TLINK>
<TLINK r_id="240828" contextualModality="" relType="CONTAINS" comment="" >
<source m_id="49" />
<target m_id="16" />
</TLINK>
<TLINK r_id="240829" contextualModality="" relType="CONTAINS" comment="" >
<source m_id="49" />
<target m_id="18" />
</TLINK>
<TLINK r_id="240830" contextualModality="" relType="CONTAINS" comment="" >
<source m_id="49" />
<target m_id="13" />
</TLINK>
<TLINK r_id="240831" contextualModality="" relType="CONTAINS" comment="" >
<source m_id="49" />
<target m_id="42" />
</TLINK>
<TLINK r_id="240832" contextualModality="" relType="CONTAINS" comment="" >
<source m_id="49" />
<target m_id="14" />
</TLINK>
<TLINK r_id="240833" contextualModality="" relType="CONTAINS" comment="" >
<source m_id="49" />
<target m_id="15" />
</TLINK>
<TLINK r_id="240834" contextualModality="" relType="CONTAINS" comment="" >
<source m_id="49" />
<target m_id="17" />
</TLINK>
<TLINK r_id="240835" contextualModality="" relType="CONTAINS" comment="" >
<source m_id="49" />
<target m_id="19" />
</TLINK>
<TLINK r_id="240836" contextualModality="" relType="CONTAINS" comment="" >
<source m_id="49" />
<target m_id="20" />
</TLINK>
<TLINK r_id="240837" contextualModality="" relType="CONTAINS" comment="" >
<source m_id="49" />
<target m_id="25" />
</TLINK>
<TLINK r_id="240838" contextualModality="" relType="CONTAINS" comment="" >
<source m_id="49" />
<target m_id="2" />
</TLINK>
<PLOT_LINK r_id="240839" SIGNAL="" relType="PRECONDITION" CAUSES="FALSE" CAUSED_BY="FALSE" >
<source m_id="21" />
<target m_id="22" />
</PLOT_LINK>
<PLOT_LINK r_id="240840" SIGNAL="" relType="FALLING_ACTION" CAUSES="FALSE" CAUSED_BY="FALSE" >
<source m_id="23" />
<target m_id="4" />
</PLOT_LINK>
<PLOT_LINK r_id="240841" SIGNAL="" relType="PRECONDITION" CAUSES="FALSE" CAUSED_BY="FALSE" >
<source m_id="6" />
<target m_id="12" />
</PLOT_LINK>
<PLOT_LINK r_id="240842" SIGNAL="" relType="FALLING_ACTION" CAUSES="FALSE" CAUSED_BY="FALSE" >
<source m_id="4" />
<target m_id="6" />
</PLOT_LINK>
<PLOT_LINK r_id="240843" SIGNAL="" relType="PRECONDITION" CAUSES="FALSE" CAUSED_BY="FALSE" >
<source m_id="4" />
<target m_id="12" />
</PLOT_LINK>
<PLOT_LINK r_id="240844" SIGNAL="" relType="FALLING_ACTION" CAUSES="FALSE" CAUSED_BY="FALSE" >
<source m_id="41" />
<target m_id="16" />
</PLOT_LINK>
<PLOT_LINK r_id="240845" SIGNAL="" relType="FALLING_ACTION" CAUSES="FALSE" CAUSED_BY="FALSE" >
<source m_id="41" />
<target m_id="13" />
</PLOT_LINK>
<PLOT_LINK r_id="240846" SIGNAL="" relType="FALLING_ACTION" CAUSES="FALSE" CAUSED_BY="FALSE" >
<source m_id="16" />
<target m_id="13" />
</PLOT_LINK>
<PLOT_LINK r_id="240847" SIGNAL="" relType="PRECONDITION" CAUSES="FALSE" CAUSED_BY="FALSE" >
<source m_id="41" />
<target m_id="42" />
</PLOT_LINK>
<PLOT_LINK r_id="240848" SIGNAL="" relType="PRECONDITION" CAUSES="FALSE" CAUSED_BY="FALSE" >
<source m_id="15" />
<target m_id="17" />
</PLOT_LINK>
<PLOT_LINK r_id="240849" SIGNAL="" relType="PRECONDITION" CAUSES="FALSE" CAUSED_BY="FALSE" >
<source m_id="25" />
<target m_id="2" />
</PLOT_LINK>
</Relations>
</Document>
