<Document doc_name="7_7ecbplus.xml">
<token t_id="1" sentence="0" number="0">http</token>
<token t_id="2" sentence="0" number="1">:</token>
<token t_id="3" sentence="0" number="2">/</token>
<token t_id="4" sentence="0" number="3">/</token>
<token t_id="5" sentence="0" number="4">www</token>
<token t_id="6" sentence="0" number="5">.</token>
<token t_id="7" sentence="0" number="6">eastsideboxing</token>
<token t_id="8" sentence="0" number="7">.</token>
<token t_id="9" sentence="0" number="8">com</token>
<token t_id="10" sentence="0" number="9">/</token>
<token t_id="11" sentence="0" number="10">weblog</token>
<token t_id="12" sentence="0" number="11">/</token>
<token t_id="13" sentence="0" number="12">news</token>
<token t_id="14" sentence="0" number="13">.</token>
<token t_id="15" sentence="0" number="14">php</token>
<token t_id="16" sentence="0" number="15">?</token>
<token t_id="17" sentence="0" number="16">p=32688&amp;more=1</token>
<token t_id="18" sentence="1" number="0">Article</token>
<token t_id="19" sentence="1" number="1">posted</token>
<token t_id="20" sentence="1" number="2">on</token>
<token t_id="21" sentence="1" number="3">08</token>
<token t_id="22" sentence="1" number="4">.</token>
<token t_id="23" sentence="1" number="5">07</token>
<token t_id="24" sentence="1" number="6">.</token>
<token t_id="25" sentence="1" number="7">2012</token>
<token t_id="26" sentence="2" number="0">Wladimir</token>
<token t_id="27" sentence="2" number="1">Klitschko</token>
<token t_id="28" sentence="2" number="2">stops</token>
<token t_id="29" sentence="2" number="3">Tony</token>
<token t_id="30" sentence="2" number="4">Thompson</token>
<token t_id="31" sentence="2" number="5">in</token>
<token t_id="32" sentence="2" number="6">6</token>
<token t_id="33" sentence="2" number="7">with</token>
<token t_id="34" sentence="2" number="8">efficient</token>
<token t_id="35" sentence="2" number="9">execution</token>
<token t_id="36" sentence="3" number="0">Heavyweight</token>
<token t_id="37" sentence="3" number="1">champion</token>
<token t_id="38" sentence="3" number="2">Wladimir</token>
<token t_id="39" sentence="3" number="3">Klitschko</token>
<token t_id="40" sentence="3" number="4">once</token>
<token t_id="41" sentence="3" number="5">again</token>
<token t_id="42" sentence="3" number="6">displayed</token>
<token t_id="43" sentence="3" number="7">his</token>
<token t_id="44" sentence="3" number="8">dominance</token>
<token t_id="45" sentence="3" number="9">by</token>
<token t_id="46" sentence="3" number="10">scoring</token>
<token t_id="47" sentence="3" number="11">a</token>
<token t_id="48" sentence="3" number="12">sixth</token>
<token t_id="49" sentence="3" number="13">round</token>
<token t_id="50" sentence="3" number="14">stoppage</token>
<token t_id="51" sentence="3" number="15">against</token>
<token t_id="52" sentence="3" number="16">American</token>
<token t_id="53" sentence="3" number="17">contender</token>
<token t_id="54" sentence="3" number="18">Tony</token>
<token t_id="55" sentence="3" number="19">Thompson</token>
<token t_id="56" sentence="3" number="20">.</token>
<token t_id="57" sentence="4" number="0">Klitschko</token>
<token t_id="58" sentence="4" number="1">utilized</token>
<token t_id="59" sentence="4" number="2">good</token>
<token t_id="60" sentence="4" number="3">ring</token>
<token t_id="61" sentence="4" number="4">smarts</token>
<token t_id="62" sentence="4" number="5">and</token>
<token t_id="63" sentence="4" number="6">superior</token>
<token t_id="64" sentence="4" number="7">punching</token>
<token t_id="65" sentence="4" number="8">power</token>
<token t_id="66" sentence="4" number="9">to</token>
<token t_id="67" sentence="4" number="10">systematically</token>
<token t_id="68" sentence="4" number="11">break</token>
<token t_id="69" sentence="4" number="12">Thompson</token>
<token t_id="70" sentence="4" number="13">down</token>
<token t_id="71" sentence="4" number="14">.</token>
<token t_id="72" sentence="5" number="0">The</token>
<token t_id="73" sentence="5" number="1">first</token>
<token t_id="74" sentence="5" number="2">round</token>
<token t_id="75" sentence="5" number="3">started</token>
<token t_id="76" sentence="5" number="4">cautiously</token>
<token t_id="77" sentence="5" number="5">with</token>
<token t_id="78" sentence="5" number="6">both</token>
<token t_id="79" sentence="5" number="7">fighters</token>
<token t_id="80" sentence="5" number="8">becoming</token>
<token t_id="81" sentence="5" number="9">reacquainted</token>
<token t_id="82" sentence="5" number="10">with</token>
<token t_id="83" sentence="5" number="11">each</token>
<token t_id="84" sentence="5" number="12">other</token>
<token t_id="85" sentence="5" number="13">in</token>
<token t_id="86" sentence="5" number="14">a</token>
<token t_id="87" sentence="5" number="15">tentative</token>
<token t_id="88" sentence="5" number="16">feeling</token>
<token t_id="89" sentence="5" number="17">out</token>
<token t_id="90" sentence="5" number="18">process</token>
<token t_id="91" sentence="5" number="19">.</token>
<token t_id="92" sentence="6" number="0">Tony</token>
<token t_id="93" sentence="6" number="1">was</token>
<token t_id="94" sentence="6" number="2">exhibiting</token>
<token t_id="95" sentence="6" number="3">his</token>
<token t_id="96" sentence="6" number="4">trademark</token>
<token t_id="97" sentence="6" number="5">awkward</token>
<token t_id="98" sentence="6" number="6">movement</token>
<token t_id="99" sentence="6" number="7">and</token>
<token t_id="100" sentence="6" number="8">Wladimir</token>
<token t_id="101" sentence="6" number="9">was</token>
<token t_id="102" sentence="6" number="10">measuring</token>
<token t_id="103" sentence="6" number="11">him</token>
<token t_id="104" sentence="6" number="12">with</token>
<token t_id="105" sentence="6" number="13">the</token>
<token t_id="106" sentence="6" number="14">left</token>
<token t_id="107" sentence="6" number="15">rangefinder</token>
<token t_id="108" sentence="6" number="16">.</token>
<token t_id="109" sentence="7" number="0">It</token>
<token t_id="110" sentence="7" number="1">was</token>
<token t_id="111" sentence="7" number="2">a</token>
<token t_id="112" sentence="7" number="3">relatively</token>
<token t_id="113" sentence="7" number="4">even</token>
<token t_id="114" sentence="7" number="5">round</token>
<token t_id="115" sentence="7" number="6">without</token>
<token t_id="116" sentence="7" number="7">much</token>
<token t_id="117" sentence="7" number="8">action</token>
<token t_id="118" sentence="7" number="9">,</token>
<token t_id="119" sentence="7" number="10">but</token>
<token t_id="120" sentence="7" number="11">Klitschko</token>
<token t_id="121" sentence="7" number="12">landed</token>
<token t_id="122" sentence="7" number="13">the</token>
<token t_id="123" sentence="7" number="14">two</token>
<token t_id="124" sentence="7" number="15">best</token>
<token t_id="125" sentence="7" number="16">shots</token>
<token t_id="126" sentence="7" number="17">of</token>
<token t_id="127" sentence="7" number="18">the</token>
<token t_id="128" sentence="7" number="19">round</token>
<token t_id="129" sentence="7" number="20">even</token>
<token t_id="130" sentence="7" number="21">if</token>
<token t_id="131" sentence="7" number="22">Tony</token>
<token t_id="132" sentence="7" number="23">threw</token>
<token t_id="133" sentence="7" number="24">a</token>
<token t_id="134" sentence="7" number="25">little</token>
<token t_id="135" sentence="7" number="26">more</token>
<token t_id="136" sentence="7" number="27">.</token>
<token t_id="137" sentence="8" number="0">Thompson</token>
<token t_id="138" sentence="8" number="1">tried</token>
<token t_id="139" sentence="8" number="2">jumping</token>
<token t_id="140" sentence="8" number="3">on</token>
<token t_id="141" sentence="8" number="4">Wladimir</token>
<token t_id="142" sentence="8" number="5">to</token>
<token t_id="143" sentence="8" number="6">start</token>
<token t_id="144" sentence="8" number="7">the</token>
<token t_id="145" sentence="8" number="8">second</token>
<token t_id="146" sentence="8" number="9">but</token>
<token t_id="147" sentence="8" number="10">the</token>
<token t_id="148" sentence="8" number="11">champion</token>
<token t_id="149" sentence="8" number="12">was</token>
<token t_id="150" sentence="8" number="13">prepared</token>
<token t_id="151" sentence="8" number="14">.</token>
<token t_id="152" sentence="9" number="0">Klitschko</token>
<token t_id="153" sentence="9" number="1">followed</token>
<token t_id="154" sentence="9" number="2">this</token>
<token t_id="155" sentence="9" number="3">with</token>
<token t_id="156" sentence="9" number="4">a</token>
<token t_id="157" sentence="9" number="5">nice</token>
<token t_id="158" sentence="9" number="6">right</token>
<token t_id="159" sentence="9" number="7">hand</token>
<token t_id="160" sentence="9" number="8">followed</token>
<token t_id="161" sentence="9" number="9">by</token>
<token t_id="162" sentence="9" number="10">a</token>
<token t_id="163" sentence="9" number="11">short</token>
<token t_id="164" sentence="9" number="12">crisp</token>
<token t_id="165" sentence="9" number="13">combination</token>
<token t_id="166" sentence="9" number="14">.</token>
<token t_id="167" sentence="10" number="0">Later</token>
<token t_id="168" sentence="10" number="1">in</token>
<token t_id="169" sentence="10" number="2">the</token>
<token t_id="170" sentence="10" number="3">round</token>
<token t_id="171" sentence="10" number="4">another</token>
<token t_id="172" sentence="10" number="5">Klitschko</token>
<token t_id="173" sentence="10" number="6">right</token>
<token t_id="174" sentence="10" number="7">snuck</token>
<token t_id="175" sentence="10" number="8">in</token>
<token t_id="176" sentence="10" number="9">,</token>
<token t_id="177" sentence="10" number="10">and</token>
<token t_id="178" sentence="10" number="11">then</token>
<token t_id="179" sentence="10" number="12">a</token>
<token t_id="180" sentence="10" number="13">series</token>
<token t_id="181" sentence="10" number="14">of</token>
<token t_id="182" sentence="10" number="15">big</token>
<token t_id="183" sentence="10" number="16">rights</token>
<token t_id="184" sentence="10" number="17">backed</token>
<token t_id="185" sentence="10" number="18">the</token>
<token t_id="186" sentence="10" number="19">challenger</token>
<token t_id="187" sentence="10" number="20">into</token>
<token t_id="188" sentence="10" number="21">the</token>
<token t_id="189" sentence="10" number="22">ropes</token>
<token t_id="190" sentence="10" number="23">.</token>
<token t_id="191" sentence="11" number="0">Thompson</token>
<token t_id="192" sentence="11" number="1">was</token>
<token t_id="193" sentence="11" number="2">wrestled</token>
<token t_id="194" sentence="11" number="3">down</token>
<token t_id="195" sentence="11" number="4">to</token>
<token t_id="196" sentence="11" number="5">the</token>
<token t_id="197" sentence="11" number="6">canvas</token>
<token t_id="198" sentence="11" number="7">a</token>
<token t_id="199" sentence="11" number="8">couple</token>
<token t_id="200" sentence="11" number="9">of</token>
<token t_id="201" sentence="11" number="10">times</token>
<token t_id="202" sentence="11" number="11">in</token>
<token t_id="203" sentence="11" number="12">this</token>
<token t_id="204" sentence="11" number="13">stanza</token>
<token t_id="205" sentence="11" number="14">,</token>
<token t_id="206" sentence="11" number="15">and</token>
<token t_id="207" sentence="11" number="16">Wlad</token>
<token t_id="208" sentence="11" number="17">’</token>
<token t_id="209" sentence="11" number="18">s</token>
<token t_id="210" sentence="11" number="19">superior</token>
<token t_id="211" sentence="11" number="20">strength</token>
<token t_id="212" sentence="11" number="21">was</token>
<token t_id="213" sentence="11" number="22">evident</token>
<token t_id="214" sentence="11" number="23">.</token>
<token t_id="215" sentence="12" number="0">Klitschko</token>
<token t_id="216" sentence="12" number="1">was</token>
<token t_id="217" sentence="12" number="2">patient</token>
<token t_id="218" sentence="12" number="3">and</token>
<token t_id="219" sentence="12" number="4">measured</token>
<token t_id="220" sentence="12" number="5">,</token>
<token t_id="221" sentence="12" number="6">and</token>
<token t_id="222" sentence="12" number="7">his</token>
<token t_id="223" sentence="12" number="8">approach</token>
<token t_id="224" sentence="12" number="9">was</token>
<token t_id="225" sentence="12" number="10">paying</token>
<token t_id="226" sentence="12" number="11">off</token>
<token t_id="227" sentence="12" number="12">in</token>
<token t_id="228" sentence="12" number="13">round</token>
<token t_id="229" sentence="12" number="14">two</token>
<token t_id="230" sentence="12" number="15">.</token>
<token t_id="231" sentence="13" number="0">In</token>
<token t_id="232" sentence="13" number="1">between</token>
<token t_id="233" sentence="13" number="2">rounds</token>
<token t_id="234" sentence="13" number="3">Hall</token>
<token t_id="235" sentence="13" number="4">of</token>
<token t_id="236" sentence="13" number="5">Fame</token>
<token t_id="237" sentence="13" number="6">trainer</token>
<token t_id="238" sentence="13" number="7">Emanuel</token>
<token t_id="239" sentence="13" number="8">Steward</token>
<token t_id="240" sentence="13" number="9">told</token>
<token t_id="241" sentence="13" number="10">Klitschko</token>
<token t_id="242" sentence="13" number="11">he</token>
<token t_id="243" sentence="13" number="12">was</token>
<token t_id="244" sentence="13" number="13">mentally</token>
<token t_id="245" sentence="13" number="14">wearing</token>
<token t_id="246" sentence="13" number="15">Thompson</token>
<token t_id="247" sentence="13" number="16">down</token>
<token t_id="248" sentence="13" number="17">with</token>
<token t_id="249" sentence="13" number="18">pressure</token>
<token t_id="250" sentence="13" number="19">,</token>
<token t_id="251" sentence="13" number="20">and</token>
<token t_id="252" sentence="13" number="21">this</token>
<token t_id="253" sentence="13" number="22">certainly</token>
<token t_id="254" sentence="13" number="23">appeared</token>
<token t_id="255" sentence="13" number="24">to</token>
<token t_id="256" sentence="13" number="25">be</token>
<token t_id="257" sentence="13" number="26">the</token>
<token t_id="258" sentence="13" number="27">case</token>
<token t_id="259" sentence="13" number="28">.</token>
<token t_id="260" sentence="14" number="0">In</token>
<token t_id="261" sentence="14" number="1">round</token>
<token t_id="262" sentence="14" number="2">three</token>
<token t_id="263" sentence="14" number="3">Klitschko</token>
<token t_id="264" sentence="14" number="4">was</token>
<token t_id="265" sentence="14" number="5">again</token>
<token t_id="266" sentence="14" number="6">using</token>
<token t_id="267" sentence="14" number="7">his</token>
<token t_id="268" sentence="14" number="8">left</token>
<token t_id="269" sentence="14" number="9">hand</token>
<token t_id="270" sentence="14" number="10">to</token>
<token t_id="271" sentence="14" number="11">block</token>
<token t_id="272" sentence="14" number="12">jabs</token>
<token t_id="273" sentence="14" number="13">and</token>
<token t_id="274" sentence="14" number="14">establish</token>
<token t_id="275" sentence="14" number="15">range</token>
<token t_id="276" sentence="14" number="16">.</token>
<token t_id="277" sentence="15" number="0">Klitschko</token>
<token t_id="278" sentence="15" number="1">was</token>
<token t_id="279" sentence="15" number="2">looking</token>
<token t_id="280" sentence="15" number="3">almost</token>
<token t_id="281" sentence="15" number="4">exclusively</token>
<token t_id="282" sentence="15" number="5">for</token>
<token t_id="283" sentence="15" number="6">right</token>
<token t_id="284" sentence="15" number="7">hands</token>
<token t_id="285" sentence="15" number="8">,</token>
<token t_id="286" sentence="15" number="9">and</token>
<token t_id="287" sentence="15" number="10">was</token>
<token t_id="288" sentence="15" number="11">not</token>
<token t_id="289" sentence="15" number="12">using</token>
<token t_id="290" sentence="15" number="13">the</token>
<token t_id="291" sentence="15" number="14">authoritative</token>
<token t_id="292" sentence="15" number="15">jab</token>
<token t_id="293" sentence="15" number="16">we</token>
<token t_id="294" sentence="15" number="17">are</token>
<token t_id="295" sentence="15" number="18">accustomed</token>
<token t_id="296" sentence="15" number="19">to</token>
<token t_id="297" sentence="15" number="20">seeing</token>
<token t_id="298" sentence="15" number="21">because</token>
<token t_id="299" sentence="15" number="22">of</token>
<token t_id="300" sentence="15" number="23">Thompson</token>
<token t_id="301" sentence="15" number="24">’</token>
<token t_id="302" sentence="15" number="25">s</token>
<token t_id="303" sentence="15" number="26">awkwardness</token>
<token t_id="304" sentence="15" number="27">.</token>
<token t_id="305" sentence="16" number="0">Thompson</token>
<token t_id="306" sentence="16" number="1">was</token>
<token t_id="307" sentence="16" number="2">throwing</token>
<token t_id="308" sentence="16" number="3">jabs</token>
<token t_id="309" sentence="16" number="4">that</token>
<token t_id="310" sentence="16" number="5">were</token>
<token t_id="311" sentence="16" number="6">mostly</token>
<token t_id="312" sentence="16" number="7">being</token>
<token t_id="313" sentence="16" number="8">blocked</token>
<token t_id="314" sentence="16" number="9">or</token>
<token t_id="315" sentence="16" number="10">missing</token>
<token t_id="316" sentence="16" number="11">the</token>
<token t_id="317" sentence="16" number="12">mark</token>
<token t_id="318" sentence="16" number="13">.</token>
<token t_id="319" sentence="17" number="0">While</token>
<token t_id="320" sentence="17" number="1">it</token>
<token t_id="321" sentence="17" number="2">was</token>
<token t_id="322" sentence="17" number="3">obvious</token>
<token t_id="323" sentence="17" number="4">Thompson</token>
<token t_id="324" sentence="17" number="5">was</token>
<token t_id="325" sentence="17" number="6">having</token>
<token t_id="326" sentence="17" number="7">success</token>
<token t_id="327" sentence="17" number="8">in</token>
<token t_id="328" sentence="17" number="9">neutralizing</token>
<token t_id="329" sentence="17" number="10">Wlad's</token>
<token t_id="330" sentence="17" number="11">jab</token>
<token t_id="331" sentence="17" number="12">,</token>
<token t_id="332" sentence="17" number="13">he</token>
<token t_id="333" sentence="17" number="14">was</token>
<token t_id="334" sentence="17" number="15">also</token>
<token t_id="335" sentence="17" number="16">being</token>
<token t_id="336" sentence="17" number="17">peppered</token>
<token t_id="337" sentence="17" number="18">with</token>
<token t_id="338" sentence="17" number="19">Klitschko</token>
<token t_id="339" sentence="17" number="20">right</token>
<token t_id="340" sentence="17" number="21">hands</token>
<token t_id="341" sentence="17" number="22">that</token>
<token t_id="342" sentence="17" number="23">were</token>
<token t_id="343" sentence="17" number="24">inflicting</token>
<token t_id="344" sentence="17" number="25">far</token>
<token t_id="345" sentence="17" number="26">more</token>
<token t_id="346" sentence="17" number="27">damage</token>
<token t_id="347" sentence="17" number="28">than</token>
<token t_id="348" sentence="17" number="29">anything</token>
<token t_id="349" sentence="17" number="30">Thompson</token>
<token t_id="350" sentence="17" number="31">was</token>
<token t_id="351" sentence="17" number="32">throwing</token>
<token t_id="352" sentence="17" number="33">.</token>
<token t_id="353" sentence="18" number="0">Wladimir</token>
<token t_id="354" sentence="18" number="1">finally</token>
<token t_id="355" sentence="18" number="2">landed</token>
<token t_id="356" sentence="18" number="3">a</token>
<token t_id="357" sentence="18" number="4">solid</token>
<token t_id="358" sentence="18" number="5">jab</token>
<token t_id="359" sentence="18" number="6">almost</token>
<token t_id="360" sentence="18" number="7">halfway</token>
<token t_id="361" sentence="18" number="8">through</token>
<token t_id="362" sentence="18" number="9">the</token>
<token t_id="363" sentence="18" number="10">round</token>
<token t_id="364" sentence="18" number="11">,</token>
<token t_id="365" sentence="18" number="12">but</token>
<token t_id="366" sentence="18" number="13">his</token>
<token t_id="367" sentence="18" number="14">right</token>
<token t_id="368" sentence="18" number="15">hand</token>
<token t_id="369" sentence="18" number="16">was</token>
<token t_id="370" sentence="18" number="17">still</token>
<token t_id="371" sentence="18" number="18">the</token>
<token t_id="372" sentence="18" number="19">story</token>
<token t_id="373" sentence="18" number="20">of</token>
<token t_id="374" sentence="18" number="21">the</token>
<token t_id="375" sentence="18" number="22">fight</token>
<token t_id="376" sentence="18" number="23">.</token>
<token t_id="377" sentence="19" number="0">Thompson</token>
<token t_id="378" sentence="19" number="1">landed</token>
<token t_id="379" sentence="19" number="2">a</token>
<token t_id="380" sentence="19" number="3">decent</token>
<token t_id="381" sentence="19" number="4">left</token>
<token t_id="382" sentence="19" number="5">later</token>
<token t_id="383" sentence="19" number="6">in</token>
<token t_id="384" sentence="19" number="7">the</token>
<token t_id="385" sentence="19" number="8">round</token>
<token t_id="386" sentence="19" number="9">,</token>
<token t_id="387" sentence="19" number="10">but</token>
<token t_id="388" sentence="19" number="11">Klitschko</token>
<token t_id="389" sentence="19" number="12">was</token>
<token t_id="390" sentence="19" number="13">too</token>
<token t_id="391" sentence="19" number="14">elusive</token>
<token t_id="392" sentence="19" number="15">for</token>
<token t_id="393" sentence="19" number="16">him</token>
<token t_id="394" sentence="19" number="17">for</token>
<token t_id="395" sentence="19" number="18">the</token>
<token t_id="396" sentence="19" number="19">most</token>
<token t_id="397" sentence="19" number="20">part</token>
<token t_id="398" sentence="19" number="21">.</token>
<token t_id="399" sentence="20" number="0">It</token>
<token t_id="400" sentence="20" number="1">was</token>
<token t_id="401" sentence="20" number="2">another</token>
<token t_id="402" sentence="20" number="3">clear</token>
<token t_id="403" sentence="20" number="4">round</token>
<token t_id="404" sentence="20" number="5">for</token>
<token t_id="405" sentence="20" number="6">the</token>
<token t_id="406" sentence="20" number="7">champion</token>
<token t_id="407" sentence="20" number="8">.</token>
<token t_id="408" sentence="21" number="0">The</token>
<token t_id="409" sentence="21" number="1">fourth</token>
<token t_id="410" sentence="21" number="2">round</token>
<token t_id="411" sentence="21" number="3">was</token>
<token t_id="412" sentence="21" number="4">more</token>
<token t_id="413" sentence="21" number="5">of</token>
<token t_id="414" sentence="21" number="6">the</token>
<token t_id="415" sentence="21" number="7">same</token>
<token t_id="416" sentence="21" number="8">.</token>
<token t_id="417" sentence="22" number="0">The</token>
<token t_id="418" sentence="22" number="1">action</token>
<token t_id="419" sentence="22" number="2">was</token>
<token t_id="420" sentence="22" number="3">highlighted</token>
<token t_id="421" sentence="22" number="4">by</token>
<token t_id="422" sentence="22" number="5">a</token>
<token t_id="423" sentence="22" number="6">thudding</token>
<token t_id="424" sentence="22" number="7">right</token>
<token t_id="425" sentence="22" number="8">and</token>
<token t_id="426" sentence="22" number="9">a</token>
<token t_id="427" sentence="22" number="10">well</token>
<token t_id="428" sentence="22" number="11">timed</token>
<token t_id="429" sentence="22" number="12">combination</token>
<token t_id="430" sentence="22" number="13">from</token>
<token t_id="431" sentence="22" number="14">the</token>
<token t_id="432" sentence="22" number="15">champion</token>
<token t_id="433" sentence="22" number="16">.</token>
<token t_id="434" sentence="23" number="0">Before</token>
<token t_id="435" sentence="23" number="1">the</token>
<token t_id="436" sentence="23" number="2">start</token>
<token t_id="437" sentence="23" number="3">of</token>
<token t_id="438" sentence="23" number="4">the</token>
<token t_id="439" sentence="23" number="5">fifth</token>
<token t_id="440" sentence="23" number="6">,</token>
<token t_id="441" sentence="23" number="7">Steward</token>
<token t_id="442" sentence="23" number="8">urged</token>
<token t_id="443" sentence="23" number="9">Wladimir</token>
<token t_id="444" sentence="23" number="10">to</token>
<token t_id="445" sentence="23" number="11">throw</token>
<token t_id="446" sentence="23" number="12">more</token>
<token t_id="447" sentence="23" number="13">jabs</token>
<token t_id="448" sentence="23" number="14">and</token>
<token t_id="449" sentence="23" number="15">to</token>
<token t_id="450" sentence="23" number="16">spend</token>
<token t_id="451" sentence="23" number="17">less</token>
<token t_id="452" sentence="23" number="18">time</token>
<token t_id="453" sentence="23" number="19">waiting</token>
<token t_id="454" sentence="23" number="20">in</token>
<token t_id="455" sentence="23" number="21">between</token>
<token t_id="456" sentence="23" number="22">attacks</token>
<token t_id="457" sentence="23" number="23">.</token>
<token t_id="458" sentence="24" number="0">As</token>
<token t_id="459" sentence="24" number="1">has</token>
<token t_id="460" sentence="24" number="2">been</token>
<token t_id="461" sentence="24" number="3">the</token>
<token t_id="462" sentence="24" number="4">case</token>
<token t_id="463" sentence="24" number="5">many</token>
<token t_id="464" sentence="24" number="6">times</token>
<token t_id="465" sentence="24" number="7">in</token>
<token t_id="466" sentence="24" number="8">the</token>
<token t_id="467" sentence="24" number="9">past</token>
<token t_id="468" sentence="24" number="10">,</token>
<token t_id="469" sentence="24" number="11">Klitschko</token>
<token t_id="470" sentence="24" number="12">responded</token>
<token t_id="471" sentence="24" number="13">to</token>
<token t_id="472" sentence="24" number="14">Steward</token>
<token t_id="473" sentence="24" number="15">’</token>
<token t_id="474" sentence="24" number="16">s</token>
<token t_id="475" sentence="24" number="17">instructions</token>
<token t_id="476" sentence="24" number="18">and</token>
<token t_id="477" sentence="24" number="19">executed</token>
<token t_id="478" sentence="24" number="20">with</token>
<token t_id="479" sentence="24" number="21">workmanlike</token>
<token t_id="480" sentence="24" number="22">precision</token>
<token t_id="481" sentence="24" number="23">.</token>
<token t_id="482" sentence="25" number="0">He</token>
<token t_id="483" sentence="25" number="1">started</token>
<token t_id="484" sentence="25" number="2">landing</token>
<token t_id="485" sentence="25" number="3">the</token>
<token t_id="486" sentence="25" number="4">jab</token>
<token t_id="487" sentence="25" number="5">more</token>
<token t_id="488" sentence="25" number="6">,</token>
<token t_id="489" sentence="25" number="7">and</token>
<token t_id="490" sentence="25" number="8">this</token>
<token t_id="491" sentence="25" number="9">enabled</token>
<token t_id="492" sentence="25" number="10">him</token>
<token t_id="493" sentence="25" number="11">to</token>
<token t_id="494" sentence="25" number="12">score</token>
<token t_id="495" sentence="25" number="13">with</token>
<token t_id="496" sentence="25" number="14">a</token>
<token t_id="497" sentence="25" number="15">booming</token>
<token t_id="498" sentence="25" number="16">right</token>
<token t_id="499" sentence="25" number="17">hand</token>
<token t_id="500" sentence="25" number="18">that</token>
<token t_id="501" sentence="25" number="19">sent</token>
<token t_id="502" sentence="25" number="20">Thompson</token>
<token t_id="503" sentence="25" number="21">crashing</token>
<token t_id="504" sentence="25" number="22">to</token>
<token t_id="505" sentence="25" number="23">the</token>
<token t_id="506" sentence="25" number="24">canvas</token>
<token t_id="507" sentence="25" number="25">.</token>
<token t_id="508" sentence="26" number="0">Tony</token>
<token t_id="509" sentence="26" number="1">rose</token>
<token t_id="510" sentence="26" number="2">to</token>
<token t_id="511" sentence="26" number="3">his</token>
<token t_id="512" sentence="26" number="4">feet</token>
<token t_id="513" sentence="26" number="5">and</token>
<token t_id="514" sentence="26" number="6">the</token>
<token t_id="515" sentence="26" number="7">action</token>
<token t_id="516" sentence="26" number="8">resumed</token>
<token t_id="517" sentence="26" number="9">with</token>
<token t_id="518" sentence="26" number="10">about</token>
<token t_id="519" sentence="26" number="11">20</token>
<token t_id="520" sentence="26" number="12">seconds</token>
<token t_id="521" sentence="26" number="13">left</token>
<token t_id="522" sentence="26" number="14">.</token>
<token t_id="523" sentence="27" number="0">The</token>
<token t_id="524" sentence="27" number="1">challenger</token>
<token t_id="525" sentence="27" number="2">held</token>
<token t_id="526" sentence="27" number="3">on</token>
<token t_id="527" sentence="27" number="4">to</token>
<token t_id="528" sentence="27" number="5">survive</token>
<token t_id="529" sentence="27" number="6">,</token>
<token t_id="530" sentence="27" number="7">but</token>
<token t_id="531" sentence="27" number="8">this</token>
<token t_id="532" sentence="27" number="9">was</token>
<token t_id="533" sentence="27" number="10">perhaps</token>
<token t_id="534" sentence="27" number="11">the</token>
<token t_id="535" sentence="27" number="12">beginning</token>
<token t_id="536" sentence="27" number="13">of</token>
<token t_id="537" sentence="27" number="14">the</token>
<token t_id="538" sentence="27" number="15">end</token>
<token t_id="539" sentence="27" number="16">.</token>
<token t_id="540" sentence="28" number="0">Thompson</token>
<token t_id="541" sentence="28" number="1">came</token>
<token t_id="542" sentence="28" number="2">out</token>
<token t_id="543" sentence="28" number="3">to</token>
<token t_id="544" sentence="28" number="4">start</token>
<token t_id="545" sentence="28" number="5">the</token>
<token t_id="546" sentence="28" number="6">sixth</token>
<token t_id="547" sentence="28" number="7">and</token>
<token t_id="548" sentence="28" number="8">seemed</token>
<token t_id="549" sentence="28" number="9">to</token>
<token t_id="550" sentence="28" number="10">have</token>
<token t_id="551" sentence="28" number="11">regained</token>
<token t_id="552" sentence="28" number="12">his</token>
<token t_id="553" sentence="28" number="13">equilibrium</token>
<token t_id="554" sentence="28" number="14">.</token>
<token t_id="555" sentence="29" number="0">He</token>
<token t_id="556" sentence="29" number="1">was</token>
<token t_id="557" sentence="29" number="2">bouncing</token>
<token t_id="558" sentence="29" number="3">around</token>
<token t_id="559" sentence="29" number="4">,</token>
<token t_id="560" sentence="29" number="5">reacting</token>
<token t_id="561" sentence="29" number="6">to</token>
<token t_id="562" sentence="29" number="7">Klitschko</token>
<token t_id="563" sentence="29" number="8">’</token>
<token t_id="564" sentence="29" number="9">s</token>
<token t_id="565" sentence="29" number="10">feints</token>
<token t_id="566" sentence="29" number="11">,</token>
<token t_id="567" sentence="29" number="12">and</token>
<token t_id="568" sentence="29" number="13">mostly</token>
<token t_id="569" sentence="29" number="14">retreating</token>
<token t_id="570" sentence="29" number="15">in</token>
<token t_id="571" sentence="29" number="16">a</token>
<token t_id="572" sentence="29" number="17">defensive</token>
<token t_id="573" sentence="29" number="18">posture</token>
<token t_id="574" sentence="29" number="19">.</token>
<token t_id="575" sentence="30" number="0">As</token>
<token t_id="576" sentence="30" number="1">the</token>
<token t_id="577" sentence="30" number="2">round</token>
<token t_id="578" sentence="30" number="3">progressed</token>
<token t_id="579" sentence="30" number="4">he</token>
<token t_id="580" sentence="30" number="5">was</token>
<token t_id="581" sentence="30" number="6">trying</token>
<token t_id="582" sentence="30" number="7">to</token>
<token t_id="583" sentence="30" number="8">fling</token>
<token t_id="584" sentence="30" number="9">the</token>
<token t_id="585" sentence="30" number="10">jab</token>
<token t_id="586" sentence="30" number="11">out</token>
<token t_id="587" sentence="30" number="12">,</token>
<token t_id="588" sentence="30" number="13">but</token>
<token t_id="589" sentence="30" number="14">Klitschko</token>
<token t_id="590" sentence="30" number="15">was</token>
<token t_id="591" sentence="30" number="16">slowly</token>
<token t_id="592" sentence="30" number="17">measuring</token>
<token t_id="593" sentence="30" number="18">him</token>
<token t_id="594" sentence="30" number="19">up</token>
<token t_id="595" sentence="30" number="20">,</token>
<token t_id="596" sentence="30" number="21">cool</token>
<token t_id="597" sentence="30" number="22">as</token>
<token t_id="598" sentence="30" number="23">an</token>
<token t_id="599" sentence="30" number="24">assassin</token>
<token t_id="600" sentence="30" number="25">.</token>
<token t_id="601" sentence="31" number="0">Klitschko</token>
<token t_id="602" sentence="31" number="1">began</token>
<token t_id="603" sentence="31" number="2">throwing</token>
<token t_id="604" sentence="31" number="3">the</token>
<token t_id="605" sentence="31" number="4">infrequent</token>
<token t_id="606" sentence="31" number="5">jab</token>
<token t_id="607" sentence="31" number="6">and</token>
<token t_id="608" sentence="31" number="7">landing</token>
<token t_id="609" sentence="31" number="8">more</token>
<token t_id="610" sentence="31" number="9">big</token>
<token t_id="611" sentence="31" number="10">rights</token>
<token t_id="612" sentence="31" number="11">.</token>
<token t_id="613" sentence="32" number="0">Thompson</token>
<token t_id="614" sentence="32" number="1">was</token>
<token t_id="615" sentence="32" number="2">trying</token>
<token t_id="616" sentence="32" number="3">his</token>
<token t_id="617" sentence="32" number="4">best</token>
<token t_id="618" sentence="32" number="5">to</token>
<token t_id="619" sentence="32" number="6">survive</token>
<token t_id="620" sentence="32" number="7">,</token>
<token t_id="621" sentence="32" number="8">but</token>
<token t_id="622" sentence="32" number="9">then</token>
<token t_id="623" sentence="32" number="10">a</token>
<token t_id="624" sentence="32" number="11">vicious</token>
<token t_id="625" sentence="32" number="12">two</token>
<token t_id="626" sentence="32" number="13">-</token>
<token t_id="627" sentence="32" number="14">handed</token>
<token t_id="628" sentence="32" number="15">assault</token>
<token t_id="629" sentence="32" number="16">sent</token>
<token t_id="630" sentence="32" number="17">Thompson</token>
<token t_id="631" sentence="32" number="18">down</token>
<token t_id="632" sentence="32" number="19">for</token>
<token t_id="633" sentence="32" number="20">the</token>
<token t_id="634" sentence="32" number="21">second</token>
<token t_id="635" sentence="32" number="22">time</token>
<token t_id="636" sentence="32" number="23">.</token>
<token t_id="637" sentence="33" number="0">To</token>
<token t_id="638" sentence="33" number="1">his</token>
<token t_id="639" sentence="33" number="2">credit</token>
<token t_id="640" sentence="33" number="3">,</token>
<token t_id="641" sentence="33" number="4">he</token>
<token t_id="642" sentence="33" number="5">managed</token>
<token t_id="643" sentence="33" number="6">to</token>
<token t_id="644" sentence="33" number="7">rise</token>
<token t_id="645" sentence="33" number="8">to</token>
<token t_id="646" sentence="33" number="9">his</token>
<token t_id="647" sentence="33" number="10">feet</token>
<token t_id="648" sentence="33" number="11">,</token>
<token t_id="649" sentence="33" number="12">but</token>
<token t_id="650" sentence="33" number="13">the</token>
<token t_id="651" sentence="33" number="14">referee</token>
<token t_id="652" sentence="33" number="15">then</token>
<token t_id="653" sentence="33" number="16">waved</token>
<token t_id="654" sentence="33" number="17">it</token>
<token t_id="655" sentence="33" number="18">off</token>
<token t_id="656" sentence="33" number="19">.</token>
<token t_id="657" sentence="34" number="0">This</token>
<token t_id="658" sentence="34" number="1">was</token>
<token t_id="659" sentence="34" number="2">Klitschko</token>
<token t_id="660" sentence="34" number="3">’</token>
<token t_id="661" sentence="34" number="4">s</token>
<token t_id="662" sentence="34" number="5">second</token>
<token t_id="663" sentence="34" number="6">victory</token>
<token t_id="664" sentence="34" number="7">over</token>
<token t_id="665" sentence="34" number="8">Thompson</token>
<token t_id="666" sentence="34" number="9">,</token>
<token t_id="667" sentence="34" number="10">and</token>
<token t_id="668" sentence="34" number="11">with</token>
<token t_id="669" sentence="34" number="12">it</token>
<token t_id="670" sentence="34" number="13">he</token>
<token t_id="671" sentence="34" number="14">improves</token>
<token t_id="672" sentence="34" number="15">to</token>
<token t_id="673" sentence="34" number="16">58</token>
<token t_id="674" sentence="34" number="17">-</token>
<token t_id="675" sentence="34" number="18">3</token>
<token t_id="676" sentence="34" number="19">with</token>
<token t_id="677" sentence="34" number="20">51</token>
<token t_id="678" sentence="34" number="21">wins</token>
<token t_id="679" sentence="34" number="22">coming</token>
<token t_id="680" sentence="34" number="23">by</token>
<token t_id="681" sentence="34" number="24">way</token>
<token t_id="682" sentence="34" number="25">of</token>
<token t_id="683" sentence="34" number="26">knockout</token>
<token t_id="684" sentence="34" number="27">.</token>
<token t_id="685" sentence="35" number="0">Slowly</token>
<token t_id="686" sentence="35" number="1">but</token>
<token t_id="687" sentence="35" number="2">surely</token>
<token t_id="688" sentence="35" number="3">,</token>
<token t_id="689" sentence="35" number="4">Wladimir</token>
<token t_id="690" sentence="35" number="5">Klitschko</token>
<token t_id="691" sentence="35" number="6">is</token>
<token t_id="692" sentence="35" number="7">beginning</token>
<token t_id="693" sentence="35" number="8">to</token>
<token t_id="694" sentence="35" number="9">establish</token>
<token t_id="695" sentence="35" number="10">a</token>
<token t_id="696" sentence="35" number="11">strong</token>
<token t_id="697" sentence="35" number="12">legacy</token>
<token t_id="698" sentence="35" number="13">for</token>
<token t_id="699" sentence="35" number="14">himself</token>
<token t_id="700" sentence="35" number="15">.</token>
<token t_id="701" sentence="36" number="0">He</token>
<token t_id="702" sentence="36" number="1">may</token>
<token t_id="703" sentence="36" number="2">not</token>
<token t_id="704" sentence="36" number="3">always</token>
<token t_id="705" sentence="36" number="4">have</token>
<token t_id="706" sentence="36" number="5">the</token>
<token t_id="707" sentence="36" number="6">most</token>
<token t_id="708" sentence="36" number="7">crowd</token>
<token t_id="709" sentence="36" number="8">pleasing</token>
<token t_id="710" sentence="36" number="9">style</token>
<token t_id="711" sentence="36" number="10">,</token>
<token t_id="712" sentence="36" number="11">but</token>
<token t_id="713" sentence="36" number="12">he</token>
<token t_id="714" sentence="36" number="13">is</token>
<token t_id="715" sentence="36" number="14">intelligent</token>
<token t_id="716" sentence="36" number="15">,</token>
<token t_id="717" sentence="36" number="16">powerful</token>
<token t_id="718" sentence="36" number="17">,</token>
<token t_id="719" sentence="36" number="18">consistent</token>
<token t_id="720" sentence="36" number="19">,</token>
<token t_id="721" sentence="36" number="20">and</token>
<token t_id="722" sentence="36" number="21">extremely</token>
<token t_id="723" sentence="36" number="22">efficient</token>
<token t_id="724" sentence="36" number="23">at</token>
<token t_id="725" sentence="36" number="24">executing</token>
<token t_id="726" sentence="36" number="25">his</token>
<token t_id="727" sentence="36" number="26">game</token>
<token t_id="728" sentence="36" number="27">plan</token>
<token t_id="729" sentence="36" number="28">.</token>
<token t_id="730" sentence="37" number="0">The</token>
<token t_id="731" sentence="37" number="1">EPIX</token>
<token t_id="732" sentence="37" number="2">broadcast</token>
<token t_id="733" sentence="37" number="3">of</token>
<token t_id="734" sentence="37" number="4">the</token>
<token t_id="735" sentence="37" number="5">match</token>
<token t_id="736" sentence="37" number="6">made</token>
<token t_id="737" sentence="37" number="7">note</token>
<token t_id="738" sentence="37" number="8">of</token>
<token t_id="739" sentence="37" number="9">the</token>
<token t_id="740" sentence="37" number="10">following</token>
<token t_id="741" sentence="37" number="11">all</token>
<token t_id="742" sentence="37" number="12">-</token>
<token t_id="743" sentence="37" number="13">time</token>
<token t_id="744" sentence="37" number="14">heavyweight</token>
<token t_id="745" sentence="37" number="15">records</token>
<token t_id="746" sentence="37" number="16">in</token>
<token t_id="747" sentence="37" number="17">title</token>
<token t_id="748" sentence="37" number="18">fights</token>
<token t_id="749" sentence="37" number="19">:</token>
<token t_id="750" sentence="38" number="0">HEAVYWEIGHT</token>
<token t_id="751" sentence="38" number="1">TITLE</token>
<token t_id="752" sentence="38" number="2">FIGHTS</token>
<token t_id="753" sentence="39" number="0">Joe</token>
<token t_id="754" sentence="39" number="1">Louis</token>
<token t_id="755" sentence="39" number="2">26</token>
<token t_id="756" sentence="39" number="3">-</token>
<token t_id="757" sentence="39" number="4">1</token>
<token t_id="758" sentence="40" number="0">Muhammad</token>
<token t_id="759" sentence="40" number="1">Ali</token>
<token t_id="760" sentence="40" number="2">22</token>
<token t_id="761" sentence="40" number="3">-</token>
<token t_id="762" sentence="40" number="4">3</token>
<token t_id="763" sentence="41" number="0">Larry</token>
<token t_id="764" sentence="41" number="1">Holmes</token>
<token t_id="765" sentence="41" number="2">21</token>
<token t_id="766" sentence="41" number="3">-</token>
<token t_id="767" sentence="41" number="4">5</token>
<token t_id="768" sentence="42" number="0">Wladimir</token>
<token t_id="769" sentence="42" number="1">Klitschko</token>
<token t_id="770" sentence="42" number="2">19</token>
<token t_id="771" sentence="42" number="3">-</token>
<token t_id="772" sentence="42" number="4">2</token>
<token t_id="773" sentence="43" number="0">Lennox</token>
<token t_id="774" sentence="43" number="1">Lewis</token>
<token t_id="775" sentence="43" number="2">15</token>
<token t_id="776" sentence="43" number="3">-</token>
<token t_id="777" sentence="43" number="4">2</token>
<token t_id="778" sentence="43" number="5">-</token>
<token t_id="779" sentence="43" number="6">1</token>
<token t_id="780" sentence="44" number="0">Now</token>
<token t_id="781" sentence="44" number="1">of</token>
<token t_id="782" sentence="44" number="2">course</token>
<token t_id="783" sentence="44" number="3">this</token>
<token t_id="784" sentence="44" number="4">includes</token>
<token t_id="785" sentence="44" number="5">Klitschko</token>
<token t_id="786" sentence="44" number="6">’</token>
<token t_id="787" sentence="44" number="7">s</token>
<token t_id="788" sentence="44" number="8">title</token>
<token t_id="789" sentence="44" number="9">reign</token>
<token t_id="790" sentence="44" number="10">as</token>
<token t_id="791" sentence="44" number="11">WBO</token>
<token t_id="792" sentence="44" number="12">champion</token>
<token t_id="793" sentence="44" number="13">as</token>
<token t_id="794" sentence="44" number="14">well</token>
<token t_id="795" sentence="44" number="15">as</token>
<token t_id="796" sentence="44" number="16">his</token>
<token t_id="797" sentence="44" number="17">current</token>
<token t_id="798" sentence="44" number="18">reign</token>
<token t_id="799" sentence="44" number="19">which</token>
<token t_id="800" sentence="44" number="20">began</token>
<token t_id="801" sentence="44" number="21">when</token>
<token t_id="802" sentence="44" number="22">he</token>
<token t_id="803" sentence="44" number="23">captured</token>
<token t_id="804" sentence="44" number="24">the</token>
<token t_id="805" sentence="44" number="25">IBF</token>
<token t_id="806" sentence="44" number="26">strap</token>
<token t_id="807" sentence="44" number="27">from</token>
<token t_id="808" sentence="44" number="28">Chris</token>
<token t_id="809" sentence="44" number="29">Byrd</token>
<token t_id="810" sentence="44" number="30">.</token>
<token t_id="811" sentence="45" number="0">Many</token>
<token t_id="812" sentence="45" number="1">critics</token>
<token t_id="813" sentence="45" number="2">will</token>
<token t_id="814" sentence="45" number="3">note</token>
<token t_id="815" sentence="45" number="4">that</token>
<token t_id="816" sentence="45" number="5">the</token>
<token t_id="817" sentence="45" number="6">WBO</token>
<token t_id="818" sentence="45" number="7">was</token>
<token t_id="819" sentence="45" number="8">not</token>
<token t_id="820" sentence="45" number="9">universally</token>
<token t_id="821" sentence="45" number="10">recognized</token>
<token t_id="822" sentence="45" number="11">in</token>
<token t_id="823" sentence="45" number="12">high</token>
<token t_id="824" sentence="45" number="13">regard</token>
<token t_id="825" sentence="45" number="14">at</token>
<token t_id="826" sentence="45" number="15">the</token>
<token t_id="827" sentence="45" number="16">time</token>
<token t_id="828" sentence="45" number="17">Klitschko</token>
<token t_id="829" sentence="45" number="18">held</token>
<token t_id="830" sentence="45" number="19">that</token>
<token t_id="831" sentence="45" number="20">title</token>
<token t_id="832" sentence="45" number="21">.</token>
<token t_id="833" sentence="46" number="0">Even</token>
<token t_id="834" sentence="46" number="1">still</token>
<token t_id="835" sentence="46" number="2">,</token>
<token t_id="836" sentence="46" number="3">however</token>
<token t_id="837" sentence="46" number="4">,</token>
<token t_id="838" sentence="46" number="5">Klitschko</token>
<token t_id="839" sentence="46" number="6">has</token>
<token t_id="840" sentence="46" number="7">won</token>
<token t_id="841" sentence="46" number="8">16</token>
<token t_id="842" sentence="46" number="9">fights</token>
<token t_id="843" sentence="46" number="10">in</token>
<token t_id="844" sentence="46" number="11">a</token>
<token t_id="845" sentence="46" number="12">row</token>
<token t_id="846" sentence="46" number="13">since</token>
<token t_id="847" sentence="46" number="14">losing</token>
<token t_id="848" sentence="46" number="15">to</token>
<token t_id="849" sentence="46" number="16">Lamon</token>
<token t_id="850" sentence="46" number="17">Brewster</token>
<token t_id="851" sentence="46" number="18">in</token>
<token t_id="852" sentence="46" number="19">April</token>
<token t_id="853" sentence="46" number="20">2004</token>
<token t_id="854" sentence="46" number="21">,</token>
<token t_id="855" sentence="46" number="22">and</token>
<token t_id="856" sentence="46" number="23">he</token>
<token t_id="857" sentence="46" number="24">was</token>
<token t_id="858" sentence="46" number="25">won</token>
<token t_id="859" sentence="46" number="26">13</token>
<token t_id="860" sentence="46" number="27">title</token>
<token t_id="861" sentence="46" number="28">fights</token>
<token t_id="862" sentence="46" number="29">in</token>
<token t_id="863" sentence="46" number="30">a</token>
<token t_id="864" sentence="46" number="31">row</token>
<token t_id="865" sentence="46" number="32">since</token>
<token t_id="866" sentence="46" number="33">his</token>
<token t_id="867" sentence="46" number="34">April</token>
<token t_id="868" sentence="46" number="35">2006</token>
<token t_id="869" sentence="46" number="36">victory</token>
<token t_id="870" sentence="46" number="37">over</token>
<token t_id="871" sentence="46" number="38">Byrd</token>
<token t_id="872" sentence="46" number="39">.</token>
<token t_id="873" sentence="47" number="0">Beyond</token>
<token t_id="874" sentence="47" number="1">that</token>
<token t_id="875" sentence="47" number="2">,</token>
<token t_id="876" sentence="47" number="3">he</token>
<token t_id="877" sentence="47" number="4">has</token>
<token t_id="878" sentence="47" number="5">rarely</token>
<token t_id="879" sentence="47" number="6">lost</token>
<token t_id="880" sentence="47" number="7">a</token>
<token t_id="881" sentence="47" number="8">round</token>
<token t_id="882" sentence="47" number="9">during</token>
<token t_id="883" sentence="47" number="10">that</token>
<token t_id="884" sentence="47" number="11">impressive</token>
<token t_id="885" sentence="47" number="12">stretch</token>
<token t_id="886" sentence="47" number="13">.</token>
<token t_id="887" sentence="48" number="0">Given</token>
<token t_id="888" sentence="48" number="1">the</token>
<token t_id="889" sentence="48" number="2">current</token>
<token t_id="890" sentence="48" number="3">state</token>
<token t_id="891" sentence="48" number="4">of</token>
<token t_id="892" sentence="48" number="5">the</token>
<token t_id="893" sentence="48" number="6">heavyweight</token>
<token t_id="894" sentence="48" number="7">landscape</token>
<token t_id="895" sentence="48" number="8">,</token>
<token t_id="896" sentence="48" number="9">it</token>
<token t_id="897" sentence="48" number="10">is</token>
<token t_id="898" sentence="48" number="11">not</token>
<token t_id="899" sentence="48" number="12">inconceivable</token>
<token t_id="900" sentence="48" number="13">that</token>
<token t_id="901" sentence="48" number="14">Klitschko</token>
<token t_id="902" sentence="48" number="15">may</token>
<token t_id="903" sentence="48" number="16">well</token>
<token t_id="904" sentence="48" number="17">top</token>
<token t_id="905" sentence="48" number="18">that</token>
<token t_id="906" sentence="48" number="19">list</token>
<token t_id="907" sentence="48" number="20">before</token>
<token t_id="908" sentence="48" number="21">all</token>
<token t_id="909" sentence="48" number="22">is</token>
<token t_id="910" sentence="48" number="23">said</token>
<token t_id="911" sentence="48" number="24">and</token>
<token t_id="912" sentence="48" number="25">done</token>
<token t_id="913" sentence="48" number="26">.</token>


<Markables>
<ACTION_OCCURRENCE m_id="1" climaxEvent="TRUE" comment=""  >
<token_anchor t_id="28"/>
</ACTION_OCCURRENCE>
<ACTION_OCCURRENCE m_id="2" climaxEvent="FALSE" comment=""  >
<token_anchor t_id="35"/>
</ACTION_OCCURRENCE>
<ACTION_OCCURRENCE m_id="3" climaxEvent="FALSE" comment=""  >
<token_anchor t_id="42"/>
</ACTION_OCCURRENCE>
<ACTION_OCCURRENCE m_id="4" climaxEvent="FALSE" comment=""  >
<token_anchor t_id="44"/>
</ACTION_OCCURRENCE>
<ACTION_OCCURRENCE m_id="5" climaxEvent="FALSE" comment=""  >
<token_anchor t_id="46"/>
</ACTION_OCCURRENCE>
<ACTION_OCCURRENCE m_id="6" climaxEvent="FALSE" comment=""  >
<token_anchor t_id="49"/>
</ACTION_OCCURRENCE>
<ACTION_OCCURRENCE m_id="7" climaxEvent="FALSE" comment=""  >
<token_anchor t_id="32"/>
</ACTION_OCCURRENCE>
<ACTION_OCCURRENCE m_id="8" climaxEvent="FALSE" comment=""  >
<token_anchor t_id="50"/>
</ACTION_OCCURRENCE>
<ACTION_OCCURRENCE m_id="9" climaxEvent="FALSE" comment=""  >
<token_anchor t_id="58"/>
</ACTION_OCCURRENCE>
<ACTION_OCCURRENCE m_id="10" climaxEvent="FALSE" comment=""  >
<token_anchor t_id="64"/>
</ACTION_OCCURRENCE>
<ACTION_OCCURRENCE m_id="11" climaxEvent="FALSE" comment=""  >
<token_anchor t_id="68"/>
<token_anchor t_id="70"/>
</ACTION_OCCURRENCE>
<ACTION_OCCURRENCE m_id="12" climaxEvent="FALSE" comment=""  >
<token_anchor t_id="615"/>
</ACTION_OCCURRENCE>
<ACTION_OCCURRENCE m_id="13" climaxEvent="FALSE" comment=""  >
<token_anchor t_id="619"/>
</ACTION_OCCURRENCE>
<ACTION_OCCURRENCE m_id="14" climaxEvent="FALSE" comment=""  >
<token_anchor t_id="628"/>
</ACTION_OCCURRENCE>
<ACTION_OCCURRENCE m_id="15" climaxEvent="FALSE" comment=""  >
<token_anchor t_id="629"/>
</ACTION_OCCURRENCE>
<ACTION_OCCURRENCE m_id="16" climaxEvent="FALSE" comment=""  >
<token_anchor t_id="642"/>
</ACTION_OCCURRENCE>
<ACTION_OCCURRENCE m_id="17" climaxEvent="FALSE" comment=""  >
<token_anchor t_id="644"/>
</ACTION_OCCURRENCE>
<ACTION_OCCURRENCE m_id="18" climaxEvent="FALSE" comment=""  >
<token_anchor t_id="653"/>
</ACTION_OCCURRENCE>
<ACTION_OCCURRENCE m_id="19" climaxEvent="FALSE" comment=""  >
<token_anchor t_id="663"/>
</ACTION_OCCURRENCE>
<ACTION_OCCURRENCE m_id="20" climaxEvent="FALSE" comment=""  >
<token_anchor t_id="671"/>
</ACTION_OCCURRENCE>
<ACTION_OCCURRENCE m_id="21" climaxEvent="FALSE" comment=""  >
<token_anchor t_id="683"/>
</ACTION_OCCURRENCE>
<ACTION_OCCURRENCE m_id="22" climaxEvent="FALSE" comment=""  >
<token_anchor t_id="679"/>
</ACTION_OCCURRENCE>
<ACTION_OCCURRENCE m_id="23" climaxEvent="FALSE" comment=""  >
<token_anchor t_id="678"/>
</ACTION_OCCURRENCE>
<HUMAN_PART_PER m_id="33" comment=""  >
<token_anchor t_id="665"/>
</HUMAN_PART_PER>
<HUMAN_PART_PER m_id="34" comment=""  >
<token_anchor t_id="670"/>
</HUMAN_PART_PER>
<HUMAN_PART_PER m_id="35" comment=""  >
<token_anchor t_id="26"/>
<token_anchor t_id="27"/>
</HUMAN_PART_PER>
<HUMAN_PART_PER m_id="24" comment=""  >
<token_anchor t_id="29"/>
<token_anchor t_id="30"/>
</HUMAN_PART_PER>
<HUMAN_PART_PER m_id="25" comment=""  >
<token_anchor t_id="38"/>
<token_anchor t_id="39"/>
</HUMAN_PART_PER>
<HUMAN_PART_PER m_id="26" comment=""  >
<token_anchor t_id="54"/>
<token_anchor t_id="55"/>
</HUMAN_PART_PER>
<HUMAN_PART_PER m_id="27" comment=""  >
<token_anchor t_id="57"/>
</HUMAN_PART_PER>
<HUMAN_PART_PER m_id="28" comment=""  >
<token_anchor t_id="69"/>
</HUMAN_PART_PER>
<HUMAN_PART_PER m_id="29" comment=""  >
<token_anchor t_id="613"/>
</HUMAN_PART_PER>
<HUMAN_PART_PER m_id="30" comment=""  >
<token_anchor t_id="630"/>
</HUMAN_PART_PER>
<HUMAN_PART_PER m_id="31" comment=""  >
<token_anchor t_id="651"/>
</HUMAN_PART_PER>
<HUMAN_PART_PER m_id="32" comment=""  >
<token_anchor t_id="659"/>
</HUMAN_PART_PER>
<NON_HUMAN_PART m_id="36" comment=""  >
<token_anchor t_id="61"/>
</NON_HUMAN_PART>
<NON_HUMAN_PART m_id="37" comment=""  >
<token_anchor t_id="65"/>
</NON_HUMAN_PART>
<NON_HUMAN_PART m_id="38" comment=""  >
<token_anchor t_id="647"/>
</NON_HUMAN_PART>
<TIME_DATE m_id="39" comment="" DCT="TRUE" value="2012-07-08" anchorTimeID=""  >
<token_anchor t_id="21"/>
<token_anchor t_id="22"/>
<token_anchor t_id="23"/>
<token_anchor t_id="24"/>
<token_anchor t_id="25"/>
</TIME_DATE>


<HUMAN_PART_PER m_id="40" RELATED_TO="" TAG_DESCRIPTOR="t7_thompson" comment="" />
<ACTION_OCCURRENCE m_id="41" RELATED_TO="" TAG_DESCRIPTOR="t7_round_6" climaxEvent="FALSE" comment="" />
<HUMAN_PART_PER m_id="42" RELATED_TO="" TAG_DESCRIPTOR="t7_sam_williams" comment="" />
<HUMAN_PART_PER m_id="43" RELATED_TO="" TAG_DESCRIPTOR="t7_klitschko" comment="" />
<ACTION_OCCURRENCE m_id="44" RELATED_TO="" TAG_DESCRIPTOR="t7_klitschko_ends _fight" climaxEvent="FALSE" comment="" />
</Markables>

<Relations>
<TLINK r_id="240850" contextualModality="" relType="AFTER" comment="" >
<source m_id="39" />
<target m_id="1" />
</TLINK>
<TLINK r_id="240851" contextualModality="" relType="AFTER" comment="" >
<source m_id="39" />
<target m_id="2" />
</TLINK>
<TLINK r_id="240852" contextualModality="" relType="AFTER" comment="" >
<source m_id="39" />
<target m_id="3" />
</TLINK>
<TLINK r_id="240853" contextualModality="" relType="AFTER" comment="" >
<source m_id="39" />
<target m_id="4" />
</TLINK>
<TLINK r_id="240854" contextualModality="" relType="AFTER" comment="" >
<source m_id="39" />
<target m_id="5" />
</TLINK>
<TLINK r_id="240855" contextualModality="" relType="AFTER" comment="" >
<source m_id="39" />
<target m_id="6" />
</TLINK>
<TLINK r_id="240856" contextualModality="" relType="AFTER" comment="" >
<source m_id="39" />
<target m_id="8" />
</TLINK>
<TLINK r_id="240857" contextualModality="" relType="AFTER" comment="" >
<source m_id="39" />
<target m_id="9" />
</TLINK>
<TLINK r_id="240858" contextualModality="" relType="AFTER" comment="" >
<source m_id="39" />
<target m_id="10" />
</TLINK>
<TLINK r_id="240859" contextualModality="" relType="AFTER" comment="" >
<source m_id="39" />
<target m_id="11" />
</TLINK>
<TLINK r_id="240861" contextualModality="" relType="AFTER" comment="" >
<source m_id="39" />
<target m_id="13" />
</TLINK>
<TLINK r_id="240862" contextualModality="" relType="AFTER" comment="" >
<source m_id="39" />
<target m_id="14" />
</TLINK>
<TLINK r_id="240863" contextualModality="" relType="AFTER" comment="" >
<source m_id="39" />
<target m_id="15" />
</TLINK>
<TLINK r_id="240864" contextualModality="" relType="AFTER" comment="" >
<source m_id="39" />
<target m_id="18" />
</TLINK>
<TLINK r_id="240865" contextualModality="" relType="AFTER" comment="" >
<source m_id="39" />
<target m_id="19" />
</TLINK>
<TLINK r_id="240866" contextualModality="" relType="OVERLAP" comment="" >
<source m_id="39" />
<target m_id="20" />
</TLINK>
<TLINK r_id="240867" contextualModality="" relType="OVERLAP" comment="" >
<source m_id="39" />
<target m_id="23" />
</TLINK>
<PLOT_LINK r_id="240869" SIGNAL="" relType="FALLING_ACTION" CAUSES="FALSE" CAUSED_BY="FALSE" >
<source m_id="1" />
<target m_id="2" />
</PLOT_LINK>
<PLOT_LINK r_id="240870" SIGNAL="5" relType="FALLING_ACTION" CAUSES="FALSE" CAUSED_BY="TRUE" >
<source m_id="4" />
<target m_id="8" />
</PLOT_LINK>
<PLOT_LINK r_id="240871" SIGNAL="" relType="PRECONDITION" CAUSES="FALSE" CAUSED_BY="FALSE" >
<source m_id="10" />
<target m_id="11" />
</PLOT_LINK>
<PLOT_LINK r_id="240872" SIGNAL="" relType="FALLING_ACTION" CAUSES="FALSE" CAUSED_BY="FALSE" >
<source m_id="8" />
<target m_id="10" />
</PLOT_LINK>
<PLOT_LINK r_id="240873" SIGNAL="" relType="PRECONDITION" CAUSES="FALSE" CAUSED_BY="FALSE" >
<source m_id="11" />
<target m_id="13" />
</PLOT_LINK>
<PLOT_LINK r_id="240874" SIGNAL="" relType="PRECONDITION" CAUSES="FALSE" CAUSED_BY="FALSE" >
<source m_id="13" />
<target m_id="17" />
</PLOT_LINK>
<PLOT_LINK r_id="240875" SIGNAL="" relType="PRECONDITION" CAUSES="FALSE" CAUSED_BY="FALSE" >
<source m_id="19" />
<target m_id="20" />
</PLOT_LINK>
<PLOT_LINK r_id="240876" SIGNAL="22" relType="PRECONDITION" CAUSES="FALSE" CAUSED_BY="TRUE" >
<source m_id="23" />
<target m_id="21" />
</PLOT_LINK>
<PLOT_LINK r_id="240877" SIGNAL="" relType="FALLING_ACTION" CAUSES="FALSE" CAUSED_BY="FALSE" >
<source m_id="19" />
<target m_id="21" />
</PLOT_LINK>
<PLOT_LINK r_id="240878" SIGNAL="" relType="PRECONDITION" CAUSES="FALSE" CAUSED_BY="FALSE" >
<source m_id="18" />
<target m_id="19" />
</PLOT_LINK>
<PLOT_LINK r_id="240879" SIGNAL="" relType="PRECONDITION" CAUSES="FALSE" CAUSED_BY="FALSE" >
<source m_id="17" />
<target m_id="18" />
</PLOT_LINK>
<TLINK r_id="251940" contextualModality="" relType="AFTER" comment="" >
<source m_id="39" />
<target m_id="7" />
</TLINK>
<TLINK r_id="251944" contextualModality="" relType="AFTER" comment="" >
<source m_id="39" />
<target m_id="17" />
</TLINK>
</Relations>
</Document>
