<Document doc_name="7_8ecbplus.xml">
<token t_id="1" sentence="0" number="0">http</token>
<token t_id="2" sentence="0" number="1">:</token>
<token t_id="3" sentence="0" number="2">/</token>
<token t_id="4" sentence="0" number="3">/</token>
<token t_id="5" sentence="0" number="4">www</token>
<token t_id="6" sentence="0" number="5">.</token>
<token t_id="7" sentence="0" number="6">bbc</token>
<token t_id="8" sentence="0" number="7">.</token>
<token t_id="9" sentence="0" number="8">co</token>
<token t_id="10" sentence="0" number="9">.</token>
<token t_id="11" sentence="0" number="10">uk</token>
<token t_id="12" sentence="0" number="11">/</token>
<token t_id="13" sentence="0" number="12">sport</token>
<token t_id="14" sentence="0" number="13">/</token>
<token t_id="15" sentence="0" number="14">0</token>
<token t_id="16" sentence="0" number="15">/</token>
<token t_id="17" sentence="0" number="16">boxing</token>
<token t_id="18" sentence="0" number="17">/</token>
<token t_id="19" sentence="0" number="18">18747023</token>
<token t_id="20" sentence="1" number="0">Wladimir</token>
<token t_id="21" sentence="1" number="1">Klitschko</token>
<token t_id="22" sentence="1" number="2">defeats</token>
<token t_id="23" sentence="1" number="3">Tony</token>
<token t_id="24" sentence="1" number="4">Thompson</token>
<token t_id="25" sentence="1" number="5">in</token>
<token t_id="26" sentence="1" number="6">six</token>
<token t_id="27" sentence="1" number="7">rounds</token>
<token t_id="28" sentence="2" number="0">7</token>
<token t_id="29" sentence="2" number="1">July</token>
<token t_id="30" sentence="2" number="2">2012</token>
<token t_id="31" sentence="3" number="0">Last</token>
<token t_id="32" sentence="3" number="1">updated</token>
<token t_id="33" sentence="3" number="2">at</token>
<token t_id="34" sentence="3" number="3">22</token>
<token t_id="35" sentence="3" number="4">:</token>
<token t_id="36" sentence="3" number="5">46</token>
<token t_id="37" sentence="3" number="6">GMT</token>
<token t_id="38" sentence="4" number="0">Wladimir</token>
<token t_id="39" sentence="4" number="1">Klitschko</token>
<token t_id="40" sentence="4" number="2">retained</token>
<token t_id="41" sentence="4" number="3">his</token>
<token t_id="42" sentence="4" number="4">WBA</token>
<token t_id="43" sentence="4" number="5">,</token>
<token t_id="44" sentence="4" number="6">IBF</token>
<token t_id="45" sentence="4" number="7">and</token>
<token t_id="46" sentence="4" number="8">WBO</token>
<token t_id="47" sentence="4" number="9">heavyweight</token>
<token t_id="48" sentence="4" number="10">title</token>
<token t_id="49" sentence="4" number="11">belts</token>
<token t_id="50" sentence="4" number="12">by</token>
<token t_id="51" sentence="4" number="13">stopping</token>
<token t_id="52" sentence="4" number="14">American</token>
<token t_id="53" sentence="4" number="15">challenger</token>
<token t_id="54" sentence="4" number="16">Tony</token>
<token t_id="55" sentence="4" number="17">Thompson</token>
<token t_id="56" sentence="4" number="18">in</token>
<token t_id="57" sentence="4" number="19">the</token>
<token t_id="58" sentence="4" number="20">sixth</token>
<token t_id="59" sentence="4" number="21">round</token>
<token t_id="60" sentence="4" number="22">.</token>
<token t_id="61" sentence="5" number="0">The</token>
<token t_id="62" sentence="5" number="1">Ukrainian</token>
<token t_id="63" sentence="5" number="2">world</token>
<token t_id="64" sentence="5" number="3">champion</token>
<token t_id="65" sentence="5" number="4">extended</token>
<token t_id="66" sentence="5" number="5">his</token>
<token t_id="67" sentence="5" number="6">unbeaten</token>
<token t_id="68" sentence="5" number="7">run</token>
<token t_id="69" sentence="5" number="8">to</token>
<token t_id="70" sentence="5" number="9">eight</token>
<token t_id="71" sentence="5" number="10">years</token>
<token t_id="72" sentence="5" number="11">by</token>
<token t_id="73" sentence="5" number="12">overcoming</token>
<token t_id="74" sentence="5" number="13">40</token>
<token t_id="75" sentence="5" number="14">-</token>
<token t_id="76" sentence="5" number="15">year</token>
<token t_id="77" sentence="5" number="16">-</token>
<token t_id="78" sentence="5" number="17">old</token>
<token t_id="79" sentence="5" number="18">Thompson</token>
<token t_id="80" sentence="5" number="19">in</token>
<token t_id="81" sentence="5" number="20">Berne</token>
<token t_id="82" sentence="5" number="21">,</token>
<token t_id="83" sentence="5" number="22">Switzerland</token>
<token t_id="84" sentence="5" number="23">on</token>
<token t_id="85" sentence="5" number="24">Saturday</token>
<token t_id="86" sentence="5" number="25">.</token>
<token t_id="87" sentence="6" number="0">Thompson</token>
<token t_id="88" sentence="6" number="1">never</token>
<token t_id="89" sentence="6" number="2">recovered</token>
<token t_id="90" sentence="6" number="3">from</token>
<token t_id="91" sentence="6" number="4">a</token>
<token t_id="92" sentence="6" number="5">big</token>
<token t_id="93" sentence="6" number="6">right</token>
<token t_id="94" sentence="6" number="7">hand</token>
<token t_id="95" sentence="6" number="8">from</token>
<token t_id="96" sentence="6" number="9">Klitschko</token>
<token t_id="97" sentence="6" number="10">near</token>
<token t_id="98" sentence="6" number="11">the</token>
<token t_id="99" sentence="6" number="12">end</token>
<token t_id="100" sentence="6" number="13">of</token>
<token t_id="101" sentence="6" number="14">the</token>
<token t_id="102" sentence="6" number="15">fifth</token>
<token t_id="103" sentence="6" number="16">round</token>
<token t_id="104" sentence="6" number="17">.</token>
<token t_id="105" sentence="7" number="0">And</token>
<token t_id="106" sentence="7" number="1">the</token>
<token t_id="107" sentence="7" number="2">contest</token>
<token t_id="108" sentence="7" number="3">was</token>
<token t_id="109" sentence="7" number="4">over</token>
<token t_id="110" sentence="7" number="5">when</token>
<token t_id="111" sentence="7" number="6">Thompson</token>
<token t_id="112" sentence="7" number="7">hit</token>
<token t_id="113" sentence="7" number="8">the</token>
<token t_id="114" sentence="7" number="9">canvas</token>
<token t_id="115" sentence="7" number="10">again</token>
<token t_id="116" sentence="7" number="11">in</token>
<token t_id="117" sentence="7" number="12">the</token>
<token t_id="118" sentence="7" number="13">sixth</token>
<token t_id="119" sentence="7" number="14">.</token>
<token t_id="120" sentence="8" number="0">It</token>
<token t_id="121" sentence="8" number="1">was</token>
<token t_id="122" sentence="8" number="2">36</token>
<token t_id="123" sentence="8" number="3">-</token>
<token t_id="124" sentence="8" number="4">year</token>
<token t_id="125" sentence="8" number="5">-</token>
<token t_id="126" sentence="8" number="6">old</token>
<token t_id="127" sentence="8" number="7">Klitschko's</token>
<token t_id="128" sentence="8" number="8">58th</token>
<token t_id="129" sentence="8" number="9">victory</token>
<token t_id="130" sentence="8" number="10">,</token>
<token t_id="131" sentence="8" number="11">51</token>
<token t_id="132" sentence="8" number="12">by</token>
<token t_id="133" sentence="8" number="13">KO</token>
<token t_id="134" sentence="8" number="14">,</token>
<token t_id="135" sentence="8" number="15">for</token>
<token t_id="136" sentence="8" number="16">only</token>
<token t_id="137" sentence="8" number="17">three</token>
<token t_id="138" sentence="8" number="18">defeats</token>
<token t_id="139" sentence="8" number="19">-</token>
<token t_id="140" sentence="8" number="20">and</token>
<token t_id="141" sentence="8" number="21">his</token>
<token t_id="142" sentence="8" number="22">16th</token>
<token t_id="143" sentence="8" number="23">in</token>
<token t_id="144" sentence="8" number="24">a</token>
<token t_id="145" sentence="8" number="25">row</token>
<token t_id="146" sentence="8" number="26">.</token>
<token t_id="147" sentence="9" number="0">Wladimir</token>
<token t_id="148" sentence="9" number="1">and</token>
<token t_id="149" sentence="9" number="2">his</token>
<token t_id="150" sentence="9" number="3">older</token>
<token t_id="151" sentence="9" number="4">brother</token>
<token t_id="152" sentence="9" number="5">Vitali</token>
<token t_id="153" sentence="9" number="6">have</token>
<token t_id="154" sentence="9" number="7">dominated</token>
<token t_id="155" sentence="9" number="8">the</token>
<token t_id="156" sentence="9" number="9">heavyweight</token>
<token t_id="157" sentence="9" number="10">division</token>
<token t_id="158" sentence="9" number="11">for</token>
<token t_id="159" sentence="9" number="12">so</token>
<token t_id="160" sentence="9" number="13">many</token>
<token t_id="161" sentence="9" number="14">years</token>
<token t_id="162" sentence="9" number="15">that</token>
<token t_id="163" sentence="9" number="16">they</token>
<token t_id="164" sentence="9" number="17">are</token>
<token t_id="165" sentence="9" number="18">now</token>
<token t_id="166" sentence="9" number="19">revisiting</token>
<token t_id="167" sentence="9" number="20">fighters</token>
<token t_id="168" sentence="9" number="21">from</token>
<token t_id="169" sentence="9" number="22">the</token>
<token t_id="170" sentence="9" number="23">past</token>
<token t_id="171" sentence="9" number="24">.</token>
<token t_id="172" sentence="10" number="0">Thompson</token>
<token t_id="173" sentence="10" number="1">last</token>
<token t_id="174" sentence="10" number="2">met</token>
<token t_id="175" sentence="10" number="3">Wladimir</token>
<token t_id="176" sentence="10" number="4">Klitschko</token>
<token t_id="177" sentence="10" number="5">in</token>
<token t_id="178" sentence="10" number="6">2008</token>
<token t_id="179" sentence="10" number="7">,</token>
<token t_id="180" sentence="10" number="8">when</token>
<token t_id="181" sentence="10" number="9">the</token>
<token t_id="182" sentence="10" number="10">American's</token>
<token t_id="183" sentence="10" number="11">challenge</token>
<token t_id="184" sentence="10" number="12">was</token>
<token t_id="185" sentence="10" number="13">ended</token>
<token t_id="186" sentence="10" number="14">in</token>
<token t_id="187" sentence="10" number="15">the</token>
<token t_id="188" sentence="10" number="16">11th</token>
<token t_id="189" sentence="10" number="17">round</token>
<token t_id="190" sentence="10" number="18">.</token>


<Markables>
<ACTION_ASPECTUAL m_id="1" comment=""  >
<token_anchor t_id="99"/>
</ACTION_ASPECTUAL>
<ACTION_ASPECTUAL m_id="2" comment=""  >
<token_anchor t_id="109"/>
</ACTION_ASPECTUAL>
<ACTION_ASPECTUAL m_id="3" comment=""  >
<token_anchor t_id="185"/>
</ACTION_ASPECTUAL>
<ACTION_ASPECTUAL m_id="4" comment=""  >
<token_anchor t_id="118"/>
</ACTION_ASPECTUAL>
<ACTION_OCCURRENCE m_id="5" climaxEvent="TRUE" comment=""  >
<token_anchor t_id="22"/>
</ACTION_OCCURRENCE>
<ACTION_OCCURRENCE m_id="6" climaxEvent="FALSE" comment=""  >
<token_anchor t_id="40"/>
</ACTION_OCCURRENCE>
<ACTION_OCCURRENCE m_id="7" climaxEvent="FALSE" comment=""  >
<token_anchor t_id="51"/>
</ACTION_OCCURRENCE>
<ACTION_OCCURRENCE m_id="8" climaxEvent="FALSE" comment=""  >
<token_anchor t_id="59"/>
</ACTION_OCCURRENCE>
<ACTION_OCCURRENCE m_id="9" climaxEvent="FALSE" comment=""  >
<token_anchor t_id="65"/>
</ACTION_OCCURRENCE>
<ACTION_OCCURRENCE m_id="10" climaxEvent="FALSE" comment=""  >
<token_anchor t_id="68"/>
</ACTION_OCCURRENCE>
<ACTION_OCCURRENCE m_id="11" climaxEvent="FALSE" comment=""  >
<token_anchor t_id="94"/>
</ACTION_OCCURRENCE>
<ACTION_OCCURRENCE m_id="12" climaxEvent="FALSE" comment=""  >
<token_anchor t_id="103"/>
</ACTION_OCCURRENCE>
<ACTION_OCCURRENCE m_id="13" climaxEvent="FALSE" comment=""  >
<token_anchor t_id="107"/>
</ACTION_OCCURRENCE>
<ACTION_OCCURRENCE m_id="14" climaxEvent="FALSE" comment=""  >
<token_anchor t_id="112"/>
</ACTION_OCCURRENCE>
<ACTION_OCCURRENCE m_id="15" climaxEvent="FALSE" comment=""  >
<token_anchor t_id="27"/>
</ACTION_OCCURRENCE>
<ACTION_OCCURRENCE m_id="16" climaxEvent="FALSE" comment=""  >
<token_anchor t_id="174"/>
</ACTION_OCCURRENCE>
<ACTION_OCCURRENCE m_id="17" climaxEvent="FALSE" comment=""  >
<token_anchor t_id="183"/>
</ACTION_OCCURRENCE>
<ACTION_OCCURRENCE m_id="18" climaxEvent="FALSE" comment=""  >
<token_anchor t_id="189"/>
</ACTION_OCCURRENCE>
<HUMAN_PART_PER m_id="19" comment=""  >
<token_anchor t_id="111"/>
</HUMAN_PART_PER>
<HUMAN_PART_PER m_id="20" comment=""  >
<token_anchor t_id="96"/>
</HUMAN_PART_PER>
<HUMAN_PART_PER m_id="21" comment=""  >
<token_anchor t_id="172"/>
</HUMAN_PART_PER>
<HUMAN_PART_PER m_id="22" comment=""  >
<token_anchor t_id="20"/>
<token_anchor t_id="21"/>
</HUMAN_PART_PER>
<HUMAN_PART_PER m_id="23" comment=""  >
<token_anchor t_id="175"/>
<token_anchor t_id="176"/>
</HUMAN_PART_PER>
<HUMAN_PART_PER m_id="24" comment=""  >
<token_anchor t_id="23"/>
<token_anchor t_id="24"/>
</HUMAN_PART_PER>
<HUMAN_PART_PER m_id="25" comment=""  >
<token_anchor t_id="182"/>
</HUMAN_PART_PER>
<HUMAN_PART_PER m_id="26" comment=""  >
<token_anchor t_id="38"/>
<token_anchor t_id="39"/>
</HUMAN_PART_PER>
<HUMAN_PART_PER m_id="27" comment=""  >
<token_anchor t_id="54"/>
<token_anchor t_id="55"/>
</HUMAN_PART_PER>
<HUMAN_PART_PER m_id="28" comment=""  >
<token_anchor t_id="64"/>
</HUMAN_PART_PER>
<HUMAN_PART_PER m_id="29" comment=""  >
<token_anchor t_id="79"/>
</HUMAN_PART_PER>
<HUMAN_PART_PER m_id="30" comment=""  >
<token_anchor t_id="87"/>
</HUMAN_PART_PER>
<LOC_GEO m_id="31" comment=""  >
<token_anchor t_id="80"/>
<token_anchor t_id="81"/>
<token_anchor t_id="82"/>
<token_anchor t_id="83"/>
</LOC_GEO>
<NEG_ACTION_OCCURRENCE m_id="32" climaxEvent="FALSE" comment=""  >
<token_anchor t_id="89"/>
</NEG_ACTION_OCCURRENCE>
<NON_HUMAN_PART m_id="33" comment=""  >
<token_anchor t_id="49"/>
</NON_HUMAN_PART>
<NON_HUMAN_PART m_id="34" comment=""  >
<token_anchor t_id="114"/>
</NON_HUMAN_PART>
<TIME_DATE m_id="35" comment="" DCT="TRUE" value="2012-07-07" anchorTimeID=""  >
<token_anchor t_id="28"/>
<token_anchor t_id="29"/>
<token_anchor t_id="30"/>
</TIME_DATE>
<TIME_DATE m_id="36" comment="" DCT="FALSE" value="2008" anchorTimeID=""  >
<token_anchor t_id="178"/>
</TIME_DATE>
<TIME_DURATION m_id="37" endPoint="39" value="P8Y" begin="58" anchorTimeID="39"  >
<token_anchor t_id="70"/>
<token_anchor t_id="71"/>
</TIME_DURATION>
<TIME_OF_THE_DAY m_id="38" DCT="FALSE" value="2012-07-07T22:46Z" anchorTimeID="35"  >
<token_anchor t_id="34"/>
<token_anchor t_id="35"/>
<token_anchor t_id="36"/>
<token_anchor t_id="37"/>
</TIME_OF_THE_DAY>
<TIME_OF_THE_DAY m_id="39" DCT="FALSE" value="2012-07-07" anchorTimeID="35"  >
<token_anchor t_id="85"/>
</TIME_OF_THE_DAY>


<ACTION_OCCURRENCE m_id="40" RELATED_TO="" TAG_DESCRIPTOR="t7_round_6" climaxEvent="FALSE" comment="" />
<HUMAN_PART_PER m_id="41" RELATED_TO="" TAG_DESCRIPTOR="t7_thompson" comment="" />
<NEG_ACTION_OCCURRENCE m_id="42" RELATED_TO="" TAG_DESCRIPTOR="t7_recovered" climaxEvent="FALSE" comment="" />
<ACTION_OCCURRENCE m_id="43" RELATED_TO="" TAG_DESCRIPTOR="t7_retain_awards" climaxEvent="FALSE" comment="" />
<NON_HUMAN_PART m_id="44" RELATED_TO="" TAG_DESCRIPTOR="t7_canvas" comment="" />
<ACTION_OCCURRENCE m_id="45" RELATED_TO="" TAG_DESCRIPTOR="t7_the_match" climaxEvent="FALSE" comment="" />
<HUMAN_PART_PER m_id="46" RELATED_TO="" TAG_DESCRIPTOR="t7_klitschko" comment="" />
<ACTION_OCCURRENCE m_id="47" RELATED_TO="" TAG_DESCRIPTOR="t7_win_broader" climaxEvent="FALSE" comment="" />
<ACTION_OCCURRENCE m_id="48" RELATED_TO="" TAG_DESCRIPTOR="t7_round_5" climaxEvent="FALSE" comment="" />
<ACTION_OCCURRENCE m_id="49" RELATED_TO="" TAG_DESCRIPTOR="t7_right_hand" climaxEvent="FALSE" comment="" />
<ACTION_ASPECTUAL m_id="50" RELATED_TO="" TAG_DESCRIPTOR="t7_end_round_6" comment="" />
<ACTION_OCCURRENCE m_id="51" RELATED_TO="" TAG_DESCRIPTOR="t7_round 11_2008" climaxEvent="FALSE" comment="" />
<TIME_OF_THE_DAY m_id="52" RELATED_TO="" TAG_DESCRIPTOR="t7_saturday_night" DCT="FALSE" value="" anchorTimeID="" />
<LOC_GEO m_id="53" RELATED_TO="" TAG_DESCRIPTOR="t7_bern" comment="" />
<TIME_DATE m_id="54" RELATED_TO="" TAG_DESCRIPTOR="t7_in_2008" comment="" DCT="FALSE" value="" anchorTimeID="" />
<ACTION_OCCURRENCE m_id="55" RELATED_TO="" TAG_DESCRIPTOR="t7_klitschko_ends _fight" climaxEvent="FALSE" comment="" />
<ACTION_ASPECTUAL m_id="56" RELATED_TO="" TAG_DESCRIPTOR="t7_end_round_5" comment="" />
<NON_HUMAN_PART m_id="57" RELATED_TO="" TAG_DESCRIPTOR="t7_heavyweight_belts" comment="" />
<TIME_DATE m_id="58" RELATED_TO="" TAG_DESCRIPTOR="t1_2004" comment="" DCT="FALSE" value="2004" anchorTimeID="37" />
</Markables>

<Relations>
<TLINK r_id="241080" contextualModality="" relType="CONTAINS" comment="" >
<source m_id="35" />
<target m_id="5" />
</TLINK>
<TLINK r_id="241081" contextualModality="" relType="CONTAINS" comment="" >
<source m_id="35" />
<target m_id="6" />
</TLINK>
<TLINK r_id="241082" contextualModality="" relType="CONTAINS" comment="" >
<source m_id="35" />
<target m_id="7" />
</TLINK>
<TLINK r_id="241083" contextualModality="" relType="CONTAINS" comment="" >
<source m_id="35" />
<target m_id="8" />
</TLINK>
<TLINK r_id="241084" contextualModality="" relType="OVERLAP" comment="" >
<source m_id="35" />
<target m_id="9" />
</TLINK>
<TLINK r_id="241085" contextualModality="" relType="OVERLAP" comment="" >
<source m_id="35" />
<target m_id="10" />
</TLINK>
<TLINK r_id="241086" contextualModality="" relType="CONTAINS" comment="" >
<source m_id="35" />
<target m_id="32" />
</TLINK>
<TLINK r_id="241087" contextualModality="" relType="CONTAINS" comment="" >
<source m_id="35" />
<target m_id="11" />
</TLINK>
<TLINK r_id="241088" contextualModality="" relType="CONTAINS" comment="" >
<source m_id="35" />
<target m_id="12" />
</TLINK>
<TLINK r_id="241089" contextualModality="" relType="CONTAINS" comment="" >
<source m_id="35" />
<target m_id="13" />
</TLINK>
<TLINK r_id="241090" contextualModality="" relType="CONTAINS" comment="" >
<source m_id="35" />
<target m_id="2" />
</TLINK>
<TLINK r_id="241091" contextualModality="" relType="CONTAINS" comment="" >
<source m_id="35" />
<target m_id="14" />
</TLINK>
<TLINK r_id="241092" contextualModality="" relType="AFTER" comment="" >
<source m_id="35" />
<target m_id="16" />
</TLINK>
<TLINK r_id="241093" contextualModality="" relType="AFTER" comment="" >
<source m_id="35" />
<target m_id="17" />
</TLINK>
<TLINK r_id="241095" contextualModality="" relType="CONTAINS" comment="" >
<source m_id="35" />
<target m_id="4" />
</TLINK>
<TLINK r_id="241096" contextualModality="" relType="AFTER" comment="" >
<source m_id="35" />
<target m_id="18" />
</TLINK>
<TLINK r_id="241097" contextualModality="" relType="CONTAINS" comment="" >
<source m_id="39" />
<target m_id="5" />
</TLINK>
<TLINK r_id="241098" contextualModality="" relType="CONTAINS" comment="" >
<source m_id="39" />
<target m_id="15" />
</TLINK>
<TLINK r_id="241099" contextualModality="" relType="CONTAINS" comment="" >
<source m_id="39" />
<target m_id="6" />
</TLINK>
<TLINK r_id="241100" contextualModality="" relType="CONTAINS" comment="" >
<source m_id="39" />
<target m_id="7" />
</TLINK>
<TLINK r_id="241101" contextualModality="" relType="CONTAINS" comment="" >
<source m_id="39" />
<target m_id="8" />
</TLINK>
<TLINK r_id="241102" contextualModality="" relType="OVERLAP" comment="" >
<source m_id="39" />
<target m_id="9" />
</TLINK>
<TLINK r_id="241103" contextualModality="" relType="OVERLAP" comment="" >
<source m_id="39" />
<target m_id="10" />
</TLINK>
<TLINK r_id="241104" contextualModality="" relType="CONTAINS" comment="" >
<source m_id="39" />
<target m_id="32" />
</TLINK>
<TLINK r_id="241105" contextualModality="" relType="CONTAINS" comment="" >
<source m_id="39" />
<target m_id="11" />
</TLINK>
<TLINK r_id="241106" contextualModality="" relType="CONTAINS" comment="" >
<source m_id="39" />
<target m_id="12" />
</TLINK>
<TLINK r_id="241107" contextualModality="" relType="CONTAINS" comment="" >
<source m_id="39" />
<target m_id="13" />
</TLINK>
<TLINK r_id="241108" contextualModality="" relType="CONTAINS" comment="" >
<source m_id="39" />
<target m_id="2" />
</TLINK>
<TLINK r_id="241109" contextualModality="" relType="CONTAINS" comment="" >
<source m_id="39" />
<target m_id="14" />
</TLINK>
<TLINK r_id="241110" contextualModality="" relType="CONTAINS" comment="" >
<source m_id="39" />
<target m_id="4" />
</TLINK>
<TLINK r_id="241111" contextualModality="" relType="CONTAINS" comment="" >
<source m_id="36" />
<target m_id="16" />
</TLINK>
<TLINK r_id="241112" contextualModality="" relType="CONTAINS" comment="" >
<source m_id="36" />
<target m_id="17" />
</TLINK>
<TLINK r_id="241114" contextualModality="" relType="CONTAINS" comment="" >
<source m_id="36" />
<target m_id="18" />
</TLINK>
<PLOT_LINK r_id="241115" SIGNAL="" relType="PRECONDITION" CAUSES="FALSE" CAUSED_BY="FALSE" >
<source m_id="5" />
<target m_id="6" />
</PLOT_LINK>
<PLOT_LINK r_id="241116" SIGNAL="" relType="FALLING_ACTION" CAUSES="FALSE" CAUSED_BY="FALSE" >
<source m_id="6" />
<target m_id="7" />
</PLOT_LINK>
<PLOT_LINK r_id="241117" SIGNAL="" relType="PRECONDITION" CAUSES="FALSE" CAUSED_BY="FALSE" >
<source m_id="6" />
<target m_id="9" />
</PLOT_LINK>
<PLOT_LINK r_id="241118" SIGNAL="" relType="FALLING_ACTION" CAUSES="FALSE" CAUSED_BY="FALSE" >
<source m_id="32" />
<target m_id="11" />
</PLOT_LINK>
<PLOT_LINK r_id="241119" SIGNAL="" relType="FALLING_ACTION" CAUSES="FALSE" CAUSED_BY="FALSE" >
<source m_id="2" />
<target m_id="14" />
</PLOT_LINK>
<TLINK r_id="251945" contextualModality="" relType="CONTAINS" comment="" >
<source m_id="35" />
<target m_id="15" />
</TLINK>
</Relations>
</Document>
