<?xml version='1.0' encoding='UTF-8'?>
<Document doc_name="37_11ecbplus.xml">
  <token t_id="1" sentence="0" number="0">http</token>
  <token t_id="2" sentence="0" number="1">:</token>
  <token t_id="3" sentence="0" number="2">/</token>
  <token t_id="4" sentence="0" number="3">/</token>
  <token t_id="5" sentence="0" number="4">english</token>
  <token t_id="6" sentence="0" number="5">.</token>
  <token t_id="7" sentence="0" number="6">ahram</token>
  <token t_id="8" sentence="0" number="7">.</token>
  <token t_id="9" sentence="0" number="8">org</token>
  <token t_id="10" sentence="0" number="9">.</token>
  <token t_id="11" sentence="0" number="10">eg</token>
  <token t_id="12" sentence="0" number="11">/</token>
  <token t_id="13" sentence="0" number="12">NewsContent</token>
  <token t_id="14" sentence="0" number="13">/</token>
  <token t_id="15" sentence="0" number="14">2</token>
  <token t_id="16" sentence="0" number="15">/</token>
  <token t_id="17" sentence="0" number="16">9</token>
  <token t_id="18" sentence="0" number="17">/</token>
  <token t_id="19" sentence="0" number="18">75470</token>
  <token t_id="20" sentence="0" number="19">/</token>
  <token t_id="21" sentence="0" number="20">World</token>
  <token t_id="22" sentence="0" number="21">/</token>
  <token t_id="23" sentence="0" number="22">International</token>
  <token t_id="24" sentence="0" number="23">/</token>
  <token t_id="25" sentence="0" number="24">magnitude</token>
  <token t_id="26" sentence="0" number="25">-</token>
  <token t_id="27" sentence="0" number="26">quake</token>
  <token t_id="28" sentence="0" number="27">-</token>
  <token t_id="29" sentence="0" number="28">strikes</token>
  <token t_id="30" sentence="0" number="29">-</token>
  <token t_id="31" sentence="0" number="30">Indonesias</token>
  <token t_id="32" sentence="0" number="31">-</token>
  <token t_id="33" sentence="0" number="32">Aceh</token>
  <token t_id="34" sentence="0" number="33">-</token>
  <token t_id="35" sentence="0" number="34">USGS</token>
  <token t_id="36" sentence="0" number="35">.</token>
  <token t_id="37" sentence="0" number="36">aspx</token>
  <token t_id="38" sentence="1" number="0">6</token>
  <token t_id="39" sentence="1" number="1">.</token>
  <token t_id="40" sentence="1" number="2">1</token>
  <token t_id="41" sentence="1" number="3">-</token>
  <token t_id="42" sentence="1" number="4">magnitude</token>
  <token t_id="43" sentence="1" number="5">quake</token>
  <token t_id="44" sentence="1" number="6">strikes</token>
  <token t_id="45" sentence="1" number="7">Indonesia's</token>
  <token t_id="46" sentence="1" number="8">Aceh</token>
  <token t_id="47" sentence="1" number="9">:</token>
  <token t_id="48" sentence="1" number="10">USGS</token>
  <token t_id="49" sentence="2" number="0">A</token>
  <token t_id="50" sentence="2" number="1">powerful</token>
  <token t_id="51" sentence="2" number="2">6</token>
  <token t_id="52" sentence="2" number="3">.</token>
  <token t_id="53" sentence="2" number="4">1</token>
  <token t_id="54" sentence="2" number="5">-</token>
  <token t_id="55" sentence="2" number="6">magnitude</token>
  <token t_id="56" sentence="2" number="7">earthquake</token>
  <token t_id="57" sentence="2" number="8">struck</token>
  <token t_id="58" sentence="2" number="9">the</token>
  <token t_id="59" sentence="2" number="10">Indonesian</token>
  <token t_id="60" sentence="2" number="11">province</token>
  <token t_id="61" sentence="2" number="12">of</token>
  <token t_id="62" sentence="2" number="13">Aceh</token>
  <token t_id="63" sentence="2" number="14">with</token>
  <token t_id="64" sentence="2" number="15">no</token>
  <token t_id="65" sentence="2" number="16">tsunami</token>
  <token t_id="66" sentence="2" number="17">warning</token>
  <token t_id="67" sentence="2" number="18">issued</token>
  <token t_id="68" sentence="3" number="0">AFP</token>
  <token t_id="69" sentence="3" number="1">,</token>
  <token t_id="70" sentence="3" number="2">Tuesday</token>
  <token t_id="71" sentence="3" number="3">2</token>
  <token t_id="72" sentence="3" number="4">Jul</token>
  <token t_id="73" sentence="3" number="5">2013</token>
  <token t_id="74" sentence="4" number="0">A</token>
  <token t_id="75" sentence="4" number="1">strong</token>
  <token t_id="76" sentence="4" number="2">6</token>
  <token t_id="77" sentence="4" number="3">.</token>
  <token t_id="78" sentence="4" number="4">1</token>
  <token t_id="79" sentence="4" number="5">-</token>
  <token t_id="80" sentence="4" number="6">magnitude</token>
  <token t_id="81" sentence="4" number="7">earthquake</token>
  <token t_id="82" sentence="4" number="8">struck</token>
  <token t_id="83" sentence="4" number="9">the</token>
  <token t_id="84" sentence="4" number="10">northwestern</token>
  <token t_id="85" sentence="4" number="11">Indonesian</token>
  <token t_id="86" sentence="4" number="12">province</token>
  <token t_id="87" sentence="4" number="13">of</token>
  <token t_id="88" sentence="4" number="14">Aceh</token>
  <token t_id="89" sentence="4" number="15">on</token>
  <token t_id="90" sentence="4" number="16">Tuesday</token>
  <token t_id="91" sentence="4" number="17">,</token>
  <token t_id="92" sentence="4" number="18">the</token>
  <token t_id="93" sentence="4" number="19">US</token>
  <token t_id="94" sentence="4" number="20">Geological</token>
  <token t_id="95" sentence="4" number="21">Survey</token>
  <token t_id="96" sentence="4" number="22">said</token>
  <token t_id="97" sentence="4" number="23">,</token>
  <token t_id="98" sentence="4" number="24">sending</token>
  <token t_id="99" sentence="4" number="25">people</token>
  <token t_id="100" sentence="4" number="26">running</token>
  <token t_id="101" sentence="4" number="27">into</token>
  <token t_id="102" sentence="4" number="28">the</token>
  <token t_id="103" sentence="4" number="29">streets</token>
  <token t_id="104" sentence="4" number="30">in</token>
  <token t_id="105" sentence="4" number="31">panic</token>
  <token t_id="106" sentence="4" number="32">.</token>
  <token t_id="107" sentence="5" number="0">There</token>
  <token t_id="108" sentence="5" number="1">were</token>
  <token t_id="109" sentence="5" number="2">no</token>
  <token t_id="110" sentence="5" number="3">immediate</token>
  <token t_id="111" sentence="5" number="4">reports</token>
  <token t_id="112" sentence="5" number="5">of</token>
  <token t_id="113" sentence="5" number="6">damage</token>
  <token t_id="114" sentence="5" number="7">after</token>
  <token t_id="115" sentence="5" number="8">the</token>
  <token t_id="116" sentence="5" number="9">quake</token>
  <token t_id="117" sentence="5" number="10">struck</token>
  <token t_id="118" sentence="5" number="11">inland</token>
  <token t_id="119" sentence="5" number="12">at</token>
  <token t_id="120" sentence="5" number="13">a</token>
  <token t_id="121" sentence="5" number="14">depth</token>
  <token t_id="122" sentence="5" number="15">of</token>
  <token t_id="123" sentence="5" number="16">just</token>
  <token t_id="124" sentence="5" number="17">10</token>
  <token t_id="125" sentence="5" number="18">kilometres</token>
  <token t_id="126" sentence="5" number="19">(</token>
  <token t_id="127" sentence="5" number="20">6</token>
  <token t_id="128" sentence="5" number="21">.</token>
  <token t_id="129" sentence="5" number="22">2</token>
  <token t_id="130" sentence="5" number="23">miles</token>
  <token t_id="131" sentence="5" number="24">)</token>
  <token t_id="132" sentence="5" number="25">,</token>
  <token t_id="133" sentence="5" number="26">55</token>
  <token t_id="134" sentence="5" number="27">kilometres</token>
  <token t_id="135" sentence="5" number="28">south</token>
  <token t_id="136" sentence="5" number="29">of</token>
  <token t_id="137" sentence="5" number="30">Bireun</token>
  <token t_id="138" sentence="5" number="31">and</token>
  <token t_id="139" sentence="5" number="32">72</token>
  <token t_id="140" sentence="5" number="33">kilometres</token>
  <token t_id="141" sentence="5" number="34">southeast</token>
  <token t_id="142" sentence="5" number="35">of</token>
  <token t_id="143" sentence="5" number="36">Reuleuet</token>
  <token t_id="144" sentence="5" number="37">,</token>
  <token t_id="145" sentence="5" number="38">said</token>
  <token t_id="146" sentence="5" number="39">the</token>
  <token t_id="147" sentence="5" number="40">USGS</token>
  <token t_id="148" sentence="5" number="41">.</token>
  <token t_id="149" sentence="6" number="0">People</token>
  <token t_id="150" sentence="6" number="1">ran</token>
  <token t_id="151" sentence="6" number="2">out</token>
  <token t_id="152" sentence="6" number="3">of</token>
  <token t_id="153" sentence="6" number="4">buildings</token>
  <token t_id="154" sentence="6" number="5">in</token>
  <token t_id="155" sentence="6" number="6">panic</token>
  <token t_id="156" sentence="6" number="7">in</token>
  <token t_id="157" sentence="6" number="8">the</token>
  <token t_id="158" sentence="6" number="9">provincial</token>
  <token t_id="159" sentence="6" number="10">capital</token>
  <token t_id="160" sentence="6" number="11">Banda</token>
  <token t_id="161" sentence="6" number="12">Aceh</token>
  <token t_id="162" sentence="6" number="13">as</token>
  <token t_id="163" sentence="6" number="14">the</token>
  <token t_id="164" sentence="6" number="15">quake</token>
  <token t_id="165" sentence="6" number="16">shook</token>
  <token t_id="166" sentence="6" number="17">houses</token>
  <token t_id="167" sentence="6" number="18">for</token>
  <token t_id="168" sentence="6" number="19">around</token>
  <token t_id="169" sentence="6" number="20">one</token>
  <token t_id="170" sentence="6" number="21">minute</token>
  <token t_id="171" sentence="6" number="22">,</token>
  <token t_id="172" sentence="6" number="23">an</token>
  <token t_id="173" sentence="6" number="24">AFP</token>
  <token t_id="174" sentence="6" number="25">journalist</token>
  <token t_id="175" sentence="6" number="26">at</token>
  <token t_id="176" sentence="6" number="27">the</token>
  <token t_id="177" sentence="6" number="28">scene</token>
  <token t_id="178" sentence="6" number="29">said</token>
  <token t_id="179" sentence="6" number="30">.</token>
  <token t_id="180" sentence="7" number="0">But</token>
  <token t_id="181" sentence="7" number="1">the</token>
  <token t_id="182" sentence="7" number="2">USGS</token>
  <token t_id="183" sentence="7" number="3">estimated</token>
  <token t_id="184" sentence="7" number="4">there</token>
  <token t_id="185" sentence="7" number="5">was</token>
  <token t_id="186" sentence="7" number="6">a</token>
  <token t_id="187" sentence="7" number="7">low</token>
  <token t_id="188" sentence="7" number="8">likelihood</token>
  <token t_id="189" sentence="7" number="9">of</token>
  <token t_id="190" sentence="7" number="10">casualties</token>
  <token t_id="191" sentence="7" number="11">or</token>
  <token t_id="192" sentence="7" number="12">damage</token>
  <token t_id="193" sentence="7" number="13">.</token>
  <token t_id="194" sentence="8" number="0">A</token>
  <token t_id="195" sentence="8" number="1">massive</token>
  <token t_id="196" sentence="8" number="2">quake</token>
  <token t_id="197" sentence="8" number="3">struck</token>
  <token t_id="198" sentence="8" number="4">off</token>
  <token t_id="199" sentence="8" number="5">Aceh</token>
  <token t_id="200" sentence="8" number="6">in</token>
  <token t_id="201" sentence="8" number="7">2004</token>
  <token t_id="202" sentence="8" number="8">,</token>
  <token t_id="203" sentence="8" number="9">sparking</token>
  <token t_id="204" sentence="8" number="10">a</token>
  <token t_id="205" sentence="8" number="11">tsunami</token>
  <token t_id="206" sentence="8" number="12">that</token>
  <token t_id="207" sentence="8" number="13">killed</token>
  <token t_id="208" sentence="8" number="14">170</token>
  <token t_id="209" sentence="8" number="15">,</token>
  <token t_id="210" sentence="8" number="16">000</token>
  <token t_id="211" sentence="8" number="17">people</token>
  <token t_id="212" sentence="8" number="18">in</token>
  <token t_id="213" sentence="8" number="19">the</token>
  <token t_id="214" sentence="8" number="20">province</token>
  <token t_id="215" sentence="8" number="21">on</token>
  <token t_id="216" sentence="8" number="22">Sumatra</token>
  <token t_id="217" sentence="8" number="23">and</token>
  <token t_id="218" sentence="8" number="24">tens</token>
  <token t_id="219" sentence="8" number="25">of</token>
  <token t_id="220" sentence="8" number="26">thousands</token>
  <token t_id="221" sentence="8" number="27">more</token>
  <token t_id="222" sentence="8" number="28">in</token>
  <token t_id="223" sentence="8" number="29">countries</token>
  <token t_id="224" sentence="8" number="30">around</token>
  <token t_id="225" sentence="8" number="31">the</token>
  <token t_id="226" sentence="8" number="32">Indian</token>
  <token t_id="227" sentence="8" number="33">Ocean</token>
  <token t_id="228" sentence="8" number="34">.</token>
  <token t_id="229" sentence="9" number="0">Indonesia</token>
  <token t_id="230" sentence="9" number="1">sits</token>
  <token t_id="231" sentence="9" number="2">on</token>
  <token t_id="232" sentence="9" number="3">the</token>
  <token t_id="233" sentence="9" number="4">Pacific</token>
  <token t_id="234" sentence="9" number="5">"Ring</token>
  <token t_id="235" sentence="9" number="6">of</token>
  <token t_id="236" sentence="9" number="7">Fire"</token>
  <token t_id="237" sentence="9" number="8">where</token>
  <token t_id="238" sentence="9" number="9">continental</token>
  <token t_id="239" sentence="9" number="10">plates</token>
  <token t_id="240" sentence="9" number="11">collide</token>
  <token t_id="241" sentence="9" number="12">,</token>
  <token t_id="242" sentence="9" number="13">causing</token>
  <token t_id="243" sentence="9" number="14">frequent</token>
  <token t_id="244" sentence="9" number="15">seismic</token>
  <token t_id="245" sentence="9" number="16">and</token>
  <token t_id="246" sentence="9" number="17">volcanic</token>
  <token t_id="247" sentence="9" number="18">activity</token>
  <token t_id="248" sentence="9" number="19">.</token>
  <Markables>
    <ACTION_ASPECTUAL m_id="1" comment="">
      <token_anchor t_id="203"/>
    </ACTION_ASPECTUAL>
    <ACTION_CAUSATIVE m_id="2" comment="">
      <token_anchor t_id="98"/>
    </ACTION_CAUSATIVE>
    <ACTION_OCCURRENCE m_id="3" climaxEvent="TRUE" comment="">
      <token_anchor t_id="38"/>
      <token_anchor t_id="39"/>
      <token_anchor t_id="40"/>
      <token_anchor t_id="41"/>
      <token_anchor t_id="42"/>
      <token_anchor t_id="43"/>
    </ACTION_OCCURRENCE>
    <ACTION_OCCURRENCE m_id="4" climaxEvent="FALSE" comment="">
      <token_anchor t_id="44"/>
    </ACTION_OCCURRENCE>
    <ACTION_OCCURRENCE m_id="5" climaxEvent="FALSE" comment="">
      <token_anchor t_id="51"/>
      <token_anchor t_id="52"/>
      <token_anchor t_id="53"/>
      <token_anchor t_id="54"/>
      <token_anchor t_id="55"/>
      <token_anchor t_id="56"/>
    </ACTION_OCCURRENCE>
    <ACTION_OCCURRENCE m_id="6" climaxEvent="FALSE" comment="">
      <token_anchor t_id="57"/>
    </ACTION_OCCURRENCE>
    <ACTION_OCCURRENCE m_id="7" climaxEvent="FALSE" comment="">
      <token_anchor t_id="65"/>
      <token_anchor t_id="66"/>
    </ACTION_OCCURRENCE>
    <ACTION_OCCURRENCE m_id="8" climaxEvent="TRUE" comment="">
      <token_anchor t_id="76"/>
      <token_anchor t_id="77"/>
      <token_anchor t_id="78"/>
      <token_anchor t_id="79"/>
      <token_anchor t_id="80"/>
      <token_anchor t_id="81"/>
    </ACTION_OCCURRENCE>
    <ACTION_OCCURRENCE m_id="9" climaxEvent="FALSE" comment="">
      <token_anchor t_id="82"/>
    </ACTION_OCCURRENCE>
    <ACTION_OCCURRENCE m_id="10" climaxEvent="FALSE" comment="">
      <token_anchor t_id="100"/>
    </ACTION_OCCURRENCE>
    <ACTION_OCCURRENCE m_id="11" climaxEvent="FALSE" comment="">
      <token_anchor t_id="113"/>
    </ACTION_OCCURRENCE>
    <ACTION_OCCURRENCE m_id="12" climaxEvent="FALSE" comment="">
      <token_anchor t_id="116"/>
    </ACTION_OCCURRENCE>
    <ACTION_OCCURRENCE m_id="13" climaxEvent="FALSE" comment="">
      <token_anchor t_id="117"/>
    </ACTION_OCCURRENCE>
    <ACTION_OCCURRENCE m_id="14" climaxEvent="FALSE" comment="">
      <token_anchor t_id="150"/>
    </ACTION_OCCURRENCE>
    <ACTION_OCCURRENCE m_id="15" climaxEvent="FALSE" comment="">
      <token_anchor t_id="164"/>
    </ACTION_OCCURRENCE>
    <ACTION_OCCURRENCE m_id="16" climaxEvent="FALSE" comment="">
      <token_anchor t_id="165"/>
    </ACTION_OCCURRENCE>
    <ACTION_OCCURRENCE m_id="17" climaxEvent="FALSE" comment="">
      <token_anchor t_id="196"/>
    </ACTION_OCCURRENCE>
    <ACTION_OCCURRENCE m_id="18" climaxEvent="FALSE" comment="">
      <token_anchor t_id="197"/>
    </ACTION_OCCURRENCE>
    <ACTION_OCCURRENCE m_id="19" climaxEvent="FALSE" comment="">
      <token_anchor t_id="207"/>
    </ACTION_OCCURRENCE>
    <ACTION_OCCURRENCE m_id="20" climaxEvent="FALSE" comment="">
      <token_anchor t_id="205"/>
    </ACTION_OCCURRENCE>
    <ACTION_REPORTING m_id="21" comment="">
      <token_anchor t_id="145"/>
    </ACTION_REPORTING>
    <ACTION_REPORTING m_id="22" comment="">
      <token_anchor t_id="178"/>
    </ACTION_REPORTING>
    <ACTION_REPORTING m_id="23" comment="">
      <token_anchor t_id="96"/>
    </ACTION_REPORTING>
    <ACTION_STATE m_id="24" climaxEvent="FALSE" comment="">
      <token_anchor t_id="154"/>
      <token_anchor t_id="155"/>
    </ACTION_STATE>
    <ACTION_STATE m_id="25" climaxEvent="FALSE" comment="">
      <token_anchor t_id="104"/>
      <token_anchor t_id="105"/>
    </ACTION_STATE>
    <HUMAN_PART_ORG m_id="27">
      <token_anchor t_id="93"/>
      <token_anchor t_id="94"/>
      <token_anchor t_id="95"/>
    </HUMAN_PART_ORG>
    <HUMAN_PART_ORG m_id="28">
      <token_anchor t_id="147"/>
    </HUMAN_PART_ORG>
    <HUMAN_PART_ORG m_id="29">
      <token_anchor t_id="48"/>
    </HUMAN_PART_ORG>
    <HUMAN_PART_PER m_id="33" comment="">
      <token_anchor t_id="149"/>
    </HUMAN_PART_PER>
    <HUMAN_PART_PER m_id="34" comment="">
      <token_anchor t_id="218"/>
      <token_anchor t_id="219"/>
      <token_anchor t_id="220"/>
      <token_anchor t_id="221"/>
    </HUMAN_PART_PER>
    <HUMAN_PART_PER m_id="30" comment="">
      <token_anchor t_id="174"/>
    </HUMAN_PART_PER>
    <HUMAN_PART_PER m_id="31" comment="">
      <token_anchor t_id="99"/>
    </HUMAN_PART_PER>
    <HUMAN_PART_PER m_id="32" comment="">
      <token_anchor t_id="208"/>
      <token_anchor t_id="209"/>
      <token_anchor t_id="210"/>
      <token_anchor t_id="211"/>
    </HUMAN_PART_PER>
    <LOC_FAC m_id="35">
      <token_anchor t_id="151"/>
      <token_anchor t_id="152"/>
      <token_anchor t_id="153"/>
    </LOC_FAC>
    <LOC_FAC m_id="36">
      <token_anchor t_id="166"/>
    </LOC_FAC>
    <LOC_FAC m_id="37">
      <token_anchor t_id="101"/>
      <token_anchor t_id="102"/>
      <token_anchor t_id="103"/>
    </LOC_FAC>
    <LOC_GEO m_id="38" comment="">
      <token_anchor t_id="118"/>
    </LOC_GEO>
    <LOC_GEO m_id="39" comment="">
      <token_anchor t_id="45"/>
      <token_anchor t_id="46"/>
    </LOC_GEO>
    <LOC_GEO m_id="40" comment="">
      <token_anchor t_id="59"/>
      <token_anchor t_id="60"/>
      <token_anchor t_id="61"/>
      <token_anchor t_id="62"/>
    </LOC_GEO>
    <LOC_GEO m_id="41" comment="">
      <token_anchor t_id="84"/>
      <token_anchor t_id="85"/>
      <token_anchor t_id="86"/>
      <token_anchor t_id="87"/>
      <token_anchor t_id="88"/>
    </LOC_GEO>
    <LOC_GEO m_id="42" comment="">
      <token_anchor t_id="133"/>
      <token_anchor t_id="134"/>
      <token_anchor t_id="135"/>
      <token_anchor t_id="136"/>
      <token_anchor t_id="137"/>
      <token_anchor t_id="138"/>
      <token_anchor t_id="139"/>
      <token_anchor t_id="140"/>
      <token_anchor t_id="141"/>
      <token_anchor t_id="142"/>
      <token_anchor t_id="143"/>
    </LOC_GEO>
    <LOC_GEO m_id="43" comment="">
      <token_anchor t_id="156"/>
      <token_anchor t_id="157"/>
      <token_anchor t_id="158"/>
      <token_anchor t_id="159"/>
      <token_anchor t_id="160"/>
      <token_anchor t_id="161"/>
    </LOC_GEO>
    <LOC_GEO m_id="44" comment="">
      <token_anchor t_id="198"/>
      <token_anchor t_id="199"/>
    </LOC_GEO>
    <LOC_GEO m_id="45" comment="">
      <token_anchor t_id="212"/>
      <token_anchor t_id="213"/>
      <token_anchor t_id="214"/>
      <token_anchor t_id="215"/>
      <token_anchor t_id="216"/>
    </LOC_GEO>
    <LOC_GEO m_id="46" comment="">
      <token_anchor t_id="222"/>
      <token_anchor t_id="223"/>
      <token_anchor t_id="224"/>
      <token_anchor t_id="225"/>
      <token_anchor t_id="226"/>
      <token_anchor t_id="227"/>
    </LOC_GEO>
    <LOC_OTHER m_id="47">
      <token_anchor t_id="175"/>
      <token_anchor t_id="176"/>
      <token_anchor t_id="177"/>
    </LOC_OTHER>
    <NEG_ACTION_OCCURRENCE m_id="48" climaxEvent="FALSE" comment="">
      <token_anchor t_id="67"/>
    </NEG_ACTION_OCCURRENCE>
    <NEG_ACTION_REPORTING m_id="49" comment="">
      <token_anchor t_id="111"/>
    </NEG_ACTION_REPORTING>
    <TIME_DATE m_id="50" comment="" DCT="TRUE" value="2013-07-02" anchorTimeID="50">
      <token_anchor t_id="70"/>
      <token_anchor t_id="71"/>
      <token_anchor t_id="72"/>
      <token_anchor t_id="73"/>
    </TIME_DATE>
    <TIME_DATE m_id="51" comment="" DCT="FALSE" value="2013-07-02" anchorTimeID="50">
      <token_anchor t_id="90"/>
    </TIME_DATE>
    <TIME_DATE m_id="52" comment="" DCT="FALSE" value="2004" anchorTimeID="52">
      <token_anchor t_id="201"/>
    </TIME_DATE>
    <TIME_DURATION m_id="53" endPoint="" value="PT1M" begin="" anchorTimeID="">
      <token_anchor t_id="168"/>
      <token_anchor t_id="169"/>
      <token_anchor t_id="170"/>
    </TIME_DURATION>
    <TIME_DATE m_id="54" RELATED_TO="" TAG_DESCRIPTOR="t37_2004" comment="" DCT="FALSE" value="" anchorTimeID=""/>
    <TIME_DATE m_id="55" RELATED_TO="" TAG_DESCRIPTOR="t37_tue_2_jul" comment="" DCT="FALSE" value="" anchorTimeID=""/>
    <HUMAN_PART_ORG m_id="56" RELATED_TO="" TAG_DESCRIPTOR="t37_USGS"/>
    <ACTION_STATE m_id="57" RELATED_TO="" TAG_DESCRIPTOR="t37_panic" climaxEvent="FALSE" comment=""/>
    <LOC_GEO m_id="58" RELATED_TO="" TAG_DESCRIPTOR="t37_aceh_province" comment=""/>
    <HUMAN_PART_PER m_id="59" RELATED_TO="" TAG_DESCRIPTOR="t37_people_ran_houses" comment=""/>
    <ACTION_CAUSATIVE m_id="60" RELATED_TO="" TAG_DESCRIPTOR="t37_sparking_panic" comment=""/>
    <ACTION_REPORTING m_id="61" RELATED_TO="" TAG_DESCRIPTOR="t37_usgs_said" comment=""/>
    <LOC_GEO m_id="62" RELATED_TO="" TAG_DESCRIPTOR="t37_epicenter_loc" comment=""/>
    <ACTION_OCCURRENCE m_id="63" RELATED_TO="" TAG_DESCRIPTOR="t37_aceh_earthquake" climaxEvent="FALSE" comment=""/>
    <ACTION_OCCURRENCE m_id="64" RELATED_TO="" TAG_DESCRIPTOR="t37_ran_out_of_buildings" climaxEvent="FALSE" comment=""/>
    <ACTION_OCCURRENCE m_id="65" RELATED_TO="" TAG_DESCRIPTOR="t37_earthquake_struck" climaxEvent="FALSE" comment=""/>
  </Markables>
  <Relations>
    <TLINK r_id="249636" contextualModality="" relType="CONTAINS" comment="">
      <source m_id="51"/>
      <target m_id="8"/>
    </TLINK>
    <TLINK r_id="249637" contextualModality="" relType="CONTAINS" comment="">
      <source m_id="51"/>
      <target m_id="9"/>
    </TLINK>
    <TLINK r_id="249638" contextualModality="" relType="CONTAINS" comment="">
      <source m_id="51"/>
      <target m_id="10"/>
    </TLINK>
    <TLINK r_id="249640" contextualModality="" relType="CONTAINS" comment="">
      <source m_id="51"/>
      <target m_id="12"/>
    </TLINK>
    <TLINK r_id="249641" contextualModality="" relType="CONTAINS" comment="">
      <source m_id="51"/>
      <target m_id="13"/>
    </TLINK>
    <TLINK r_id="249642" contextualModality="" relType="CONTAINS" comment="">
      <source m_id="51"/>
      <target m_id="14"/>
    </TLINK>
    <TLINK r_id="249643" contextualModality="" relType="CONTAINS" comment="">
      <source m_id="51"/>
      <target m_id="15"/>
    </TLINK>
    <TLINK r_id="249644" contextualModality="" relType="CONTAINS" comment="">
      <source m_id="51"/>
      <target m_id="16"/>
    </TLINK>
    <TLINK r_id="249645" contextualModality="" relType="CONTAINS" comment="">
      <source m_id="52"/>
      <target m_id="18"/>
    </TLINK>
    <TLINK r_id="249646" contextualModality="" relType="CONTAINS" comment="">
      <source m_id="52"/>
      <target m_id="17"/>
    </TLINK>
    <TLINK r_id="249647" contextualModality="" relType="CONTAINS" comment="">
      <source m_id="52"/>
      <target m_id="20"/>
    </TLINK>
    <TLINK r_id="249648" contextualModality="" relType="CONTAINS" comment="">
      <source m_id="52"/>
      <target m_id="19"/>
    </TLINK>
    <TLINK r_id="249649" contextualModality="" relType="CONTAINS" comment="">
      <source m_id="51"/>
      <target m_id="2"/>
    </TLINK>
    <TLINK r_id="249650" contextualModality="" relType="CONTAINS" comment="">
      <source m_id="53"/>
      <target m_id="15"/>
    </TLINK>
    <TLINK r_id="249651" contextualModality="" relType="CONTAINS" comment="">
      <source m_id="53"/>
      <target m_id="16"/>
    </TLINK>
    <TLINK r_id="249652" contextualModality="" relType="CONTAINS" comment="">
      <source m_id="50"/>
      <target m_id="8"/>
    </TLINK>
    <TLINK r_id="249653" contextualModality="" relType="CONTAINS" comment="">
      <source m_id="50"/>
      <target m_id="9"/>
    </TLINK>
    <TLINK r_id="249654" contextualModality="" relType="CONTAINS" comment="">
      <source m_id="50"/>
      <target m_id="10"/>
    </TLINK>
    <TLINK r_id="249655" contextualModality="" relType="CONTAINS" comment="">
      <source m_id="50"/>
      <target m_id="2"/>
    </TLINK>
    <TLINK r_id="249657" contextualModality="" relType="CONTAINS" comment="">
      <source m_id="50"/>
      <target m_id="12"/>
    </TLINK>
    <TLINK r_id="249658" contextualModality="" relType="CONTAINS" comment="">
      <source m_id="50"/>
      <target m_id="13"/>
    </TLINK>
    <TLINK r_id="249659" contextualModality="" relType="CONTAINS" comment="">
      <source m_id="50"/>
      <target m_id="14"/>
    </TLINK>
    <TLINK r_id="249660" contextualModality="" relType="CONTAINS" comment="">
      <source m_id="50"/>
      <target m_id="15"/>
    </TLINK>
    <TLINK r_id="249661" contextualModality="" relType="CONTAINS" comment="">
      <source m_id="50"/>
      <target m_id="16"/>
    </TLINK>
    <TLINK r_id="249662" contextualModality="" relType="AFTER" comment="">
      <source m_id="50"/>
      <target m_id="17"/>
    </TLINK>
    <TLINK r_id="249663" contextualModality="" relType="AFTER" comment="">
      <source m_id="50"/>
      <target m_id="18"/>
    </TLINK>
    <TLINK r_id="249664" contextualModality="" relType="AFTER" comment="">
      <source m_id="50"/>
      <target m_id="20"/>
    </TLINK>
    <TLINK r_id="249665" contextualModality="" relType="AFTER" comment="">
      <source m_id="50"/>
      <target m_id="19"/>
    </TLINK>
    <PLOT_LINK r_id="249666" SIGNAL="2" relType="PRECONDITION" CAUSES="TRUE" CAUSED_BY="FALSE">
      <source m_id="8"/>
      <target m_id="10"/>
    </PLOT_LINK>
    <PLOT_LINK r_id="249667">
      <source m_id="11"/>
      <target m_id="12"/>
    </PLOT_LINK>
    <PLOT_LINK r_id="249668" SIGNAL="" relType="FALLING_ACTION" CAUSES="FALSE" CAUSED_BY="FALSE">
      <source m_id="14"/>
      <target m_id="15"/>
    </PLOT_LINK>
    <PLOT_LINK r_id="249669" SIGNAL="" relType="FALLING_ACTION" CAUSES="FALSE" CAUSED_BY="FALSE">
      <source m_id="24"/>
      <target m_id="15"/>
    </PLOT_LINK>
    <PLOT_LINK r_id="249670" SIGNAL="1" relType="PRECONDITION" CAUSES="TRUE" CAUSED_BY="FALSE">
      <source m_id="17"/>
      <target m_id="20"/>
    </PLOT_LINK>
    <PLOT_LINK r_id="249671" SIGNAL="" relType="PRECONDITION" CAUSES="FALSE" CAUSED_BY="FALSE">
      <source m_id="20"/>
      <target m_id="19"/>
    </PLOT_LINK>
    <TLINK r_id="249672" contextualModality="" relType="CONTAINS" comment="">
      <source m_id="51"/>
      <target m_id="5"/>
    </TLINK>
    <TLINK r_id="249673" contextualModality="" relType="CONTAINS" comment="">
      <source m_id="51"/>
      <target m_id="6"/>
    </TLINK>
    <TLINK r_id="249674" contextualModality="" relType="CONTAINS" comment="">
      <source m_id="51"/>
      <target m_id="7"/>
    </TLINK>
    <TLINK r_id="249676" contextualModality="" relType="CONTAINS" comment="">
      <source m_id="51"/>
      <target m_id="3"/>
    </TLINK>
    <TLINK r_id="249677" contextualModality="" relType="CONTAINS" comment="">
      <source m_id="51"/>
      <target m_id="4"/>
    </TLINK>
    <TLINK r_id="249678" contextualModality="" relType="CONTAINS" comment="">
      <source m_id="50"/>
      <target m_id="3"/>
    </TLINK>
    <TLINK r_id="249679" contextualModality="" relType="CONTAINS" comment="">
      <source m_id="50"/>
      <target m_id="4"/>
    </TLINK>
    <TLINK r_id="249680" contextualModality="" relType="CONTAINS" comment="">
      <source m_id="50"/>
      <target m_id="5"/>
    </TLINK>
    <TLINK r_id="249681" contextualModality="" relType="CONTAINS" comment="">
      <source m_id="50"/>
      <target m_id="6"/>
    </TLINK>
    <TLINK r_id="249682" contextualModality="" relType="CONTAINS" comment="">
      <source m_id="50"/>
      <target m_id="7"/>
    </TLINK>
    <TLINK r_id="249683" contextualModality="" relType="CONTAINS" comment="">
      <source m_id="50"/>
      <target m_id="48"/>
    </TLINK>
    <TLINK r_id="253483" contextualModality="" relType="CONTAINS" comment="">
      <source m_id="50"/>
      <target m_id="25"/>
    </TLINK>
    <TLINK r_id="253484" contextualModality="" relType="CONTAINS" comment="">
      <source m_id="50"/>
      <target m_id="24"/>
    </TLINK>
    <TLINK r_id="253485" contextualModality="" relType="CONTAINS" comment="">
      <source m_id="51"/>
      <target m_id="25"/>
    </TLINK>
  </Relations>
</Document>
