<?xml version='1.0' encoding='UTF-8'?>
<Document doc_name="37_12ecbplus.xml">
  <token t_id="1" sentence="0" number="0">http</token>
  <token t_id="2" sentence="0" number="1">:</token>
  <token t_id="3" sentence="0" number="2">/</token>
  <token t_id="4" sentence="0" number="3">/</token>
  <token t_id="5" sentence="0" number="4">www</token>
  <token t_id="6" sentence="0" number="5">.</token>
  <token t_id="7" sentence="0" number="6">ibtimes</token>
  <token t_id="8" sentence="0" number="7">.</token>
  <token t_id="9" sentence="0" number="8">com</token>
  <token t_id="10" sentence="0" number="9">/</token>
  <token t_id="11" sentence="0" number="10">earthquake</token>
  <token t_id="12" sentence="0" number="11">-</token>
  <token t_id="13" sentence="0" number="12">magnitude</token>
  <token t_id="14" sentence="0" number="13">-</token>
  <token t_id="15" sentence="0" number="14">61</token>
  <token t_id="16" sentence="0" number="15">-</token>
  <token t_id="17" sentence="0" number="16">strikes</token>
  <token t_id="18" sentence="0" number="17">-</token>
  <token t_id="19" sentence="0" number="18">indonesias</token>
  <token t_id="20" sentence="0" number="19">-</token>
  <token t_id="21" sentence="0" number="20">aceh</token>
  <token t_id="22" sentence="0" number="21">-</token>
  <token t_id="23" sentence="0" number="22">province</token>
  <token t_id="24" sentence="0" number="23">-</token>
  <token t_id="25" sentence="0" number="24">killing</token>
  <token t_id="26" sentence="0" number="25">-</token>
  <token t_id="27" sentence="0" number="26">one</token>
  <token t_id="28" sentence="0" number="27">-</token>
  <token t_id="29" sentence="0" number="28">1330883</token>
  <token t_id="30" sentence="1" number="0">Earthquake</token>
  <token t_id="31" sentence="1" number="1">Of</token>
  <token t_id="32" sentence="1" number="2">Magnitude</token>
  <token t_id="33" sentence="1" number="3">6</token>
  <token t_id="34" sentence="1" number="4">.</token>
  <token t_id="35" sentence="1" number="5">1</token>
  <token t_id="36" sentence="1" number="6">Strikes</token>
  <token t_id="37" sentence="1" number="7">Indonesia's</token>
  <token t_id="38" sentence="1" number="8">Aceh</token>
  <token t_id="39" sentence="1" number="9">Province</token>
  <token t_id="40" sentence="1" number="10">Killing</token>
  <token t_id="41" sentence="1" number="11">One</token>
  <token t_id="42" sentence="2" number="0">on</token>
  <token t_id="43" sentence="2" number="1">July</token>
  <token t_id="44" sentence="2" number="2">02</token>
  <token t_id="45" sentence="2" number="3">2013</token>
  <token t_id="46" sentence="2" number="4">7</token>
  <token t_id="47" sentence="2" number="5">:</token>
  <token t_id="48" sentence="2" number="6">41</token>
  <token t_id="49" sentence="2" number="7">AM</token>
  <token t_id="50" sentence="3" number="0">A</token>
  <token t_id="51" sentence="3" number="1">magnitude</token>
  <token t_id="52" sentence="3" number="2">-</token>
  <token t_id="53" sentence="3" number="3">6</token>
  <token t_id="54" sentence="3" number="4">.</token>
  <token t_id="55" sentence="3" number="5">1</token>
  <token t_id="56" sentence="3" number="6">earthquake</token>
  <token t_id="57" sentence="3" number="7">struck</token>
  <token t_id="58" sentence="3" number="8">Indonesia's</token>
  <token t_id="59" sentence="3" number="9">Aceh</token>
  <token t_id="60" sentence="3" number="10">province</token>
  <token t_id="61" sentence="3" number="11">on</token>
  <token t_id="62" sentence="3" number="12">Tuesday</token>
  <token t_id="63" sentence="3" number="13">at</token>
  <token t_id="64" sentence="3" number="14">07</token>
  <token t_id="65" sentence="3" number="15">:</token>
  <token t_id="66" sentence="3" number="16">37</token>
  <token t_id="67" sentence="3" number="17">a</token>
  <token t_id="68" sentence="3" number="18">.</token>
  <token t_id="69" sentence="3" number="19">m</token>
  <token t_id="70" sentence="3" number="20">.</token>
  <token t_id="71" sentence="3" number="21">UTC</token>
  <token t_id="72" sentence="3" number="22">(</token>
  <token t_id="73" sentence="3" number="23">3</token>
  <token t_id="74" sentence="3" number="24">:</token>
  <token t_id="75" sentence="3" number="25">37</token>
  <token t_id="76" sentence="3" number="26">a</token>
  <token t_id="77" sentence="3" number="27">.</token>
  <token t_id="78" sentence="3" number="28">m</token>
  <token t_id="79" sentence="3" number="29">.</token>
  <token t_id="80" sentence="3" number="30">EDT</token>
  <token t_id="81" sentence="3" number="31">)</token>
  <token t_id="82" sentence="3" number="32">,</token>
  <token t_id="83" sentence="3" number="33">killing</token>
  <token t_id="84" sentence="3" number="34">at</token>
  <token t_id="85" sentence="3" number="35">least</token>
  <token t_id="86" sentence="3" number="36">one</token>
  <token t_id="87" sentence="3" number="37">and</token>
  <token t_id="88" sentence="3" number="38">leaving</token>
  <token t_id="89" sentence="3" number="39">two</token>
  <token t_id="90" sentence="3" number="40">others</token>
  <token t_id="91" sentence="3" number="41">missing</token>
  <token t_id="92" sentence="3" number="42">,</token>
  <token t_id="93" sentence="3" number="43">the</token>
  <token t_id="94" sentence="3" number="44">Associated</token>
  <token t_id="95" sentence="3" number="45">Press</token>
  <token t_id="96" sentence="3" number="46">reported</token>
  <token t_id="97" sentence="3" number="47">.</token>
  <token t_id="98" sentence="4" number="0">The</token>
  <token t_id="99" sentence="4" number="1">epicenter</token>
  <token t_id="100" sentence="4" number="2">of</token>
  <token t_id="101" sentence="4" number="3">the</token>
  <token t_id="102" sentence="4" number="4">quake</token>
  <token t_id="103" sentence="4" number="5">,</token>
  <token t_id="104" sentence="4" number="6">which</token>
  <token t_id="105" sentence="4" number="7">originated</token>
  <token t_id="106" sentence="4" number="8">six</token>
  <token t_id="107" sentence="4" number="9">miles</token>
  <token t_id="108" sentence="4" number="10">beneath</token>
  <token t_id="109" sentence="4" number="11">the</token>
  <token t_id="110" sentence="4" number="12">surface</token>
  <token t_id="111" sentence="4" number="13">,</token>
  <token t_id="112" sentence="4" number="14">was</token>
  <token t_id="113" sentence="4" number="15">located</token>
  <token t_id="114" sentence="4" number="16">34</token>
  <token t_id="115" sentence="4" number="17">miles</token>
  <token t_id="116" sentence="4" number="18">west</token>
  <token t_id="117" sentence="4" number="19">of</token>
  <token t_id="118" sentence="4" number="20">the</token>
  <token t_id="119" sentence="4" number="21">town</token>
  <token t_id="120" sentence="4" number="22">of</token>
  <token t_id="121" sentence="4" number="23">Bireun</token>
  <token t_id="122" sentence="4" number="24">,</token>
  <token t_id="123" sentence="4" number="25">near</token>
  <token t_id="124" sentence="4" number="26">the</token>
  <token t_id="125" sentence="4" number="27">western</token>
  <token t_id="126" sentence="4" number="28">coast</token>
  <token t_id="127" sentence="4" number="29">of</token>
  <token t_id="128" sentence="4" number="30">Sumatra</token>
  <token t_id="129" sentence="4" number="31">island</token>
  <token t_id="130" sentence="4" number="32">,</token>
  <token t_id="131" sentence="4" number="33">according</token>
  <token t_id="132" sentence="4" number="34">to</token>
  <token t_id="133" sentence="4" number="35">the</token>
  <token t_id="134" sentence="4" number="36">U</token>
  <token t_id="135" sentence="4" number="37">.</token>
  <token t_id="136" sentence="4" number="38">S</token>
  <token t_id="137" sentence="4" number="39">.</token>
  <token t_id="138" sentence="4" number="40">Geological</token>
  <token t_id="139" sentence="4" number="41">Survey</token>
  <token t_id="140" sentence="4" number="42">.</token>
  <token t_id="141" sentence="5" number="0">No</token>
  <token t_id="142" sentence="5" number="1">tsunami</token>
  <token t_id="143" sentence="5" number="2">warnings</token>
  <token t_id="144" sentence="5" number="3">were</token>
  <token t_id="145" sentence="5" number="4">issued</token>
  <token t_id="146" sentence="5" number="5">following</token>
  <token t_id="147" sentence="5" number="6">the</token>
  <token t_id="148" sentence="5" number="7">quake</token>
  <token t_id="149" sentence="5" number="8">,</token>
  <token t_id="150" sentence="5" number="9">which</token>
  <token t_id="151" sentence="5" number="10">injured</token>
  <token t_id="152" sentence="5" number="11">dozens</token>
  <token t_id="153" sentence="5" number="12">and</token>
  <token t_id="154" sentence="5" number="13">damaged</token>
  <token t_id="155" sentence="5" number="14">several</token>
  <token t_id="156" sentence="5" number="15">houses</token>
  <token t_id="157" sentence="5" number="16">in</token>
  <token t_id="158" sentence="5" number="17">Takengon</token>
  <token t_id="159" sentence="5" number="18">,</token>
  <token t_id="160" sentence="5" number="19">the</token>
  <token t_id="161" sentence="5" number="20">capital</token>
  <token t_id="162" sentence="5" number="21">of</token>
  <token t_id="163" sentence="5" number="22">Central</token>
  <token t_id="164" sentence="5" number="23">Aceh</token>
  <token t_id="165" sentence="5" number="24">district</token>
  <token t_id="166" sentence="5" number="25">,</token>
  <token t_id="167" sentence="5" number="26">AP</token>
  <token t_id="168" sentence="5" number="27">reported</token>
  <token t_id="169" sentence="5" number="28">.</token>
  <token t_id="170" sentence="6" number="0">People</token>
  <token t_id="171" sentence="6" number="1">ran</token>
  <token t_id="172" sentence="6" number="2">out</token>
  <token t_id="173" sentence="6" number="3">of</token>
  <token t_id="174" sentence="6" number="4">their</token>
  <token t_id="175" sentence="6" number="5">homes</token>
  <token t_id="176" sentence="6" number="6">when</token>
  <token t_id="177" sentence="6" number="7">the</token>
  <token t_id="178" sentence="6" number="8">quake</token>
  <token t_id="179" sentence="6" number="9">hit</token>
  <token t_id="180" sentence="6" number="10">,</token>
  <token t_id="181" sentence="6" number="11">AP</token>
  <token t_id="182" sentence="6" number="12">reported</token>
  <token t_id="183" sentence="6" number="13">,</token>
  <token t_id="184" sentence="6" number="14">citing</token>
  <token t_id="185" sentence="6" number="15">residents</token>
  <token t_id="186" sentence="6" number="16">of</token>
  <token t_id="187" sentence="6" number="17">Bukit</token>
  <token t_id="188" sentence="6" number="18">Sama</token>
  <token t_id="189" sentence="6" number="19">village</token>
  <token t_id="190" sentence="6" number="20">in</token>
  <token t_id="191" sentence="6" number="21">Central</token>
  <token t_id="192" sentence="6" number="22">Aceh</token>
  <token t_id="193" sentence="6" number="23">district</token>
  <token t_id="194" sentence="6" number="24">,</token>
  <token t_id="195" sentence="6" number="25">where</token>
  <token t_id="196" sentence="6" number="26">the</token>
  <token t_id="197" sentence="6" number="27">quake</token>
  <token t_id="198" sentence="6" number="28">has</token>
  <token t_id="199" sentence="6" number="29">led</token>
  <token t_id="200" sentence="6" number="30">to</token>
  <token t_id="201" sentence="6" number="31">a</token>
  <token t_id="202" sentence="6" number="32">power</token>
  <token t_id="203" sentence="6" number="33">outage</token>
  <token t_id="204" sentence="6" number="34">.</token>
  <token t_id="205" sentence="7" number="0">"I</token>
  <token t_id="206" sentence="7" number="1">see</token>
  <token t_id="207" sentence="7" number="2">many</token>
  <token t_id="208" sentence="7" number="3">houses</token>
  <token t_id="209" sentence="7" number="4">were</token>
  <token t_id="210" sentence="7" number="5">damaged</token>
  <token t_id="211" sentence="7" number="6">and</token>
  <token t_id="212" sentence="7" number="7">their</token>
  <token t_id="213" sentence="7" number="8">roofs</token>
  <token t_id="214" sentence="7" number="9">fell</token>
  <token t_id="215" sentence="7" number="10">onto</token>
  <token t_id="216" sentence="7" number="11">some</token>
  <token t_id="217" sentence="7" number="12">people</token>
  <token t_id="218" sentence="7" number="13">,</token>
  <token t_id="219" sentence="7" number="14">"</token>
  <token t_id="220" sentence="7" number="15">a</token>
  <token t_id="221" sentence="7" number="16">Bukit</token>
  <token t_id="222" sentence="7" number="17">Sama</token>
  <token t_id="223" sentence="7" number="18">village</token>
  <token t_id="224" sentence="7" number="19">resident</token>
  <token t_id="225" sentence="7" number="20">told</token>
  <token t_id="226" sentence="7" number="21">AP</token>
  <token t_id="227" sentence="7" number="22">.</token>
  <token t_id="228" sentence="8" number="0">"Many</token>
  <token t_id="229" sentence="8" number="1">people</token>
  <token t_id="230" sentence="8" number="2">were</token>
  <token t_id="231" sentence="8" number="3">injured</token>
  <token t_id="232" sentence="8" number="4">but</token>
  <token t_id="233" sentence="8" number="5">it</token>
  <token t_id="234" sentence="8" number="6">is</token>
  <token t_id="235" sentence="8" number="7">difficult</token>
  <token t_id="236" sentence="8" number="8">to</token>
  <token t_id="237" sentence="8" number="9">evacuate</token>
  <token t_id="238" sentence="8" number="10">them</token>
  <token t_id="239" sentence="8" number="11">due</token>
  <token t_id="240" sentence="8" number="12">to</token>
  <token t_id="241" sentence="8" number="13">traffic</token>
  <token t_id="242" sentence="8" number="14">jams</token>
  <token t_id="243" sentence="8" number="15">.</token>
  <token t_id="244" sentence="8" number="16">"</token>
  <token t_id="245" sentence="9" number="0">Indonesia</token>
  <token t_id="246" sentence="9" number="1">is</token>
  <token t_id="247" sentence="9" number="2">prone</token>
  <token t_id="248" sentence="9" number="3">to</token>
  <token t_id="249" sentence="9" number="4">seismic</token>
  <token t_id="250" sentence="9" number="5">activity</token>
  <token t_id="251" sentence="9" number="6">,</token>
  <token t_id="252" sentence="9" number="7">due</token>
  <token t_id="253" sentence="9" number="8">to</token>
  <token t_id="254" sentence="9" number="9">its</token>
  <token t_id="255" sentence="9" number="10">location</token>
  <token t_id="256" sentence="9" number="11">on</token>
  <token t_id="257" sentence="9" number="12">the</token>
  <token t_id="258" sentence="9" number="13">Pacific</token>
  <token t_id="259" sentence="9" number="14">Basin's</token>
  <token t_id="260" sentence="9" number="15">"Ring</token>
  <token t_id="261" sentence="9" number="16">of</token>
  <token t_id="262" sentence="9" number="17">Fire</token>
  <token t_id="263" sentence="9" number="18">,</token>
  <token t_id="264" sentence="9" number="19">"</token>
  <token t_id="265" sentence="9" number="20">a</token>
  <token t_id="266" sentence="9" number="21">25</token>
  <token t_id="267" sentence="9" number="22">,</token>
  <token t_id="268" sentence="9" number="23">000</token>
  <token t_id="269" sentence="9" number="24">-</token>
  <token t_id="270" sentence="9" number="25">mile</token>
  <token t_id="271" sentence="9" number="26">-</token>
  <token t_id="272" sentence="9" number="27">long</token>
  <token t_id="273" sentence="9" number="28">stretch</token>
  <token t_id="274" sentence="9" number="29">where</token>
  <token t_id="275" sentence="9" number="30">earthquakes</token>
  <token t_id="276" sentence="9" number="31">are</token>
  <token t_id="277" sentence="9" number="32">common</token>
  <token t_id="278" sentence="9" number="33">,</token>
  <token t_id="279" sentence="9" number="34">although</token>
  <token t_id="280" sentence="9" number="35">only</token>
  <token t_id="281" sentence="9" number="36">a</token>
  <token t_id="282" sentence="9" number="37">small</token>
  <token t_id="283" sentence="9" number="38">percentage</token>
  <token t_id="284" sentence="9" number="39">are</token>
  <token t_id="285" sentence="9" number="40">strong</token>
  <token t_id="286" sentence="9" number="41">enough</token>
  <token t_id="287" sentence="9" number="42">to</token>
  <token t_id="288" sentence="9" number="43">be</token>
  <token t_id="289" sentence="9" number="44">felt</token>
  <token t_id="290" sentence="9" number="45">.</token>
  <token t_id="291" sentence="10" number="0">The</token>
  <token t_id="292" sentence="10" number="1">2004</token>
  <token t_id="293" sentence="10" number="2">tsunami</token>
  <token t_id="294" sentence="10" number="3">that</token>
  <token t_id="295" sentence="10" number="4">killed</token>
  <token t_id="296" sentence="10" number="5">about</token>
  <token t_id="297" sentence="10" number="6">230</token>
  <token t_id="298" sentence="10" number="7">,</token>
  <token t_id="299" sentence="10" number="8">000</token>
  <token t_id="300" sentence="10" number="9">people</token>
  <token t_id="301" sentence="10" number="10">across</token>
  <token t_id="302" sentence="10" number="11">Asia</token>
  <token t_id="303" sentence="10" number="12">was</token>
  <token t_id="304" sentence="10" number="13">triggered</token>
  <token t_id="305" sentence="10" number="14">by</token>
  <token t_id="306" sentence="10" number="15">a</token>
  <token t_id="307" sentence="10" number="16">massive</token>
  <token t_id="308" sentence="10" number="17">9</token>
  <token t_id="309" sentence="10" number="18">.</token>
  <token t_id="310" sentence="10" number="19">1</token>
  <token t_id="311" sentence="10" number="20">-</token>
  <token t_id="312" sentence="10" number="21">magnitude</token>
  <token t_id="313" sentence="10" number="22">quake</token>
  <token t_id="314" sentence="10" number="23">off</token>
  <token t_id="315" sentence="10" number="24">Aceh</token>
  <token t_id="316" sentence="10" number="25">.</token>
  <Markables>
    <ACTION_CAUSATIVE m_id="1" comment="">
      <token_anchor t_id="304"/>
    </ACTION_CAUSATIVE>
    <ACTION_CAUSATIVE m_id="2" comment="">
      <token_anchor t_id="199"/>
      <token_anchor t_id="200"/>
    </ACTION_CAUSATIVE>
    <ACTION_OCCURRENCE m_id="3" climaxEvent="TRUE" comment="">
      <token_anchor t_id="51"/>
      <token_anchor t_id="52"/>
      <token_anchor t_id="53"/>
      <token_anchor t_id="54"/>
      <token_anchor t_id="55"/>
      <token_anchor t_id="56"/>
    </ACTION_OCCURRENCE>
    <ACTION_OCCURRENCE m_id="4" climaxEvent="TRUE" comment="">
      <token_anchor t_id="30"/>
    </ACTION_OCCURRENCE>
    <ACTION_OCCURRENCE m_id="5" climaxEvent="FALSE" comment="">
      <token_anchor t_id="295"/>
    </ACTION_OCCURRENCE>
    <ACTION_OCCURRENCE m_id="6" climaxEvent="FALSE" comment="">
      <token_anchor t_id="313"/>
    </ACTION_OCCURRENCE>
    <ACTION_OCCURRENCE m_id="7" climaxEvent="FALSE" comment="">
      <token_anchor t_id="104"/>
    </ACTION_OCCURRENCE>
    <ACTION_OCCURRENCE m_id="8" climaxEvent="FALSE" comment="">
      <token_anchor t_id="150"/>
    </ACTION_OCCURRENCE>
    <ACTION_OCCURRENCE m_id="9" climaxEvent="FALSE" comment="">
      <token_anchor t_id="241"/>
      <token_anchor t_id="242"/>
    </ACTION_OCCURRENCE>
    <ACTION_OCCURRENCE m_id="10" climaxEvent="FALSE" comment="">
      <token_anchor t_id="36"/>
    </ACTION_OCCURRENCE>
    <ACTION_OCCURRENCE m_id="11" climaxEvent="FALSE" comment="">
      <token_anchor t_id="231"/>
    </ACTION_OCCURRENCE>
    <ACTION_OCCURRENCE m_id="12" climaxEvent="FALSE" comment="">
      <token_anchor t_id="40"/>
    </ACTION_OCCURRENCE>
    <ACTION_OCCURRENCE m_id="13" climaxEvent="FALSE" comment="">
      <token_anchor t_id="237"/>
    </ACTION_OCCURRENCE>
    <ACTION_OCCURRENCE m_id="14" climaxEvent="FALSE" comment="">
      <token_anchor t_id="57"/>
    </ACTION_OCCURRENCE>
    <ACTION_OCCURRENCE m_id="15" climaxEvent="FALSE" comment="">
      <token_anchor t_id="83"/>
    </ACTION_OCCURRENCE>
    <ACTION_OCCURRENCE m_id="16" climaxEvent="FALSE" comment="">
      <token_anchor t_id="105"/>
    </ACTION_OCCURRENCE>
    <ACTION_OCCURRENCE m_id="17" climaxEvent="FALSE" comment="">
      <token_anchor t_id="102"/>
    </ACTION_OCCURRENCE>
    <ACTION_OCCURRENCE m_id="18" climaxEvent="FALSE" comment="">
      <token_anchor t_id="142"/>
      <token_anchor t_id="143"/>
    </ACTION_OCCURRENCE>
    <ACTION_OCCURRENCE m_id="19" climaxEvent="FALSE" comment="">
      <token_anchor t_id="148"/>
    </ACTION_OCCURRENCE>
    <ACTION_OCCURRENCE m_id="20" climaxEvent="FALSE" comment="">
      <token_anchor t_id="151"/>
    </ACTION_OCCURRENCE>
    <ACTION_OCCURRENCE m_id="21" climaxEvent="FALSE" comment="">
      <token_anchor t_id="171"/>
    </ACTION_OCCURRENCE>
    <ACTION_OCCURRENCE m_id="22" climaxEvent="FALSE" comment="">
      <token_anchor t_id="178"/>
    </ACTION_OCCURRENCE>
    <ACTION_OCCURRENCE m_id="23" climaxEvent="FALSE" comment="">
      <token_anchor t_id="179"/>
    </ACTION_OCCURRENCE>
    <ACTION_OCCURRENCE m_id="24" climaxEvent="FALSE" comment="">
      <token_anchor t_id="197"/>
    </ACTION_OCCURRENCE>
    <ACTION_OCCURRENCE m_id="25" climaxEvent="FALSE" comment="">
      <token_anchor t_id="202"/>
      <token_anchor t_id="203"/>
    </ACTION_OCCURRENCE>
    <ACTION_OCCURRENCE m_id="26" climaxEvent="FALSE" comment="">
      <token_anchor t_id="154"/>
    </ACTION_OCCURRENCE>
    <ACTION_OCCURRENCE m_id="27" climaxEvent="FALSE" comment="">
      <token_anchor t_id="210"/>
    </ACTION_OCCURRENCE>
    <ACTION_OCCURRENCE m_id="28" climaxEvent="FALSE" comment="">
      <token_anchor t_id="214"/>
      <token_anchor t_id="215"/>
    </ACTION_OCCURRENCE>
    <ACTION_OCCURRENCE m_id="29" climaxEvent="FALSE" comment="">
      <token_anchor t_id="293"/>
    </ACTION_OCCURRENCE>
    <ACTION_PERCEPTION m_id="30" comment="" climaxEvent="FALSE">
      <token_anchor t_id="206"/>
    </ACTION_PERCEPTION>
    <ACTION_REPORTING m_id="33" comment="">
      <token_anchor t_id="96"/>
    </ACTION_REPORTING>
    <ACTION_REPORTING m_id="34" comment="">
      <token_anchor t_id="225"/>
    </ACTION_REPORTING>
    <ACTION_REPORTING m_id="35" comment="">
      <token_anchor t_id="182"/>
    </ACTION_REPORTING>
    <ACTION_REPORTING m_id="31" comment="">
      <token_anchor t_id="168"/>
    </ACTION_REPORTING>
    <ACTION_REPORTING m_id="32" comment="">
      <token_anchor t_id="131"/>
      <token_anchor t_id="132"/>
    </ACTION_REPORTING>
    <ACTION_STATE m_id="36" climaxEvent="FALSE" comment="">
      <token_anchor t_id="235"/>
    </ACTION_STATE>
    <ACTION_STATE m_id="37" climaxEvent="FALSE" comment="">
      <token_anchor t_id="113"/>
    </ACTION_STATE>
    <ACTION_STATE m_id="39" climaxEvent="FALSE" comment="">
      <token_anchor t_id="91"/>
    </ACTION_STATE>
    <HUMAN_PART_ORG m_id="40">
      <token_anchor t_id="167"/>
    </HUMAN_PART_ORG>
    <HUMAN_PART_ORG m_id="41">
      <token_anchor t_id="226"/>
    </HUMAN_PART_ORG>
    <HUMAN_PART_ORG m_id="42">
      <token_anchor t_id="94"/>
      <token_anchor t_id="95"/>
    </HUMAN_PART_ORG>
    <HUMAN_PART_ORG m_id="43">
      <token_anchor t_id="134"/>
      <token_anchor t_id="135"/>
      <token_anchor t_id="136"/>
      <token_anchor t_id="137"/>
      <token_anchor t_id="138"/>
      <token_anchor t_id="139"/>
    </HUMAN_PART_ORG>
    <HUMAN_PART_ORG m_id="44">
      <token_anchor t_id="181"/>
    </HUMAN_PART_ORG>
    <HUMAN_PART_PER m_id="45" comment="">
      <token_anchor t_id="205"/>
    </HUMAN_PART_PER>
    <HUMAN_PART_PER m_id="46" comment="">
      <token_anchor t_id="217"/>
    </HUMAN_PART_PER>
    <HUMAN_PART_PER m_id="47" comment="">
      <token_anchor t_id="229"/>
    </HUMAN_PART_PER>
    <HUMAN_PART_PER m_id="48" comment="">
      <token_anchor t_id="238"/>
    </HUMAN_PART_PER>
    <HUMAN_PART_PER m_id="49" comment="">
      <token_anchor t_id="152"/>
    </HUMAN_PART_PER>
    <HUMAN_PART_PER m_id="50" comment="">
      <token_anchor t_id="297"/>
      <token_anchor t_id="298"/>
      <token_anchor t_id="299"/>
      <token_anchor t_id="300"/>
    </HUMAN_PART_PER>
    <HUMAN_PART_PER m_id="51" comment="">
      <token_anchor t_id="224"/>
    </HUMAN_PART_PER>
    <HUMAN_PART_PER m_id="52" comment="">
      <token_anchor t_id="41"/>
    </HUMAN_PART_PER>
    <HUMAN_PART_PER m_id="53" comment="">
      <token_anchor t_id="86"/>
    </HUMAN_PART_PER>
    <HUMAN_PART_PER m_id="54" comment="">
      <token_anchor t_id="89"/>
      <token_anchor t_id="90"/>
    </HUMAN_PART_PER>
    <HUMAN_PART_PER m_id="55" comment="">
      <token_anchor t_id="170"/>
    </HUMAN_PART_PER>
    <HUMAN_PART_PER m_id="56" comment="">
      <token_anchor t_id="185"/>
    </HUMAN_PART_PER>
    <LOC_FAC m_id="57">
      <token_anchor t_id="208"/>
    </LOC_FAC>
    <LOC_FAC m_id="58">
      <token_anchor t_id="172"/>
      <token_anchor t_id="173"/>
      <token_anchor t_id="174"/>
      <token_anchor t_id="175"/>
    </LOC_FAC>
    <LOC_FAC m_id="59">
      <token_anchor t_id="155"/>
      <token_anchor t_id="156"/>
      <token_anchor t_id="157"/>
      <token_anchor t_id="158"/>
      <token_anchor t_id="159"/>
      <token_anchor t_id="160"/>
      <token_anchor t_id="161"/>
      <token_anchor t_id="162"/>
      <token_anchor t_id="163"/>
      <token_anchor t_id="164"/>
      <token_anchor t_id="165"/>
    </LOC_FAC>
    <LOC_GEO m_id="65" comment="">
      <token_anchor t_id="314"/>
      <token_anchor t_id="315"/>
    </LOC_GEO>
    <LOC_GEO m_id="66" comment="">
      <token_anchor t_id="301"/>
      <token_anchor t_id="302"/>
    </LOC_GEO>
    <LOC_GEO m_id="67" comment="">
      <token_anchor t_id="195"/>
    </LOC_GEO>
    <LOC_GEO m_id="60" comment="">
      <token_anchor t_id="37"/>
      <token_anchor t_id="38"/>
      <token_anchor t_id="39"/>
    </LOC_GEO>
    <LOC_GEO m_id="61" comment="">
      <token_anchor t_id="58"/>
      <token_anchor t_id="59"/>
      <token_anchor t_id="60"/>
    </LOC_GEO>
    <LOC_GEO m_id="62" comment="">
      <token_anchor t_id="114"/>
      <token_anchor t_id="115"/>
      <token_anchor t_id="116"/>
      <token_anchor t_id="117"/>
      <token_anchor t_id="118"/>
      <token_anchor t_id="119"/>
      <token_anchor t_id="120"/>
      <token_anchor t_id="121"/>
      <token_anchor t_id="122"/>
      <token_anchor t_id="123"/>
      <token_anchor t_id="124"/>
      <token_anchor t_id="125"/>
      <token_anchor t_id="126"/>
      <token_anchor t_id="127"/>
      <token_anchor t_id="128"/>
      <token_anchor t_id="129"/>
    </LOC_GEO>
    <LOC_GEO m_id="63" comment="">
      <token_anchor t_id="221"/>
      <token_anchor t_id="222"/>
      <token_anchor t_id="223"/>
    </LOC_GEO>
    <LOC_GEO m_id="64" comment="">
      <token_anchor t_id="187"/>
      <token_anchor t_id="188"/>
      <token_anchor t_id="189"/>
      <token_anchor t_id="190"/>
      <token_anchor t_id="191"/>
      <token_anchor t_id="192"/>
      <token_anchor t_id="193"/>
    </LOC_GEO>
    <NEG_ACTION_OCCURRENCE m_id="68" climaxEvent="FALSE" comment="">
      <token_anchor t_id="145"/>
    </NEG_ACTION_OCCURRENCE>
    <NON_HUMAN_PART m_id="69" comment="">
      <token_anchor t_id="99"/>
    </NON_HUMAN_PART>
    <NON_HUMAN_PART m_id="70" comment="">
      <token_anchor t_id="110"/>
    </NON_HUMAN_PART>
    <NON_HUMAN_PART m_id="71" comment="">
      <token_anchor t_id="213"/>
    </NON_HUMAN_PART>
    <NON_HUMAN_PART m_id="72" comment="TC: possible errors - contradictory annotation (EVENT_STATE)">
      <token_anchor t_id="32"/>
      <token_anchor t_id="33"/>
      <token_anchor t_id="34"/>
      <token_anchor t_id="35"/>
    </NON_HUMAN_PART>
    <TIME_DATE m_id="92" comment="" DCT="FALSE" value="2004" anchorTimeID="">
      <token_anchor t_id="292"/>
    </TIME_DATE>
    <TIME_OF_THE_DAY m_id="73" DCT="FALSE" value="2013-07-02" anchorTimeID="74">
      <token_anchor t_id="62"/>
    </TIME_OF_THE_DAY>
    <TIME_OF_THE_DAY m_id="74" DCT="TRUE" value="2013-07-02T12:41Z" anchorTimeID="">
      <token_anchor t_id="43"/>
      <token_anchor t_id="44"/>
      <token_anchor t_id="45"/>
      <token_anchor t_id="46"/>
      <token_anchor t_id="47"/>
      <token_anchor t_id="48"/>
      <token_anchor t_id="49"/>
    </TIME_OF_THE_DAY>
    <TIME_OF_THE_DAY m_id="93" DCT="FALSE" value="2013-07-02T07:37Z" anchorTimeID="73">
      <token_anchor t_id="64"/>
      <token_anchor t_id="65"/>
      <token_anchor t_id="66"/>
      <token_anchor t_id="67"/>
      <token_anchor t_id="68"/>
      <token_anchor t_id="69"/>
      <token_anchor t_id="70"/>
      <token_anchor t_id="71"/>
      <token_anchor t_id="72"/>
      <token_anchor t_id="73"/>
      <token_anchor t_id="74"/>
      <token_anchor t_id="75"/>
      <token_anchor t_id="76"/>
      <token_anchor t_id="77"/>
      <token_anchor t_id="78"/>
      <token_anchor t_id="79"/>
      <token_anchor t_id="80"/>
      <token_anchor t_id="81"/>
    </TIME_OF_THE_DAY>
    <HUMAN_PART_ORG m_id="75" RELATED_TO="" TAG_DESCRIPTOR="t37_USGS"/>
    <LOC_GEO m_id="76" RELATED_TO="" TAG_DESCRIPTOR="t37_aceh_province" comment=""/>
    <ACTION_REPORTING m_id="77" RELATED_TO="" TAG_DESCRIPTOR="t37_apf_journalist_said" comment=""/>
    <TIME_OF_THE_DAY m_id="78" RELATED_TO="" TAG_DESCRIPTOR="t37_gmt_0737" DCT="FALSE" value="" anchorTimeID=""/>
    <LOC_FAC m_id="79" RELATED_TO="" TAG_DESCRIPTOR="t37_collapsed_buildings"/>
    <ACTION_OCCURRENCE m_id="80" RELATED_TO="" TAG_DESCRIPTOR="t37_earthquake_struck" climaxEvent="FALSE" comment=""/>
    <ACTION_OCCURRENCE m_id="81" RELATED_TO="" TAG_DESCRIPTOR="t37_girl_killed" climaxEvent="FALSE" comment=""/>
    <HUMAN_PART_PER m_id="82" RELATED_TO="" TAG_DESCRIPTOR="t37_50_people_injured" comment=""/>
    <NON_HUMAN_PART m_id="83" RELATED_TO="" TAG_DESCRIPTOR="t37_epicenter" comment=""/>
    <HUMAN_PART_PER m_id="84" RELATED_TO="" TAG_DESCRIPTOR="t37_child_killed" comment=""/>
    <ACTION_STATE m_id="85" RELATED_TO="" TAG_DESCRIPTOR="t37_missing2" climaxEvent="FALSE" comment=""/>
    <ACTION_OCCURRENCE m_id="86" RELATED_TO="" TAG_DESCRIPTOR="t37_injured_dozens" climaxEvent="FALSE" comment=""/>
    <ACTION_REPORTING m_id="87" RELATED_TO="" TAG_DESCRIPTOR="t37_usgs_said" comment=""/>
    <LOC_GEO m_id="88" RELATED_TO="" TAG_DESCRIPTOR="t37_epicenter_loc" comment=""/>
    <ACTION_OCCURRENCE m_id="89" RELATED_TO="" TAG_DESCRIPTOR="t37_aceh_earthquake" climaxEvent="FALSE" comment=""/>
    <HUMAN_PART_PER m_id="90" RELATED_TO="" TAG_DESCRIPTOR="t37_2ppl_missing" comment=""/>
    <NON_HUMAN_PART m_id="91" RELATED_TO="" TAG_DESCRIPTOR="t37_6_1_magnitude" comment=""/>
  </Markables>
  <Relations>
    <TLINK r_id="249712" contextualModality="ACT" relType="AFTER" comment="">
      <source m_id="74"/>
      <target m_id="68"/>
    </TLINK>
    <TLINK r_id="249714" contextualModality="" relType="BEGINS_ON" comment="">
      <source m_id="93"/>
      <target m_id="39"/>
    </TLINK>
    <TLINK r_id="249715" contextualModality="" relType="CONTAINS" comment="">
      <source m_id="73"/>
      <target m_id="17"/>
    </TLINK>
    <TLINK r_id="249716" contextualModality="" relType="CONTAINS" comment="">
      <source m_id="73"/>
      <target m_id="3"/>
    </TLINK>
    <TLINK r_id="249717" contextualModality="" relType="SIMULTANEOUS" comment="">
      <source m_id="93"/>
      <target m_id="14"/>
    </TLINK>
    <TLINK r_id="249718" contextualModality="" relType="CONTAINS" comment="">
      <source m_id="73"/>
      <target m_id="15"/>
    </TLINK>
    <TLINK r_id="249719" contextualModality="" relType="CONTAINS" comment="">
      <source m_id="73"/>
      <target m_id="16"/>
    </TLINK>
    <TLINK r_id="249720" contextualModality="" relType="CONTAINS" comment="">
      <source m_id="73"/>
      <target m_id="18"/>
    </TLINK>
    <TLINK r_id="249721" contextualModality="" relType="CONTAINS" comment="">
      <source m_id="73"/>
      <target m_id="19"/>
    </TLINK>
    <TLINK r_id="249722" contextualModality="" relType="CONTAINS" comment="">
      <source m_id="73"/>
      <target m_id="20"/>
    </TLINK>
    <TLINK r_id="249723" contextualModality="" relType="CONTAINS" comment="">
      <source m_id="73"/>
      <target m_id="26"/>
    </TLINK>
    <TLINK r_id="249724" contextualModality="" relType="BEGINS_ON" comment="">
      <source m_id="73"/>
      <target m_id="21"/>
    </TLINK>
    <TLINK r_id="249725" contextualModality="" relType="CONTAINS" comment="">
      <source m_id="73"/>
      <target m_id="22"/>
    </TLINK>
    <TLINK r_id="249726" contextualModality="" relType="CONTAINS" comment="">
      <source m_id="73"/>
      <target m_id="23"/>
    </TLINK>
    <TLINK r_id="249727" contextualModality="" relType="CONTAINS" comment="">
      <source m_id="73"/>
      <target m_id="24"/>
    </TLINK>
    <TLINK r_id="249728" contextualModality="" relType="CONTAINS" comment="">
      <source m_id="73"/>
      <target m_id="25"/>
    </TLINK>
    <TLINK r_id="249729" contextualModality="" relType="CONTAINS" comment="">
      <source m_id="73"/>
      <target m_id="27"/>
    </TLINK>
    <TLINK r_id="249730" contextualModality="" relType="CONTAINS" comment="">
      <source m_id="73"/>
      <target m_id="28"/>
    </TLINK>
    <TLINK r_id="249731" contextualModality="" relType="CONTAINS" comment="">
      <source m_id="73"/>
      <target m_id="11"/>
    </TLINK>
    <TLINK r_id="249733" contextualModality="" relType="BEFORE" comment="">
      <source m_id="73"/>
      <target m_id="9"/>
    </TLINK>
    <TLINK r_id="249734" contextualModality="" relType="CONTAINS" comment="TC: del">
      <source m_id="29"/>
      <target m_id="29"/>
    </TLINK>
    <TLINK r_id="249735" contextualModality="" relType="CONTAINS" comment="TC: del">
      <source m_id="29"/>
      <target m_id="5"/>
    </TLINK>
    <TLINK r_id="249736" contextualModality="" relType="AFTER" comment="TC: del">
      <source m_id="29"/>
      <target m_id="6"/>
    </TLINK>
    <TLINK r_id="249737" contextualModality="" relType="AFTER" comment="">
      <source m_id="74"/>
      <target m_id="3"/>
    </TLINK>
    <TLINK r_id="249738" contextualModality="" relType="AFTER" comment="">
      <source m_id="74"/>
      <target m_id="14"/>
    </TLINK>
    <TLINK r_id="249739" contextualModality="" relType="AFTER" comment="">
      <source m_id="74"/>
      <target m_id="15"/>
    </TLINK>
    <TLINK r_id="249740" contextualModality="" relType="AFTER" comment="">
      <source m_id="74"/>
      <target m_id="39"/>
    </TLINK>
    <TLINK r_id="249741" contextualModality="" relType="AFTER" comment="">
      <source m_id="74"/>
      <target m_id="17"/>
    </TLINK>
    <TLINK r_id="249742" contextualModality="" relType="AFTER" comment="">
      <source m_id="74"/>
      <target m_id="16"/>
    </TLINK>
    <TLINK r_id="249743" contextualModality="" relType="AFTER" comment="">
      <source m_id="74"/>
      <target m_id="18"/>
    </TLINK>
    <TLINK r_id="249744" contextualModality="" relType="AFTER" comment="">
      <source m_id="74"/>
      <target m_id="19"/>
    </TLINK>
    <TLINK r_id="249745" contextualModality="" relType="AFTER" comment="">
      <source m_id="74"/>
      <target m_id="20"/>
    </TLINK>
    <TLINK r_id="249746" contextualModality="" relType="AFTER" comment="">
      <source m_id="74"/>
      <target m_id="26"/>
    </TLINK>
    <TLINK r_id="249747" contextualModality="" relType="AFTER" comment="">
      <source m_id="74"/>
      <target m_id="21"/>
    </TLINK>
    <TLINK r_id="249748" contextualModality="" relType="AFTER" comment="">
      <source m_id="74"/>
      <target m_id="22"/>
    </TLINK>
    <TLINK r_id="249749" contextualModality="" relType="AFTER" comment="">
      <source m_id="74"/>
      <target m_id="23"/>
    </TLINK>
    <TLINK r_id="249750" contextualModality="" relType="AFTER" comment="">
      <source m_id="74"/>
      <target m_id="24"/>
    </TLINK>
    <TLINK r_id="249751" contextualModality="" relType="AFTER" comment="">
      <source m_id="74"/>
      <target m_id="25"/>
    </TLINK>
    <TLINK r_id="249752" contextualModality="" relType="AFTER" comment="">
      <source m_id="74"/>
      <target m_id="27"/>
    </TLINK>
    <TLINK r_id="249753" contextualModality="" relType="AFTER" comment="">
      <source m_id="74"/>
      <target m_id="28"/>
    </TLINK>
    <TLINK r_id="249754" contextualModality="" relType="AFTER" comment="">
      <source m_id="74"/>
      <target m_id="11"/>
    </TLINK>
    <TLINK r_id="249755" contextualModality="" relType="OVERLAP" comment="">
      <source m_id="74"/>
      <target m_id="13"/>
    </TLINK>
    <TLINK r_id="249756" contextualModality="" relType="AFTER" comment="">
      <source m_id="74"/>
      <target m_id="29"/>
    </TLINK>
    <PLOT_LINK r_id="249757" SIGNAL="" relType="PRECONDITION" CAUSES="FALSE" CAUSED_BY="FALSE">
      <source m_id="3"/>
      <target m_id="15"/>
    </PLOT_LINK>
    <PLOT_LINK r_id="249758" SIGNAL="" relType="PRECONDITION" CAUSES="FALSE" CAUSED_BY="FALSE">
      <source m_id="3"/>
      <target m_id="39"/>
    </PLOT_LINK>
    <PLOT_LINK r_id="249759" SIGNAL="" relType="PRECONDITION" CAUSES="FALSE" CAUSED_BY="FALSE">
      <source m_id="4"/>
      <target m_id="12"/>
    </PLOT_LINK>
    <PLOT_LINK r_id="249760" SIGNAL="" relType="PRECONDITION" CAUSES="FALSE" CAUSED_BY="FALSE">
      <source m_id="19"/>
      <target m_id="20"/>
    </PLOT_LINK>
    <PLOT_LINK r_id="249761" SIGNAL="" relType="PRECONDITION" CAUSES="FALSE" CAUSED_BY="FALSE">
      <source m_id="19"/>
      <target m_id="26"/>
    </PLOT_LINK>
    <PLOT_LINK r_id="249762" SIGNAL="" relType="FALLING_ACTION" CAUSES="FALSE" CAUSED_BY="FALSE">
      <source m_id="21"/>
      <target m_id="22"/>
    </PLOT_LINK>
    <PLOT_LINK r_id="249763" SIGNAL="2" relType="PRECONDITION" CAUSES="TRUE" CAUSED_BY="FALSE">
      <source m_id="24"/>
      <target m_id="25"/>
    </PLOT_LINK>
    <PLOT_LINK r_id="249764" SIGNAL="" relType="PRECONDITION" CAUSES="FALSE" CAUSED_BY="FALSE">
      <source m_id="22"/>
      <target m_id="27"/>
    </PLOT_LINK>
    <PLOT_LINK r_id="249765" SIGNAL="" relType="PRECONDITION" CAUSES="FALSE" CAUSED_BY="FALSE">
      <source m_id="22"/>
      <target m_id="11"/>
    </PLOT_LINK>
    <PLOT_LINK r_id="249766" SIGNAL="" relType="PRECONDITION" CAUSES="FALSE" CAUSED_BY="FALSE">
      <source m_id="29"/>
      <target m_id="5"/>
    </PLOT_LINK>
    <PLOT_LINK r_id="249767" SIGNAL="1" relType="FALLING_ACTION" CAUSES="FALSE" CAUSED_BY="TRUE">
      <source m_id="29"/>
      <target m_id="6"/>
    </PLOT_LINK>
    <PLOT_LINK r_id="249768" SIGNAL="" relType="PRECONDITION" CAUSES="FALSE" CAUSED_BY="FALSE">
      <source m_id="22"/>
      <target m_id="28"/>
    </PLOT_LINK>
    <TLINK r_id="249769" contextualModality="" relType="CONTAINS" comment="">
      <source m_id="73"/>
      <target m_id="4"/>
    </TLINK>
    <TLINK r_id="249770" contextualModality="" relType="CONTAINS" comment="">
      <source m_id="73"/>
      <target m_id="10"/>
    </TLINK>
    <TLINK r_id="249771" contextualModality="" relType="BEFORE" comment="">
      <source m_id="73"/>
      <target m_id="12"/>
    </TLINK>
    <TLINK r_id="249772" contextualModality="" relType="AFTER" comment="">
      <source m_id="74"/>
      <target m_id="4"/>
    </TLINK>
    <TLINK r_id="249773" contextualModality="" relType="AFTER" comment="">
      <source m_id="74"/>
      <target m_id="10"/>
    </TLINK>
    <TLINK r_id="249774" contextualModality="" relType="AFTER" comment="">
      <source m_id="74"/>
      <target m_id="12"/>
    </TLINK>
    <TLINK r_id="253491" contextualModality="" relType="OVERLAP" comment="">
      <source m_id="74"/>
      <target m_id="37"/>
    </TLINK>
    <TLINK r_id="253492" contextualModality="" relType="AFTER" comment="">
      <source m_id="74"/>
      <target m_id="5"/>
    </TLINK>
    <TLINK r_id="253493" contextualModality="" relType="AFTER" comment="">
      <source m_id="74"/>
      <target m_id="6"/>
    </TLINK>
  </Relations>
</Document>
