<?xml version='1.0' encoding='UTF-8'?>
<Document doc_name="37_2ecbplus.xml">
  <token t_id="1" sentence="0" number="0">http</token>
  <token t_id="2" sentence="0" number="1">:</token>
  <token t_id="3" sentence="0" number="2">/</token>
  <token t_id="4" sentence="0" number="3">/</token>
  <token t_id="5" sentence="0" number="4">www</token>
  <token t_id="6" sentence="0" number="5">.</token>
  <token t_id="7" sentence="0" number="6">presstv</token>
  <token t_id="8" sentence="0" number="7">.</token>
  <token t_id="9" sentence="0" number="8">com</token>
  <token t_id="10" sentence="0" number="9">/</token>
  <token t_id="11" sentence="0" number="10">detail</token>
  <token t_id="12" sentence="0" number="11">/</token>
  <token t_id="13" sentence="0" number="12">2013</token>
  <token t_id="14" sentence="0" number="13">/</token>
  <token t_id="15" sentence="0" number="14">07</token>
  <token t_id="16" sentence="0" number="15">/</token>
  <token t_id="17" sentence="0" number="16">02</token>
  <token t_id="18" sentence="0" number="17">/</token>
  <token t_id="19" sentence="0" number="18">311886</token>
  <token t_id="20" sentence="0" number="19">/</token>
  <token t_id="21" sentence="0" number="20">strong</token>
  <token t_id="22" sentence="0" number="21">-</token>
  <token t_id="23" sentence="0" number="22">earthquake</token>
  <token t_id="24" sentence="0" number="23">-</token>
  <token t_id="25" sentence="0" number="24">hits</token>
  <token t_id="26" sentence="0" number="25">-</token>
  <token t_id="27" sentence="0" number="26">indonesia</token>
  <token t_id="28" sentence="0" number="27">/</token>
  <token t_id="29" sentence="1" number="0">6</token>
  <token t_id="30" sentence="1" number="1">.</token>
  <token t_id="31" sentence="1" number="2">1</token>
  <token t_id="32" sentence="1" number="3">-</token>
  <token t_id="33" sentence="1" number="4">magnitude</token>
  <token t_id="34" sentence="1" number="5">quake</token>
  <token t_id="35" sentence="1" number="6">strikes</token>
  <token t_id="36" sentence="1" number="7">Indonesia's</token>
  <token t_id="37" sentence="1" number="8">Aceh</token>
  <token t_id="38" sentence="1" number="9">province</token>
  <token t_id="39" sentence="2" number="0">Tue</token>
  <token t_id="40" sentence="2" number="1">Jul</token>
  <token t_id="41" sentence="2" number="2">2</token>
  <token t_id="42" sentence="2" number="3">,</token>
  <token t_id="43" sentence="2" number="4">2013</token>
  <token t_id="44" sentence="2" number="5">1</token>
  <token t_id="45" sentence="2" number="6">:</token>
  <token t_id="46" sentence="2" number="7">28PM</token>
  <token t_id="47" sentence="2" number="8">GMT</token>
  <token t_id="48" sentence="3" number="0">A</token>
  <token t_id="49" sentence="3" number="1">powerful</token>
  <token t_id="50" sentence="3" number="2">6</token>
  <token t_id="51" sentence="3" number="3">.</token>
  <token t_id="52" sentence="3" number="4">1</token>
  <token t_id="53" sentence="3" number="5">-</token>
  <token t_id="54" sentence="3" number="6">magnitude</token>
  <token t_id="55" sentence="3" number="7">earthquake</token>
  <token t_id="56" sentence="3" number="8">strikes</token>
  <token t_id="57" sentence="3" number="9">the</token>
  <token t_id="58" sentence="3" number="10">northern</token>
  <token t_id="59" sentence="3" number="11">Indonesian</token>
  <token t_id="60" sentence="3" number="12">province</token>
  <token t_id="61" sentence="3" number="13">of</token>
  <token t_id="62" sentence="3" number="14">Aceh</token>
  <token t_id="63" sentence="3" number="15">,</token>
  <token t_id="64" sentence="3" number="16">killing</token>
  <token t_id="65" sentence="3" number="17">at</token>
  <token t_id="66" sentence="3" number="18">least</token>
  <token t_id="67" sentence="3" number="19">three</token>
  <token t_id="68" sentence="3" number="20">people</token>
  <token t_id="69" sentence="3" number="21">and</token>
  <token t_id="70" sentence="3" number="22">injuring</token>
  <token t_id="71" sentence="3" number="23">dozens</token>
  <token t_id="72" sentence="3" number="24">more</token>
  <token t_id="73" sentence="3" number="25">across</token>
  <token t_id="74" sentence="3" number="26">the</token>
  <token t_id="75" sentence="3" number="27">affected</token>
  <token t_id="76" sentence="3" number="28">region</token>
  <token t_id="77" sentence="3" number="29">.</token>
  <token t_id="78" sentence="4" number="0">According</token>
  <token t_id="79" sentence="4" number="1">to</token>
  <token t_id="80" sentence="4" number="2">the</token>
  <token t_id="81" sentence="4" number="3">US</token>
  <token t_id="82" sentence="4" number="4">Geological</token>
  <token t_id="83" sentence="4" number="5">Survey</token>
  <token t_id="84" sentence="4" number="6">,</token>
  <token t_id="85" sentence="4" number="7">the</token>
  <token t_id="86" sentence="4" number="8">quake</token>
  <token t_id="87" sentence="4" number="9">hit</token>
  <token t_id="88" sentence="4" number="10">at</token>
  <token t_id="89" sentence="4" number="11">a</token>
  <token t_id="90" sentence="4" number="12">depth</token>
  <token t_id="91" sentence="4" number="13">of</token>
  <token t_id="92" sentence="4" number="14">10</token>
  <token t_id="93" sentence="4" number="15">kilometers</token>
  <token t_id="94" sentence="4" number="16">(</token>
  <token t_id="95" sentence="4" number="17">6</token>
  <token t_id="96" sentence="4" number="18">miles</token>
  <token t_id="97" sentence="4" number="19">)</token>
  <token t_id="98" sentence="4" number="20">in</token>
  <token t_id="99" sentence="4" number="21">the</token>
  <token t_id="100" sentence="4" number="22">Northern</token>
  <token t_id="101" sentence="4" number="23">Province</token>
  <token t_id="102" sentence="4" number="24">of</token>
  <token t_id="103" sentence="4" number="25">Aceh</token>
  <token t_id="104" sentence="4" number="26">.</token>
  <token t_id="105" sentence="5" number="0">The</token>
  <token t_id="106" sentence="5" number="1">epicenter</token>
  <token t_id="107" sentence="5" number="2">was</token>
  <token t_id="108" sentence="5" number="3">situated</token>
  <token t_id="109" sentence="5" number="4">55</token>
  <token t_id="110" sentence="5" number="5">kilometers</token>
  <token t_id="111" sentence="5" number="6">(</token>
  <token t_id="112" sentence="5" number="7">34</token>
  <token t_id="113" sentence="5" number="8">miles</token>
  <token t_id="114" sentence="5" number="9">)</token>
  <token t_id="115" sentence="5" number="10">west</token>
  <token t_id="116" sentence="5" number="11">of</token>
  <token t_id="117" sentence="5" number="12">the</token>
  <token t_id="118" sentence="5" number="13">town</token>
  <token t_id="119" sentence="5" number="14">of</token>
  <token t_id="120" sentence="5" number="15">Bireun</token>
  <token t_id="121" sentence="5" number="16">on</token>
  <token t_id="122" sentence="5" number="17">the</token>
  <token t_id="123" sentence="5" number="18">western</token>
  <token t_id="124" sentence="5" number="19">tip</token>
  <token t_id="125" sentence="5" number="20">of</token>
  <token t_id="126" sentence="5" number="21">Sumatra</token>
  <token t_id="127" sentence="5" number="22">Island</token>
  <token t_id="128" sentence="5" number="23">.</token>
  <token t_id="129" sentence="6" number="0">Eyewitnesses</token>
  <token t_id="130" sentence="6" number="1">and</token>
  <token t_id="131" sentence="6" number="2">local</token>
  <token t_id="132" sentence="6" number="3">residents</token>
  <token t_id="133" sentence="6" number="4">say</token>
  <token t_id="134" sentence="6" number="5">many</token>
  <token t_id="135" sentence="6" number="6">homes</token>
  <token t_id="136" sentence="6" number="7">and</token>
  <token t_id="137" sentence="6" number="8">properties</token>
  <token t_id="138" sentence="6" number="9">have</token>
  <token t_id="139" sentence="6" number="10">collapsed</token>
  <token t_id="140" sentence="6" number="11">or</token>
  <token t_id="141" sentence="6" number="12">been</token>
  <token t_id="142" sentence="6" number="13">damaged</token>
  <token t_id="143" sentence="6" number="14">.</token>
  <token t_id="144" sentence="7" number="0">"I</token>
  <token t_id="145" sentence="7" number="1">see</token>
  <token t_id="146" sentence="7" number="2">many</token>
  <token t_id="147" sentence="7" number="3">houses</token>
  <token t_id="148" sentence="7" number="4">were</token>
  <token t_id="149" sentence="7" number="5">damaged</token>
  <token t_id="150" sentence="7" number="6">and</token>
  <token t_id="151" sentence="7" number="7">their</token>
  <token t_id="152" sentence="7" number="8">roofs</token>
  <token t_id="153" sentence="7" number="9">fell</token>
  <token t_id="154" sentence="7" number="10">onto</token>
  <token t_id="155" sentence="7" number="11">some</token>
  <token t_id="156" sentence="7" number="12">people</token>
  <token t_id="157" sentence="7" number="13">,</token>
  <token t_id="158" sentence="7" number="14">"</token>
  <token t_id="159" sentence="7" number="15">said</token>
  <token t_id="160" sentence="7" number="16">Bensu</token>
  <token t_id="161" sentence="7" number="17">Elianita</token>
  <token t_id="162" sentence="7" number="18">,</token>
  <token t_id="163" sentence="7" number="19">a</token>
  <token t_id="164" sentence="7" number="20">22</token>
  <token t_id="165" sentence="7" number="21">year</token>
  <token t_id="166" sentence="7" number="22">-</token>
  <token t_id="167" sentence="7" number="23">old</token>
  <token t_id="168" sentence="7" number="24">resident</token>
  <token t_id="169" sentence="7" number="25">in</token>
  <token t_id="170" sentence="7" number="26">Bukit</token>
  <token t_id="171" sentence="7" number="27">Sama</token>
  <token t_id="172" sentence="7" number="28">village</token>
  <token t_id="173" sentence="7" number="29">in</token>
  <token t_id="174" sentence="7" number="30">Central</token>
  <token t_id="175" sentence="7" number="31">Aceh</token>
  <token t_id="176" sentence="7" number="32">district</token>
  <token t_id="177" sentence="7" number="33">,</token>
  <token t_id="178" sentence="7" number="34">adding</token>
  <token t_id="179" sentence="7" number="35">,</token>
  <token t_id="180" sentence="7" number="36">"Many</token>
  <token t_id="181" sentence="7" number="37">people</token>
  <token t_id="182" sentence="7" number="38">were</token>
  <token t_id="183" sentence="7" number="39">injured</token>
  <token t_id="184" sentence="7" number="40">but</token>
  <token t_id="185" sentence="7" number="41">it</token>
  <token t_id="186" sentence="7" number="42">is</token>
  <token t_id="187" sentence="7" number="43">difficult</token>
  <token t_id="188" sentence="7" number="44">to</token>
  <token t_id="189" sentence="7" number="45">evacuate</token>
  <token t_id="190" sentence="7" number="46">them</token>
  <token t_id="191" sentence="7" number="47">due</token>
  <token t_id="192" sentence="7" number="48">to</token>
  <token t_id="193" sentence="7" number="49">traffic</token>
  <token t_id="194" sentence="7" number="50">jams</token>
  <token t_id="195" sentence="7" number="51">.</token>
  <token t_id="196" sentence="7" number="52">"</token>
  <token t_id="197" sentence="8" number="0">On</token>
  <token t_id="198" sentence="8" number="1">April</token>
  <token t_id="199" sentence="8" number="2">20</token>
  <token t_id="200" sentence="8" number="3">,</token>
  <token t_id="201" sentence="8" number="4">a</token>
  <token t_id="202" sentence="8" number="5">6</token>
  <token t_id="203" sentence="8" number="6">.</token>
  <token t_id="204" sentence="8" number="7">4</token>
  <token t_id="205" sentence="8" number="8">-</token>
  <token t_id="206" sentence="8" number="9">magnitude</token>
  <token t_id="207" sentence="8" number="10">earthquake</token>
  <token t_id="208" sentence="8" number="11">jolted</token>
  <token t_id="209" sentence="8" number="12">Indonesia's</token>
  <token t_id="210" sentence="8" number="13">Maluku</token>
  <token t_id="211" sentence="8" number="14">,</token>
  <token t_id="212" sentence="8" number="15">but</token>
  <token t_id="213" sentence="8" number="16">caused</token>
  <token t_id="214" sentence="8" number="17">no</token>
  <token t_id="215" sentence="8" number="18">casualties</token>
  <token t_id="216" sentence="8" number="19">or</token>
  <token t_id="217" sentence="8" number="20">material</token>
  <token t_id="218" sentence="8" number="21">damage</token>
  <token t_id="219" sentence="8" number="22">.</token>
  <token t_id="220" sentence="9" number="0">On</token>
  <token t_id="221" sentence="9" number="1">April</token>
  <token t_id="222" sentence="9" number="2">6</token>
  <token t_id="223" sentence="9" number="3">,</token>
  <token t_id="224" sentence="9" number="4">an</token>
  <token t_id="225" sentence="9" number="5">earthquake</token>
  <token t_id="226" sentence="9" number="6">measuring</token>
  <token t_id="227" sentence="9" number="7">7</token>
  <token t_id="228" sentence="9" number="8">.</token>
  <token t_id="229" sentence="9" number="9">2</token>
  <token t_id="230" sentence="9" number="10">on</token>
  <token t_id="231" sentence="9" number="11">the</token>
  <token t_id="232" sentence="9" number="12">Richter</token>
  <token t_id="233" sentence="9" number="13">scale</token>
  <token t_id="234" sentence="9" number="14">struck</token>
  <token t_id="235" sentence="9" number="15">eastern</token>
  <token t_id="236" sentence="9" number="16">Indonesia's</token>
  <token t_id="237" sentence="9" number="17">mountainous</token>
  <token t_id="238" sentence="9" number="18">West</token>
  <token t_id="239" sentence="9" number="19">Papua</token>
  <token t_id="240" sentence="9" number="20">province</token>
  <token t_id="241" sentence="9" number="21">.</token>
  <token t_id="242" sentence="10" number="0">Indonesia</token>
  <token t_id="243" sentence="10" number="1">is</token>
  <token t_id="244" sentence="10" number="2">vulnerable</token>
  <token t_id="245" sentence="10" number="3">to</token>
  <token t_id="246" sentence="10" number="4">earthquakes</token>
  <token t_id="247" sentence="10" number="5">since</token>
  <token t_id="248" sentence="10" number="6">it</token>
  <token t_id="249" sentence="10" number="7">is</token>
  <token t_id="250" sentence="10" number="8">located</token>
  <token t_id="251" sentence="10" number="9">on</token>
  <token t_id="252" sentence="10" number="10">the</token>
  <token t_id="253" sentence="10" number="11">Pacific</token>
  <token t_id="254" sentence="10" number="12">Ring</token>
  <token t_id="255" sentence="10" number="13">of</token>
  <token t_id="256" sentence="10" number="14">Fire</token>
  <token t_id="257" sentence="10" number="15">,</token>
  <token t_id="258" sentence="10" number="16">a</token>
  <token t_id="259" sentence="10" number="17">region</token>
  <token t_id="260" sentence="10" number="18">known</token>
  <token t_id="261" sentence="10" number="19">for</token>
  <token t_id="262" sentence="10" number="20">its</token>
  <token t_id="263" sentence="10" number="21">seismic</token>
  <token t_id="264" sentence="10" number="22">and</token>
  <token t_id="265" sentence="10" number="23">volcanic</token>
  <token t_id="266" sentence="10" number="24">activity</token>
  <token t_id="267" sentence="10" number="25">caused</token>
  <token t_id="268" sentence="10" number="26">by</token>
  <token t_id="269" sentence="10" number="27">friction</token>
  <token t_id="270" sentence="10" number="28">between</token>
  <token t_id="271" sentence="10" number="29">shifting</token>
  <token t_id="272" sentence="10" number="30">tectonic</token>
  <token t_id="273" sentence="10" number="31">plates</token>
  <token t_id="274" sentence="10" number="32">.</token>
  <token t_id="275" sentence="11" number="0">Last</token>
  <token t_id="276" sentence="11" number="1">year</token>
  <token t_id="277" sentence="11" number="2">,</token>
  <token t_id="278" sentence="11" number="3">a</token>
  <token t_id="279" sentence="11" number="4">6</token>
  <token t_id="280" sentence="11" number="5">.</token>
  <token t_id="281" sentence="11" number="6">4</token>
  <token t_id="282" sentence="11" number="7">-</token>
  <token t_id="283" sentence="11" number="8">magnitude</token>
  <token t_id="284" sentence="11" number="9">quake</token>
  <token t_id="285" sentence="11" number="10">rocked</token>
  <token t_id="286" sentence="11" number="11">the</token>
  <token t_id="287" sentence="11" number="12">west</token>
  <token t_id="288" sentence="11" number="13">coast</token>
  <token t_id="289" sentence="11" number="14">of</token>
  <token t_id="290" sentence="11" number="15">Sumatra</token>
  <token t_id="291" sentence="11" number="16">Island</token>
  <token t_id="292" sentence="11" number="17">,</token>
  <token t_id="293" sentence="11" number="18">killing</token>
  <token t_id="294" sentence="11" number="19">at</token>
  <token t_id="295" sentence="11" number="20">least</token>
  <token t_id="296" sentence="11" number="21">one</token>
  <token t_id="297" sentence="11" number="22">person</token>
  <token t_id="298" sentence="11" number="23">.</token>
  <token t_id="299" sentence="12" number="0">An</token>
  <token t_id="300" sentence="12" number="1">8</token>
  <token t_id="301" sentence="12" number="2">.</token>
  <token t_id="302" sentence="12" number="3">7</token>
  <token t_id="303" sentence="12" number="4">-</token>
  <token t_id="304" sentence="12" number="5">magnitude</token>
  <token t_id="305" sentence="12" number="6">earthquake</token>
  <token t_id="306" sentence="12" number="7">also</token>
  <token t_id="307" sentence="12" number="8">hit</token>
  <token t_id="308" sentence="12" number="9">off</token>
  <token t_id="309" sentence="12" number="10">the</token>
  <token t_id="310" sentence="12" number="11">city</token>
  <token t_id="311" sentence="12" number="12">of</token>
  <token t_id="312" sentence="12" number="13">Banda</token>
  <token t_id="313" sentence="12" number="14">Aceh</token>
  <token t_id="314" sentence="12" number="15">in</token>
  <token t_id="315" sentence="12" number="16">Sumatra</token>
  <token t_id="316" sentence="12" number="17">Island</token>
  <token t_id="317" sentence="12" number="18">in</token>
  <token t_id="318" sentence="12" number="19">May</token>
  <token t_id="319" sentence="12" number="20">2012</token>
  <token t_id="320" sentence="12" number="21">,</token>
  <token t_id="321" sentence="12" number="22">triggering</token>
  <token t_id="322" sentence="12" number="23">regional</token>
  <token t_id="323" sentence="12" number="24">tsunami</token>
  <token t_id="324" sentence="12" number="25">alerts</token>
  <token t_id="325" sentence="12" number="26">.</token>
  <token t_id="326" sentence="13" number="0">A</token>
  <token t_id="327" sentence="13" number="1">strong</token>
  <token t_id="328" sentence="13" number="2">quake</token>
  <token t_id="329" sentence="13" number="3">off</token>
  <token t_id="330" sentence="13" number="4">the</token>
  <token t_id="331" sentence="13" number="5">shores</token>
  <token t_id="332" sentence="13" number="6">of</token>
  <token t_id="333" sentence="13" number="7">Indonesia</token>
  <token t_id="334" sentence="13" number="8">triggered</token>
  <token t_id="335" sentence="13" number="9">a</token>
  <token t_id="336" sentence="13" number="10">tsunami</token>
  <token t_id="337" sentence="13" number="11">that</token>
  <token t_id="338" sentence="13" number="12">killed</token>
  <token t_id="339" sentence="13" number="13">230</token>
  <token t_id="340" sentence="13" number="14">,</token>
  <token t_id="341" sentence="13" number="15">000</token>
  <token t_id="342" sentence="13" number="16">people</token>
  <token t_id="343" sentence="13" number="17">in</token>
  <token t_id="344" sentence="13" number="18">13</token>
  <token t_id="345" sentence="13" number="19">countries</token>
  <token t_id="346" sentence="13" number="20">around</token>
  <token t_id="347" sentence="13" number="21">the</token>
  <token t_id="348" sentence="13" number="22">Indian</token>
  <token t_id="349" sentence="13" number="23">Ocean</token>
  <token t_id="350" sentence="13" number="24">in</token>
  <token t_id="351" sentence="13" number="25">2004</token>
  <token t_id="352" sentence="13" number="26">.</token>
  <Markables>
    <ACTION_CAUSATIVE m_id="1" comment="">
      <token_anchor t_id="334"/>
    </ACTION_CAUSATIVE>
    <ACTION_CAUSATIVE m_id="2" comment="">
      <token_anchor t_id="321"/>
    </ACTION_CAUSATIVE>
    <ACTION_OCCURRENCE m_id="3" climaxEvent="FALSE" comment="">
      <token_anchor t_id="87"/>
    </ACTION_OCCURRENCE>
    <ACTION_OCCURRENCE m_id="4" climaxEvent="FALSE" comment="">
      <token_anchor t_id="142"/>
    </ACTION_OCCURRENCE>
    <ACTION_OCCURRENCE m_id="5" climaxEvent="FALSE" comment="">
      <token_anchor t_id="86"/>
    </ACTION_OCCURRENCE>
    <ACTION_OCCURRENCE m_id="6" climaxEvent="FALSE" comment="">
      <token_anchor t_id="149"/>
    </ACTION_OCCURRENCE>
    <ACTION_OCCURRENCE m_id="7" climaxEvent="FALSE" comment="">
      <token_anchor t_id="153"/>
      <token_anchor t_id="154"/>
    </ACTION_OCCURRENCE>
    <ACTION_OCCURRENCE m_id="8" climaxEvent="FALSE" comment="">
      <token_anchor t_id="183"/>
    </ACTION_OCCURRENCE>
    <ACTION_OCCURRENCE m_id="9" climaxEvent="FALSE" comment="">
      <token_anchor t_id="328"/>
    </ACTION_OCCURRENCE>
    <ACTION_OCCURRENCE m_id="10" climaxEvent="FALSE" comment="">
      <token_anchor t_id="336"/>
    </ACTION_OCCURRENCE>
    <ACTION_OCCURRENCE m_id="11" climaxEvent="FALSE" comment="">
      <token_anchor t_id="338"/>
    </ACTION_OCCURRENCE>
    <ACTION_OCCURRENCE m_id="12" climaxEvent="FALSE" comment="">
      <token_anchor t_id="300"/>
      <token_anchor t_id="301"/>
      <token_anchor t_id="302"/>
      <token_anchor t_id="303"/>
      <token_anchor t_id="304"/>
      <token_anchor t_id="305"/>
    </ACTION_OCCURRENCE>
    <ACTION_OCCURRENCE m_id="13" climaxEvent="FALSE" comment="">
      <token_anchor t_id="323"/>
      <token_anchor t_id="324"/>
    </ACTION_OCCURRENCE>
    <ACTION_OCCURRENCE m_id="14" climaxEvent="FALSE" comment="">
      <token_anchor t_id="307"/>
    </ACTION_OCCURRENCE>
    <ACTION_OCCURRENCE m_id="15" climaxEvent="FALSE" comment="">
      <token_anchor t_id="208"/>
    </ACTION_OCCURRENCE>
    <ACTION_OCCURRENCE m_id="16" climaxEvent="FALSE" comment="">
      <token_anchor t_id="279"/>
      <token_anchor t_id="280"/>
      <token_anchor t_id="281"/>
      <token_anchor t_id="282"/>
      <token_anchor t_id="283"/>
      <token_anchor t_id="284"/>
    </ACTION_OCCURRENCE>
    <ACTION_OCCURRENCE m_id="17" climaxEvent="FALSE" comment="">
      <token_anchor t_id="285"/>
    </ACTION_OCCURRENCE>
    <ACTION_OCCURRENCE m_id="18" climaxEvent="FALSE" comment="">
      <token_anchor t_id="293"/>
    </ACTION_OCCURRENCE>
    <ACTION_OCCURRENCE m_id="19" climaxEvent="TRUE" comment="">
      <token_anchor t_id="29"/>
      <token_anchor t_id="30"/>
      <token_anchor t_id="31"/>
      <token_anchor t_id="32"/>
      <token_anchor t_id="33"/>
      <token_anchor t_id="34"/>
    </ACTION_OCCURRENCE>
    <ACTION_OCCURRENCE m_id="20" climaxEvent="FALSE" comment="">
      <token_anchor t_id="225"/>
    </ACTION_OCCURRENCE>
    <ACTION_OCCURRENCE m_id="21" climaxEvent="FALSE" comment="">
      <token_anchor t_id="35"/>
    </ACTION_OCCURRENCE>
    <ACTION_OCCURRENCE m_id="22" climaxEvent="FALSE" comment="">
      <token_anchor t_id="234"/>
    </ACTION_OCCURRENCE>
    <ACTION_OCCURRENCE m_id="23" climaxEvent="FALSE" comment="">
      <token_anchor t_id="50"/>
      <token_anchor t_id="51"/>
      <token_anchor t_id="52"/>
      <token_anchor t_id="53"/>
      <token_anchor t_id="54"/>
      <token_anchor t_id="55"/>
    </ACTION_OCCURRENCE>
    <ACTION_OCCURRENCE m_id="24" climaxEvent="FALSE" comment="">
      <token_anchor t_id="202"/>
      <token_anchor t_id="203"/>
      <token_anchor t_id="204"/>
      <token_anchor t_id="205"/>
      <token_anchor t_id="206"/>
      <token_anchor t_id="207"/>
    </ACTION_OCCURRENCE>
    <ACTION_OCCURRENCE m_id="25" climaxEvent="FALSE" comment="">
      <token_anchor t_id="56"/>
    </ACTION_OCCURRENCE>
    <ACTION_OCCURRENCE m_id="26" climaxEvent="FALSE" comment="">
      <token_anchor t_id="189"/>
    </ACTION_OCCURRENCE>
    <ACTION_OCCURRENCE m_id="27" climaxEvent="FALSE" comment="">
      <token_anchor t_id="64"/>
    </ACTION_OCCURRENCE>
    <ACTION_OCCURRENCE m_id="28" climaxEvent="FALSE" comment="">
      <token_anchor t_id="193"/>
      <token_anchor t_id="194"/>
    </ACTION_OCCURRENCE>
    <ACTION_OCCURRENCE m_id="29" climaxEvent="FALSE" comment="">
      <token_anchor t_id="70"/>
    </ACTION_OCCURRENCE>
    <ACTION_OCCURRENCE m_id="30" climaxEvent="FALSE" comment="">
      <token_anchor t_id="139"/>
    </ACTION_OCCURRENCE>
    <ACTION_PERCEPTION m_id="31" comment="" climaxEvent="FALSE">
      <token_anchor t_id="145"/>
    </ACTION_PERCEPTION>
    <ACTION_REPORTING m_id="33" comment="">
      <token_anchor t_id="159"/>
    </ACTION_REPORTING>
    <ACTION_REPORTING m_id="34" comment="">
      <token_anchor t_id="133"/>
    </ACTION_REPORTING>
    <ACTION_REPORTING m_id="35" comment="">
      <token_anchor t_id="78"/>
      <token_anchor t_id="79"/>
    </ACTION_REPORTING>
    <ACTION_REPORTING m_id="32" comment="">
      <token_anchor t_id="178"/>
    </ACTION_REPORTING>
    <ACTION_STATE m_id="36" climaxEvent="FALSE" comment="">
      <token_anchor t_id="108"/>
    </ACTION_STATE>
    <ACTION_STATE m_id="37" climaxEvent="FALSE" comment="">
      <token_anchor t_id="187"/>
    </ACTION_STATE>
    <ACTION_STATE m_id="38" climaxEvent="FALSE" comment="">
      <token_anchor t_id="226"/>
    </ACTION_STATE>
    <HUMAN_PART_ORG m_id="39">
      <token_anchor t_id="81"/>
      <token_anchor t_id="82"/>
      <token_anchor t_id="83"/>
    </HUMAN_PART_ORG>
    <HUMAN_PART_PER m_id="40" comment="">
      <token_anchor t_id="67"/>
      <token_anchor t_id="68"/>
    </HUMAN_PART_PER>
    <HUMAN_PART_PER m_id="41" comment="">
      <token_anchor t_id="71"/>
    </HUMAN_PART_PER>
    <HUMAN_PART_PER m_id="42" comment="">
      <token_anchor t_id="129"/>
    </HUMAN_PART_PER>
    <HUMAN_PART_PER m_id="43" comment="">
      <token_anchor t_id="131"/>
      <token_anchor t_id="132"/>
    </HUMAN_PART_PER>
    <HUMAN_PART_PER m_id="44" comment="">
      <token_anchor t_id="160"/>
      <token_anchor t_id="161"/>
    </HUMAN_PART_PER>
    <HUMAN_PART_PER m_id="45" comment="">
      <token_anchor t_id="156"/>
    </HUMAN_PART_PER>
    <HUMAN_PART_PER m_id="46" comment="">
      <token_anchor t_id="181"/>
    </HUMAN_PART_PER>
    <HUMAN_PART_PER m_id="47" comment="">
      <token_anchor t_id="144"/>
    </HUMAN_PART_PER>
    <HUMAN_PART_PER m_id="48" comment="">
      <token_anchor t_id="190"/>
    </HUMAN_PART_PER>
    <HUMAN_PART_PER m_id="49" comment="">
      <token_anchor t_id="296"/>
      <token_anchor t_id="297"/>
    </HUMAN_PART_PER>
    <HUMAN_PART_PER m_id="50" comment="">
      <token_anchor t_id="339"/>
      <token_anchor t_id="340"/>
      <token_anchor t_id="341"/>
      <token_anchor t_id="342"/>
    </HUMAN_PART_PER>
    <LOC_FAC m_id="51">
      <token_anchor t_id="137"/>
    </LOC_FAC>
    <LOC_FAC m_id="52">
      <token_anchor t_id="308"/>
      <token_anchor t_id="309"/>
      <token_anchor t_id="310"/>
      <token_anchor t_id="311"/>
      <token_anchor t_id="312"/>
      <token_anchor t_id="313"/>
      <token_anchor t_id="314"/>
      <token_anchor t_id="315"/>
      <token_anchor t_id="316"/>
    </LOC_FAC>
    <LOC_FAC m_id="53">
      <token_anchor t_id="147"/>
    </LOC_FAC>
    <LOC_FAC m_id="54">
      <token_anchor t_id="135"/>
    </LOC_FAC>
    <LOC_GEO m_id="65" comment="">
      <token_anchor t_id="210"/>
    </LOC_GEO>
    <LOC_GEO m_id="55" comment="">
      <token_anchor t_id="235"/>
      <token_anchor t_id="236"/>
      <token_anchor t_id="237"/>
      <token_anchor t_id="238"/>
      <token_anchor t_id="239"/>
      <token_anchor t_id="240"/>
    </LOC_GEO>
    <LOC_GEO m_id="56" comment="">
      <token_anchor t_id="287"/>
      <token_anchor t_id="288"/>
      <token_anchor t_id="289"/>
      <token_anchor t_id="290"/>
      <token_anchor t_id="291"/>
    </LOC_GEO>
    <LOC_GEO m_id="57" comment="">
      <token_anchor t_id="343"/>
      <token_anchor t_id="344"/>
      <token_anchor t_id="345"/>
      <token_anchor t_id="346"/>
      <token_anchor t_id="347"/>
      <token_anchor t_id="348"/>
      <token_anchor t_id="349"/>
    </LOC_GEO>
    <LOC_GEO m_id="58" comment="">
      <token_anchor t_id="329"/>
      <token_anchor t_id="330"/>
      <token_anchor t_id="331"/>
      <token_anchor t_id="332"/>
      <token_anchor t_id="333"/>
    </LOC_GEO>
    <LOC_GEO m_id="59" comment="">
      <token_anchor t_id="36"/>
      <token_anchor t_id="37"/>
      <token_anchor t_id="38"/>
    </LOC_GEO>
    <LOC_GEO m_id="60" comment="">
      <token_anchor t_id="58"/>
      <token_anchor t_id="59"/>
      <token_anchor t_id="60"/>
      <token_anchor t_id="61"/>
      <token_anchor t_id="62"/>
    </LOC_GEO>
    <LOC_GEO m_id="61" comment="">
      <token_anchor t_id="75"/>
      <token_anchor t_id="76"/>
    </LOC_GEO>
    <LOC_GEO m_id="62" comment="">
      <token_anchor t_id="98"/>
      <token_anchor t_id="99"/>
      <token_anchor t_id="100"/>
      <token_anchor t_id="101"/>
      <token_anchor t_id="102"/>
      <token_anchor t_id="103"/>
    </LOC_GEO>
    <LOC_GEO m_id="63" comment="">
      <token_anchor t_id="109"/>
      <token_anchor t_id="110"/>
      <token_anchor t_id="111"/>
      <token_anchor t_id="112"/>
      <token_anchor t_id="113"/>
      <token_anchor t_id="114"/>
      <token_anchor t_id="115"/>
      <token_anchor t_id="116"/>
      <token_anchor t_id="117"/>
      <token_anchor t_id="118"/>
      <token_anchor t_id="119"/>
      <token_anchor t_id="120"/>
      <token_anchor t_id="121"/>
      <token_anchor t_id="122"/>
      <token_anchor t_id="123"/>
      <token_anchor t_id="124"/>
      <token_anchor t_id="125"/>
      <token_anchor t_id="126"/>
      <token_anchor t_id="127"/>
    </LOC_GEO>
    <LOC_GEO m_id="64" comment="">
      <token_anchor t_id="169"/>
      <token_anchor t_id="170"/>
      <token_anchor t_id="171"/>
      <token_anchor t_id="172"/>
      <token_anchor t_id="173"/>
      <token_anchor t_id="174"/>
      <token_anchor t_id="175"/>
      <token_anchor t_id="176"/>
    </LOC_GEO>
    <NEG_ACTION_CAUSATIVE m_id="66" comment="">
      <token_anchor t_id="213"/>
    </NEG_ACTION_CAUSATIVE>
    <NEG_ACTION_OCCURRENCE m_id="67" climaxEvent="FALSE" comment="">
      <token_anchor t_id="215"/>
    </NEG_ACTION_OCCURRENCE>
    <NEG_ACTION_OCCURRENCE m_id="68" climaxEvent="FALSE" comment="">
      <token_anchor t_id="217"/>
      <token_anchor t_id="218"/>
    </NEG_ACTION_OCCURRENCE>
    <NON_HUMAN_PART m_id="69" comment="">
      <token_anchor t_id="152"/>
    </NON_HUMAN_PART>
    <NON_HUMAN_PART m_id="70" comment="">
      <token_anchor t_id="106"/>
    </NON_HUMAN_PART>
    <TIME_DATE m_id="71" comment="" DCT="FALSE" value="2012-05" anchorTimeID="71">
      <token_anchor t_id="318"/>
      <token_anchor t_id="319"/>
    </TIME_DATE>
    <TIME_DATE m_id="72" comment="" DCT="FALSE" value="2004" anchorTimeID="72">
      <token_anchor t_id="351"/>
    </TIME_DATE>
    <TIME_DATE m_id="73" comment="" DCT="FALSE" value="2012" anchorTimeID="76">
      <token_anchor t_id="275"/>
      <token_anchor t_id="276"/>
    </TIME_DATE>
    <TIME_DATE m_id="74" comment="" DCT="FALSE" value="2013-04-20" anchorTimeID="74">
      <token_anchor t_id="198"/>
      <token_anchor t_id="199"/>
    </TIME_DATE>
    <TIME_DATE m_id="75" comment="" DCT="FALSE" value="2013-04-06" anchorTimeID="75">
      <token_anchor t_id="221"/>
      <token_anchor t_id="222"/>
    </TIME_DATE>
    <TIME_OF_THE_DAY m_id="76" DCT="TRUE" value="2013-07-02T13:28Z" anchorTimeID="76">
      <token_anchor t_id="39"/>
      <token_anchor t_id="40"/>
      <token_anchor t_id="41"/>
      <token_anchor t_id="42"/>
      <token_anchor t_id="43"/>
      <token_anchor t_id="44"/>
      <token_anchor t_id="45"/>
      <token_anchor t_id="46"/>
      <token_anchor t_id="47"/>
    </TIME_OF_THE_DAY>
    <HUMAN_PART_PER m_id="77" RELATED_TO="" TAG_DESCRIPTOR="t37_victims_of_quake" comment=""/>
    <ACTION_OCCURRENCE m_id="78" RELATED_TO="" TAG_DESCRIPTOR="t37_injured_dozens" climaxEvent="FALSE" comment=""/>
    <ACTION_REPORTING m_id="79" RELATED_TO="" TAG_DESCRIPTOR="t37_usgs_said" comment=""/>
    <LOC_GEO m_id="80" RELATED_TO="" TAG_DESCRIPTOR="t37_epicenter_loc" comment=""/>
    <ACTION_OCCURRENCE m_id="81" RELATED_TO="" TAG_DESCRIPTOR="t37_aceh_earthquake" climaxEvent="FALSE" comment=""/>
    <ACTION_OCCURRENCE m_id="82" RELATED_TO="" TAG_DESCRIPTOR="t37_earthquake_struck" climaxEvent="FALSE" comment=""/>
    <HUMAN_PART_PER m_id="83" RELATED_TO="" TAG_DESCRIPTOR="t37_50_people_injured" comment=""/>
    <NON_HUMAN_PART m_id="84" RELATED_TO="" TAG_DESCRIPTOR="t37_epicenter" comment=""/>
    <HUMAN_PART_ORG m_id="85" RELATED_TO="" TAG_DESCRIPTOR="t37_USGS"/>
    <LOC_GEO m_id="86" RELATED_TO="" TAG_DESCRIPTOR="t37_aceh_province" comment=""/>
    <ACTION_OCCURRENCE m_id="87" RELATED_TO="" TAG_DESCRIPTOR="t37_killed_people" climaxEvent="FALSE" comment=""/>
    <TIME_DATE m_id="88" RELATED_TO="28" TAG_DESCRIPTOR="Tue July 2, 2013" comment="" DCT="FALSE" value="" anchorTimeID=""/>
    <TIME_DATE m_id="89" RELATED_TO="" TAG_DESCRIPTOR="t_2013-07-02" comment="" DCT="FALSE" value="" anchorTimeID=""/>
  </Markables>
  <Relations>
    <TLINK r_id="248950" contextualModality="ACT" relType="CONTAINS" comment="">
      <source m_id="74"/>
      <target m_id="24"/>
    </TLINK>
    <TLINK r_id="248951" contextualModality="ACT" relType="CONTAINS" comment="">
      <source m_id="74"/>
      <target m_id="15"/>
    </TLINK>
    <TLINK r_id="248953" contextualModality="ACT" relType="CONTAINS" comment="">
      <source m_id="75"/>
      <target m_id="20"/>
    </TLINK>
    <TLINK r_id="248954" contextualModality="ACT" relType="CONTAINS" comment="">
      <source m_id="75"/>
      <target m_id="22"/>
    </TLINK>
    <TLINK r_id="248955" contextualModality="ACT" relType="CONTAINS" comment="">
      <source m_id="75"/>
      <target m_id="38"/>
    </TLINK>
    <TLINK r_id="248956" contextualModality="ACT" relType="CONTAINS" comment="">
      <source m_id="73"/>
      <target m_id="16"/>
    </TLINK>
    <TLINK r_id="248957" contextualModality="ACT" relType="CONTAINS" comment="">
      <source m_id="73"/>
      <target m_id="17"/>
    </TLINK>
    <TLINK r_id="248958" contextualModality="ACT" relType="CONTAINS" comment="">
      <source m_id="73"/>
      <target m_id="18"/>
    </TLINK>
    <TLINK r_id="248959" contextualModality="ACT" relType="CONTAINS" comment="">
      <source m_id="71"/>
      <target m_id="12"/>
    </TLINK>
    <TLINK r_id="248960" contextualModality="ACT" relType="CONTAINS" comment="">
      <source m_id="71"/>
      <target m_id="14"/>
    </TLINK>
    <TLINK r_id="248961" contextualModality="ACT" relType="CONTAINS" comment="">
      <source m_id="71"/>
      <target m_id="13"/>
    </TLINK>
    <TLINK r_id="248962" contextualModality="ACT" relType="CONTAINS" comment="">
      <source m_id="72"/>
      <target m_id="9"/>
    </TLINK>
    <TLINK r_id="248963" contextualModality="ACT" relType="CONTAINS" comment="">
      <source m_id="72"/>
      <target m_id="10"/>
    </TLINK>
    <TLINK r_id="248964" contextualModality="ACT" relType="CONTAINS" comment="">
      <source m_id="72"/>
      <target m_id="11"/>
    </TLINK>
    <TLINK r_id="248967" contextualModality="" relType="AFTER" comment="">
      <source m_id="76"/>
      <target m_id="23"/>
    </TLINK>
    <TLINK r_id="248968" contextualModality="" relType="AFTER" comment="">
      <source m_id="76"/>
      <target m_id="27"/>
    </TLINK>
    <TLINK r_id="248969" contextualModality="" relType="AFTER" comment="">
      <source m_id="76"/>
      <target m_id="29"/>
    </TLINK>
    <TLINK r_id="248970" contextualModality="" relType="AFTER" comment="">
      <source m_id="76"/>
      <target m_id="5"/>
    </TLINK>
    <TLINK r_id="248971" contextualModality="" relType="AFTER" comment="">
      <source m_id="76"/>
      <target m_id="3"/>
    </TLINK>
    <TLINK r_id="248972" contextualModality="" relType="AFTER" comment="">
      <source m_id="76"/>
      <target m_id="30"/>
    </TLINK>
    <TLINK r_id="248973" contextualModality="" relType="AFTER" comment="">
      <source m_id="76"/>
      <target m_id="4"/>
    </TLINK>
    <TLINK r_id="248974" contextualModality="" relType="AFTER" comment="">
      <source m_id="76"/>
      <target m_id="6"/>
    </TLINK>
    <TLINK r_id="248975" contextualModality="" relType="AFTER" comment="">
      <source m_id="76"/>
      <target m_id="7"/>
    </TLINK>
    <TLINK r_id="248976" contextualModality="" relType="AFTER" comment="">
      <source m_id="76"/>
      <target m_id="8"/>
    </TLINK>
    <TLINK r_id="248977" contextualModality="" relType="OVERLAP" comment="">
      <source m_id="76"/>
      <target m_id="26"/>
    </TLINK>
    <TLINK r_id="248978" contextualModality="" relType="OVERLAP" comment="">
      <source m_id="76"/>
      <target m_id="28"/>
    </TLINK>
    <TLINK r_id="248979" contextualModality="" relType="AFTER" comment="">
      <source m_id="76"/>
      <target m_id="24"/>
    </TLINK>
    <TLINK r_id="248980" contextualModality="" relType="AFTER" comment="">
      <source m_id="76"/>
      <target m_id="15"/>
    </TLINK>
    <TLINK r_id="248981" contextualModality="" relType="AFTER" comment="">
      <source m_id="76"/>
      <target m_id="20"/>
    </TLINK>
    <TLINK r_id="248982" contextualModality="" relType="AFTER" comment="">
      <source m_id="76"/>
      <target m_id="22"/>
    </TLINK>
    <TLINK r_id="248983" contextualModality="" relType="AFTER" comment="">
      <source m_id="76"/>
      <target m_id="16"/>
    </TLINK>
    <TLINK r_id="248984" contextualModality="" relType="AFTER" comment="">
      <source m_id="76"/>
      <target m_id="17"/>
    </TLINK>
    <TLINK r_id="248985" contextualModality="" relType="AFTER" comment="">
      <source m_id="76"/>
      <target m_id="18"/>
    </TLINK>
    <TLINK r_id="248986" contextualModality="" relType="AFTER" comment="">
      <source m_id="76"/>
      <target m_id="12"/>
    </TLINK>
    <TLINK r_id="248987" contextualModality="" relType="AFTER" comment="">
      <source m_id="76"/>
      <target m_id="13"/>
    </TLINK>
    <TLINK r_id="248988" contextualModality="" relType="AFTER" comment="">
      <source m_id="76"/>
      <target m_id="14"/>
    </TLINK>
    <TLINK r_id="248989" contextualModality="" relType="AFTER" comment="">
      <source m_id="76"/>
      <target m_id="9"/>
    </TLINK>
    <TLINK r_id="248990" contextualModality="" relType="AFTER" comment="">
      <source m_id="76"/>
      <target m_id="11"/>
    </TLINK>
    <PLOT_LINK r_id="248991" SIGNAL="" relType="PRECONDITION" CAUSES="FALSE" CAUSED_BY="FALSE">
      <source m_id="23"/>
      <target m_id="27"/>
    </PLOT_LINK>
    <PLOT_LINK r_id="248992" SIGNAL="" relType="PRECONDITION" CAUSES="FALSE" CAUSED_BY="FALSE">
      <source m_id="23"/>
      <target m_id="29"/>
    </PLOT_LINK>
    <PLOT_LINK r_id="248993" SIGNAL="" relType="PRECONDITION" CAUSES="FALSE" CAUSED_BY="FALSE">
      <source m_id="5"/>
      <target m_id="30"/>
    </PLOT_LINK>
    <PLOT_LINK r_id="248994">
      <source m_id="5"/>
      <target m_id="4"/>
    </PLOT_LINK>
    <PLOT_LINK r_id="248995" SIGNAL="" relType="FALLING_ACTION" CAUSES="FALSE" CAUSED_BY="FALSE">
      <source m_id="37"/>
      <target m_id="28"/>
    </PLOT_LINK>
    <PLOT_LINK r_id="248996" SIGNAL="" relType="PRECONDITION" CAUSES="FALSE" CAUSED_BY="FALSE">
      <source m_id="16"/>
      <target m_id="18"/>
    </PLOT_LINK>
    <PLOT_LINK r_id="248997" SIGNAL="2" relType="PRECONDITION" CAUSES="TRUE" CAUSED_BY="FALSE">
      <source m_id="12"/>
      <target m_id="13"/>
    </PLOT_LINK>
    <PLOT_LINK r_id="248998" SIGNAL="1" relType="PRECONDITION" CAUSES="TRUE" CAUSED_BY="FALSE">
      <source m_id="9"/>
      <target m_id="10"/>
    </PLOT_LINK>
    <PLOT_LINK r_id="248999" SIGNAL="" relType="PRECONDITION" CAUSES="FALSE" CAUSED_BY="FALSE">
      <source m_id="10"/>
      <target m_id="11"/>
    </PLOT_LINK>
    <TLINK r_id="249000" contextualModality="" relType="CONTAINS" comment="">
      <source m_id="89"/>
      <target m_id="19"/>
    </TLINK>
    <TLINK r_id="249001" contextualModality="" relType="CONTAINS" comment="">
      <source m_id="89"/>
      <target m_id="21"/>
    </TLINK>
    <TLINK r_id="249002" contextualModality="" relType="AFTER" comment="">
      <source m_id="76"/>
      <target m_id="19"/>
    </TLINK>
    <TLINK r_id="249003" contextualModality="" relType="AFTER" comment="">
      <source m_id="76"/>
      <target m_id="21"/>
    </TLINK>
    <TLINK r_id="253499" contextualModality="" relType="AFTER" comment="">
      <source m_id="76"/>
      <target m_id="38"/>
    </TLINK>
    <TLINK r_id="253500" contextualModality="" relType="CONTAINS" comment="">
      <source m_id="89"/>
      <target m_id="23"/>
    </TLINK>
    <TLINK r_id="253501" contextualModality="" relType="CONTAINS" comment="">
      <source m_id="89"/>
      <target m_id="25"/>
    </TLINK>
    <TLINK r_id="253502" contextualModality="" relType="CONTAINS" comment="">
      <source m_id="89"/>
      <target m_id="27"/>
    </TLINK>
    <TLINK r_id="253503" contextualModality="" relType="CONTAINS" comment="">
      <source m_id="89"/>
      <target m_id="29"/>
    </TLINK>
    <TLINK r_id="253504" contextualModality="" relType="CONTAINS" comment="">
      <source m_id="89"/>
      <target m_id="5"/>
    </TLINK>
    <TLINK r_id="253505" contextualModality="" relType="CONTAINS" comment="">
      <source m_id="89"/>
      <target m_id="3"/>
    </TLINK>
    <TLINK r_id="253506" contextualModality="" relType="CONTAINS" comment="">
      <source m_id="89"/>
      <target m_id="7"/>
    </TLINK>
    <TLINK r_id="253507" contextualModality="" relType="CONTAINS" comment="">
      <source m_id="89"/>
      <target m_id="6"/>
    </TLINK>
    <TLINK r_id="253508" contextualModality="" relType="CONTAINS" comment="">
      <source m_id="89"/>
      <target m_id="4"/>
    </TLINK>
    <TLINK r_id="253509" contextualModality="" relType="CONTAINS" comment="">
      <source m_id="89"/>
      <target m_id="30"/>
    </TLINK>
    <TLINK r_id="253510" contextualModality="" relType="OVERLAP" comment="">
      <source m_id="76"/>
      <target m_id="36"/>
    </TLINK>
    <TLINK r_id="253511" contextualModality="" relType="CONTAINS" comment="">
      <source m_id="89"/>
      <target m_id="8"/>
    </TLINK>
  </Relations>
</Document>
