<?xml version='1.0' encoding='UTF-8'?>
<Document doc_name="37_4ecbplus.xml">
  <token t_id="1" sentence="0" number="0">http</token>
  <token t_id="2" sentence="0" number="1">:</token>
  <token t_id="3" sentence="0" number="2">/</token>
  <token t_id="4" sentence="0" number="3">/</token>
  <token t_id="5" sentence="0" number="4">www</token>
  <token t_id="6" sentence="0" number="5">.</token>
  <token t_id="7" sentence="0" number="6">ndtv</token>
  <token t_id="8" sentence="0" number="7">.</token>
  <token t_id="9" sentence="0" number="8">com</token>
  <token t_id="10" sentence="0" number="9">/</token>
  <token t_id="11" sentence="0" number="10">article</token>
  <token t_id="12" sentence="0" number="11">/</token>
  <token t_id="13" sentence="0" number="12">world</token>
  <token t_id="14" sentence="0" number="13">/</token>
  <token t_id="15" sentence="0" number="14">dozens</token>
  <token t_id="16" sentence="0" number="15">-</token>
  <token t_id="17" sentence="0" number="16">injured</token>
  <token t_id="18" sentence="0" number="17">-</token>
  <token t_id="19" sentence="0" number="18">child</token>
  <token t_id="20" sentence="0" number="19">-</token>
  <token t_id="21" sentence="0" number="20">dead</token>
  <token t_id="22" sentence="0" number="21">-</token>
  <token t_id="23" sentence="0" number="22">as</token>
  <token t_id="24" sentence="0" number="23">-</token>
  <token t_id="25" sentence="0" number="24">6</token>
  <token t_id="26" sentence="0" number="25">-</token>
  <token t_id="27" sentence="0" number="26">1</token>
  <token t_id="28" sentence="0" number="27">-</token>
  <token t_id="29" sentence="0" number="28">magnitude</token>
  <token t_id="30" sentence="0" number="29">-</token>
  <token t_id="31" sentence="0" number="30">earthquake</token>
  <token t_id="32" sentence="0" number="31">-</token>
  <token t_id="33" sentence="0" number="32">hits</token>
  <token t_id="34" sentence="0" number="33">-</token>
  <token t_id="35" sentence="0" number="34">indonesia</token>
  <token t_id="36" sentence="0" number="35">-</token>
  <token t_id="37" sentence="0" number="36">s</token>
  <token t_id="38" sentence="0" number="37">-</token>
  <token t_id="39" sentence="0" number="38">aceh</token>
  <token t_id="40" sentence="0" number="39">-</token>
  <token t_id="41" sentence="0" number="40">386911</token>
  <token t_id="42" sentence="1" number="0">Dozens</token>
  <token t_id="43" sentence="1" number="1">injured</token>
  <token t_id="44" sentence="1" number="2">,</token>
  <token t_id="45" sentence="1" number="3">child</token>
  <token t_id="46" sentence="1" number="4">dead</token>
  <token t_id="47" sentence="1" number="5">as</token>
  <token t_id="48" sentence="1" number="6">6</token>
  <token t_id="49" sentence="1" number="7">.</token>
  <token t_id="50" sentence="1" number="8">1</token>
  <token t_id="51" sentence="1" number="9">-</token>
  <token t_id="52" sentence="1" number="10">magnitude</token>
  <token t_id="53" sentence="1" number="11">earthquake</token>
  <token t_id="54" sentence="1" number="12">hits</token>
  <token t_id="55" sentence="1" number="13">Indonesia's</token>
  <token t_id="56" sentence="1" number="14">Aceh</token>
  <token t_id="57" sentence="2" number="0">Updated</token>
  <token t_id="58" sentence="2" number="1">:</token>
  <token t_id="59" sentence="2" number="2">July</token>
  <token t_id="60" sentence="2" number="3">02</token>
  <token t_id="61" sentence="2" number="4">,</token>
  <token t_id="62" sentence="2" number="5">2013</token>
  <token t_id="63" sentence="2" number="6">15</token>
  <token t_id="64" sentence="2" number="7">:</token>
  <token t_id="65" sentence="2" number="8">50</token>
  <token t_id="66" sentence="2" number="9">IST</token>
  <token t_id="67" sentence="3" number="0">A</token>
  <token t_id="68" sentence="3" number="1">6</token>
  <token t_id="69" sentence="3" number="2">.</token>
  <token t_id="70" sentence="3" number="3">1</token>
  <token t_id="71" sentence="3" number="4">-</token>
  <token t_id="72" sentence="3" number="5">magnitude</token>
  <token t_id="73" sentence="3" number="6">earthquake</token>
  <token t_id="74" sentence="3" number="7">which</token>
  <token t_id="75" sentence="3" number="8">hit</token>
  <token t_id="76" sentence="3" number="9">the</token>
  <token t_id="77" sentence="3" number="10">Indonesian</token>
  <token t_id="78" sentence="3" number="11">province</token>
  <token t_id="79" sentence="3" number="12">of</token>
  <token t_id="80" sentence="3" number="13">Aceh</token>
  <token t_id="81" sentence="3" number="14">on</token>
  <token t_id="82" sentence="3" number="15">Tuesday</token>
  <token t_id="83" sentence="3" number="16">killed</token>
  <token t_id="84" sentence="3" number="17">a</token>
  <token t_id="85" sentence="3" number="18">child</token>
  <token t_id="86" sentence="3" number="19">,</token>
  <token t_id="87" sentence="3" number="20">injured</token>
  <token t_id="88" sentence="3" number="21">dozens</token>
  <token t_id="89" sentence="3" number="22">and</token>
  <token t_id="90" sentence="3" number="23">destroyed</token>
  <token t_id="91" sentence="3" number="24">buildings</token>
  <token t_id="92" sentence="3" number="25">,</token>
  <token t_id="93" sentence="3" number="26">sparking</token>
  <token t_id="94" sentence="3" number="27">panic</token>
  <token t_id="95" sentence="3" number="28">in</token>
  <token t_id="96" sentence="3" number="29">a</token>
  <token t_id="97" sentence="3" number="30">region</token>
  <token t_id="98" sentence="3" number="31">devastated</token>
  <token t_id="99" sentence="3" number="32">by</token>
  <token t_id="100" sentence="3" number="33">the</token>
  <token t_id="101" sentence="3" number="34">quake</token>
  <token t_id="102" sentence="3" number="35">-</token>
  <token t_id="103" sentence="3" number="36">triggered</token>
  <token t_id="104" sentence="3" number="37">tsunami</token>
  <token t_id="105" sentence="3" number="38">of</token>
  <token t_id="106" sentence="3" number="39">2004</token>
  <token t_id="107" sentence="3" number="40">.</token>
  <token t_id="108" sentence="4" number="0">The</token>
  <token t_id="109" sentence="4" number="1">quake</token>
  <token t_id="110" sentence="4" number="2">struck</token>
  <token t_id="111" sentence="4" number="3">inland</token>
  <token t_id="112" sentence="4" number="4">at</token>
  <token t_id="113" sentence="4" number="5">0737</token>
  <token t_id="114" sentence="4" number="6">GMT</token>
  <token t_id="115" sentence="4" number="7">at</token>
  <token t_id="116" sentence="4" number="8">a</token>
  <token t_id="117" sentence="4" number="9">depth</token>
  <token t_id="118" sentence="4" number="10">of</token>
  <token t_id="119" sentence="4" number="11">just</token>
  <token t_id="120" sentence="4" number="12">10</token>
  <token t_id="121" sentence="4" number="13">kilometres</token>
  <token t_id="122" sentence="4" number="14">(</token>
  <token t_id="123" sentence="4" number="15">6</token>
  <token t_id="124" sentence="4" number="16">.</token>
  <token t_id="125" sentence="4" number="17">2</token>
  <token t_id="126" sentence="4" number="18">miles</token>
  <token t_id="127" sentence="4" number="19">)</token>
  <token t_id="128" sentence="4" number="20">in</token>
  <token t_id="129" sentence="4" number="21">the</token>
  <token t_id="130" sentence="4" number="22">mountainous</token>
  <token t_id="131" sentence="4" number="23">Bener</token>
  <token t_id="132" sentence="4" number="24">Meriah</token>
  <token t_id="133" sentence="4" number="25">district</token>
  <token t_id="134" sentence="4" number="26">in</token>
  <token t_id="135" sentence="4" number="27">the</token>
  <token t_id="136" sentence="4" number="28">heart</token>
  <token t_id="137" sentence="4" number="29">of</token>
  <token t_id="138" sentence="4" number="30">Aceh</token>
  <token t_id="139" sentence="4" number="31">,</token>
  <token t_id="140" sentence="4" number="32">the</token>
  <token t_id="141" sentence="4" number="33">US</token>
  <token t_id="142" sentence="4" number="34">Geological</token>
  <token t_id="143" sentence="4" number="35">Survey</token>
  <token t_id="144" sentence="4" number="36">said</token>
  <token t_id="145" sentence="4" number="37">.</token>
  <token t_id="146" sentence="5" number="0">Houses</token>
  <token t_id="147" sentence="5" number="1">collapsed</token>
  <token t_id="148" sentence="5" number="2">in</token>
  <token t_id="149" sentence="5" number="3">the</token>
  <token t_id="150" sentence="5" number="4">district</token>
  <token t_id="151" sentence="5" number="5">,</token>
  <token t_id="152" sentence="5" number="6">some</token>
  <token t_id="153" sentence="5" number="7">320</token>
  <token t_id="154" sentence="5" number="8">kilometres</token>
  <token t_id="155" sentence="5" number="9">(</token>
  <token t_id="156" sentence="5" number="10">200</token>
  <token t_id="157" sentence="5" number="11">miles</token>
  <token t_id="158" sentence="5" number="12">)</token>
  <token t_id="159" sentence="5" number="13">from</token>
  <token t_id="160" sentence="5" number="14">the</token>
  <token t_id="161" sentence="5" number="15">provincial</token>
  <token t_id="162" sentence="5" number="16">capital</token>
  <token t_id="163" sentence="5" number="17">Banda</token>
  <token t_id="164" sentence="5" number="18">Aceh</token>
  <token t_id="165" sentence="5" number="19">.</token>
  <token t_id="166" sentence="6" number="0">"A</token>
  <token t_id="167" sentence="6" number="1">child</token>
  <token t_id="168" sentence="6" number="2">died</token>
  <token t_id="169" sentence="6" number="3">when</token>
  <token t_id="170" sentence="6" number="4">a</token>
  <token t_id="171" sentence="6" number="5">wall</token>
  <token t_id="172" sentence="6" number="6">collapsed</token>
  <token t_id="173" sentence="6" number="7">,</token>
  <token t_id="174" sentence="6" number="8">"</token>
  <token t_id="175" sentence="6" number="9">Ema</token>
  <token t_id="176" sentence="6" number="10">Suryani</token>
  <token t_id="177" sentence="6" number="11">,</token>
  <token t_id="178" sentence="6" number="12">a</token>
  <token t_id="179" sentence="6" number="13">doctor</token>
  <token t_id="180" sentence="6" number="14">at</token>
  <token t_id="181" sentence="6" number="15">a</token>
  <token t_id="182" sentence="6" number="16">health</token>
  <token t_id="183" sentence="6" number="17">clinic</token>
  <token t_id="184" sentence="6" number="18">in</token>
  <token t_id="185" sentence="6" number="19">Lampahan</token>
  <token t_id="186" sentence="6" number="20">city</token>
  <token t_id="187" sentence="6" number="21">,</token>
  <token t_id="188" sentence="6" number="22">told</token>
  <token t_id="189" sentence="6" number="23">AFP</token>
  <token t_id="190" sentence="6" number="24">.</token>
  <token t_id="191" sentence="7" number="0">"We</token>
  <token t_id="192" sentence="7" number="1">have</token>
  <token t_id="193" sentence="7" number="2">received</token>
  <token t_id="194" sentence="7" number="3">around</token>
  <token t_id="195" sentence="7" number="4">50</token>
  <token t_id="196" sentence="7" number="5">people</token>
  <token t_id="197" sentence="7" number="6">with</token>
  <token t_id="198" sentence="7" number="7">injuries</token>
  <token t_id="199" sentence="7" number="8">suffered</token>
  <token t_id="200" sentence="7" number="9">when</token>
  <token t_id="201" sentence="7" number="10">the</token>
  <token t_id="202" sentence="7" number="11">walls</token>
  <token t_id="203" sentence="7" number="12">of</token>
  <token t_id="204" sentence="7" number="13">their</token>
  <token t_id="205" sentence="7" number="14">houses</token>
  <token t_id="206" sentence="7" number="15">collapsed</token>
  <token t_id="207" sentence="7" number="16">,</token>
  <token t_id="208" sentence="7" number="17">"</token>
  <token t_id="209" sentence="7" number="18">added</token>
  <token t_id="210" sentence="7" number="19">the</token>
  <token t_id="211" sentence="7" number="20">doctor</token>
  <token t_id="212" sentence="7" number="21">.</token>
  <token t_id="213" sentence="8" number="0">"There</token>
  <token t_id="214" sentence="8" number="1">are</token>
  <token t_id="215" sentence="8" number="2">around</token>
  <token t_id="216" sentence="8" number="3">30</token>
  <token t_id="217" sentence="8" number="4">people</token>
  <token t_id="218" sentence="8" number="5">seriously</token>
  <token t_id="219" sentence="8" number="6">injured</token>
  <token t_id="220" sentence="8" number="7">,</token>
  <token t_id="221" sentence="8" number="8">some</token>
  <token t_id="222" sentence="8" number="9">with</token>
  <token t_id="223" sentence="8" number="10">head</token>
  <token t_id="224" sentence="8" number="11">injuries</token>
  <token t_id="225" sentence="8" number="12">.</token>
  <token t_id="226" sentence="9" number="0">The</token>
  <token t_id="227" sentence="9" number="1">rest</token>
  <token t_id="228" sentence="9" number="2">have</token>
  <token t_id="229" sentence="9" number="3">only</token>
  <token t_id="230" sentence="9" number="4">light</token>
  <token t_id="231" sentence="9" number="5">injuries</token>
  <token t_id="232" sentence="9" number="6">like</token>
  <token t_id="233" sentence="9" number="7">minor</token>
  <token t_id="234" sentence="9" number="8">cuts</token>
  <token t_id="235" sentence="9" number="9">and</token>
  <token t_id="236" sentence="9" number="10">grazes</token>
  <token t_id="237" sentence="9" number="11">.</token>
  <token t_id="238" sentence="9" number="12">"</token>
  <token t_id="239" sentence="10" number="0">Injured</token>
  <token t_id="240" sentence="10" number="1">people</token>
  <token t_id="241" sentence="10" number="2">had</token>
  <token t_id="242" sentence="10" number="3">been</token>
  <token t_id="243" sentence="10" number="4">transported</token>
  <token t_id="244" sentence="10" number="5">from</token>
  <token t_id="245" sentence="10" number="6">several</token>
  <token t_id="246" sentence="10" number="7">affected</token>
  <token t_id="247" sentence="10" number="8">villages</token>
  <token t_id="248" sentence="10" number="9">in</token>
  <token t_id="249" sentence="10" number="10">two</token>
  <token t_id="250" sentence="10" number="11">trucks</token>
  <token t_id="251" sentence="10" number="12">,</token>
  <token t_id="252" sentence="10" number="13">she</token>
  <token t_id="253" sentence="10" number="14">said</token>
  <token t_id="254" sentence="10" number="15">.</token>
  <token t_id="255" sentence="11" number="0">People</token>
  <token t_id="256" sentence="11" number="1">ran</token>
  <token t_id="257" sentence="11" number="2">outside</token>
  <token t_id="258" sentence="11" number="3">in</token>
  <token t_id="259" sentence="11" number="4">panic</token>
  <token t_id="260" sentence="11" number="5">in</token>
  <token t_id="261" sentence="11" number="6">Banda</token>
  <token t_id="262" sentence="11" number="7">Aceh</token>
  <token t_id="263" sentence="11" number="8">as</token>
  <token t_id="264" sentence="11" number="9">the</token>
  <token t_id="265" sentence="11" number="10">quake</token>
  <token t_id="266" sentence="11" number="11">shook</token>
  <token t_id="267" sentence="11" number="12">houses</token>
  <token t_id="268" sentence="11" number="13">,</token>
  <token t_id="269" sentence="11" number="14">and</token>
  <token t_id="270" sentence="11" number="15">in</token>
  <token t_id="271" sentence="11" number="16">Medan</token>
  <token t_id="272" sentence="11" number="17">city</token>
  <token t_id="273" sentence="11" number="18">to</token>
  <token t_id="274" sentence="11" number="19">the</token>
  <token t_id="275" sentence="11" number="20">south</token>
  <token t_id="276" sentence="11" number="21">of</token>
  <token t_id="277" sentence="11" number="22">Aceh</token>
  <token t_id="278" sentence="11" number="23">province</token>
  <token t_id="279" sentence="11" number="24">on</token>
  <token t_id="280" sentence="11" number="25">Sumatra</token>
  <token t_id="281" sentence="11" number="26">island</token>
  <token t_id="282" sentence="11" number="27">.</token>
  <token t_id="283" sentence="12" number="0">"The</token>
  <token t_id="284" sentence="12" number="1">quake</token>
  <token t_id="285" sentence="12" number="2">was</token>
  <token t_id="286" sentence="12" number="3">felt</token>
  <token t_id="287" sentence="12" number="4">strongly</token>
  <token t_id="288" sentence="12" number="5">for</token>
  <token t_id="289" sentence="12" number="6">around</token>
  <token t_id="290" sentence="12" number="7">15</token>
  <token t_id="291" sentence="12" number="8">seconds</token>
  <token t_id="292" sentence="12" number="9">,</token>
  <token t_id="293" sentence="12" number="10">from</token>
  <token t_id="294" sentence="12" number="11">Bener</token>
  <token t_id="295" sentence="12" number="12">Meriah</token>
  <token t_id="296" sentence="12" number="13">to</token>
  <token t_id="297" sentence="12" number="14">Banda</token>
  <token t_id="298" sentence="12" number="15">Aceh</token>
  <token t_id="299" sentence="12" number="16">.</token>
  <token t_id="300" sentence="13" number="0">People</token>
  <token t_id="301" sentence="13" number="1">panicked</token>
  <token t_id="302" sentence="13" number="2">and</token>
  <token t_id="303" sentence="13" number="3">rushed</token>
  <token t_id="304" sentence="13" number="4">out</token>
  <token t_id="305" sentence="13" number="5">of</token>
  <token t_id="306" sentence="13" number="6">their</token>
  <token t_id="307" sentence="13" number="7">homes</token>
  <token t_id="308" sentence="13" number="8">,</token>
  <token t_id="309" sentence="13" number="9">"</token>
  <token t_id="310" sentence="13" number="10">national</token>
  <token t_id="311" sentence="13" number="11">disaster</token>
  <token t_id="312" sentence="13" number="12">agency</token>
  <token t_id="313" sentence="13" number="13">spokesman</token>
  <token t_id="314" sentence="13" number="14">Sutopo</token>
  <token t_id="315" sentence="13" number="15">Purwo</token>
  <token t_id="316" sentence="13" number="16">Nugroho</token>
  <token t_id="317" sentence="13" number="17">said</token>
  <token t_id="318" sentence="13" number="18">.</token>
  <token t_id="319" sentence="14" number="0">Aceh</token>
  <token t_id="320" sentence="14" number="1">,</token>
  <token t_id="321" sentence="14" number="2">on</token>
  <token t_id="322" sentence="14" number="3">the</token>
  <token t_id="323" sentence="14" number="4">northern</token>
  <token t_id="324" sentence="14" number="5">tip</token>
  <token t_id="325" sentence="14" number="6">of</token>
  <token t_id="326" sentence="14" number="7">Sumatra</token>
  <token t_id="327" sentence="14" number="8">,</token>
  <token t_id="328" sentence="14" number="9">is</token>
  <token t_id="329" sentence="14" number="10">regularly</token>
  <token t_id="330" sentence="14" number="11">hit</token>
  <token t_id="331" sentence="14" number="12">by</token>
  <token t_id="332" sentence="14" number="13">quakes</token>
  <token t_id="333" sentence="14" number="14">.</token>
  <token t_id="334" sentence="15" number="0">In</token>
  <token t_id="335" sentence="15" number="1">2004</token>
  <token t_id="336" sentence="15" number="2">a</token>
  <token t_id="337" sentence="15" number="3">massive</token>
  <token t_id="338" sentence="15" number="4">tremor</token>
  <token t_id="339" sentence="15" number="5">sparked</token>
  <token t_id="340" sentence="15" number="6">a</token>
  <token t_id="341" sentence="15" number="7">tsunami</token>
  <token t_id="342" sentence="15" number="8">that</token>
  <token t_id="343" sentence="15" number="9">killed</token>
  <token t_id="344" sentence="15" number="10">170</token>
  <token t_id="345" sentence="15" number="11">,</token>
  <token t_id="346" sentence="15" number="12">000</token>
  <token t_id="347" sentence="15" number="13">people</token>
  <token t_id="348" sentence="15" number="14">in</token>
  <token t_id="349" sentence="15" number="15">the</token>
  <token t_id="350" sentence="15" number="16">province</token>
  <token t_id="351" sentence="15" number="17">and</token>
  <token t_id="352" sentence="15" number="18">tens</token>
  <token t_id="353" sentence="15" number="19">of</token>
  <token t_id="354" sentence="15" number="20">thousands</token>
  <token t_id="355" sentence="15" number="21">more</token>
  <token t_id="356" sentence="15" number="22">in</token>
  <token t_id="357" sentence="15" number="23">countries</token>
  <token t_id="358" sentence="15" number="24">around</token>
  <token t_id="359" sentence="15" number="25">the</token>
  <token t_id="360" sentence="15" number="26">Indian</token>
  <token t_id="361" sentence="15" number="27">Ocean</token>
  <token t_id="362" sentence="15" number="28">.</token>
  <token t_id="363" sentence="16" number="0">In</token>
  <token t_id="364" sentence="16" number="1">April</token>
  <token t_id="365" sentence="16" number="2">last</token>
  <token t_id="366" sentence="16" number="3">year</token>
  <token t_id="367" sentence="16" number="4">an</token>
  <token t_id="368" sentence="16" number="5">8</token>
  <token t_id="369" sentence="16" number="6">.</token>
  <token t_id="370" sentence="16" number="7">6</token>
  <token t_id="371" sentence="16" number="8">-</token>
  <token t_id="372" sentence="16" number="9">magnitude</token>
  <token t_id="373" sentence="16" number="10">quake</token>
  <token t_id="374" sentence="16" number="11">struck</token>
  <token t_id="375" sentence="16" number="12">431</token>
  <token t_id="376" sentence="16" number="13">kilometres</token>
  <token t_id="377" sentence="16" number="14">off</token>
  <token t_id="378" sentence="16" number="15">Banda</token>
  <token t_id="379" sentence="16" number="16">Aceh</token>
  <token t_id="380" sentence="16" number="17">,</token>
  <token t_id="381" sentence="16" number="18">prompting</token>
  <token t_id="382" sentence="16" number="19">an</token>
  <token t_id="383" sentence="16" number="20">Indian</token>
  <token t_id="384" sentence="16" number="21">Ocean</token>
  <token t_id="385" sentence="16" number="22">-</token>
  <token t_id="386" sentence="16" number="23">wide</token>
  <token t_id="387" sentence="16" number="24">tsunami</token>
  <token t_id="388" sentence="16" number="25">alert</token>
  <token t_id="389" sentence="16" number="26">.</token>
  <token t_id="390" sentence="17" number="0">Five</token>
  <token t_id="391" sentence="17" number="1">people</token>
  <token t_id="392" sentence="17" number="2">died</token>
  <token t_id="393" sentence="17" number="3">and</token>
  <token t_id="394" sentence="17" number="4">seven</token>
  <token t_id="395" sentence="17" number="5">were</token>
  <token t_id="396" sentence="17" number="6">injured</token>
  <token t_id="397" sentence="17" number="7">in</token>
  <token t_id="398" sentence="17" number="8">Aceh</token>
  <token t_id="399" sentence="17" number="9">in</token>
  <token t_id="400" sentence="17" number="10">the</token>
  <token t_id="401" sentence="17" number="11">quake</token>
  <token t_id="402" sentence="17" number="12">and</token>
  <token t_id="403" sentence="17" number="13">following</token>
  <token t_id="404" sentence="17" number="14">aftershocks</token>
  <token t_id="405" sentence="17" number="15">.</token>
  <token t_id="406" sentence="18" number="0">In</token>
  <token t_id="407" sentence="18" number="1">September</token>
  <token t_id="408" sentence="18" number="2">2009</token>
  <token t_id="409" sentence="18" number="3">,</token>
  <token t_id="410" sentence="18" number="4">a</token>
  <token t_id="411" sentence="18" number="5">major</token>
  <token t_id="412" sentence="18" number="6">earthquake</token>
  <token t_id="413" sentence="18" number="7">near</token>
  <token t_id="414" sentence="18" number="8">Padang</token>
  <token t_id="415" sentence="18" number="9">city</token>
  <token t_id="416" sentence="18" number="10">on</token>
  <token t_id="417" sentence="18" number="11">Sumatra</token>
  <token t_id="418" sentence="18" number="12">killed</token>
  <token t_id="419" sentence="18" number="13">more</token>
  <token t_id="420" sentence="18" number="14">than</token>
  <token t_id="421" sentence="18" number="15">1</token>
  <token t_id="422" sentence="18" number="16">,</token>
  <token t_id="423" sentence="18" number="17">000</token>
  <token t_id="424" sentence="18" number="18">people</token>
  <token t_id="425" sentence="18" number="19">.</token>
  <token t_id="426" sentence="19" number="0">Indonesia</token>
  <token t_id="427" sentence="19" number="1">sits</token>
  <token t_id="428" sentence="19" number="2">on</token>
  <token t_id="429" sentence="19" number="3">the</token>
  <token t_id="430" sentence="19" number="4">Pacific</token>
  <token t_id="431" sentence="19" number="5">"Ring</token>
  <token t_id="432" sentence="19" number="6">of</token>
  <token t_id="433" sentence="19" number="7">Fire"</token>
  <token t_id="434" sentence="19" number="8">where</token>
  <token t_id="435" sentence="19" number="9">tectonic</token>
  <token t_id="436" sentence="19" number="10">plates</token>
  <token t_id="437" sentence="19" number="11">collide</token>
  <token t_id="438" sentence="19" number="12">,</token>
  <token t_id="439" sentence="19" number="13">causing</token>
  <token t_id="440" sentence="19" number="14">frequent</token>
  <token t_id="441" sentence="19" number="15">seismic</token>
  <token t_id="442" sentence="19" number="16">and</token>
  <token t_id="443" sentence="19" number="17">volcanic</token>
  <token t_id="444" sentence="19" number="18">activity</token>
  <token t_id="445" sentence="19" number="19">.</token>
  <Markables>
    <ACTION_CAUSATIVE m_id="1" comment="">
      <token_anchor t_id="93"/>
    </ACTION_CAUSATIVE>
    <ACTION_CAUSATIVE m_id="2" comment="">
      <token_anchor t_id="339"/>
    </ACTION_CAUSATIVE>
    <ACTION_CAUSATIVE m_id="3" comment="">
      <token_anchor t_id="103"/>
    </ACTION_CAUSATIVE>
    <ACTION_OCCURRENCE m_id="4" climaxEvent="TRUE" comment="">
      <token_anchor t_id="68"/>
      <token_anchor t_id="69"/>
      <token_anchor t_id="70"/>
      <token_anchor t_id="71"/>
      <token_anchor t_id="72"/>
      <token_anchor t_id="73"/>
    </ACTION_OCCURRENCE>
    <ACTION_OCCURRENCE m_id="5" climaxEvent="FALSE" comment="">
      <token_anchor t_id="75"/>
    </ACTION_OCCURRENCE>
    <ACTION_OCCURRENCE m_id="6" climaxEvent="FALSE" comment="">
      <token_anchor t_id="74"/>
    </ACTION_OCCURRENCE>
    <ACTION_OCCURRENCE m_id="7" climaxEvent="FALSE" comment="">
      <token_anchor t_id="83"/>
    </ACTION_OCCURRENCE>
    <ACTION_OCCURRENCE m_id="8" climaxEvent="FALSE" comment="">
      <token_anchor t_id="101"/>
    </ACTION_OCCURRENCE>
    <ACTION_OCCURRENCE m_id="9" climaxEvent="TRUE" comment="">
      <token_anchor t_id="46"/>
    </ACTION_OCCURRENCE>
    <ACTION_OCCURRENCE m_id="10" climaxEvent="FALSE" comment="">
      <token_anchor t_id="87"/>
    </ACTION_OCCURRENCE>
    <ACTION_OCCURRENCE m_id="11" climaxEvent="FALSE" comment="">
      <token_anchor t_id="90"/>
    </ACTION_OCCURRENCE>
    <ACTION_OCCURRENCE m_id="12" climaxEvent="FALSE" comment="">
      <token_anchor t_id="98"/>
    </ACTION_OCCURRENCE>
    <ACTION_OCCURRENCE m_id="13" climaxEvent="FALSE" comment="">
      <token_anchor t_id="104"/>
    </ACTION_OCCURRENCE>
    <ACTION_OCCURRENCE m_id="14" climaxEvent="TRUE" comment="">
      <token_anchor t_id="43"/>
    </ACTION_OCCURRENCE>
    <ACTION_OCCURRENCE m_id="15" climaxEvent="FALSE" comment="">
      <token_anchor t_id="48"/>
      <token_anchor t_id="49"/>
      <token_anchor t_id="50"/>
      <token_anchor t_id="51"/>
      <token_anchor t_id="52"/>
      <token_anchor t_id="53"/>
    </ACTION_OCCURRENCE>
    <ACTION_OCCURRENCE m_id="16" climaxEvent="FALSE" comment="">
      <token_anchor t_id="54"/>
    </ACTION_OCCURRENCE>
    <ACTION_OCCURRENCE m_id="17" climaxEvent="FALSE" comment="">
      <token_anchor t_id="411"/>
      <token_anchor t_id="412"/>
    </ACTION_OCCURRENCE>
    <ACTION_OCCURRENCE m_id="18" climaxEvent="FALSE" comment="">
      <token_anchor t_id="418"/>
    </ACTION_OCCURRENCE>
    <ACTION_OCCURRENCE m_id="19" climaxEvent="FALSE" comment="">
      <token_anchor t_id="338"/>
    </ACTION_OCCURRENCE>
    <ACTION_OCCURRENCE m_id="20" climaxEvent="FALSE" comment="">
      <token_anchor t_id="341"/>
    </ACTION_OCCURRENCE>
    <ACTION_OCCURRENCE m_id="21" climaxEvent="FALSE" comment="">
      <token_anchor t_id="343"/>
    </ACTION_OCCURRENCE>
    <ACTION_OCCURRENCE m_id="22" climaxEvent="FALSE" comment="">
      <token_anchor t_id="330"/>
    </ACTION_OCCURRENCE>
    <ACTION_OCCURRENCE m_id="23" climaxEvent="FALSE" comment="">
      <token_anchor t_id="332"/>
    </ACTION_OCCURRENCE>
    <ACTION_OCCURRENCE m_id="24" climaxEvent="FALSE" comment="">
      <token_anchor t_id="147"/>
    </ACTION_OCCURRENCE>
    <ACTION_OCCURRENCE m_id="25" climaxEvent="FALSE" comment="">
      <token_anchor t_id="110"/>
    </ACTION_OCCURRENCE>
    <ACTION_OCCURRENCE m_id="26" climaxEvent="FALSE" comment="">
      <token_anchor t_id="109"/>
    </ACTION_OCCURRENCE>
    <ACTION_REPORTING m_id="27" comment="">
      <token_anchor t_id="144"/>
    </ACTION_REPORTING>
    <ACTION_STATE m_id="28" climaxEvent="FALSE" comment="">
      <token_anchor t_id="94"/>
    </ACTION_STATE>
    <HUMAN_PART_ORG m_id="29">
      <token_anchor t_id="141"/>
      <token_anchor t_id="142"/>
      <token_anchor t_id="143"/>
    </HUMAN_PART_ORG>
    <HUMAN_PART_PER m_id="33" comment="">
      <token_anchor t_id="421"/>
      <token_anchor t_id="422"/>
      <token_anchor t_id="423"/>
      <token_anchor t_id="424"/>
    </HUMAN_PART_PER>
    <HUMAN_PART_PER m_id="34" comment="">
      <token_anchor t_id="344"/>
      <token_anchor t_id="345"/>
      <token_anchor t_id="346"/>
      <token_anchor t_id="347"/>
    </HUMAN_PART_PER>
    <HUMAN_PART_PER m_id="35" comment="">
      <token_anchor t_id="352"/>
      <token_anchor t_id="353"/>
      <token_anchor t_id="354"/>
      <token_anchor t_id="355"/>
    </HUMAN_PART_PER>
    <HUMAN_PART_PER m_id="36" comment="">
      <token_anchor t_id="42"/>
    </HUMAN_PART_PER>
    <HUMAN_PART_PER m_id="30" comment="">
      <token_anchor t_id="45"/>
    </HUMAN_PART_PER>
    <HUMAN_PART_PER m_id="31" comment="">
      <token_anchor t_id="85"/>
    </HUMAN_PART_PER>
    <HUMAN_PART_PER m_id="32" comment="">
      <token_anchor t_id="88"/>
    </HUMAN_PART_PER>
    <LOC_FAC m_id="37">
      <token_anchor t_id="91"/>
    </LOC_FAC>
    <LOC_FAC m_id="38">
      <token_anchor t_id="146"/>
    </LOC_FAC>
    <LOC_GEO m_id="39" comment="">
      <token_anchor t_id="319"/>
      <token_anchor t_id="320"/>
      <token_anchor t_id="321"/>
      <token_anchor t_id="322"/>
      <token_anchor t_id="323"/>
      <token_anchor t_id="324"/>
      <token_anchor t_id="325"/>
      <token_anchor t_id="326"/>
    </LOC_GEO>
    <LOC_GEO m_id="40" comment="">
      <token_anchor t_id="348"/>
      <token_anchor t_id="349"/>
      <token_anchor t_id="350"/>
    </LOC_GEO>
    <LOC_GEO m_id="41" comment="">
      <token_anchor t_id="356"/>
      <token_anchor t_id="357"/>
      <token_anchor t_id="358"/>
      <token_anchor t_id="359"/>
      <token_anchor t_id="360"/>
      <token_anchor t_id="361"/>
    </LOC_GEO>
    <LOC_GEO m_id="42" comment="">
      <token_anchor t_id="55"/>
      <token_anchor t_id="56"/>
    </LOC_GEO>
    <LOC_GEO m_id="43" comment="">
      <token_anchor t_id="77"/>
      <token_anchor t_id="78"/>
      <token_anchor t_id="79"/>
      <token_anchor t_id="80"/>
    </LOC_GEO>
    <LOC_GEO m_id="44" comment="">
      <token_anchor t_id="95"/>
      <token_anchor t_id="96"/>
      <token_anchor t_id="97"/>
    </LOC_GEO>
    <LOC_GEO m_id="45" comment="">
      <token_anchor t_id="111"/>
    </LOC_GEO>
    <LOC_GEO m_id="46" comment="">
      <token_anchor t_id="128"/>
      <token_anchor t_id="129"/>
      <token_anchor t_id="130"/>
      <token_anchor t_id="131"/>
      <token_anchor t_id="132"/>
      <token_anchor t_id="133"/>
      <token_anchor t_id="134"/>
      <token_anchor t_id="135"/>
      <token_anchor t_id="136"/>
      <token_anchor t_id="137"/>
      <token_anchor t_id="138"/>
    </LOC_GEO>
    <LOC_GEO m_id="47" comment="">
      <token_anchor t_id="148"/>
      <token_anchor t_id="149"/>
      <token_anchor t_id="150"/>
    </LOC_GEO>
    <LOC_GEO m_id="48" comment="">
      <token_anchor t_id="153"/>
      <token_anchor t_id="154"/>
      <token_anchor t_id="155"/>
      <token_anchor t_id="156"/>
      <token_anchor t_id="157"/>
      <token_anchor t_id="158"/>
      <token_anchor t_id="159"/>
      <token_anchor t_id="160"/>
      <token_anchor t_id="161"/>
      <token_anchor t_id="162"/>
      <token_anchor t_id="163"/>
      <token_anchor t_id="164"/>
    </LOC_GEO>
    <LOC_GEO m_id="49" comment="">
      <token_anchor t_id="413"/>
      <token_anchor t_id="414"/>
      <token_anchor t_id="415"/>
      <token_anchor t_id="416"/>
      <token_anchor t_id="417"/>
    </LOC_GEO>
    <TIME_DATE m_id="50" comment="" DCT="FALSE" value="2013-07-02" anchorTimeID="54">
      <token_anchor t_id="82"/>
    </TIME_DATE>
    <TIME_DATE m_id="51" comment="" DCT="FALSE" value="2004" anchorTimeID="51">
      <token_anchor t_id="106"/>
    </TIME_DATE>
    <TIME_DATE m_id="52" comment="" DCT="FALSE" value="2004" anchorTimeID="52">
      <token_anchor t_id="335"/>
    </TIME_DATE>
    <TIME_DATE m_id="53" comment="" DCT="FALSE" value="2009-09" anchorTimeID="53">
      <token_anchor t_id="407"/>
      <token_anchor t_id="408"/>
    </TIME_DATE>
    <TIME_OF_THE_DAY m_id="54" DCT="TRUE" value="2013-07-02T10:20Z" anchorTimeID="54">
      <token_anchor t_id="59"/>
      <token_anchor t_id="60"/>
      <token_anchor t_id="61"/>
      <token_anchor t_id="62"/>
      <token_anchor t_id="63"/>
      <token_anchor t_id="64"/>
      <token_anchor t_id="65"/>
      <token_anchor t_id="66"/>
    </TIME_OF_THE_DAY>
    <TIME_OF_THE_DAY m_id="55" DCT="FALSE" value="2013-07-02T07:37Z" anchorTimeID="54">
      <token_anchor t_id="113"/>
      <token_anchor t_id="114"/>
    </TIME_OF_THE_DAY>
    <LOC_FAC m_id="56" RELATED_TO="" TAG_DESCRIPTOR="t37_collapsed_buildings"/>
    <ACTION_OCCURRENCE m_id="57" RELATED_TO="" TAG_DESCRIPTOR="t37_devastated_by_04_quake" climaxEvent="FALSE" comment=""/>
    <HUMAN_PART_ORG m_id="58" RELATED_TO="" TAG_DESCRIPTOR="t37_USGS"/>
    <TIME_DATE m_id="59" RELATED_TO="" TAG_DESCRIPTOR="t37_tue_2_jul" comment="" DCT="FALSE" value="" anchorTimeID=""/>
    <LOC_GEO m_id="60" RELATED_TO="" TAG_DESCRIPTOR="t37_aceh_province" comment=""/>
    <ACTION_STATE m_id="61" RELATED_TO="" TAG_DESCRIPTOR="t37_panic" climaxEvent="FALSE" comment=""/>
    <ACTION_CAUSATIVE m_id="62" RELATED_TO="" TAG_DESCRIPTOR="t37_caused_by_2004quake" comment=""/>
    <ACTION_OCCURRENCE m_id="63" RELATED_TO="" TAG_DESCRIPTOR="t37_earthquake_struck" climaxEvent="FALSE" comment=""/>
    <ACTION_OCCURRENCE m_id="64" RELATED_TO="" TAG_DESCRIPTOR="t37_girl_killed" climaxEvent="FALSE" comment=""/>
    <HUMAN_PART_PER m_id="65" RELATED_TO="" TAG_DESCRIPTOR="t37_50_people_injured" comment=""/>
    <HUMAN_PART_PER m_id="66" RELATED_TO="" TAG_DESCRIPTOR="t37_child_killed" comment=""/>
    <ACTION_OCCURRENCE m_id="67" RELATED_TO="" TAG_DESCRIPTOR="t37b_04_quake" climaxEvent="FALSE" comment=""/>
    <ACTION_REPORTING m_id="68" RELATED_TO="" TAG_DESCRIPTOR="t37_usgs_said" comment=""/>
    <ACTION_OCCURRENCE m_id="69" RELATED_TO="" TAG_DESCRIPTOR="t37_injured_dozens" climaxEvent="FALSE" comment=""/>
    <ACTION_OCCURRENCE m_id="70" RELATED_TO="" TAG_DESCRIPTOR="t37_aceh_earthquake" climaxEvent="FALSE" comment=""/>
    <TIME_DATE m_id="71" RELATED_TO="" TAG_DESCRIPTOR="t37_2004" comment="" DCT="FALSE" value="" anchorTimeID=""/>
    <ACTION_OCCURRENCE m_id="72" RELATED_TO="" TAG_DESCRIPTOR="t37_2004quake_before_tsunami" climaxEvent="FALSE" comment=""/>
    <ACTION_CAUSATIVE m_id="73" RELATED_TO="" TAG_DESCRIPTOR="t37_sparking_panic" comment=""/>
    <TIME_OF_THE_DAY m_id="74" RELATED_TO="" TAG_DESCRIPTOR="t37_gmt_0737" DCT="FALSE" value="" anchorTimeID=""/>
    <ACTION_OCCURRENCE m_id="75" RELATED_TO="" TAG_DESCRIPTOR="t37_collapse_buildings" climaxEvent="FALSE" comment=""/>
  </Markables>
  <Relations>
    <TLINK r_id="249135" contextualModality="ACT" relType="CONTAINS" comment="">
      <source m_id="50"/>
      <target m_id="14"/>
    </TLINK>
    <TLINK r_id="249136" contextualModality="ACT" relType="CONTAINS" comment="">
      <source m_id="50"/>
      <target m_id="9"/>
    </TLINK>
    <TLINK r_id="249137" contextualModality="ACT" relType="CONTAINS" comment="">
      <source m_id="50"/>
      <target m_id="15"/>
    </TLINK>
    <TLINK r_id="249138" contextualModality="ACT" relType="CONTAINS" comment="">
      <source m_id="50"/>
      <target m_id="16"/>
    </TLINK>
    <TLINK r_id="249139" contextualModality="ACT" relType="CONTAINS" comment="">
      <source m_id="50"/>
      <target m_id="4"/>
    </TLINK>
    <TLINK r_id="249141" contextualModality="ACT" relType="CONTAINS" comment="">
      <source m_id="50"/>
      <target m_id="5"/>
    </TLINK>
    <TLINK r_id="249142" contextualModality="ACT" relType="CONTAINS" comment="">
      <source m_id="50"/>
      <target m_id="7"/>
    </TLINK>
    <TLINK r_id="249143" contextualModality="ACT" relType="CONTAINS" comment="">
      <source m_id="50"/>
      <target m_id="10"/>
    </TLINK>
    <TLINK r_id="249144" contextualModality="ACT" relType="CONTAINS" comment="">
      <source m_id="50"/>
      <target m_id="11"/>
    </TLINK>
    <TLINK r_id="249145" contextualModality="ACT" relType="CONTAINS" comment="">
      <source m_id="50"/>
      <target m_id="28"/>
    </TLINK>
    <TLINK r_id="249146" contextualModality="ACT" relType="CONTAINS" comment="">
      <source m_id="51"/>
      <target m_id="12"/>
    </TLINK>
    <TLINK r_id="249147" contextualModality="ACT" relType="CONTAINS" comment="">
      <source m_id="51"/>
      <target m_id="8"/>
    </TLINK>
    <TLINK r_id="249148" contextualModality="ACT" relType="CONTAINS" comment="">
      <source m_id="51"/>
      <target m_id="13"/>
    </TLINK>
    <TLINK r_id="249149" contextualModality="ACT" relType="CONTAINS" comment="">
      <source m_id="50"/>
      <target m_id="26"/>
    </TLINK>
    <TLINK r_id="249150" contextualModality="ACT" relType="CONTAINS" comment="">
      <source m_id="50"/>
      <target m_id="25"/>
    </TLINK>
    <TLINK r_id="249151" contextualModality="ACT" relType="CONTAINS" comment="">
      <source m_id="50"/>
      <target m_id="24"/>
    </TLINK>
    <TLINK r_id="249152" contextualModality="ACT" relType="CONTAINS" comment="">
      <source m_id="52"/>
      <target m_id="19"/>
    </TLINK>
    <TLINK r_id="249153" contextualModality="ACT" relType="CONTAINS" comment="">
      <source m_id="52"/>
      <target m_id="20"/>
    </TLINK>
    <TLINK r_id="249154" contextualModality="ACT" relType="CONTAINS" comment="">
      <source m_id="52"/>
      <target m_id="21"/>
    </TLINK>
    <TLINK r_id="249155" contextualModality="ACT" relType="CONTAINS" comment="">
      <source m_id="53"/>
      <target m_id="17"/>
    </TLINK>
    <TLINK r_id="249156" contextualModality="ACT" relType="CONTAINS" comment="">
      <source m_id="53"/>
      <target m_id="18"/>
    </TLINK>
    <TLINK r_id="249158" contextualModality="" relType="SIMULTANEOUS" comment="">
      <source m_id="55"/>
      <target m_id="26"/>
    </TLINK>
    <TLINK r_id="249159" contextualModality="" relType="SIMULTANEOUS" comment="">
      <source m_id="55"/>
      <target m_id="25"/>
    </TLINK>
    <TLINK r_id="249160" contextualModality="" relType="AFTER" comment="">
      <source m_id="54"/>
      <target m_id="4"/>
    </TLINK>
    <TLINK r_id="249161" contextualModality="" relType="AFTER" comment="">
      <source m_id="54"/>
      <target m_id="7"/>
    </TLINK>
    <TLINK r_id="249162" contextualModality="" relType="AFTER" comment="">
      <source m_id="54"/>
      <target m_id="10"/>
    </TLINK>
    <TLINK r_id="249163" contextualModality="" relType="AFTER" comment="">
      <source m_id="54"/>
      <target m_id="11"/>
    </TLINK>
    <TLINK r_id="249164" contextualModality="" relType="AFTER" comment="">
      <source m_id="54"/>
      <target m_id="28"/>
    </TLINK>
    <TLINK r_id="249165" contextualModality="" relType="AFTER" comment="">
      <source m_id="54"/>
      <target m_id="12"/>
    </TLINK>
    <TLINK r_id="249166" contextualModality="" relType="AFTER" comment="">
      <source m_id="54"/>
      <target m_id="8"/>
    </TLINK>
    <TLINK r_id="249167" contextualModality="" relType="AFTER" comment="">
      <source m_id="54"/>
      <target m_id="13"/>
    </TLINK>
    <TLINK r_id="249168" contextualModality="" relType="AFTER" comment="">
      <source m_id="54"/>
      <target m_id="26"/>
    </TLINK>
    <TLINK r_id="249169" contextualModality="" relType="AFTER" comment="">
      <source m_id="54"/>
      <target m_id="24"/>
    </TLINK>
    <TLINK r_id="249170" contextualModality="" relType="OVERLAP" comment="">
      <source m_id="54"/>
      <target m_id="23"/>
    </TLINK>
    <TLINK r_id="249171" contextualModality="" relType="AFTER" comment="">
      <source m_id="54"/>
      <target m_id="19"/>
    </TLINK>
    <TLINK r_id="249172" contextualModality="" relType="AFTER" comment="">
      <source m_id="54"/>
      <target m_id="20"/>
    </TLINK>
    <TLINK r_id="249173" contextualModality="" relType="AFTER" comment="">
      <source m_id="54"/>
      <target m_id="21"/>
    </TLINK>
    <TLINK r_id="249174" contextualModality="" relType="AFTER" comment="">
      <source m_id="54"/>
      <target m_id="17"/>
    </TLINK>
    <TLINK r_id="249175" contextualModality="" relType="AFTER" comment="">
      <source m_id="54"/>
      <target m_id="18"/>
    </TLINK>
    <PLOT_LINK r_id="249176" SIGNAL="" relType="FALLING_ACTION" CAUSES="FALSE" CAUSED_BY="FALSE">
      <source m_id="14"/>
      <target m_id="15"/>
    </PLOT_LINK>
    <PLOT_LINK r_id="249177" SIGNAL="" relType="FALLING_ACTION" CAUSES="FALSE" CAUSED_BY="FALSE">
      <source m_id="9"/>
      <target m_id="15"/>
    </PLOT_LINK>
    <PLOT_LINK r_id="249178" SIGNAL="" relType="PRECONDITION" CAUSES="FALSE" CAUSED_BY="FALSE">
      <source m_id="4"/>
      <target m_id="7"/>
    </PLOT_LINK>
    <PLOT_LINK r_id="249179" SIGNAL="" relType="PRECONDITION" CAUSES="FALSE" CAUSED_BY="FALSE">
      <source m_id="4"/>
      <target m_id="10"/>
    </PLOT_LINK>
    <PLOT_LINK r_id="249180" SIGNAL="" relType="PRECONDITION" CAUSES="FALSE" CAUSED_BY="FALSE">
      <source m_id="4"/>
      <target m_id="11"/>
    </PLOT_LINK>
    <PLOT_LINK r_id="249181" SIGNAL="1" relType="PRECONDITION" CAUSES="TRUE" CAUSED_BY="FALSE">
      <source m_id="4"/>
      <target m_id="28"/>
    </PLOT_LINK>
    <PLOT_LINK r_id="249182" SIGNAL="" relType="FALLING_ACTION" CAUSES="FALSE" CAUSED_BY="FALSE">
      <source m_id="12"/>
      <target m_id="13"/>
    </PLOT_LINK>
    <PLOT_LINK r_id="249183" SIGNAL="3" relType="PRECONDITION" CAUSES="TRUE" CAUSED_BY="FALSE">
      <source m_id="8"/>
      <target m_id="13"/>
    </PLOT_LINK>
    <PLOT_LINK r_id="249184" SIGNAL="" relType="PRECONDITION" CAUSES="FALSE" CAUSED_BY="FALSE">
      <source m_id="26"/>
      <target m_id="24"/>
    </PLOT_LINK>
    <PLOT_LINK r_id="249185" SIGNAL="2" relType="PRECONDITION" CAUSES="TRUE" CAUSED_BY="FALSE">
      <source m_id="19"/>
      <target m_id="20"/>
    </PLOT_LINK>
    <PLOT_LINK r_id="249186" SIGNAL="" relType="PRECONDITION" CAUSES="FALSE" CAUSED_BY="FALSE">
      <source m_id="20"/>
      <target m_id="21"/>
    </PLOT_LINK>
    <PLOT_LINK r_id="249187" SIGNAL="" relType="PRECONDITION" CAUSES="FALSE" CAUSED_BY="FALSE">
      <source m_id="17"/>
      <target m_id="18"/>
    </PLOT_LINK>
    <TLINK r_id="249192" contextualModality="" relType="AFTER" comment="">
      <source m_id="54"/>
      <target m_id="14"/>
    </TLINK>
    <TLINK r_id="249193" contextualModality="" relType="AFTER" comment="">
      <source m_id="54"/>
      <target m_id="9"/>
    </TLINK>
    <TLINK r_id="249194" contextualModality="" relType="AFTER" comment="">
      <source m_id="54"/>
      <target m_id="15"/>
    </TLINK>
    <TLINK r_id="249195" contextualModality="" relType="AFTER" comment="">
      <source m_id="54"/>
      <target m_id="16"/>
    </TLINK>
    <TLINK r_id="253521" contextualModality="" relType="AFTER" comment="">
      <source m_id="54"/>
      <target m_id="25"/>
    </TLINK>
    <TLINK r_id="253522" contextualModality="" relType="OVERLAP" comment="">
      <source m_id="54"/>
      <target m_id="22"/>
    </TLINK>
  </Relations>
</Document>
