<?xml version='1.0' encoding='UTF-8'?>
<Document doc_name="37_5ecbplus.xml">
  <token t_id="1" sentence="0" number="0">http</token>
  <token t_id="2" sentence="0" number="1">:</token>
  <token t_id="3" sentence="0" number="2">/</token>
  <token t_id="4" sentence="0" number="3">/</token>
  <token t_id="5" sentence="0" number="4">www</token>
  <token t_id="6" sentence="0" number="5">.</token>
  <token t_id="7" sentence="0" number="6">indianexpress</token>
  <token t_id="8" sentence="0" number="7">.</token>
  <token t_id="9" sentence="0" number="8">com</token>
  <token t_id="10" sentence="0" number="9">/</token>
  <token t_id="11" sentence="0" number="10">news</token>
  <token t_id="12" sentence="0" number="11">/</token>
  <token t_id="13" sentence="0" number="12">dozens</token>
  <token t_id="14" sentence="0" number="13">-</token>
  <token t_id="15" sentence="0" number="14">injured</token>
  <token t_id="16" sentence="0" number="15">-</token>
  <token t_id="17" sentence="0" number="16">as</token>
  <token t_id="18" sentence="0" number="17">-</token>
  <token t_id="19" sentence="0" number="18">6</token>
  <token t_id="20" sentence="0" number="19">.</token>
  <token t_id="21" sentence="0" number="20">1magnitude</token>
  <token t_id="22" sentence="0" number="21">-</token>
  <token t_id="23" sentence="0" number="22">quake</token>
  <token t_id="24" sentence="0" number="23">-</token>
  <token t_id="25" sentence="0" number="24">hits</token>
  <token t_id="26" sentence="0" number="25">-</token>
  <token t_id="27" sentence="0" number="26">indonesias</token>
  <token t_id="28" sentence="0" number="27">-</token>
  <token t_id="29" sentence="0" number="28">aceh</token>
  <token t_id="30" sentence="0" number="29">/</token>
  <token t_id="31" sentence="0" number="30">1136656</token>
  <token t_id="32" sentence="0" number="31">/</token>
  <token t_id="33" sentence="1" number="0">Dozens</token>
  <token t_id="34" sentence="1" number="1">injured</token>
  <token t_id="35" sentence="1" number="2">as</token>
  <token t_id="36" sentence="1" number="3">6</token>
  <token t_id="37" sentence="1" number="4">.</token>
  <token t_id="38" sentence="1" number="5">1</token>
  <token t_id="39" sentence="1" number="6">-</token>
  <token t_id="40" sentence="1" number="7">magnitude</token>
  <token t_id="41" sentence="1" number="8">quake</token>
  <token t_id="42" sentence="1" number="9">hits</token>
  <token t_id="43" sentence="1" number="10">Indonesia's</token>
  <token t_id="44" sentence="1" number="11">Aceh</token>
  <token t_id="45" sentence="2" number="0">Tue</token>
  <token t_id="46" sentence="2" number="1">Jul</token>
  <token t_id="47" sentence="2" number="2">02</token>
  <token t_id="48" sentence="2" number="3">2013</token>
  <token t_id="49" sentence="2" number="4">,</token>
  <token t_id="50" sentence="2" number="5">14</token>
  <token t_id="51" sentence="2" number="6">:</token>
  <token t_id="52" sentence="2" number="7">58</token>
  <token t_id="53" sentence="2" number="8">hrs</token>
  <token t_id="54" sentence="3" number="0">A</token>
  <token t_id="55" sentence="3" number="1">strong</token>
  <token t_id="56" sentence="3" number="2">6</token>
  <token t_id="57" sentence="3" number="3">.</token>
  <token t_id="58" sentence="3" number="4">1</token>
  <token t_id="59" sentence="3" number="5">-</token>
  <token t_id="60" sentence="3" number="6">magnitude</token>
  <token t_id="61" sentence="3" number="7">earthquake</token>
  <token t_id="62" sentence="3" number="8">struck</token>
  <token t_id="63" sentence="3" number="9">Indonesia's</token>
  <token t_id="64" sentence="3" number="10">northwestern</token>
  <token t_id="65" sentence="3" number="11">province</token>
  <token t_id="66" sentence="3" number="12">of</token>
  <token t_id="67" sentence="3" number="13">Aceh</token>
  <token t_id="68" sentence="3" number="14">today</token>
  <token t_id="69" sentence="3" number="15">,</token>
  <token t_id="70" sentence="3" number="16">causing</token>
  <token t_id="71" sentence="3" number="17">buildings</token>
  <token t_id="72" sentence="3" number="18">to</token>
  <token t_id="73" sentence="3" number="19">collapse</token>
  <token t_id="74" sentence="3" number="20">and</token>
  <token t_id="75" sentence="3" number="21">injuring</token>
  <token t_id="76" sentence="3" number="22">at</token>
  <token t_id="77" sentence="3" number="23">least</token>
  <token t_id="78" sentence="3" number="24">50</token>
  <token t_id="79" sentence="3" number="25">people</token>
  <token t_id="80" sentence="3" number="26">.</token>
  <token t_id="81" sentence="4" number="0">The</token>
  <token t_id="82" sentence="4" number="1">quake</token>
  <token t_id="83" sentence="4" number="2">hit</token>
  <token t_id="84" sentence="4" number="3">inland</token>
  <token t_id="85" sentence="4" number="4">at</token>
  <token t_id="86" sentence="4" number="5">0737</token>
  <token t_id="87" sentence="4" number="6">GMT</token>
  <token t_id="88" sentence="4" number="7">at</token>
  <token t_id="89" sentence="4" number="8">a</token>
  <token t_id="90" sentence="4" number="9">depth</token>
  <token t_id="91" sentence="4" number="10">of</token>
  <token t_id="92" sentence="4" number="11">just</token>
  <token t_id="93" sentence="4" number="12">10</token>
  <token t_id="94" sentence="4" number="13">kilometres</token>
  <token t_id="95" sentence="4" number="14">,</token>
  <token t_id="96" sentence="4" number="15">55</token>
  <token t_id="97" sentence="4" number="16">kilometres</token>
  <token t_id="98" sentence="4" number="17">south</token>
  <token t_id="99" sentence="4" number="18">of</token>
  <token t_id="100" sentence="4" number="19">Bireun</token>
  <token t_id="101" sentence="4" number="20">and</token>
  <token t_id="102" sentence="4" number="21">72</token>
  <token t_id="103" sentence="4" number="22">kilometres</token>
  <token t_id="104" sentence="4" number="23">southeast</token>
  <token t_id="105" sentence="4" number="24">of</token>
  <token t_id="106" sentence="4" number="25">Reuleuet</token>
  <token t_id="107" sentence="4" number="26">,</token>
  <token t_id="108" sentence="4" number="27">the</token>
  <token t_id="109" sentence="4" number="28">US</token>
  <token t_id="110" sentence="4" number="29">Geological</token>
  <token t_id="111" sentence="4" number="30">Survey</token>
  <token t_id="112" sentence="4" number="31">said</token>
  <token t_id="113" sentence="4" number="32">.</token>
  <token t_id="114" sentence="5" number="0">"We</token>
  <token t_id="115" sentence="5" number="1">have</token>
  <token t_id="116" sentence="5" number="2">received</token>
  <token t_id="117" sentence="5" number="3">around</token>
  <token t_id="118" sentence="5" number="4">50</token>
  <token t_id="119" sentence="5" number="5">people</token>
  <token t_id="120" sentence="5" number="6">with</token>
  <token t_id="121" sentence="5" number="7">injuries</token>
  <token t_id="122" sentence="5" number="8">suffered</token>
  <token t_id="123" sentence="5" number="9">when</token>
  <token t_id="124" sentence="5" number="10">the</token>
  <token t_id="125" sentence="5" number="11">walls</token>
  <token t_id="126" sentence="5" number="12">of</token>
  <token t_id="127" sentence="5" number="13">their</token>
  <token t_id="128" sentence="5" number="14">houses</token>
  <token t_id="129" sentence="5" number="15">collapsed</token>
  <token t_id="130" sentence="5" number="16">,</token>
  <token t_id="131" sentence="5" number="17">"</token>
  <token t_id="132" sentence="5" number="18">Ema</token>
  <token t_id="133" sentence="5" number="19">Suryani</token>
  <token t_id="134" sentence="5" number="20">,</token>
  <token t_id="135" sentence="5" number="21">a</token>
  <token t_id="136" sentence="5" number="22">doctor</token>
  <token t_id="137" sentence="5" number="23">at</token>
  <token t_id="138" sentence="5" number="24">a</token>
  <token t_id="139" sentence="5" number="25">health</token>
  <token t_id="140" sentence="5" number="26">clinic</token>
  <token t_id="141" sentence="5" number="27">in</token>
  <token t_id="142" sentence="5" number="28">Lampahan</token>
  <token t_id="143" sentence="5" number="29">city</token>
  <token t_id="144" sentence="5" number="30">,</token>
  <token t_id="145" sentence="5" number="31">Bener</token>
  <token t_id="146" sentence="5" number="32">Meriah</token>
  <token t_id="147" sentence="5" number="33">district</token>
  <token t_id="148" sentence="5" number="34">,</token>
  <token t_id="149" sentence="5" number="35">told</token>
  <token t_id="150" sentence="5" number="36">AFP</token>
  <token t_id="151" sentence="5" number="37">.</token>
  <token t_id="152" sentence="6" number="0">"The</token>
  <token t_id="153" sentence="6" number="1">injuries</token>
  <token t_id="154" sentence="6" number="2">vary</token>
  <token t_id="155" sentence="6" number="3">from</token>
  <token t_id="156" sentence="6" number="4">open</token>
  <token t_id="157" sentence="6" number="5">wounds</token>
  <token t_id="158" sentence="6" number="6">to</token>
  <token t_id="159" sentence="6" number="7">broken</token>
  <token t_id="160" sentence="6" number="8">bones</token>
  <token t_id="161" sentence="6" number="9">.</token>
  <token t_id="162" sentence="6" number="10">"</token>
  <token t_id="163" sentence="7" number="0">Injured</token>
  <token t_id="164" sentence="7" number="1">people</token>
  <token t_id="165" sentence="7" number="2">had</token>
  <token t_id="166" sentence="7" number="3">been</token>
  <token t_id="167" sentence="7" number="4">transported</token>
  <token t_id="168" sentence="7" number="5">from</token>
  <token t_id="169" sentence="7" number="6">several</token>
  <token t_id="170" sentence="7" number="7">affected</token>
  <token t_id="171" sentence="7" number="8">villages</token>
  <token t_id="172" sentence="7" number="9">in</token>
  <token t_id="173" sentence="7" number="10">two</token>
  <token t_id="174" sentence="7" number="11">trucks</token>
  <token t_id="175" sentence="7" number="12">,</token>
  <token t_id="176" sentence="7" number="13">she</token>
  <token t_id="177" sentence="7" number="14">said</token>
  <token t_id="178" sentence="7" number="15">.</token>
  <token t_id="179" sentence="8" number="0">People</token>
  <token t_id="180" sentence="8" number="1">also</token>
  <token t_id="181" sentence="8" number="2">ran</token>
  <token t_id="182" sentence="8" number="3">out</token>
  <token t_id="183" sentence="8" number="4">of</token>
  <token t_id="184" sentence="8" number="5">buildings</token>
  <token t_id="185" sentence="8" number="6">in</token>
  <token t_id="186" sentence="8" number="7">panic</token>
  <token t_id="187" sentence="8" number="8">in</token>
  <token t_id="188" sentence="8" number="9">the</token>
  <token t_id="189" sentence="8" number="10">provincial</token>
  <token t_id="190" sentence="8" number="11">capital</token>
  <token t_id="191" sentence="8" number="12">Banda</token>
  <token t_id="192" sentence="8" number="13">Aceh</token>
  <token t_id="193" sentence="8" number="14">as</token>
  <token t_id="194" sentence="8" number="15">the</token>
  <token t_id="195" sentence="8" number="16">quake</token>
  <token t_id="196" sentence="8" number="17">shook</token>
  <token t_id="197" sentence="8" number="18">houses</token>
  <token t_id="198" sentence="8" number="19">for</token>
  <token t_id="199" sentence="8" number="20">around</token>
  <token t_id="200" sentence="8" number="21">one</token>
  <token t_id="201" sentence="8" number="22">minute</token>
  <token t_id="202" sentence="8" number="23">,</token>
  <token t_id="203" sentence="8" number="24">an</token>
  <token t_id="204" sentence="8" number="25">AFP</token>
  <token t_id="205" sentence="8" number="26">journalist</token>
  <token t_id="206" sentence="8" number="27">at</token>
  <token t_id="207" sentence="8" number="28">the</token>
  <token t_id="208" sentence="8" number="29">scene</token>
  <token t_id="209" sentence="8" number="30">said</token>
  <token t_id="210" sentence="8" number="31">.</token>
  <token t_id="211" sentence="9" number="0">A</token>
  <token t_id="212" sentence="9" number="1">massive</token>
  <token t_id="213" sentence="9" number="2">quake</token>
  <token t_id="214" sentence="9" number="3">struck</token>
  <token t_id="215" sentence="9" number="4">off</token>
  <token t_id="216" sentence="9" number="5">Aceh</token>
  <token t_id="217" sentence="9" number="6">in</token>
  <token t_id="218" sentence="9" number="7">2004</token>
  <token t_id="219" sentence="9" number="8">,</token>
  <token t_id="220" sentence="9" number="9">sparking</token>
  <token t_id="221" sentence="9" number="10">a</token>
  <token t_id="222" sentence="9" number="11">tsunami</token>
  <token t_id="223" sentence="9" number="12">that</token>
  <token t_id="224" sentence="9" number="13">killed</token>
  <token t_id="225" sentence="9" number="14">170</token>
  <token t_id="226" sentence="9" number="15">,</token>
  <token t_id="227" sentence="9" number="16">000</token>
  <token t_id="228" sentence="9" number="17">people</token>
  <token t_id="229" sentence="9" number="18">in</token>
  <token t_id="230" sentence="9" number="19">the</token>
  <token t_id="231" sentence="9" number="20">province</token>
  <token t_id="232" sentence="9" number="21">on</token>
  <token t_id="233" sentence="9" number="22">Sumatra</token>
  <token t_id="234" sentence="9" number="23">and</token>
  <token t_id="235" sentence="9" number="24">tens</token>
  <token t_id="236" sentence="9" number="25">of</token>
  <token t_id="237" sentence="9" number="26">thousands</token>
  <token t_id="238" sentence="9" number="27">more</token>
  <token t_id="239" sentence="9" number="28">in</token>
  <token t_id="240" sentence="9" number="29">countries</token>
  <token t_id="241" sentence="9" number="30">around</token>
  <token t_id="242" sentence="9" number="31">the</token>
  <token t_id="243" sentence="9" number="32">Indian</token>
  <token t_id="244" sentence="9" number="33">Ocean</token>
  <token t_id="245" sentence="9" number="34">.</token>
  <token t_id="246" sentence="10" number="0">Indonesia</token>
  <token t_id="247" sentence="10" number="1">sits</token>
  <token t_id="248" sentence="10" number="2">on</token>
  <token t_id="249" sentence="10" number="3">the</token>
  <token t_id="250" sentence="10" number="4">Pacific</token>
  <token t_id="251" sentence="10" number="5">"Ring</token>
  <token t_id="252" sentence="10" number="6">of</token>
  <token t_id="253" sentence="10" number="7">Fire"</token>
  <token t_id="254" sentence="10" number="8">where</token>
  <token t_id="255" sentence="10" number="9">continental</token>
  <token t_id="256" sentence="10" number="10">plates</token>
  <token t_id="257" sentence="10" number="11">collide</token>
  <token t_id="258" sentence="10" number="12">,</token>
  <token t_id="259" sentence="10" number="13">causing</token>
  <token t_id="260" sentence="10" number="14">frequent</token>
  <token t_id="261" sentence="10" number="15">seismic</token>
  <token t_id="262" sentence="10" number="16">and</token>
  <token t_id="263" sentence="10" number="17">volcanic</token>
  <token t_id="264" sentence="10" number="18">activity</token>
  <token t_id="265" sentence="10" number="19">.</token>
  <Markables>
    <ACTION_CAUSATIVE m_id="1" comment="">
      <token_anchor t_id="70"/>
    </ACTION_CAUSATIVE>
    <ACTION_CAUSATIVE m_id="2" comment="">
      <token_anchor t_id="220"/>
    </ACTION_CAUSATIVE>
    <ACTION_OCCURRENCE m_id="3" climaxEvent="FALSE" comment="">
      <token_anchor t_id="34"/>
    </ACTION_OCCURRENCE>
    <ACTION_OCCURRENCE m_id="4" climaxEvent="TRUE" comment="">
      <token_anchor t_id="36"/>
      <token_anchor t_id="37"/>
      <token_anchor t_id="38"/>
      <token_anchor t_id="39"/>
      <token_anchor t_id="40"/>
      <token_anchor t_id="41"/>
    </ACTION_OCCURRENCE>
    <ACTION_OCCURRENCE m_id="5" climaxEvent="FALSE" comment="">
      <token_anchor t_id="42"/>
    </ACTION_OCCURRENCE>
    <ACTION_OCCURRENCE m_id="6" climaxEvent="TRUE" comment="">
      <token_anchor t_id="56"/>
      <token_anchor t_id="57"/>
      <token_anchor t_id="58"/>
      <token_anchor t_id="59"/>
      <token_anchor t_id="60"/>
      <token_anchor t_id="61"/>
    </ACTION_OCCURRENCE>
    <ACTION_OCCURRENCE m_id="7" climaxEvent="FALSE" comment="">
      <token_anchor t_id="73"/>
    </ACTION_OCCURRENCE>
    <ACTION_OCCURRENCE m_id="8" climaxEvent="FALSE" comment="">
      <token_anchor t_id="62"/>
    </ACTION_OCCURRENCE>
    <ACTION_OCCURRENCE m_id="9" climaxEvent="FALSE" comment="">
      <token_anchor t_id="75"/>
    </ACTION_OCCURRENCE>
    <ACTION_OCCURRENCE m_id="10" climaxEvent="FALSE" comment="">
      <token_anchor t_id="82"/>
    </ACTION_OCCURRENCE>
    <ACTION_OCCURRENCE m_id="11" climaxEvent="FALSE" comment="">
      <token_anchor t_id="83"/>
    </ACTION_OCCURRENCE>
    <ACTION_OCCURRENCE m_id="12" climaxEvent="FALSE" comment="">
      <token_anchor t_id="181"/>
    </ACTION_OCCURRENCE>
    <ACTION_OCCURRENCE m_id="13" climaxEvent="FALSE" comment="">
      <token_anchor t_id="195"/>
    </ACTION_OCCURRENCE>
    <ACTION_OCCURRENCE m_id="14" climaxEvent="FALSE" comment="">
      <token_anchor t_id="196"/>
    </ACTION_OCCURRENCE>
    <ACTION_OCCURRENCE m_id="15" climaxEvent="FALSE" comment="">
      <token_anchor t_id="214"/>
    </ACTION_OCCURRENCE>
    <ACTION_OCCURRENCE m_id="16" climaxEvent="FALSE" comment="">
      <token_anchor t_id="213"/>
    </ACTION_OCCURRENCE>
    <ACTION_OCCURRENCE m_id="17" climaxEvent="FALSE" comment="">
      <token_anchor t_id="222"/>
    </ACTION_OCCURRENCE>
    <ACTION_OCCURRENCE m_id="18" climaxEvent="FALSE" comment="">
      <token_anchor t_id="224"/>
    </ACTION_OCCURRENCE>
    <ACTION_REPORTING m_id="19" comment="">
      <token_anchor t_id="112"/>
    </ACTION_REPORTING>
    <ACTION_REPORTING m_id="20" comment="">
      <token_anchor t_id="209"/>
    </ACTION_REPORTING>
    <ACTION_STATE m_id="21" climaxEvent="FALSE" comment="">
      <token_anchor t_id="185"/>
      <token_anchor t_id="186"/>
    </ACTION_STATE>
    <HUMAN_PART_ORG m_id="22">
      <token_anchor t_id="109"/>
      <token_anchor t_id="110"/>
      <token_anchor t_id="111"/>
    </HUMAN_PART_ORG>
    <HUMAN_PART_PER m_id="23" comment="">
      <token_anchor t_id="235"/>
      <token_anchor t_id="236"/>
      <token_anchor t_id="237"/>
      <token_anchor t_id="238"/>
    </HUMAN_PART_PER>
    <HUMAN_PART_PER m_id="24" comment="">
      <token_anchor t_id="33"/>
    </HUMAN_PART_PER>
    <HUMAN_PART_PER m_id="25" comment="">
      <token_anchor t_id="78"/>
      <token_anchor t_id="79"/>
    </HUMAN_PART_PER>
    <HUMAN_PART_PER m_id="26" comment="">
      <token_anchor t_id="179"/>
    </HUMAN_PART_PER>
    <HUMAN_PART_PER m_id="27" comment="">
      <token_anchor t_id="205"/>
    </HUMAN_PART_PER>
    <HUMAN_PART_PER m_id="28" comment="">
      <token_anchor t_id="225"/>
      <token_anchor t_id="226"/>
      <token_anchor t_id="227"/>
      <token_anchor t_id="228"/>
    </HUMAN_PART_PER>
    <LOC_FAC m_id="29">
      <token_anchor t_id="71"/>
    </LOC_FAC>
    <LOC_FAC m_id="30">
      <token_anchor t_id="197"/>
    </LOC_FAC>
    <LOC_FAC m_id="31">
      <token_anchor t_id="182"/>
      <token_anchor t_id="183"/>
      <token_anchor t_id="184"/>
    </LOC_FAC>
    <LOC_GEO m_id="33" comment="">
      <token_anchor t_id="43"/>
      <token_anchor t_id="44"/>
    </LOC_GEO>
    <LOC_GEO m_id="34" comment="">
      <token_anchor t_id="63"/>
      <token_anchor t_id="64"/>
      <token_anchor t_id="65"/>
      <token_anchor t_id="66"/>
      <token_anchor t_id="67"/>
    </LOC_GEO>
    <LOC_GEO m_id="35" comment="">
      <token_anchor t_id="84"/>
    </LOC_GEO>
    <LOC_GEO m_id="36" comment="">
      <token_anchor t_id="96"/>
      <token_anchor t_id="97"/>
      <token_anchor t_id="98"/>
      <token_anchor t_id="99"/>
      <token_anchor t_id="100"/>
      <token_anchor t_id="101"/>
      <token_anchor t_id="102"/>
      <token_anchor t_id="103"/>
      <token_anchor t_id="104"/>
      <token_anchor t_id="105"/>
      <token_anchor t_id="106"/>
    </LOC_GEO>
    <LOC_GEO m_id="37" comment="">
      <token_anchor t_id="187"/>
      <token_anchor t_id="188"/>
      <token_anchor t_id="189"/>
      <token_anchor t_id="190"/>
      <token_anchor t_id="191"/>
      <token_anchor t_id="192"/>
    </LOC_GEO>
    <LOC_GEO m_id="38" comment="">
      <token_anchor t_id="215"/>
      <token_anchor t_id="216"/>
    </LOC_GEO>
    <LOC_GEO m_id="39" comment="">
      <token_anchor t_id="239"/>
      <token_anchor t_id="240"/>
      <token_anchor t_id="241"/>
      <token_anchor t_id="242"/>
      <token_anchor t_id="243"/>
      <token_anchor t_id="244"/>
    </LOC_GEO>
    <LOC_GEO m_id="32" comment="">
      <token_anchor t_id="229"/>
      <token_anchor t_id="230"/>
      <token_anchor t_id="231"/>
      <token_anchor t_id="232"/>
      <token_anchor t_id="233"/>
    </LOC_GEO>
    <LOC_OTHER m_id="40">
      <token_anchor t_id="206"/>
      <token_anchor t_id="207"/>
      <token_anchor t_id="208"/>
    </LOC_OTHER>
    <TIME_DATE m_id="41" comment="" DCT="FALSE" value="2004" anchorTimeID="41">
      <token_anchor t_id="218"/>
    </TIME_DATE>
    <TIME_DATE m_id="42" comment="" DCT="FALSE" value="2013-07-02" anchorTimeID="44">
      <token_anchor t_id="68"/>
    </TIME_DATE>
    <TIME_DURATION m_id="43" endPoint="65" value="PT1M" begin="45" anchorTimeID="45">
      <token_anchor t_id="198"/>
      <token_anchor t_id="199"/>
      <token_anchor t_id="200"/>
      <token_anchor t_id="201"/>
    </TIME_DURATION>
    <TIME_OF_THE_DAY m_id="44" DCT="TRUE" value="2013-07-02T09:32Z" anchorTimeID="44">
      <token_anchor t_id="45"/>
      <token_anchor t_id="46"/>
      <token_anchor t_id="47"/>
      <token_anchor t_id="48"/>
      <token_anchor t_id="49"/>
      <token_anchor t_id="50"/>
      <token_anchor t_id="51"/>
      <token_anchor t_id="52"/>
      <token_anchor t_id="53"/>
    </TIME_OF_THE_DAY>
    <TIME_OF_THE_DAY m_id="45" DCT="FALSE" value="2013-07-02T07:37Z" anchorTimeID="45">
      <token_anchor t_id="86"/>
      <token_anchor t_id="87"/>
    </TIME_OF_THE_DAY>
    <HUMAN_PART_PER m_id="46" RELATED_TO="" TAG_DESCRIPTOR="t37_people_ran_houses" comment=""/>
    <TIME_OF_THE_DAY m_id="47" RELATED_TO="" TAG_DESCRIPTOR="t37_gmt_0737" DCT="FALSE" value="" anchorTimeID=""/>
    <ACTION_OCCURRENCE m_id="48" RELATED_TO="" TAG_DESCRIPTOR="t37_collapse_buildings" climaxEvent="FALSE" comment=""/>
    <HUMAN_PART_PER m_id="49" RELATED_TO="" TAG_DESCRIPTOR="t37_afp_journalist" comment=""/>
    <LOC_FAC m_id="50" RELATED_TO="" TAG_DESCRIPTOR="t37_collapsed_buildings"/>
    <ACTION_OCCURRENCE m_id="51" RELATED_TO="" TAG_DESCRIPTOR="t37_earthquake_struck" climaxEvent="FALSE" comment=""/>
    <HUMAN_PART_PER m_id="52" RELATED_TO="" TAG_DESCRIPTOR="t37_50_people_injured" comment=""/>
    <ACTION_OCCURRENCE m_id="53" RELATED_TO="" TAG_DESCRIPTOR="t37_shook_houses" climaxEvent="FALSE" comment=""/>
    <ACTION_OCCURRENCE m_id="54" RELATED_TO="" TAG_DESCRIPTOR="t37_injured_dozens" climaxEvent="FALSE" comment=""/>
    <ACTION_REPORTING m_id="55" RELATED_TO="" TAG_DESCRIPTOR="t37_usgs_said" comment=""/>
    <ACTION_REPORTING m_id="56" RELATED_TO="" TAG_DESCRIPTOR="t37_apf_journalist_said" comment=""/>
    <LOC_GEO m_id="57" RELATED_TO="" TAG_DESCRIPTOR="t37_epicenter_loc" comment=""/>
    <ACTION_OCCURRENCE m_id="58" RELATED_TO="" TAG_DESCRIPTOR="t37_aceh_earthquake" climaxEvent="FALSE" comment=""/>
    <ACTION_OCCURRENCE m_id="59" RELATED_TO="" TAG_DESCRIPTOR="t37_ran_out_of_buildings" climaxEvent="FALSE" comment=""/>
    <HUMAN_PART_ORG m_id="60" RELATED_TO="" TAG_DESCRIPTOR="t37_USGS"/>
    <ACTION_CAUSATIVE m_id="61" RELATED_TO="" TAG_DESCRIPTOR="t37_causing_buildings_collapse" comment=""/>
    <TIME_DATE m_id="62" RELATED_TO="" TAG_DESCRIPTOR="t37_tue_2_jul" comment="" DCT="FALSE" value="" anchorTimeID=""/>
    <LOC_GEO m_id="63" RELATED_TO="" TAG_DESCRIPTOR="t37_aceh_province" comment=""/>
    <LOC_FAC m_id="64" RELATED_TO="" TAG_DESCRIPTOR="t37_shaken_houses"/>
    <TIME_OF_THE_DAY m_id="65" RELATED_TO="" TAG_DESCRIPTOR="t_2013-07-02T07:38Z" DCT="FALSE" value="2013-07-02T07:37Z" anchorTimeID="45"/>
  </Markables>
  <Relations>
    <TLINK r_id="249214" contextualModality="" relType="CONTAINS" comment="">
      <source m_id="42"/>
      <target m_id="4"/>
    </TLINK>
    <TLINK r_id="249215" contextualModality="" relType="CONTAINS" comment="">
      <source m_id="42"/>
      <target m_id="7"/>
    </TLINK>
    <TLINK r_id="249216" contextualModality="" relType="CONTAINS" comment="">
      <source m_id="42"/>
      <target m_id="9"/>
    </TLINK>
    <TLINK r_id="249217" contextualModality="" relType="CONTAINS" comment="">
      <source m_id="42"/>
      <target m_id="10"/>
    </TLINK>
    <TLINK r_id="249218" contextualModality="" relType="CONTAINS" comment="">
      <source m_id="42"/>
      <target m_id="12"/>
    </TLINK>
    <TLINK r_id="249219" contextualModality="" relType="CONTAINS" comment="">
      <source m_id="41"/>
      <target m_id="16"/>
    </TLINK>
    <TLINK r_id="249220" contextualModality="" relType="CONTAINS" comment="">
      <source m_id="41"/>
      <target m_id="17"/>
    </TLINK>
    <TLINK r_id="249221" contextualModality="" relType="CONTAINS" comment="">
      <source m_id="41"/>
      <target m_id="18"/>
    </TLINK>
    <TLINK r_id="249222" contextualModality="" relType="CONTAINS" comment="">
      <source m_id="43"/>
      <target m_id="13"/>
    </TLINK>
    <TLINK r_id="249223" contextualModality="" relType="AFTER" comment="">
      <source m_id="44"/>
      <target m_id="6"/>
    </TLINK>
    <TLINK r_id="249224" contextualModality="" relType="AFTER" comment="">
      <source m_id="44"/>
      <target m_id="7"/>
    </TLINK>
    <TLINK r_id="249225" contextualModality="" relType="AFTER" comment="">
      <source m_id="44"/>
      <target m_id="9"/>
    </TLINK>
    <TLINK r_id="249226" contextualModality="" relType="AFTER" comment="">
      <source m_id="44"/>
      <target m_id="10"/>
    </TLINK>
    <TLINK r_id="249227" contextualModality="" relType="AFTER" comment="">
      <source m_id="44"/>
      <target m_id="12"/>
    </TLINK>
    <TLINK r_id="249228" contextualModality="" relType="AFTER" comment="">
      <source m_id="44"/>
      <target m_id="13"/>
    </TLINK>
    <TLINK r_id="249229" contextualModality="" relType="AFTER" comment="">
      <source m_id="44"/>
      <target m_id="16"/>
    </TLINK>
    <TLINK r_id="249230" contextualModality="" relType="AFTER" comment="">
      <source m_id="44"/>
      <target m_id="17"/>
    </TLINK>
    <TLINK r_id="249231" contextualModality="" relType="AFTER" comment="">
      <source m_id="44"/>
      <target m_id="18"/>
    </TLINK>
    <TLINK r_id="249232" contextualModality="" relType="SIMULTANEOUS" comment="">
      <source m_id="45"/>
      <target m_id="10"/>
    </TLINK>
    <PLOT_LINK r_id="249234" SIGNAL="" relType="FALLING_ACTION" CAUSES="FALSE" CAUSED_BY="FALSE">
      <source m_id="3"/>
      <target m_id="4"/>
    </PLOT_LINK>
    <PLOT_LINK r_id="249235" SIGNAL="1" relType="PRECONDITION" CAUSES="TRUE" CAUSED_BY="FALSE">
      <source m_id="6"/>
      <target m_id="7"/>
    </PLOT_LINK>
    <PLOT_LINK r_id="249236" SIGNAL="" relType="PRECONDITION" CAUSES="FALSE" CAUSED_BY="FALSE">
      <source m_id="6"/>
      <target m_id="9"/>
    </PLOT_LINK>
    <PLOT_LINK r_id="249237" SIGNAL="" relType="FALLING_ACTION" CAUSES="FALSE" CAUSED_BY="FALSE">
      <source m_id="12"/>
      <target m_id="13"/>
    </PLOT_LINK>
    <PLOT_LINK r_id="249238" SIGNAL="" relType="FALLING_ACTION" CAUSES="FALSE" CAUSED_BY="FALSE">
      <source m_id="21"/>
      <target m_id="13"/>
    </PLOT_LINK>
    <PLOT_LINK r_id="249239" SIGNAL="2" relType="PRECONDITION" CAUSES="TRUE" CAUSED_BY="FALSE">
      <source m_id="16"/>
      <target m_id="17"/>
    </PLOT_LINK>
    <PLOT_LINK r_id="249240" SIGNAL="" relType="PRECONDITION" CAUSES="FALSE" CAUSED_BY="FALSE">
      <source m_id="17"/>
      <target m_id="18"/>
    </PLOT_LINK>
    <TLINK r_id="249241" contextualModality="" relType="CONTAINS" comment="">
      <source m_id="42"/>
      <target m_id="3"/>
    </TLINK>
    <TLINK r_id="249242" contextualModality="" relType="CONTAINS" comment="">
      <source m_id="42"/>
      <target m_id="6"/>
    </TLINK>
    <TLINK r_id="249243" contextualModality="" relType="CONTAINS" comment="">
      <source m_id="42"/>
      <target m_id="5"/>
    </TLINK>
    <TLINK r_id="249244" contextualModality="" relType="AFTER" comment="">
      <source m_id="44"/>
      <target m_id="3"/>
    </TLINK>
    <TLINK r_id="249245" contextualModality="" relType="AFTER" comment="">
      <source m_id="44"/>
      <target m_id="4"/>
    </TLINK>
    <TLINK r_id="249246" contextualModality="" relType="AFTER" comment="">
      <source m_id="44"/>
      <target m_id="5"/>
    </TLINK>
    <TLINK r_id="253523" contextualModality="" relType="AFTER" comment="">
      <source m_id="44"/>
      <target m_id="14"/>
    </TLINK>
    <TLINK r_id="253524" contextualModality="" relType="CONTAINS" comment="">
      <source m_id="42"/>
      <target m_id="8"/>
    </TLINK>
    <TLINK r_id="253525">
      <source m_id="42"/>
      <target m_id="11"/>
    </TLINK>
    <TLINK r_id="253526" contextualModality="" relType="CONTAINS" comment="">
      <source m_id="42"/>
      <target m_id="21"/>
    </TLINK>
    <TLINK r_id="253527" contextualModality="" relType="CONTAINS" comment="">
      <source m_id="42"/>
      <target m_id="13"/>
    </TLINK>
    <TLINK r_id="253528" contextualModality="" relType="SIMULTANEOUS" comment="">
      <source m_id="45"/>
      <target m_id="11"/>
    </TLINK>
    <TLINK r_id="253529" contextualModality="" relType="ENDED_ON" comment="">
      <source m_id="65"/>
      <target m_id="10"/>
    </TLINK>
    <TLINK r_id="253530" contextualModality="" relType="BEGUN_ON" comment="">
      <source m_id="45"/>
      <target m_id="10"/>
    </TLINK>
  </Relations>
</Document>
