<?xml version='1.0' encoding='UTF-8'?>
<Document doc_name="37_6ecbplus.xml">
  <token t_id="1" sentence="0" number="0">http</token>
  <token t_id="2" sentence="0" number="1">:</token>
  <token t_id="3" sentence="0" number="2">/</token>
  <token t_id="4" sentence="0" number="3">/</token>
  <token t_id="5" sentence="0" number="4">www</token>
  <token t_id="6" sentence="0" number="5">.</token>
  <token t_id="7" sentence="0" number="6">bbc</token>
  <token t_id="8" sentence="0" number="7">.</token>
  <token t_id="9" sentence="0" number="8">co</token>
  <token t_id="10" sentence="0" number="9">.</token>
  <token t_id="11" sentence="0" number="10">uk</token>
  <token t_id="12" sentence="0" number="11">/</token>
  <token t_id="13" sentence="0" number="12">news</token>
  <token t_id="14" sentence="0" number="13">/</token>
  <token t_id="15" sentence="0" number="14">world</token>
  <token t_id="16" sentence="0" number="15">-</token>
  <token t_id="17" sentence="0" number="16">23141479</token>
  <token t_id="18" sentence="1" number="0">3</token>
  <token t_id="19" sentence="1" number="1">July</token>
  <token t_id="20" sentence="1" number="2">2013</token>
  <token t_id="21" sentence="1" number="3">Last</token>
  <token t_id="22" sentence="1" number="4">updated</token>
  <token t_id="23" sentence="1" number="5">at</token>
  <token t_id="24" sentence="1" number="6">13</token>
  <token t_id="25" sentence="1" number="7">:</token>
  <token t_id="26" sentence="1" number="8">38</token>
  <token t_id="27" sentence="1" number="9">GMT</token>
  <token t_id="28" sentence="2" number="0">Indonesia</token>
  <token t_id="29" sentence="2" number="1">Aceh</token>
  <token t_id="30" sentence="2" number="2">rescue</token>
  <token t_id="31" sentence="2" number="3">operation</token>
  <token t_id="32" sentence="2" number="4">after</token>
  <token t_id="33" sentence="2" number="5">deadly</token>
  <token t_id="34" sentence="2" number="6">earthquake</token>
  <token t_id="35" sentence="3" number="0">Rescue</token>
  <token t_id="36" sentence="3" number="1">operations</token>
  <token t_id="37" sentence="3" number="2">are</token>
  <token t_id="38" sentence="3" number="3">under</token>
  <token t_id="39" sentence="3" number="4">way</token>
  <token t_id="40" sentence="3" number="5">after</token>
  <token t_id="41" sentence="3" number="6">a</token>
  <token t_id="42" sentence="3" number="7">6</token>
  <token t_id="43" sentence="3" number="8">.</token>
  <token t_id="44" sentence="3" number="9">1</token>
  <token t_id="45" sentence="3" number="10">magnitude</token>
  <token t_id="46" sentence="3" number="11">earthquake</token>
  <token t_id="47" sentence="3" number="12">hit</token>
  <token t_id="48" sentence="3" number="13">Indonesia's</token>
  <token t_id="49" sentence="3" number="14">Aceh</token>
  <token t_id="50" sentence="3" number="15">province</token>
  <token t_id="51" sentence="3" number="16">,</token>
  <token t_id="52" sentence="3" number="17">flattening</token>
  <token t_id="53" sentence="3" number="18">houses</token>
  <token t_id="54" sentence="3" number="19">and</token>
  <token t_id="55" sentence="3" number="20">causing</token>
  <token t_id="56" sentence="3" number="21">landslides</token>
  <token t_id="57" sentence="3" number="22">.</token>
  <token t_id="58" sentence="4" number="0">Officials</token>
  <token t_id="59" sentence="4" number="1">say</token>
  <token t_id="60" sentence="4" number="2">at</token>
  <token t_id="61" sentence="4" number="3">least</token>
  <token t_id="62" sentence="4" number="4">24</token>
  <token t_id="63" sentence="4" number="5">people</token>
  <token t_id="64" sentence="4" number="6">were</token>
  <token t_id="65" sentence="4" number="7">killed</token>
  <token t_id="66" sentence="4" number="8">and</token>
  <token t_id="67" sentence="4" number="9">more</token>
  <token t_id="68" sentence="4" number="10">than</token>
  <token t_id="69" sentence="4" number="11">200</token>
  <token t_id="70" sentence="4" number="12">injured</token>
  <token t_id="71" sentence="4" number="13">by</token>
  <token t_id="72" sentence="4" number="14">the</token>
  <token t_id="73" sentence="4" number="15">quake</token>
  <token t_id="74" sentence="4" number="16">,</token>
  <token t_id="75" sentence="4" number="17">which</token>
  <token t_id="76" sentence="4" number="18">struck</token>
  <token t_id="77" sentence="4" number="19">the</token>
  <token t_id="78" sentence="4" number="20">western</token>
  <token t_id="79" sentence="4" number="21">tip</token>
  <token t_id="80" sentence="4" number="22">of</token>
  <token t_id="81" sentence="4" number="23">Sumatra</token>
  <token t_id="82" sentence="4" number="24">island</token>
  <token t_id="83" sentence="4" number="25">on</token>
  <token t_id="84" sentence="4" number="26">Tuesday</token>
  <token t_id="85" sentence="4" number="27">.</token>
  <token t_id="86" sentence="5" number="0">One</token>
  <token t_id="87" sentence="5" number="1">report</token>
  <token t_id="88" sentence="5" number="2">said</token>
  <token t_id="89" sentence="5" number="3">six</token>
  <token t_id="90" sentence="5" number="4">children</token>
  <token t_id="91" sentence="5" number="5">were</token>
  <token t_id="92" sentence="5" number="6">killed</token>
  <token t_id="93" sentence="5" number="7">and</token>
  <token t_id="94" sentence="5" number="8">14</token>
  <token t_id="95" sentence="5" number="9">trapped</token>
  <token t_id="96" sentence="5" number="10">under</token>
  <token t_id="97" sentence="5" number="11">debris</token>
  <token t_id="98" sentence="5" number="12">when</token>
  <token t_id="99" sentence="5" number="13">a</token>
  <token t_id="100" sentence="5" number="14">mosque</token>
  <token t_id="101" sentence="5" number="15">collapsed</token>
  <token t_id="102" sentence="5" number="16">in</token>
  <token t_id="103" sentence="5" number="17">Central</token>
  <token t_id="104" sentence="5" number="18">Aceh</token>
  <token t_id="105" sentence="5" number="19">.</token>
  <token t_id="106" sentence="6" number="0">Indonesia</token>
  <token t_id="107" sentence="6" number="1">is</token>
  <token t_id="108" sentence="6" number="2">located</token>
  <token t_id="109" sentence="6" number="3">on</token>
  <token t_id="110" sentence="6" number="4">one</token>
  <token t_id="111" sentence="6" number="5">of</token>
  <token t_id="112" sentence="6" number="6">the</token>
  <token t_id="113" sentence="6" number="7">most</token>
  <token t_id="114" sentence="6" number="8">seismically</token>
  <token t_id="115" sentence="6" number="9">active</token>
  <token t_id="116" sentence="6" number="10">regions</token>
  <token t_id="117" sentence="6" number="11">on</token>
  <token t_id="118" sentence="6" number="12">earth</token>
  <token t_id="119" sentence="6" number="13">.</token>
  <token t_id="120" sentence="7" number="0">"We</token>
  <token t_id="121" sentence="7" number="1">have</token>
  <token t_id="122" sentence="7" number="2">recorded</token>
  <token t_id="123" sentence="7" number="3">24</token>
  <token t_id="124" sentence="7" number="4">people</token>
  <token t_id="125" sentence="7" number="5">dead</token>
  <token t_id="126" sentence="7" number="6">and</token>
  <token t_id="127" sentence="7" number="7">249</token>
  <token t_id="128" sentence="7" number="8">people</token>
  <token t_id="129" sentence="7" number="9">injured</token>
  <token t_id="130" sentence="7" number="10">,</token>
  <token t_id="131" sentence="7" number="11">"</token>
  <token t_id="132" sentence="7" number="12">disaster</token>
  <token t_id="133" sentence="7" number="13">agency</token>
  <token t_id="134" sentence="7" number="14">spokesman</token>
  <token t_id="135" sentence="7" number="15">Sutopo</token>
  <token t_id="136" sentence="7" number="16">Purwo</token>
  <token t_id="137" sentence="7" number="17">Nugroho</token>
  <token t_id="138" sentence="7" number="18">told</token>
  <token t_id="139" sentence="7" number="19">Agence</token>
  <token t_id="140" sentence="7" number="20">-</token>
  <token t_id="141" sentence="7" number="21">France</token>
  <token t_id="142" sentence="7" number="22">Presse</token>
  <token t_id="143" sentence="7" number="23">(</token>
  <token t_id="144" sentence="7" number="24">AFP</token>
  <token t_id="145" sentence="7" number="25">)</token>
  <token t_id="146" sentence="7" number="26">news</token>
  <token t_id="147" sentence="7" number="27">agency</token>
  <token t_id="148" sentence="7" number="28">.</token>
  <token t_id="149" sentence="8" number="0">He</token>
  <token t_id="150" sentence="8" number="1">added</token>
  <token t_id="151" sentence="8" number="2">that</token>
  <token t_id="152" sentence="8" number="3">more</token>
  <token t_id="153" sentence="8" number="4">than</token>
  <token t_id="154" sentence="8" number="5">300</token>
  <token t_id="155" sentence="8" number="6">buildings</token>
  <token t_id="156" sentence="8" number="7">have</token>
  <token t_id="157" sentence="8" number="8">been</token>
  <token t_id="158" sentence="8" number="9">damaged</token>
  <token t_id="159" sentence="8" number="10">in</token>
  <token t_id="160" sentence="8" number="11">the</token>
  <token t_id="161" sentence="8" number="12">quake</token>
  <token t_id="162" sentence="8" number="13">.</token>
  <token t_id="163" sentence="9" number="0">Power</token>
  <token t_id="164" sentence="9" number="1">cut</token>
  <token t_id="165" sentence="10" number="0">Soldiers</token>
  <token t_id="166" sentence="10" number="1">and</token>
  <token t_id="167" sentence="10" number="2">police</token>
  <token t_id="168" sentence="10" number="3">have</token>
  <token t_id="169" sentence="10" number="4">been</token>
  <token t_id="170" sentence="10" number="5">deployed</token>
  <token t_id="171" sentence="10" number="6">in</token>
  <token t_id="172" sentence="10" number="7">rescue</token>
  <token t_id="173" sentence="10" number="8">operations</token>
  <token t_id="174" sentence="10" number="9">,</token>
  <token t_id="175" sentence="10" number="10">but</token>
  <token t_id="176" sentence="10" number="11">have</token>
  <token t_id="177" sentence="10" number="12">struggled</token>
  <token t_id="178" sentence="10" number="13">to</token>
  <token t_id="179" sentence="10" number="14">access</token>
  <token t_id="180" sentence="10" number="15">some</token>
  <token t_id="181" sentence="10" number="16">areas</token>
  <token t_id="182" sentence="10" number="17">where</token>
  <token t_id="183" sentence="10" number="18">roads</token>
  <token t_id="184" sentence="10" number="19">were</token>
  <token t_id="185" sentence="10" number="20">blocked</token>
  <token t_id="186" sentence="10" number="21">by</token>
  <token t_id="187" sentence="10" number="22">landslides</token>
  <token t_id="188" sentence="10" number="23">,</token>
  <token t_id="189" sentence="10" number="24">officials</token>
  <token t_id="190" sentence="10" number="25">said</token>
  <token t_id="191" sentence="10" number="26">.</token>
  <token t_id="192" sentence="11" number="0">The</token>
  <token t_id="193" sentence="11" number="1">Indonesian</token>
  <token t_id="194" sentence="11" number="2">air</token>
  <token t_id="195" sentence="11" number="3">force</token>
  <token t_id="196" sentence="11" number="4">deployed</token>
  <token t_id="197" sentence="11" number="5">a</token>
  <token t_id="198" sentence="11" number="6">helicopter</token>
  <token t_id="199" sentence="11" number="7">and</token>
  <token t_id="200" sentence="11" number="8">a</token>
  <token t_id="201" sentence="11" number="9">plane</token>
  <token t_id="202" sentence="11" number="10">as</token>
  <token t_id="203" sentence="11" number="11">part</token>
  <token t_id="204" sentence="11" number="12">of</token>
  <token t_id="205" sentence="11" number="13">the</token>
  <token t_id="206" sentence="11" number="14">rescue</token>
  <token t_id="207" sentence="11" number="15">efforts</token>
  <token t_id="208" sentence="11" number="16">.</token>
  <token t_id="209" sentence="12" number="0">Officials</token>
  <token t_id="210" sentence="12" number="1">say</token>
  <token t_id="211" sentence="12" number="2">that</token>
  <token t_id="212" sentence="12" number="3">the</token>
  <token t_id="213" sentence="12" number="4">quake</token>
  <token t_id="214" sentence="12" number="5">was</token>
  <token t_id="215" sentence="12" number="6">felt</token>
  <token t_id="216" sentence="12" number="7">for</token>
  <token t_id="217" sentence="12" number="8">around</token>
  <token t_id="218" sentence="12" number="9">15</token>
  <token t_id="219" sentence="12" number="10">seconds</token>
  <token t_id="220" sentence="12" number="11">,</token>
  <token t_id="221" sentence="12" number="12">from</token>
  <token t_id="222" sentence="12" number="13">Banda</token>
  <token t_id="223" sentence="12" number="14">Aceh</token>
  <token t_id="224" sentence="12" number="15">,</token>
  <token t_id="225" sentence="12" number="16">the</token>
  <token t_id="226" sentence="12" number="17">regional</token>
  <token t_id="227" sentence="12" number="18">capital</token>
  <token t_id="228" sentence="12" number="19">,</token>
  <token t_id="229" sentence="12" number="20">to</token>
  <token t_id="230" sentence="12" number="21">Bener</token>
  <token t_id="231" sentence="12" number="22">Meriah</token>
  <token t_id="232" sentence="12" number="23">,</token>
  <token t_id="233" sentence="12" number="24">one</token>
  <token t_id="234" sentence="12" number="25">of</token>
  <token t_id="235" sentence="12" number="26">the</token>
  <token t_id="236" sentence="12" number="27">worst</token>
  <token t_id="237" sentence="12" number="28">-</token>
  <token t_id="238" sentence="12" number="29">hit</token>
  <token t_id="239" sentence="12" number="30">areas</token>
  <token t_id="240" sentence="12" number="31">.</token>
  <token t_id="241" sentence="13" number="0">In</token>
  <token t_id="242" sentence="13" number="1">Bener</token>
  <token t_id="243" sentence="13" number="2">Meriah</token>
  <token t_id="244" sentence="13" number="3">,</token>
  <token t_id="245" sentence="13" number="4">about</token>
  <token t_id="246" sentence="13" number="5">300</token>
  <token t_id="247" sentence="13" number="6">people</token>
  <token t_id="248" sentence="13" number="7">slept</token>
  <token t_id="249" sentence="13" number="8">outdoors</token>
  <token t_id="250" sentence="13" number="9">on</token>
  <token t_id="251" sentence="13" number="10">Tuesday</token>
  <token t_id="252" sentence="13" number="11">night</token>
  <token t_id="253" sentence="13" number="12">as</token>
  <token t_id="254" sentence="13" number="13">the</token>
  <token t_id="255" sentence="13" number="14">area</token>
  <token t_id="256" sentence="13" number="15">was</token>
  <token t_id="257" sentence="13" number="16">hit</token>
  <token t_id="258" sentence="13" number="17">by</token>
  <token t_id="259" sentence="13" number="18">strong</token>
  <token t_id="260" sentence="13" number="19">aftershocks</token>
  <token t_id="261" sentence="13" number="20">and</token>
  <token t_id="262" sentence="13" number="21">people</token>
  <token t_id="263" sentence="13" number="22">were</token>
  <token t_id="264" sentence="13" number="23">afraid</token>
  <token t_id="265" sentence="13" number="24">to</token>
  <token t_id="266" sentence="13" number="25">return</token>
  <token t_id="267" sentence="13" number="26">to</token>
  <token t_id="268" sentence="13" number="27">their</token>
  <token t_id="269" sentence="13" number="28">homes</token>
  <token t_id="270" sentence="13" number="29">,</token>
  <token t_id="271" sentence="13" number="30">a</token>
  <token t_id="272" sentence="13" number="31">local</token>
  <token t_id="273" sentence="13" number="32">official</token>
  <token t_id="274" sentence="13" number="33">told</token>
  <token t_id="275" sentence="13" number="34">AFP</token>
  <token t_id="276" sentence="13" number="35">.</token>
  <token t_id="277" sentence="14" number="0">"We</token>
  <token t_id="278" sentence="14" number="1">have</token>
  <token t_id="279" sentence="14" number="2">a</token>
  <token t_id="280" sentence="14" number="3">power</token>
  <token t_id="281" sentence="14" number="4">outage</token>
  <token t_id="282" sentence="14" number="5">now</token>
  <token t_id="283" sentence="14" number="6">and</token>
  <token t_id="284" sentence="14" number="7">communications</token>
  <token t_id="285" sentence="14" number="8">are</token>
  <token t_id="286" sentence="14" number="9">unreliable</token>
  <token t_id="287" sentence="14" number="10">,</token>
  <token t_id="288" sentence="14" number="11">"</token>
  <token t_id="289" sentence="14" number="12">he</token>
  <token t_id="290" sentence="14" number="13">added</token>
  <token t_id="291" sentence="14" number="14">.</token>
  <token t_id="292" sentence="15" number="0">In</token>
  <token t_id="293" sentence="15" number="1">2004</token>
  <token t_id="294" sentence="15" number="2">,</token>
  <token t_id="295" sentence="15" number="3">a</token>
  <token t_id="296" sentence="15" number="4">magnitude</token>
  <token t_id="297" sentence="15" number="5">9</token>
  <token t_id="298" sentence="15" number="6">.</token>
  <token t_id="299" sentence="15" number="7">1</token>
  <token t_id="300" sentence="15" number="8">quake</token>
  <token t_id="301" sentence="15" number="9">off</token>
  <token t_id="302" sentence="15" number="10">Indonesia</token>
  <token t_id="303" sentence="15" number="11">triggered</token>
  <token t_id="304" sentence="15" number="12">a</token>
  <token t_id="305" sentence="15" number="13">tsunami</token>
  <token t_id="306" sentence="15" number="14">that</token>
  <token t_id="307" sentence="15" number="15">killed</token>
  <token t_id="308" sentence="15" number="16">some</token>
  <token t_id="309" sentence="15" number="17">230</token>
  <token t_id="310" sentence="15" number="18">,</token>
  <token t_id="311" sentence="15" number="19">000</token>
  <token t_id="312" sentence="15" number="20">people</token>
  <token t_id="313" sentence="15" number="21">around</token>
  <token t_id="314" sentence="15" number="22">the</token>
  <token t_id="315" sentence="15" number="23">Indian</token>
  <token t_id="316" sentence="15" number="24">Ocean</token>
  <token t_id="317" sentence="15" number="25">.</token>
  <token t_id="318" sentence="16" number="0">Indonesia</token>
  <token t_id="319" sentence="16" number="1">is</token>
  <token t_id="320" sentence="16" number="2">prone</token>
  <token t_id="321" sentence="16" number="3">to</token>
  <token t_id="322" sentence="16" number="4">earthquakes</token>
  <token t_id="323" sentence="16" number="5">due</token>
  <token t_id="324" sentence="16" number="6">to</token>
  <token t_id="325" sentence="16" number="7">its</token>
  <token t_id="326" sentence="16" number="8">location</token>
  <token t_id="327" sentence="16" number="9">on</token>
  <token t_id="328" sentence="16" number="10">the</token>
  <token t_id="329" sentence="16" number="11">Pacific</token>
  <token t_id="330" sentence="16" number="12">Ring</token>
  <token t_id="331" sentence="16" number="13">of</token>
  <token t_id="332" sentence="16" number="14">Fire</token>
  <token t_id="333" sentence="16" number="15">,</token>
  <token t_id="334" sentence="16" number="16">an</token>
  <token t_id="335" sentence="16" number="17">arc</token>
  <token t_id="336" sentence="16" number="18">of</token>
  <token t_id="337" sentence="16" number="19">volcanoes</token>
  <token t_id="338" sentence="16" number="20">and</token>
  <token t_id="339" sentence="16" number="21">fault</token>
  <token t_id="340" sentence="16" number="22">lines</token>
  <token t_id="341" sentence="16" number="23">encircling</token>
  <token t_id="342" sentence="16" number="24">the</token>
  <token t_id="343" sentence="16" number="25">Pacific</token>
  <token t_id="344" sentence="16" number="26">Basin</token>
  <token t_id="345" sentence="16" number="27">.</token>
  <Markables>
    <ACTION_CAUSATIVE m_id="1" comment="">
      <token_anchor t_id="55"/>
    </ACTION_CAUSATIVE>
    <ACTION_CAUSATIVE m_id="2" comment="">
      <token_anchor t_id="303"/>
    </ACTION_CAUSATIVE>
    <ACTION_OCCURRENCE m_id="3" climaxEvent="FALSE" comment="">
      <token_anchor t_id="305"/>
    </ACTION_OCCURRENCE>
    <ACTION_OCCURRENCE m_id="4" climaxEvent="FALSE" comment="">
      <token_anchor t_id="307"/>
    </ACTION_OCCURRENCE>
    <ACTION_OCCURRENCE m_id="5" climaxEvent="TRUE" comment="">
      <token_anchor t_id="34"/>
    </ACTION_OCCURRENCE>
    <ACTION_OCCURRENCE m_id="6" climaxEvent="FALSE" comment="">
      <token_anchor t_id="35"/>
      <token_anchor t_id="36"/>
    </ACTION_OCCURRENCE>
    <ACTION_OCCURRENCE m_id="7" climaxEvent="TRUE" comment="">
      <token_anchor t_id="42"/>
      <token_anchor t_id="43"/>
      <token_anchor t_id="44"/>
      <token_anchor t_id="45"/>
      <token_anchor t_id="46"/>
    </ACTION_OCCURRENCE>
    <ACTION_OCCURRENCE m_id="8" climaxEvent="FALSE" comment="">
      <token_anchor t_id="47"/>
    </ACTION_OCCURRENCE>
    <ACTION_OCCURRENCE m_id="9" climaxEvent="FALSE" comment="">
      <token_anchor t_id="52"/>
    </ACTION_OCCURRENCE>
    <ACTION_OCCURRENCE m_id="10" climaxEvent="FALSE" comment="">
      <token_anchor t_id="56"/>
    </ACTION_OCCURRENCE>
    <ACTION_OCCURRENCE m_id="11" climaxEvent="FALSE" comment="">
      <token_anchor t_id="65"/>
    </ACTION_OCCURRENCE>
    <ACTION_OCCURRENCE m_id="12" climaxEvent="FALSE" comment="">
      <token_anchor t_id="70"/>
    </ACTION_OCCURRENCE>
    <ACTION_OCCURRENCE m_id="13" climaxEvent="TRUE" comment="">
      <token_anchor t_id="30"/>
      <token_anchor t_id="31"/>
    </ACTION_OCCURRENCE>
    <ACTION_OCCURRENCE m_id="14" climaxEvent="FALSE" comment="">
      <token_anchor t_id="73"/>
    </ACTION_OCCURRENCE>
    <ACTION_OCCURRENCE m_id="15" climaxEvent="FALSE" comment="">
      <token_anchor t_id="76"/>
    </ACTION_OCCURRENCE>
    <ACTION_OCCURRENCE m_id="16" climaxEvent="FALSE" comment="">
      <token_anchor t_id="75"/>
    </ACTION_OCCURRENCE>
    <ACTION_OCCURRENCE m_id="17" climaxEvent="FALSE" comment="">
      <token_anchor t_id="92"/>
    </ACTION_OCCURRENCE>
    <ACTION_OCCURRENCE m_id="18" climaxEvent="FALSE" comment="">
      <token_anchor t_id="95"/>
    </ACTION_OCCURRENCE>
    <ACTION_OCCURRENCE m_id="19" climaxEvent="FALSE" comment="">
      <token_anchor t_id="101"/>
    </ACTION_OCCURRENCE>
    <ACTION_OCCURRENCE m_id="20" climaxEvent="FALSE" comment="">
      <token_anchor t_id="213"/>
    </ACTION_OCCURRENCE>
    <ACTION_OCCURRENCE m_id="21" climaxEvent="FALSE" comment="">
      <token_anchor t_id="296"/>
      <token_anchor t_id="297"/>
      <token_anchor t_id="298"/>
      <token_anchor t_id="299"/>
      <token_anchor t_id="300"/>
    </ACTION_OCCURRENCE>
    <ACTION_OCCURRENCE m_id="22" climaxEvent="FALSE" comment="">
      <token_anchor t_id="38"/>
      <token_anchor t_id="39"/>
    </ACTION_OCCURRENCE>
    <ACTION_PERCEPTION m_id="23" comment="" climaxEvent="FALSE">
      <token_anchor t_id="215"/>
    </ACTION_PERCEPTION>
    <ACTION_REPORTING m_id="24" comment="">
      <token_anchor t_id="210"/>
    </ACTION_REPORTING>
    <ACTION_REPORTING m_id="25" comment="">
      <token_anchor t_id="59"/>
    </ACTION_REPORTING>
    <ACTION_REPORTING m_id="26" comment="">
      <token_anchor t_id="88"/>
    </ACTION_REPORTING>
    <ACTION_REPORTING m_id="27" comment="">
      <token_anchor t_id="86"/>
      <token_anchor t_id="87"/>
    </ACTION_REPORTING>
    <ACTION_STATE m_id="28" climaxEvent="FALSE" comment="">
      <token_anchor t_id="236"/>
      <token_anchor t_id="237"/>
      <token_anchor t_id="238"/>
    </ACTION_STATE>
    <HUMAN_PART_PER m_id="33" comment="">
      <token_anchor t_id="58"/>
    </HUMAN_PART_PER>
    <HUMAN_PART_PER m_id="34" comment="">
      <token_anchor t_id="62"/>
      <token_anchor t_id="63"/>
    </HUMAN_PART_PER>
    <HUMAN_PART_PER m_id="35" comment="">
      <token_anchor t_id="69"/>
    </HUMAN_PART_PER>
    <HUMAN_PART_PER m_id="29" comment="">
      <token_anchor t_id="309"/>
      <token_anchor t_id="310"/>
      <token_anchor t_id="311"/>
      <token_anchor t_id="312"/>
    </HUMAN_PART_PER>
    <HUMAN_PART_PER m_id="30" comment="">
      <token_anchor t_id="209"/>
    </HUMAN_PART_PER>
    <HUMAN_PART_PER m_id="31" comment="">
      <token_anchor t_id="89"/>
      <token_anchor t_id="90"/>
    </HUMAN_PART_PER>
    <HUMAN_PART_PER m_id="32" comment="">
      <token_anchor t_id="94"/>
    </HUMAN_PART_PER>
    <LOC_FAC m_id="36">
      <token_anchor t_id="100"/>
    </LOC_FAC>
    <LOC_FAC m_id="37">
      <token_anchor t_id="53"/>
    </LOC_FAC>
    <LOC_GEO m_id="38" comment="">
      <token_anchor t_id="48"/>
      <token_anchor t_id="49"/>
      <token_anchor t_id="50"/>
    </LOC_GEO>
    <LOC_GEO m_id="39" comment="">
      <token_anchor t_id="78"/>
      <token_anchor t_id="79"/>
      <token_anchor t_id="80"/>
      <token_anchor t_id="81"/>
      <token_anchor t_id="82"/>
    </LOC_GEO>
    <LOC_GEO m_id="40" comment="">
      <token_anchor t_id="102"/>
      <token_anchor t_id="103"/>
      <token_anchor t_id="104"/>
    </LOC_GEO>
    <LOC_GEO m_id="41" comment="">
      <token_anchor t_id="301"/>
      <token_anchor t_id="302"/>
    </LOC_GEO>
    <LOC_GEO m_id="42" comment="">
      <token_anchor t_id="313"/>
      <token_anchor t_id="314"/>
      <token_anchor t_id="315"/>
      <token_anchor t_id="316"/>
    </LOC_GEO>
    <LOC_GEO m_id="43" comment="">
      <token_anchor t_id="221"/>
      <token_anchor t_id="222"/>
      <token_anchor t_id="223"/>
      <token_anchor t_id="224"/>
      <token_anchor t_id="225"/>
      <token_anchor t_id="226"/>
      <token_anchor t_id="227"/>
      <token_anchor t_id="228"/>
      <token_anchor t_id="229"/>
      <token_anchor t_id="230"/>
      <token_anchor t_id="231"/>
    </LOC_GEO>
    <LOC_GEO m_id="44" comment="">
      <token_anchor t_id="28"/>
      <token_anchor t_id="29"/>
    </LOC_GEO>
    <LOC_OTHER m_id="45">
      <token_anchor t_id="239"/>
    </LOC_OTHER>
    <TIME_DATE m_id="46" comment="" DCT="FALSE" value="2004" anchorTimeID="46">
      <token_anchor t_id="293"/>
    </TIME_DATE>
    <TIME_DATE m_id="47" comment="" DCT="TRUE" value="2013-07-03" anchorTimeID="47">
      <token_anchor t_id="18"/>
      <token_anchor t_id="19"/>
      <token_anchor t_id="20"/>
    </TIME_DATE>
    <TIME_DATE m_id="48" comment="" DCT="FALSE" value="2013-07-02" anchorTimeID="47">
      <token_anchor t_id="84"/>
    </TIME_DATE>
    <TIME_DURATION m_id="49" endPoint="" value="PT15S" begin="" anchorTimeID="">
      <token_anchor t_id="217"/>
      <token_anchor t_id="218"/>
      <token_anchor t_id="219"/>
    </TIME_DURATION>
    <ACTION_OCCURRENCE m_id="50" RELATED_TO="" TAG_DESCRIPTOR="t37_landslides" climaxEvent="FALSE" comment=""/>
    <LOC_FAC m_id="51" RELATED_TO="" TAG_DESCRIPTOR="t37_collapsed_buildings"/>
    <ACTION_OCCURRENCE m_id="52" RELATED_TO="" TAG_DESCRIPTOR="t37_earthquake_struck" climaxEvent="FALSE" comment=""/>
    <HUMAN_PART_PER m_id="53" RELATED_TO="" TAG_DESCRIPTOR="t37_50_people_injured" comment=""/>
    <ACTION_OCCURRENCE m_id="54" RELATED_TO="" TAG_DESCRIPTOR="t37_injured_dozens" climaxEvent="FALSE" comment=""/>
    <ACTION_OCCURRENCE m_id="55" RELATED_TO="" TAG_DESCRIPTOR="t37_aceh_earthquake" climaxEvent="FALSE" comment=""/>
    <ACTION_OCCURRENCE m_id="56" RELATED_TO="" TAG_DESCRIPTOR="t37_rescue_operations" climaxEvent="FALSE" comment=""/>
    <ACTION_CAUSATIVE m_id="57" RELATED_TO="" TAG_DESCRIPTOR="t37_triggering_landslides" comment=""/>
    <LOC_GEO m_id="58" RELATED_TO="" TAG_DESCRIPTOR="t37_aceh_province" comment=""/>
    <TIME_DATE m_id="59" RELATED_TO="" TAG_DESCRIPTOR="t37_tue_2_jul" comment="" DCT="FALSE" value="" anchorTimeID=""/>
    <HUMAN_PART_PER m_id="60" RELATED_TO="" TAG_DESCRIPTOR="t37_victims_of_quake" comment=""/>
    <ACTION_OCCURRENCE m_id="61" RELATED_TO="" TAG_DESCRIPTOR="t37_rescue_carried_out" climaxEvent="FALSE" comment=""/>
    <ACTION_OCCURRENCE m_id="62" RELATED_TO="" TAG_DESCRIPTOR="t37_collapse_buildings" climaxEvent="FALSE" comment=""/>
    <ACTION_OCCURRENCE m_id="63" RELATED_TO="" TAG_DESCRIPTOR="t37_killed_people" climaxEvent="FALSE" comment=""/>
  </Markables>
  <Relations>
    <TLINK r_id="249265" contextualModality="" relType="CONTAINS" comment="">
      <source m_id="48"/>
      <target m_id="15"/>
    </TLINK>
    <TLINK r_id="249266" contextualModality="" relType="CONTAINS" comment="">
      <source m_id="48"/>
      <target m_id="14"/>
    </TLINK>
    <TLINK r_id="249267" contextualModality="" relType="CONTAINS" comment="">
      <source m_id="48"/>
      <target m_id="12"/>
    </TLINK>
    <TLINK r_id="249268" contextualModality="" relType="CONTAINS" comment="">
      <source m_id="48"/>
      <target m_id="11"/>
    </TLINK>
    <TLINK r_id="249269" contextualModality="" relType="CONTAINS" comment="">
      <source m_id="48"/>
      <target m_id="10"/>
    </TLINK>
    <TLINK r_id="249270" contextualModality="" relType="CONTAINS" comment="">
      <source m_id="48"/>
      <target m_id="9"/>
    </TLINK>
    <TLINK r_id="249271" contextualModality="" relType="CONTAINS" comment="">
      <source m_id="48"/>
      <target m_id="8"/>
    </TLINK>
    <TLINK r_id="249272" contextualModality="" relType="CONTAINS" comment="">
      <source m_id="48"/>
      <target m_id="7"/>
    </TLINK>
    <TLINK r_id="249273" contextualModality="" relType="CONTAINS" comment="">
      <source m_id="48"/>
      <target m_id="17"/>
    </TLINK>
    <TLINK r_id="249274" contextualModality="" relType="CONTAINS" comment="">
      <source m_id="48"/>
      <target m_id="18"/>
    </TLINK>
    <TLINK r_id="249275" contextualModality="" relType="CONTAINS" comment="">
      <source m_id="48"/>
      <target m_id="19"/>
    </TLINK>
    <TLINK r_id="249276" contextualModality="" relType="CONTAINS" comment="">
      <source m_id="46"/>
      <target m_id="21"/>
    </TLINK>
    <TLINK r_id="249277" contextualModality="" relType="CONTAINS" comment="">
      <source m_id="46"/>
      <target m_id="3"/>
    </TLINK>
    <TLINK r_id="249278" contextualModality="" relType="CONTAINS" comment="">
      <source m_id="46"/>
      <target m_id="4"/>
    </TLINK>
    <TLINK r_id="249282" contextualModality="" relType="OVERLAP" comment="">
      <source m_id="47"/>
      <target m_id="13"/>
    </TLINK>
    <TLINK r_id="249283" contextualModality="" relType="AFTER" comment="">
      <source m_id="47"/>
      <target m_id="5"/>
    </TLINK>
    <TLINK r_id="249284" contextualModality="" relType="OVERLAP" comment="">
      <source m_id="47"/>
      <target m_id="6"/>
    </TLINK>
    <TLINK r_id="249285" contextualModality="" relType="AFTER" comment="">
      <source m_id="47"/>
      <target m_id="7"/>
    </TLINK>
    <TLINK r_id="249286" contextualModality="" relType="AFTER" comment="">
      <source m_id="47"/>
      <target m_id="8"/>
    </TLINK>
    <TLINK r_id="249287" contextualModality="" relType="AFTER" comment="">
      <source m_id="47"/>
      <target m_id="9"/>
    </TLINK>
    <TLINK r_id="249288" contextualModality="" relType="AFTER" comment="">
      <source m_id="47"/>
      <target m_id="10"/>
    </TLINK>
    <TLINK r_id="249289" contextualModality="" relType="AFTER" comment="">
      <source m_id="47"/>
      <target m_id="11"/>
    </TLINK>
    <TLINK r_id="249290" contextualModality="" relType="AFTER" comment="">
      <source m_id="47"/>
      <target m_id="12"/>
    </TLINK>
    <TLINK r_id="249291" contextualModality="" relType="AFTER" comment="">
      <source m_id="47"/>
      <target m_id="14"/>
    </TLINK>
    <TLINK r_id="249292" contextualModality="" relType="AFTER" comment="">
      <source m_id="47"/>
      <target m_id="15"/>
    </TLINK>
    <TLINK r_id="249293" contextualModality="" relType="AFTER" comment="">
      <source m_id="47"/>
      <target m_id="17"/>
    </TLINK>
    <TLINK r_id="249294" contextualModality="" relType="AFTER" comment="">
      <source m_id="47"/>
      <target m_id="18"/>
    </TLINK>
    <TLINK r_id="249295" contextualModality="" relType="AFTER" comment="">
      <source m_id="47"/>
      <target m_id="19"/>
    </TLINK>
    <TLINK r_id="249296" contextualModality="" relType="AFTER" comment="">
      <source m_id="47"/>
      <target m_id="20"/>
    </TLINK>
    <TLINK r_id="249297" contextualModality="" relType="AFTER" comment="">
      <source m_id="47"/>
      <target m_id="21"/>
    </TLINK>
    <TLINK r_id="249298" contextualModality="" relType="AFTER" comment="">
      <source m_id="47"/>
      <target m_id="3"/>
    </TLINK>
    <TLINK r_id="249299" contextualModality="" relType="AFTER" comment="">
      <source m_id="47"/>
      <target m_id="4"/>
    </TLINK>
    <PLOT_LINK r_id="249300" SIGNAL="" relType="FALLING_ACTION" CAUSES="FALSE" CAUSED_BY="FALSE">
      <source m_id="13"/>
      <target m_id="5"/>
    </PLOT_LINK>
    <PLOT_LINK r_id="249301" SIGNAL="" relType="FALLING_ACTION" CAUSES="FALSE" CAUSED_BY="FALSE">
      <source m_id="6"/>
      <target m_id="7"/>
    </PLOT_LINK>
    <PLOT_LINK r_id="249302" SIGNAL="" relType="PRECONDITION" CAUSES="FALSE" CAUSED_BY="FALSE">
      <source m_id="7"/>
      <target m_id="9"/>
    </PLOT_LINK>
    <PLOT_LINK r_id="249303" SIGNAL="1" relType="PRECONDITION" CAUSES="TRUE" CAUSED_BY="FALSE">
      <source m_id="7"/>
      <target m_id="10"/>
    </PLOT_LINK>
    <PLOT_LINK r_id="249304" SIGNAL="" relType="FALLING_ACTION" CAUSES="FALSE" CAUSED_BY="FALSE">
      <source m_id="11"/>
      <target m_id="14"/>
    </PLOT_LINK>
    <PLOT_LINK r_id="249305" SIGNAL="" relType="FALLING_ACTION" CAUSES="FALSE" CAUSED_BY="FALSE">
      <source m_id="12"/>
      <target m_id="14"/>
    </PLOT_LINK>
    <PLOT_LINK r_id="249306" SIGNAL="" relType="FALLING_ACTION" CAUSES="FALSE" CAUSED_BY="FALSE">
      <source m_id="17"/>
      <target m_id="19"/>
    </PLOT_LINK>
    <PLOT_LINK r_id="249307" SIGNAL="" relType="FALLING_ACTION" CAUSES="FALSE" CAUSED_BY="FALSE">
      <source m_id="18"/>
      <target m_id="19"/>
    </PLOT_LINK>
    <PLOT_LINK r_id="249308" SIGNAL="2" relType="PRECONDITION" CAUSES="TRUE" CAUSED_BY="FALSE">
      <source m_id="21"/>
      <target m_id="3"/>
    </PLOT_LINK>
    <PLOT_LINK r_id="249309" SIGNAL="" relType="PRECONDITION" CAUSES="FALSE" CAUSED_BY="FALSE">
      <source m_id="3"/>
      <target m_id="4"/>
    </PLOT_LINK>
    <TLINK r_id="253531" contextualModality="" relType="CONTAINS" comment="">
      <source m_id="49"/>
      <target m_id="23"/>
    </TLINK>
    <TLINK r_id="253532" contextualModality="" relType="OVERLAP" comment="">
      <source m_id="47"/>
      <target m_id="22"/>
    </TLINK>
    <TLINK r_id="253533" contextualModality="" relType="CONTAINS" comment="">
      <source m_id="48"/>
      <target m_id="20"/>
    </TLINK>
    <TLINK r_id="253534" contextualModality="" relType="CONTAINS" comment="">
      <source m_id="48"/>
      <target m_id="23"/>
    </TLINK>
  </Relations>
</Document>
