<Document doc_name="4_10ecbplus.xml">
<token t_id="1" sentence="0" number="0">http</token>
<token t_id="2" sentence="0" number="1">:</token>
<token t_id="3" sentence="0" number="2">/</token>
<token t_id="4" sentence="0" number="3">/</token>
<token t_id="5" sentence="0" number="4">www</token>
<token t_id="6" sentence="0" number="5">.</token>
<token t_id="7" sentence="0" number="6">pennlive</token>
<token t_id="8" sentence="0" number="7">.</token>
<token t_id="9" sentence="0" number="8">com</token>
<token t_id="10" sentence="0" number="9">/</token>
<token t_id="11" sentence="0" number="10">entertainment</token>
<token t_id="12" sentence="0" number="11">/</token>
<token t_id="13" sentence="0" number="12">index</token>
<token t_id="14" sentence="0" number="13">.</token>
<token t_id="15" sentence="0" number="14">ssf</token>
<token t_id="16" sentence="0" number="15">/</token>
<token t_id="17" sentence="0" number="16">2013</token>
<token t_id="18" sentence="0" number="17">/</token>
<token t_id="19" sentence="0" number="18">06</token>
<token t_id="20" sentence="0" number="19">/</token>
<token t_id="21" sentence="0" number="20">esther</token>
<token t_id="22" sentence="0" number="21">_</token>
<token t_id="23" sentence="0" number="22">williams</token>
<token t_id="24" sentence="0" number="23">_</token>
<token t_id="25" sentence="0" number="24">olympic</token>
<token t_id="26" sentence="0" number="25">_</token>
<token t_id="27" sentence="0" number="26">swimme</token>
<token t_id="28" sentence="0" number="27">.</token>
<token t_id="29" sentence="0" number="28">html</token>
<token t_id="30" sentence="1" number="0">Esther</token>
<token t_id="31" sentence="1" number="1">Williams</token>
<token t_id="32" sentence="1" number="2">,</token>
<token t_id="33" sentence="1" number="3">Olympic</token>
<token t_id="34" sentence="1" number="4">swimmer</token>
<token t_id="35" sentence="1" number="5">turned</token>
<token t_id="36" sentence="1" number="6">actress</token>
<token t_id="37" sentence="1" number="7">and</token>
<token t_id="38" sentence="1" number="8">pinup</token>
<token t_id="39" sentence="1" number="9">girl</token>
<token t_id="40" sentence="1" number="10">,</token>
<token t_id="41" sentence="1" number="11">dies</token>
<token t_id="42" sentence="1" number="12">at</token>
<token t_id="43" sentence="1" number="13">91</token>
<token t_id="44" sentence="2" number="0">Esther</token>
<token t_id="45" sentence="2" number="1">Williams</token>
<token t_id="46" sentence="2" number="2">,</token>
<token t_id="47" sentence="2" number="3">the</token>
<token t_id="48" sentence="2" number="4">swimming</token>
<token t_id="49" sentence="2" number="5">champion</token>
<token t_id="50" sentence="2" number="6">turned</token>
<token t_id="51" sentence="2" number="7">actress</token>
<token t_id="52" sentence="2" number="8">who</token>
<token t_id="53" sentence="2" number="9">starred</token>
<token t_id="54" sentence="2" number="10">in</token>
<token t_id="55" sentence="2" number="11">glittering</token>
<token t_id="56" sentence="2" number="12">and</token>
<token t_id="57" sentence="2" number="13">aquatic</token>
<token t_id="58" sentence="2" number="14">Technicolor</token>
<token t_id="59" sentence="2" number="15">musicals</token>
<token t_id="60" sentence="2" number="16">of</token>
<token t_id="61" sentence="2" number="17">the</token>
<token t_id="62" sentence="2" number="18">1940s</token>
<token t_id="63" sentence="2" number="19">and</token>
<token t_id="64" sentence="2" number="20">1950s</token>
<token t_id="65" sentence="2" number="21">,</token>
<token t_id="66" sentence="2" number="22">has</token>
<token t_id="67" sentence="2" number="23">died</token>
<token t_id="68" sentence="2" number="24">.</token>
<token t_id="69" sentence="3" number="0">She</token>
<token t_id="70" sentence="3" number="1">was</token>
<token t_id="71" sentence="3" number="2">91</token>
<token t_id="72" sentence="3" number="3">.</token>
<token t_id="73" sentence="4" number="0">Williams</token>
<token t_id="74" sentence="4" number="1">died</token>
<token t_id="75" sentence="4" number="2">early</token>
<token t_id="76" sentence="4" number="3">Thursday</token>
<token t_id="77" sentence="4" number="4">in</token>
<token t_id="78" sentence="4" number="5">her</token>
<token t_id="79" sentence="4" number="6">sleep</token>
<token t_id="80" sentence="4" number="7">,</token>
<token t_id="81" sentence="4" number="8">according</token>
<token t_id="82" sentence="4" number="9">to</token>
<token t_id="83" sentence="4" number="10">her</token>
<token t_id="84" sentence="4" number="11">longtime</token>
<token t_id="85" sentence="4" number="12">publicist</token>
<token t_id="86" sentence="4" number="13">Harlan</token>
<token t_id="87" sentence="4" number="14">Boll</token>
<token t_id="88" sentence="4" number="15">.</token>
<token t_id="89" sentence="5" number="0">Williams</token>
<token t_id="90" sentence="5" number="1">in</token>
<token t_id="91" sentence="5" number="2">a</token>
<token t_id="92" sentence="5" number="3">bathing</token>
<token t_id="93" sentence="5" number="4">suit</token>
<token t_id="94" sentence="5" number="5">became</token>
<token t_id="95" sentence="5" number="6">a</token>
<token t_id="96" sentence="5" number="7">favorite</token>
<token t_id="97" sentence="5" number="8">pinup</token>
<token t_id="98" sentence="5" number="9">of</token>
<token t_id="99" sentence="5" number="10">GI's</token>
<token t_id="100" sentence="5" number="11">in</token>
<token t_id="101" sentence="5" number="12">World</token>
<token t_id="102" sentence="5" number="13">War</token>
<token t_id="103" sentence="5" number="14">II</token>
<token t_id="104" sentence="5" number="15">,</token>
<token t_id="105" sentence="5" number="16">and</token>
<token t_id="106" sentence="5" number="17">her</token>
<token t_id="107" sentence="5" number="18">popularity</token>
<token t_id="108" sentence="5" number="19">continued</token>
<token t_id="109" sentence="5" number="20">afterward</token>
<token t_id="110" sentence="5" number="21">.</token>


<Markables>
<ACTION_ASPECTUAL m_id="1" comment=""  >
<token_anchor t_id="108"/>
</ACTION_ASPECTUAL>
<ACTION_OCCURRENCE m_id="2" climaxEvent="FALSE" comment=""  >
<token_anchor t_id="35"/>
</ACTION_OCCURRENCE>
<ACTION_OCCURRENCE m_id="3" climaxEvent="FALSE" comment=""  >
<token_anchor t_id="74"/>
</ACTION_OCCURRENCE>
<ACTION_OCCURRENCE m_id="4" climaxEvent="FALSE" comment=""  >
<token_anchor t_id="50"/>
</ACTION_OCCURRENCE>
<ACTION_OCCURRENCE m_id="5" climaxEvent="FALSE" comment=""  >
<token_anchor t_id="59"/>
</ACTION_OCCURRENCE>
<ACTION_OCCURRENCE m_id="6" climaxEvent="FALSE" comment=""  >
<token_anchor t_id="101"/>
<token_anchor t_id="102"/>
<token_anchor t_id="103"/>
</ACTION_OCCURRENCE>
<ACTION_OCCURRENCE m_id="7" climaxEvent="FALSE" comment=""  >
<token_anchor t_id="48"/>
</ACTION_OCCURRENCE>
<ACTION_OCCURRENCE m_id="8" climaxEvent="FALSE" comment=""  >
<token_anchor t_id="94"/>
</ACTION_OCCURRENCE>
<ACTION_OCCURRENCE m_id="9" climaxEvent="TRUE" comment=""  >
<token_anchor t_id="41"/>
</ACTION_OCCURRENCE>
<ACTION_OCCURRENCE m_id="10" climaxEvent="FALSE" comment=""  >
<token_anchor t_id="53"/>
</ACTION_OCCURRENCE>
<ACTION_OCCURRENCE m_id="11" climaxEvent="FALSE" comment=""  >
<token_anchor t_id="67"/>
</ACTION_OCCURRENCE>
<ACTION_REPORTING m_id="12" comment=""  >
<token_anchor t_id="81"/>
</ACTION_REPORTING>
<ACTION_STATE m_id="13" climaxEvent="FALSE" comment=""  >
<token_anchor t_id="79"/>
</ACTION_STATE>
<ACTION_STATE m_id="14" climaxEvent="FALSE" comment=""  >
<token_anchor t_id="107"/>
</ACTION_STATE>
<HUMAN_PART_PER m_id="15" comment=""  >
<token_anchor t_id="52"/>
</HUMAN_PART_PER>
<HUMAN_PART_PER m_id="16" comment=""  >
<token_anchor t_id="86"/>
<token_anchor t_id="87"/>
</HUMAN_PART_PER>
<HUMAN_PART_PER m_id="17" comment=""  >
<token_anchor t_id="99"/>
</HUMAN_PART_PER>
<HUMAN_PART_PER m_id="18" comment=""  >
<token_anchor t_id="97"/>
</HUMAN_PART_PER>
<HUMAN_PART_PER m_id="19" comment=""  >
<token_anchor t_id="34"/>
</HUMAN_PART_PER>
<HUMAN_PART_PER m_id="20" comment=""  >
<token_anchor t_id="36"/>
</HUMAN_PART_PER>
<HUMAN_PART_PER m_id="21" comment=""  >
<token_anchor t_id="38"/>
</HUMAN_PART_PER>
<HUMAN_PART_PER m_id="22" comment=""  >
<token_anchor t_id="49"/>
</HUMAN_PART_PER>
<HUMAN_PART_PER m_id="23" comment=""  >
<token_anchor t_id="51"/>
</HUMAN_PART_PER>
<HUMAN_PART_PER m_id="24" comment=""  >
<token_anchor t_id="30"/>
<token_anchor t_id="31"/>
</HUMAN_PART_PER>
<HUMAN_PART_PER m_id="25" comment=""  >
<token_anchor t_id="44"/>
<token_anchor t_id="45"/>
</HUMAN_PART_PER>
<HUMAN_PART_PER m_id="26" comment=""  >
<token_anchor t_id="69"/>
</HUMAN_PART_PER>
<HUMAN_PART_PER m_id="27" comment=""  >
<token_anchor t_id="73"/>
</HUMAN_PART_PER>
<HUMAN_PART_PER m_id="28" comment=""  >
<token_anchor t_id="89"/>
</HUMAN_PART_PER>
<NON_HUMAN_PART m_id="29" comment=""  >
<token_anchor t_id="92"/>
<token_anchor t_id="93"/>
</NON_HUMAN_PART>
<TIME_DATE m_id="30" comment="" DCT="FALSE" value="194X" anchorTimeID=""  >
<token_anchor t_id="61"/>
<token_anchor t_id="62"/>
</TIME_DATE>
<TIME_DATE m_id="31" comment="" DCT="FALSE" value="2013-06-13" anchorTimeID="46"  >
<token_anchor t_id="75"/>
<token_anchor t_id="76"/>
</TIME_DATE>
<TIME_DATE m_id="47" comment="" DCT="FALSE" value="195X" anchorTimeID=""  >
<token_anchor t_id="64"/>
</TIME_DATE>


<ACTION_OCCURRENCE m_id="32" RELATED_TO="" TAG_DESCRIPTOR="t4_musicals" climaxEvent="FALSE" comment="" />
<ACTION_STATE m_id="33" RELATED_TO="" TAG_DESCRIPTOR="t4_in_her_sleep" climaxEvent="FALSE" comment="" />
<HUMAN_PART_PER m_id="34" RELATED_TO="" TAG_DESCRIPTOR="t4_harlan_boll" comment="" />
<ACTION_OCCURRENCE m_id="35" RELATED_TO="" TAG_DESCRIPTOR="t4_starred" climaxEvent="FALSE" comment="" />
<ACTION_STATE m_id="36" RELATED_TO="" TAG_DESCRIPTOR="t4_popularity" climaxEvent="FALSE" comment="" />
<ACTION_OCCURRENCE m_id="37" RELATED_TO="" TAG_DESCRIPTOR="t4_swimming_skills" climaxEvent="FALSE" comment="" />
<ACTION_REPORTING m_id="38" RELATED_TO="" TAG_DESCRIPTOR="t4_harlan_boll_confirmed" comment="" />
<HUMAN_PART_PER m_id="39" RELATED_TO="" TAG_DESCRIPTOR="t4_soldiers" comment="" />
<HUMAN_PART_PER m_id="40" RELATED_TO="" TAG_DESCRIPTOR="t4_esther_wills" comment="" />
<ACTION_OCCURRENCE m_id="41" RELATED_TO="" TAG_DESCRIPTOR="t4_ww2" climaxEvent="FALSE" comment="" />
<NON_HUMAN_PART m_id="42" RELATED_TO="" TAG_DESCRIPTOR="t4_bathing_suits" comment="" />
<TIME_DATE m_id="43" RELATED_TO="" TAG_DESCRIPTOR="t4_jun_6th" comment="" DCT="FALSE" value="" anchorTimeID="" />
<ACTION_OCCURRENCE m_id="44" RELATED_TO="" TAG_DESCRIPTOR="t4_dies" climaxEvent="FALSE" comment="" />
<ACTION_OCCURRENCE m_id="45" RELATED_TO="" TAG_DESCRIPTOR="t4_turned" climaxEvent="FALSE" comment="" />
<TIME_DATE m_id="46" RELATED_TO="" TAG_DESCRIPTOR="t1_2013-06-06" comment="" DCT="TRUE" value="2013-06-13" anchorTimeID="" />
</Markables>

<Relations>
<TLINK r_id="237988" contextualModality="" relType="AFTER" comment="" >
<source m_id="46" />
<target m_id="2" />
</TLINK>
<TLINK r_id="237989" contextualModality="" relType="CONTAINS" comment="" >
<source m_id="46" />
<target m_id="9" />
</TLINK>
<TLINK r_id="237990" contextualModality="" relType="AFTER" comment="" >
<source m_id="46" />
<target m_id="4" />
</TLINK>
<TLINK r_id="237991" contextualModality="" relType="AFTER" comment="" >
<source m_id="46" />
<target m_id="10" />
</TLINK>
<TLINK r_id="237992" contextualModality="" relType="AFTER" comment="" >
<source m_id="46" />
<target m_id="5" />
</TLINK>
<TLINK r_id="237993" contextualModality="" relType="CONTAINS" comment="" >
<source m_id="46" />
<target m_id="11" />
</TLINK>
<TLINK r_id="237994" contextualModality="" relType="CONTAINS" comment="" >
<source m_id="46" />
<target m_id="3" />
</TLINK>
<TLINK r_id="237995" contextualModality="" relType="OVERLAP" comment="" >
<source m_id="46" />
<target m_id="13" />
</TLINK>
<TLINK r_id="237996" contextualModality="" relType="AFTER" comment="" >
<source m_id="46" />
<target m_id="8" />
</TLINK>
<TLINK r_id="237997" contextualModality="" relType="AFTER" comment="" >
<source m_id="46" />
<target m_id="6" />
</TLINK>
<TLINK r_id="237999" contextualModality="" relType="AFTER" comment="" >
<source m_id="46" />
<target m_id="14" />
</TLINK>
<TLINK r_id="238000" contextualModality="" relType="OVERLAP" comment="" >
<source m_id="30" />
<target m_id="5" />
</TLINK>
<TLINK r_id="238001" contextualModality="" relType="OVERLAP" comment="" >
<source m_id="30" />
<target m_id="10" />
</TLINK>
<TLINK r_id="238002" contextualModality="" relType="OVERLAP" comment="" >
<source m_id="30" />
<target m_id="4" />
</TLINK>
<TLINK r_id="238004" contextualModality="" relType="CONTAINS" comment="" >
<source m_id="31" />
<target m_id="9" />
</TLINK>
<TLINK r_id="238005" contextualModality="" relType="CONTAINS" comment="" >
<source m_id="31" />
<target m_id="11" />
</TLINK>
<TLINK r_id="238006" contextualModality="" relType="CONTAINS" comment="" >
<source m_id="31" />
<target m_id="3" />
</TLINK>
<TLINK r_id="238007" contextualModality="" relType="CONTAINS" comment="" >
<source m_id="31" />
<target m_id="13" />
</TLINK>
<PLOT_LINK r_id="238012" SIGNAL="" relType="FALLING_ACTION" CAUSES="FALSE" CAUSED_BY="FALSE" >
<source m_id="4" />
<target m_id="10" />
</PLOT_LINK>
<PLOT_LINK r_id="238013" SIGNAL="" relType="PRECONDITION" CAUSES="FALSE" CAUSED_BY="FALSE" >
<source m_id="8" />
<target m_id="14" />
</PLOT_LINK>
<TLINK r_id="251386" contextualModality="" relType="OVERLAP" comment="" >
<source m_id="47" />
<target m_id="5" />
</TLINK>
<TLINK r_id="251387" contextualModality="" relType="OVERLAP" comment="" >
<source m_id="47" />
<target m_id="10" />
</TLINK>
<TLINK r_id="251388" contextualModality="" relType="OVERLAP" comment="" >
<source m_id="47" />
<target m_id="4" />
</TLINK>
<TLINK r_id="251389" contextualModality="" relType="BEFORE" comment="" >
<source m_id="30" />
<target m_id="11" />
</TLINK>
<TLINK r_id="251390" contextualModality="" relType="BEFORE" comment="" >
<source m_id="47" />
<target m_id="11" />
</TLINK>
</Relations>
</Document>
