<Document doc_name="4_2ecbplus.xml">
<token t_id="1" sentence="0" number="0">http</token>
<token t_id="2" sentence="0" number="1">:</token>
<token t_id="3" sentence="0" number="2">/</token>
<token t_id="4" sentence="0" number="3">/</token>
<token t_id="5" sentence="0" number="4">articles</token>
<token t_id="6" sentence="0" number="5">.</token>
<token t_id="7" sentence="0" number="6">chicagotribune</token>
<token t_id="8" sentence="0" number="7">.</token>
<token t_id="9" sentence="0" number="8">com</token>
<token t_id="10" sentence="0" number="9">/</token>
<token t_id="11" sentence="0" number="10">2013</token>
<token t_id="12" sentence="0" number="11">-</token>
<token t_id="13" sentence="0" number="12">06</token>
<token t_id="14" sentence="0" number="13">-</token>
<token t_id="15" sentence="0" number="14">06</token>
<token t_id="16" sentence="0" number="15">/</token>
<token t_id="17" sentence="0" number="16">entertainment</token>
<token t_id="18" sentence="0" number="17">/</token>
<token t_id="19" sentence="0" number="18">sns</token>
<token t_id="20" sentence="0" number="19">-</token>
<token t_id="21" sentence="0" number="20">rt</token>
<token t_id="22" sentence="0" number="21">-</token>
<token t_id="23" sentence="0" number="22">us</token>
<token t_id="24" sentence="0" number="23">-</token>
<token t_id="25" sentence="0" number="24">usa</token>
<token t_id="26" sentence="0" number="25">-</token>
<token t_id="27" sentence="0" number="26">estherwilliamsbre95511g</token>
<token t_id="28" sentence="0" number="27">-</token>
<token t_id="29" sentence="0" number="28">20130606</token>
<token t_id="30" sentence="0" number="29">_</token>
<token t_id="31" sentence="0" number="30">1</token>
<token t_id="32" sentence="0" number="31">_</token>
<token t_id="33" sentence="0" number="32">esther</token>
<token t_id="34" sentence="0" number="33">-</token>
<token t_id="35" sentence="0" number="34">williams</token>
<token t_id="36" sentence="0" number="35">-</token>
<token t_id="37" sentence="0" number="36">water</token>
<token t_id="38" sentence="0" number="37">-</token>
<token t_id="39" sentence="0" number="38">ballets</token>
<token t_id="40" sentence="0" number="39">-</token>
<token t_id="41" sentence="0" number="40">bathing</token>
<token t_id="42" sentence="0" number="41">-</token>
<token t_id="43" sentence="0" number="42">suits</token>
<token t_id="44" sentence="1" number="0">Hollywood's</token>
<token t_id="45" sentence="1" number="1">Mermaid</token>
<token t_id="46" sentence="1" number="2">,</token>
<token t_id="47" sentence="1" number="3">Esther</token>
<token t_id="48" sentence="1" number="4">Williams</token>
<token t_id="49" sentence="1" number="5">dies</token>
<token t_id="50" sentence="1" number="6">at</token>
<token t_id="51" sentence="1" number="7">91</token>
<token t_id="52" sentence="2" number="0">June</token>
<token t_id="53" sentence="2" number="1">06</token>
<token t_id="54" sentence="2" number="2">,</token>
<token t_id="55" sentence="2" number="3">2013</token>
<token t_id="56" sentence="3" number="0">Esther</token>
<token t_id="57" sentence="3" number="1">Williams</token>
<token t_id="58" sentence="3" number="2">,</token>
<token t_id="59" sentence="3" number="3">whose</token>
<token t_id="60" sentence="3" number="4">experiences</token>
<token t_id="61" sentence="3" number="5">as</token>
<token t_id="62" sentence="3" number="6">a</token>
<token t_id="63" sentence="3" number="7">young</token>
<token t_id="64" sentence="3" number="8">swimming</token>
<token t_id="65" sentence="3" number="9">champion</token>
<token t_id="66" sentence="3" number="10">led</token>
<token t_id="67" sentence="3" number="11">to</token>
<token t_id="68" sentence="3" number="12">a</token>
<token t_id="69" sentence="3" number="13">career</token>
<token t_id="70" sentence="3" number="14">of</token>
<token t_id="71" sentence="3" number="15">Hollywood</token>
<token t_id="72" sentence="3" number="16">"aqua</token>
<token t_id="73" sentence="3" number="17">-</token>
<token t_id="74" sentence="3" number="18">musicals"</token>
<token t_id="75" sentence="3" number="19">designed</token>
<token t_id="76" sentence="3" number="20">just</token>
<token t_id="77" sentence="3" number="21">for</token>
<token t_id="78" sentence="3" number="22">her</token>
<token t_id="79" sentence="3" number="23">,</token>
<token t_id="80" sentence="3" number="24">died</token>
<token t_id="81" sentence="3" number="25">on</token>
<token t_id="82" sentence="3" number="26">Thursday</token>
<token t_id="83" sentence="3" number="27">in</token>
<token t_id="84" sentence="3" number="28">Beverly</token>
<token t_id="85" sentence="3" number="29">Hills</token>
<token t_id="86" sentence="3" number="30">,</token>
<token t_id="87" sentence="3" number="31">California</token>
<token t_id="88" sentence="3" number="32">,</token>
<token t_id="89" sentence="3" number="33">at</token>
<token t_id="90" sentence="3" number="34">the</token>
<token t_id="91" sentence="3" number="35">age</token>
<token t_id="92" sentence="3" number="36">of</token>
<token t_id="93" sentence="3" number="37">91</token>
<token t_id="94" sentence="3" number="38">,</token>
<token t_id="95" sentence="3" number="39">her</token>
<token t_id="96" sentence="3" number="40">spokesman</token>
<token t_id="97" sentence="3" number="41">said</token>
<token t_id="98" sentence="3" number="42">.</token>
<token t_id="99" sentence="4" number="0">Williams</token>
<token t_id="100" sentence="4" number="1">,</token>
<token t_id="101" sentence="4" number="2">one</token>
<token t_id="102" sentence="4" number="3">of</token>
<token t_id="103" sentence="4" number="4">the</token>
<token t_id="104" sentence="4" number="5">biggest</token>
<token t_id="105" sentence="4" number="6">box</token>
<token t_id="106" sentence="4" number="7">-</token>
<token t_id="107" sentence="4" number="8">office</token>
<token t_id="108" sentence="4" number="9">stars</token>
<token t_id="109" sentence="4" number="10">of</token>
<token t_id="110" sentence="4" number="11">the</token>
<token t_id="111" sentence="4" number="12">1940s</token>
<token t_id="112" sentence="4" number="13">and</token>
<token t_id="113" sentence="4" number="14">1950s</token>
<token t_id="114" sentence="4" number="15">,</token>
<token t_id="115" sentence="4" number="16">died</token>
<token t_id="116" sentence="4" number="17">peacefully</token>
<token t_id="117" sentence="4" number="18">in</token>
<token t_id="118" sentence="4" number="19">her</token>
<token t_id="119" sentence="4" number="20">sleep</token>
<token t_id="120" sentence="4" number="21">and</token>
<token t_id="121" sentence="4" number="22">had</token>
<token t_id="122" sentence="4" number="23">been</token>
<token t_id="123" sentence="4" number="24">in</token>
<token t_id="124" sentence="4" number="25">declining</token>
<token t_id="125" sentence="4" number="26">health</token>
<token t_id="126" sentence="4" number="27">due</token>
<token t_id="127" sentence="4" number="28">to</token>
<token t_id="128" sentence="4" number="29">old</token>
<token t_id="129" sentence="4" number="30">age</token>
<token t_id="130" sentence="4" number="31">,</token>
<token t_id="131" sentence="4" number="32">spokesman</token>
<token t_id="132" sentence="4" number="33">Harlan</token>
<token t_id="133" sentence="4" number="34">Boll</token>
<token t_id="134" sentence="4" number="35">said</token>
<token t_id="135" sentence="4" number="36">.</token>
<token t_id="136" sentence="5" number="0">It</token>
<token t_id="137" sentence="5" number="1">was</token>
<token t_id="138" sentence="5" number="2">the</token>
<token t_id="139" sentence="5" number="3">pool</token>
<token t_id="140" sentence="5" number="4">-</token>
<token t_id="141" sentence="5" number="5">and</token>
<token t_id="142" sentence="5" number="6">wartime</token>
<token t_id="143" sentence="5" number="7">pinup</token>
<token t_id="144" sentence="5" number="8">pictures</token>
<token t_id="145" sentence="5" number="9">of</token>
<token t_id="146" sentence="5" number="10">her</token>
<token t_id="147" sentence="5" number="11">in</token>
<token t_id="148" sentence="5" number="12">bathing</token>
<token t_id="149" sentence="5" number="13">suits</token>
<token t_id="150" sentence="5" number="14">-</token>
<token t_id="151" sentence="5" number="15">that</token>
<token t_id="152" sentence="5" number="16">made</token>
<token t_id="153" sentence="5" number="17">her</token>
<token t_id="154" sentence="5" number="18">popular</token>
<token t_id="155" sentence="5" number="19">.</token>


<Markables>
<ACTION_ASPECTUAL m_id="1" comment=""  >
<token_anchor t_id="66"/>
<token_anchor t_id="67"/>
</ACTION_ASPECTUAL>
<ACTION_ASPECTUAL m_id="2" comment=""  >
<token_anchor t_id="69"/>
</ACTION_ASPECTUAL>
<ACTION_ASPECTUAL m_id="3" comment=""  >
<token_anchor t_id="152"/>
</ACTION_ASPECTUAL>
<ACTION_CAUSATIVE m_id="4" comment=""  >
<token_anchor t_id="126"/>
<token_anchor t_id="127"/>
</ACTION_CAUSATIVE>
<ACTION_OCCURRENCE m_id="5" climaxEvent="FALSE" comment=""  >
<token_anchor t_id="80"/>
</ACTION_OCCURRENCE>
<ACTION_OCCURRENCE m_id="6" climaxEvent="FALSE" comment=""  >
<token_anchor t_id="60"/>
</ACTION_OCCURRENCE>
<ACTION_OCCURRENCE m_id="7" climaxEvent="FALSE" comment=""  >
<token_anchor t_id="74"/>
</ACTION_OCCURRENCE>
<ACTION_OCCURRENCE m_id="8" climaxEvent="FALSE" comment=""  >
<token_anchor t_id="75"/>
</ACTION_OCCURRENCE>
<ACTION_OCCURRENCE m_id="9" climaxEvent="TRUE" comment=""  >
<token_anchor t_id="49"/>
</ACTION_OCCURRENCE>
<ACTION_OCCURRENCE m_id="10" climaxEvent="FALSE" comment=""  >
<token_anchor t_id="115"/>
</ACTION_OCCURRENCE>
<ACTION_OCCURRENCE m_id="11" climaxEvent="FALSE" comment=""  >
<token_anchor t_id="64"/>
</ACTION_OCCURRENCE>
<ACTION_REPORTING m_id="12" comment=""  >
<token_anchor t_id="97"/>
</ACTION_REPORTING>
<ACTION_REPORTING m_id="13" comment=""  >
<token_anchor t_id="134"/>
</ACTION_REPORTING>
<ACTION_STATE m_id="14" climaxEvent="FALSE" comment=""  >
<token_anchor t_id="119"/>
</ACTION_STATE>
<HUMAN_PART_MET m_id="15"  >
<token_anchor t_id="71"/>
</HUMAN_PART_MET>
<HUMAN_PART_PER m_id="16" comment=""  >
<token_anchor t_id="99"/>
</HUMAN_PART_PER>
<HUMAN_PART_PER m_id="17" comment=""  >
<token_anchor t_id="108"/>
</HUMAN_PART_PER>
<HUMAN_PART_PER m_id="18" comment=""  >
<token_anchor t_id="132"/>
<token_anchor t_id="133"/>
</HUMAN_PART_PER>
<HUMAN_PART_PER m_id="19" comment=""  >
<token_anchor t_id="146"/>
</HUMAN_PART_PER>
<HUMAN_PART_PER m_id="20" comment=""  >
<token_anchor t_id="153"/>
</HUMAN_PART_PER>
<HUMAN_PART_PER m_id="21" comment=""  >
<token_anchor t_id="47"/>
<token_anchor t_id="48"/>
</HUMAN_PART_PER>
<HUMAN_PART_PER m_id="22" comment=""  >
<token_anchor t_id="56"/>
<token_anchor t_id="57"/>
</HUMAN_PART_PER>
<HUMAN_PART_PER m_id="23" comment=""  >
<token_anchor t_id="78"/>
</HUMAN_PART_PER>
<HUMAN_PART_PER m_id="24" comment=""  >
<token_anchor t_id="65"/>
</HUMAN_PART_PER>
<HUMAN_PART_PER m_id="25" comment=""  >
<token_anchor t_id="96"/>
</HUMAN_PART_PER>
<LOC_GEO m_id="26" comment=""  >
<token_anchor t_id="83"/>
<token_anchor t_id="84"/>
<token_anchor t_id="85"/>
<token_anchor t_id="86"/>
<token_anchor t_id="87"/>
</LOC_GEO>
<NEG_ACTION_STATE m_id="27" climaxEvent="FALSE" comment=""  >
<token_anchor t_id="125"/>
</NEG_ACTION_STATE>
<NON_HUMAN_PART m_id="28" comment=""  >
<token_anchor t_id="139"/>
</NON_HUMAN_PART>
<NON_HUMAN_PART m_id="29" comment=""  >
<token_anchor t_id="144"/>
</NON_HUMAN_PART>
<NON_HUMAN_PART m_id="30" comment=""  >
<token_anchor t_id="148"/>
<token_anchor t_id="149"/>
</NON_HUMAN_PART>
<TIME_DATE m_id="33" comment="" DCT="FALSE" value="194X" anchorTimeID=""  >
<token_anchor t_id="110"/>
<token_anchor t_id="111"/>
</TIME_DATE>
<TIME_DATE m_id="50" comment="" DCT="FALSE" value="195X" anchorTimeID=""  >
<token_anchor t_id="113"/>
</TIME_DATE>
<TIME_DATE m_id="31" comment="" DCT="TRUE" value="2013-06-06" anchorTimeID=""  >
<token_anchor t_id="52"/>
<token_anchor t_id="53"/>
<token_anchor t_id="54"/>
<token_anchor t_id="55"/>
</TIME_DATE>
<TIME_DATE m_id="32" comment="" DCT="FALSE" value="2013-06-06" anchorTimeID="31"  >
<token_anchor t_id="82"/>
</TIME_DATE>


<HUMAN_PART_MET m_id="34" RELATED_TO="" TAG_DESCRIPTOR="t2b_hollywood" />
<TIME_DATE m_id="35" RELATED_TO="" TAG_DESCRIPTOR="t4_the_1940s_and_1950s" comment="" DCT="FALSE" value="" anchorTimeID="" />
<TIME_DATE m_id="36" RELATED_TO="" TAG_DESCRIPTOR="t4_jun_6th" comment="" DCT="FALSE" value="" anchorTimeID="" />
<ACTION_OCCURRENCE m_id="37" RELATED_TO="" TAG_DESCRIPTOR="t4_dies" climaxEvent="FALSE" comment="" />
<LOC_GEO m_id="38" RELATED_TO="" TAG_DESCRIPTOR="t4_beverly_hills" comment="" />
<NON_HUMAN_PART m_id="39" RELATED_TO="" TAG_DESCRIPTOR="t4_pictures" comment="" />
<NON_HUMAN_PART m_id="40" RELATED_TO="" TAG_DESCRIPTOR="t4_pool" comment="" />
<ACTION_OCCURRENCE m_id="41" RELATED_TO="" TAG_DESCRIPTOR="t4_designed" climaxEvent="FALSE" comment="" />
<ACTION_STATE m_id="42" RELATED_TO="" TAG_DESCRIPTOR="t4_in_her_sleep" climaxEvent="FALSE" comment="" />
<ACTION_OCCURRENCE m_id="43" RELATED_TO="" TAG_DESCRIPTOR="t4_musicals" climaxEvent="FALSE" comment="" />
<HUMAN_PART_PER m_id="44" RELATED_TO="" TAG_DESCRIPTOR="t4_harlan_boll" comment="" />
<ACTION_OCCURRENCE m_id="45" RELATED_TO="" TAG_DESCRIPTOR="t4_experiences_as_swimming_champion" climaxEvent="FALSE" comment="" />
<ACTION_REPORTING m_id="46" RELATED_TO="" TAG_DESCRIPTOR="t4_harlan_boll_confirmed" comment="" />
<ACTION_OCCURRENCE m_id="47" RELATED_TO="" TAG_DESCRIPTOR="t4_swimming_skills" climaxEvent="FALSE" comment="" />
<HUMAN_PART_PER m_id="48" RELATED_TO="" TAG_DESCRIPTOR="t4_esther_wills" comment="" />
<NON_HUMAN_PART m_id="49" RELATED_TO="" TAG_DESCRIPTOR="t4_bathing_suits" comment="" />
</Markables>

<Relations>
<TLINK r_id="237866" contextualModality="" relType="CONTAINS" comment="" >
<source m_id="31" />
<target m_id="9" />
</TLINK>
<TLINK r_id="237867" contextualModality="" relType="AFTER" comment="" >
<source m_id="31" />
<target m_id="6" />
</TLINK>
<TLINK r_id="237868" contextualModality="" relType="AFTER" comment="" >
<source m_id="31" />
<target m_id="1" />
</TLINK>
<TLINK r_id="237869" contextualModality="" relType="AFTER" comment="" >
<source m_id="31" />
<target m_id="2" />
</TLINK>
<TLINK r_id="237870" contextualModality="" relType="AFTER" comment="" >
<source m_id="31" />
<target m_id="7" />
</TLINK>
<TLINK r_id="237871" contextualModality="" relType="AFTER" comment="" >
<source m_id="31" />
<target m_id="8" />
</TLINK>
<TLINK r_id="237872" contextualModality="" relType="CONTAINS" comment="" >
<source m_id="31" />
<target m_id="5" />
</TLINK>
<TLINK r_id="237873" contextualModality="" relType="CONTAINS" comment="" >
<source m_id="31" />
<target m_id="10" />
</TLINK>
<TLINK r_id="237874" contextualModality="" relType="CONTAINS" comment="" >
<source m_id="31" />
<target m_id="14" />
</TLINK>
<TLINK r_id="237875" contextualModality="" relType="AFTER" comment="" >
<source m_id="31" />
<target m_id="27" />
</TLINK>
<TLINK r_id="237876" contextualModality="" relType="AFTER" comment="" >
<source m_id="31" />
<target m_id="3" />
</TLINK>
<PLOT_LINK r_id="237877" SIGNAL="1" relType="PRECONDITION" CAUSES="TRUE" CAUSED_BY="FALSE" >
<source m_id="6" />
<target m_id="2" />
</PLOT_LINK>
<PLOT_LINK r_id="237878" SIGNAL="" relType="FALLING_ACTION" CAUSES="FALSE" CAUSED_BY="FALSE" >
<source m_id="10" />
<target m_id="27" />
</PLOT_LINK>
<TLINK r_id="251396" contextualModality="" relType="CONTAINS" comment="" >
<source m_id="32" />
<target m_id="5" />
</TLINK>
<TLINK r_id="251397" contextualModality="" relType="BEFORE" comment="" >
<source m_id="33" />
<target m_id="10" />
</TLINK>
<TLINK r_id="251398" contextualModality="" relType="BEFORE" comment="" >
<source m_id="50" />
<target m_id="10" />
</TLINK>
<TLINK r_id="251399" contextualModality="" relType="BEFORE" comment="" >
<source m_id="33" />
<target m_id="14" />
</TLINK>
<TLINK r_id="251400" contextualModality="" relType="BEFORE" comment="" >
<source m_id="33" />
<target m_id="27" />
</TLINK>
<TLINK r_id="251401" contextualModality="" relType="BEFORE" comment="" >
<source m_id="50" />
<target m_id="14" />
</TLINK>
<TLINK r_id="251402" contextualModality="" relType="BEFORE" comment="" >
<source m_id="50" />
<target m_id="27" />
</TLINK>
</Relations>
</Document>
