<Document doc_name="4_3ecbplus.xml">
<token t_id="1" sentence="0" number="0">http</token>
<token t_id="2" sentence="0" number="1">:</token>
<token t_id="3" sentence="0" number="2">/</token>
<token t_id="4" sentence="0" number="3">/</token>
<token t_id="5" sentence="0" number="4">cir</token>
<token t_id="6" sentence="0" number="5">.</token>
<token t_id="7" sentence="0" number="6">ca</token>
<token t_id="8" sentence="0" number="7">/</token>
<token t_id="9" sentence="0" number="8">news</token>
<token t_id="10" sentence="0" number="9">/</token>
<token t_id="11" sentence="0" number="10">esther</token>
<token t_id="12" sentence="0" number="11">-</token>
<token t_id="13" sentence="0" number="12">williams</token>
<token t_id="14" sentence="0" number="13">-</token>
<token t_id="15" sentence="0" number="14">obituary</token>
<token t_id="16" sentence="1" number="0">Esther</token>
<token t_id="17" sentence="1" number="1">Williams</token>
<token t_id="18" sentence="1" number="2">,</token>
<token t_id="19" sentence="1" number="3">who</token>
<token t_id="20" sentence="1" number="4">swam</token>
<token t_id="21" sentence="1" number="5">to</token>
<token t_id="22" sentence="1" number="6">stardom</token>
<token t_id="23" sentence="1" number="7">in</token>
<token t_id="24" sentence="1" number="8">the</token>
<token t_id="25" sentence="1" number="9">1940's</token>
<token t_id="26" sentence="1" number="10">,</token>
<token t_id="27" sentence="1" number="11">dies</token>
<token t_id="28" sentence="1" number="12">at</token>
<token t_id="29" sentence="1" number="13">91</token>
<token t_id="30" sentence="2" number="0">JUNE</token>
<token t_id="31" sentence="2" number="1">6</token>
<token t_id="32" sentence="2" number="2">,</token>
<token t_id="33" sentence="2" number="3">2013</token>
<token t_id="34" sentence="2" number="4">11</token>
<token t_id="35" sentence="2" number="5">:</token>
<token t_id="36" sentence="2" number="6">34PM</token>
<token t_id="37" sentence="3" number="0">Pinup</token>
<token t_id="38" sentence="3" number="1">girl</token>
<token t_id="39" sentence="3" number="2">Williams</token>
<token t_id="40" sentence="3" number="3">was</token>
<token t_id="41" sentence="3" number="4">the</token>
<token t_id="42" sentence="3" number="5">star</token>
<token t_id="43" sentence="3" number="6">of</token>
<token t_id="44" sentence="3" number="7">WWII</token>
<token t_id="45" sentence="3" number="8">-</token>
<token t_id="46" sentence="3" number="9">era</token>
<token t_id="47" sentence="3" number="10">"aquatic</token>
<token t_id="48" sentence="3" number="11">musicals"</token>
<token t_id="49" sentence="3" number="12">and</token>
<token t_id="50" sentence="3" number="13">helped</token>
<token t_id="51" sentence="3" number="14">make</token>
<token t_id="52" sentence="3" number="15">the</token>
<token t_id="53" sentence="3" number="16">sport</token>
<token t_id="54" sentence="3" number="17">of</token>
<token t_id="55" sentence="3" number="18">synchronized</token>
<token t_id="56" sentence="3" number="19">swimming</token>
<token t_id="57" sentence="3" number="20">popular</token>
<token t_id="58" sentence="3" number="21">.</token>


<Markables>
<ACTION_OCCURRENCE m_id="1" climaxEvent="FALSE" comment=""  >
<token_anchor t_id="51"/>
</ACTION_OCCURRENCE>
<ACTION_OCCURRENCE m_id="2" climaxEvent="FALSE" comment=""  >
<token_anchor t_id="48"/>
</ACTION_OCCURRENCE>
<ACTION_OCCURRENCE m_id="3" climaxEvent="FALSE" comment=""  >
<token_anchor t_id="20"/>
</ACTION_OCCURRENCE>
<ACTION_OCCURRENCE m_id="4" climaxEvent="FALSE" comment=""  >
<token_anchor t_id="50"/>
</ACTION_OCCURRENCE>
<ACTION_OCCURRENCE m_id="5" climaxEvent="FALSE" comment=""  >
<token_anchor t_id="56"/>
</ACTION_OCCURRENCE>
<ACTION_OCCURRENCE m_id="6" climaxEvent="TRUE" comment=""  >
<token_anchor t_id="27"/>
</ACTION_OCCURRENCE>
<ACTION_STATE m_id="7" climaxEvent="FALSE" comment=""  >
<token_anchor t_id="22"/>
</ACTION_STATE>
<ACTION_STATE m_id="8" climaxEvent="FALSE" comment=""  >
<token_anchor t_id="57"/>
</ACTION_STATE>
<HUMAN_PART_PER m_id="9" comment=""  >
<token_anchor t_id="42"/>
</HUMAN_PART_PER>
<HUMAN_PART_PER m_id="10" comment=""  >
<token_anchor t_id="16"/>
<token_anchor t_id="17"/>
</HUMAN_PART_PER>
<HUMAN_PART_PER m_id="11" comment=""  >
<token_anchor t_id="19"/>
</HUMAN_PART_PER>
<HUMAN_PART_PER m_id="12" comment=""  >
<token_anchor t_id="39"/>
</HUMAN_PART_PER>
<TIME_DATE m_id="13" comment="" DCT="FALSE" value="194X" anchorTimeID=""  >
<token_anchor t_id="24"/>
<token_anchor t_id="25"/>
</TIME_DATE>
<TIME_OF_THE_DAY m_id="14" DCT="TRUE" value="2013-06-06T23:34Z" anchorTimeID=""  >
<token_anchor t_id="30"/>
<token_anchor t_id="31"/>
<token_anchor t_id="32"/>
<token_anchor t_id="33"/>
<token_anchor t_id="34"/>
<token_anchor t_id="35"/>
<token_anchor t_id="36"/>
</TIME_OF_THE_DAY>


<ACTION_OCCURRENCE m_id="15" RELATED_TO="" TAG_DESCRIPTOR="t4_musicals" climaxEvent="FALSE" comment="" />
<ACTION_STATE m_id="16" RELATED_TO="" TAG_DESCRIPTOR="t4_popularity" climaxEvent="FALSE" comment="" />
<ACTION_OCCURRENCE m_id="17" RELATED_TO="" TAG_DESCRIPTOR="t4_swimming_skills" climaxEvent="FALSE" comment="" />
<TIME_DATE m_id="18" RELATED_TO="" TAG_DESCRIPTOR="t4_the_1940s_and_1950s" comment="" DCT="FALSE" value="" anchorTimeID="" />
<ACTION_OCCURRENCE m_id="19" RELATED_TO="" TAG_DESCRIPTOR="t4_dies" climaxEvent="FALSE" comment="" />
<HUMAN_PART_PER m_id="20" RELATED_TO="" TAG_DESCRIPTOR="t4_esther_wills" comment="" />
<TIME_DATE m_id="21" RELATED_TO="" TAG_DESCRIPTOR="t1_2013-06-06" comment="" DCT="FALSE" value="2013-06-06" anchorTimeID="14" />
</Markables>

<Relations>
<TLINK r_id="237879" contextualModality="" relType="AFTER" comment="" >
<source m_id="14" />
<target m_id="3" />
</TLINK>
<TLINK r_id="237880" contextualModality="" relType="AFTER" comment="" >
<source m_id="14" />
<target m_id="7" />
</TLINK>
<TLINK r_id="237881" contextualModality="" relType="AFTER" comment="" >
<source m_id="14" />
<target m_id="6" />
</TLINK>
<TLINK r_id="237882" contextualModality="" relType="AFTER" comment="" >
<source m_id="14" />
<target m_id="2" />
</TLINK>
<TLINK r_id="237883" contextualModality="" relType="AFTER" comment="" >
<source m_id="14" />
<target m_id="4" />
</TLINK>
<TLINK r_id="237884" contextualModality="" relType="AFTER" comment="" >
<source m_id="14" />
<target m_id="1" />
</TLINK>
<TLINK r_id="237885" contextualModality="" relType="OVERLAP" comment="" >
<source m_id="14" />
<target m_id="8" />
</TLINK>
<TLINK r_id="237889" contextualModality="" relType="OVERLAP" comment="" >
<source m_id="13" />
<target m_id="3" />
</TLINK>
<TLINK r_id="237890" contextualModality="" relType="OVERLAP" comment="" >
<source m_id="13" />
<target m_id="7" />
</TLINK>
<TLINK r_id="237891" contextualModality="" relType="BEFORE" comment="" >
<source m_id="13" />
<target m_id="6" />
</TLINK>
<TLINK r_id="237892" contextualModality="" relType="OVERLAP" comment="" >
<source m_id="13" />
<target m_id="8" />
</TLINK>
<PLOT_LINK r_id="237893" SIGNAL="4" relType="PRECONDITION" CAUSES="TRUE" CAUSED_BY="FALSE" >
<source m_id="2" />
<target m_id="8" />
</PLOT_LINK>
<TLINK r_id="251403" contextualModality="" relType="CONTAINS" comment="" >
<source m_id="21" />
<target m_id="6" />
</TLINK>
</Relations>
</Document>
