<Document doc_name="4_8ecbplus.xml">
<token t_id="1" sentence="0" number="0">http</token>
<token t_id="2" sentence="0" number="1">:</token>
<token t_id="3" sentence="0" number="2">/</token>
<token t_id="4" sentence="0" number="3">/</token>
<token t_id="5" sentence="0" number="4">www</token>
<token t_id="6" sentence="0" number="5">.</token>
<token t_id="7" sentence="0" number="6">huffingtonpost</token>
<token t_id="8" sentence="0" number="7">.</token>
<token t_id="9" sentence="0" number="8">com</token>
<token t_id="10" sentence="0" number="9">/</token>
<token t_id="11" sentence="0" number="10">2013</token>
<token t_id="12" sentence="0" number="11">/</token>
<token t_id="13" sentence="0" number="12">06</token>
<token t_id="14" sentence="0" number="13">/</token>
<token t_id="15" sentence="0" number="14">06</token>
<token t_id="16" sentence="0" number="15">/</token>
<token t_id="17" sentence="0" number="16">esther</token>
<token t_id="18" sentence="0" number="17">-</token>
<token t_id="19" sentence="0" number="18">williams</token>
<token t_id="20" sentence="0" number="19">-</token>
<token t_id="21" sentence="0" number="20">dead</token>
<token t_id="22" sentence="0" number="21">-</token>
<token t_id="23" sentence="0" number="22">dies</token>
<token t_id="24" sentence="0" number="23">_</token>
<token t_id="25" sentence="0" number="24">n</token>
<token t_id="26" sentence="0" number="25">_</token>
<token t_id="27" sentence="0" number="26">3397642</token>
<token t_id="28" sentence="0" number="27">.</token>
<token t_id="29" sentence="0" number="28">html</token>
<token t_id="30" sentence="1" number="0">Esther</token>
<token t_id="31" sentence="1" number="1">Williams</token>
<token t_id="32" sentence="1" number="2">Dead</token>
<token t_id="33" sentence="1" number="3">:</token>
<token t_id="34" sentence="1" number="4">Technicolor</token>
<token t_id="35" sentence="1" number="5">Star</token>
<token t_id="36" sentence="1" number="6">Dies</token>
<token t_id="37" sentence="1" number="7">At</token>
<token t_id="38" sentence="1" number="8">Age</token>
<token t_id="39" sentence="1" number="9">91</token>
<token t_id="40" sentence="2" number="0">06</token>
<token t_id="41" sentence="2" number="1">/</token>
<token t_id="42" sentence="2" number="2">06</token>
<token t_id="43" sentence="2" number="3">/</token>
<token t_id="44" sentence="2" number="4">13</token>
<token t_id="45" sentence="2" number="5">07</token>
<token t_id="46" sentence="2" number="6">:</token>
<token t_id="47" sentence="2" number="7">05</token>
<token t_id="48" sentence="2" number="8">PM</token>
<token t_id="49" sentence="2" number="9">ET</token>
<token t_id="50" sentence="2" number="10">EDT</token>
<token t_id="51" sentence="3" number="0">The</token>
<token t_id="52" sentence="3" number="1">self</token>
<token t_id="53" sentence="3" number="2">-</token>
<token t_id="54" sentence="3" number="3">described</token>
<token t_id="55" sentence="3" number="4">"Million</token>
<token t_id="56" sentence="3" number="5">Dollar</token>
<token t_id="57" sentence="3" number="6">Mermaid</token>
<token t_id="58" sentence="3" number="7">,</token>
<token t_id="59" sentence="3" number="8">"</token>
<token t_id="60" sentence="3" number="9">whose</token>
<token t_id="61" sentence="3" number="10">wholesome</token>
<token t_id="62" sentence="3" number="11">beauty</token>
<token t_id="63" sentence="3" number="12">,</token>
<token t_id="64" sentence="3" number="13">shapely</token>
<token t_id="65" sentence="3" number="14">figure</token>
<token t_id="66" sentence="3" number="15">and</token>
<token t_id="67" sentence="3" number="16">aquatic</token>
<token t_id="68" sentence="3" number="17">skills</token>
<token t_id="69" sentence="3" number="18">launched</token>
<token t_id="70" sentence="3" number="19">an</token>
<token t_id="71" sentence="3" number="20">entire</token>
<token t_id="72" sentence="3" number="21">genre</token>
<token t_id="73" sentence="3" number="22">of</token>
<token t_id="74" sentence="3" number="23">movies</token>
<token t_id="75" sentence="3" number="24">–</token>
<token t_id="76" sentence="3" number="25">the</token>
<token t_id="77" sentence="3" number="26">Technicolor</token>
<token t_id="78" sentence="3" number="27">"aqua</token>
<token t_id="79" sentence="3" number="28">musicals"</token>
<token t_id="80" sentence="3" number="29">–</token>
<token t_id="81" sentence="3" number="30">died</token>
<token t_id="82" sentence="3" number="31">Thursday</token>
<token t_id="83" sentence="3" number="32">at</token>
<token t_id="84" sentence="3" number="33">91</token>
<token t_id="85" sentence="3" number="34">.</token>
<token t_id="86" sentence="4" number="0">She</token>
<token t_id="87" sentence="4" number="1">also</token>
<token t_id="88" sentence="4" number="2">was</token>
<token t_id="89" sentence="4" number="3">a</token>
<token t_id="90" sentence="4" number="4">favorite</token>
<token t_id="91" sentence="4" number="5">swimsuit</token>
<token t_id="92" sentence="4" number="6">pinup</token>
<token t_id="93" sentence="4" number="7">for</token>
<token t_id="94" sentence="4" number="8">GI's</token>
<token t_id="95" sentence="4" number="9">in</token>
<token t_id="96" sentence="4" number="10">World</token>
<token t_id="97" sentence="4" number="11">War</token>
<token t_id="98" sentence="4" number="12">II</token>
<token t_id="99" sentence="4" number="13">,</token>
<token t_id="100" sentence="4" number="14">and</token>
<token t_id="101" sentence="4" number="15">a</token>
<token t_id="102" sentence="4" number="16">refreshing</token>
<token t_id="103" sentence="4" number="17">presence</token>
<token t_id="104" sentence="4" number="18">among</token>
<token t_id="105" sentence="4" number="19">MGM's</token>
<token t_id="106" sentence="4" number="20">stellar</token>
<token t_id="107" sentence="4" number="21">gallery</token>
<token t_id="108" sentence="4" number="22">–</token>
<token t_id="109" sentence="4" number="23">warm</token>
<token t_id="110" sentence="4" number="24">,</token>
<token t_id="111" sentence="4" number="25">breezy</token>
<token t_id="112" sentence="4" number="26">,</token>
<token t_id="113" sentence="4" number="27">with</token>
<token t_id="114" sentence="4" number="28">a</token>
<token t_id="115" sentence="4" number="29">frankness</token>
<token t_id="116" sentence="4" number="30">and</token>
<token t_id="117" sentence="4" number="31">self</token>
<token t_id="118" sentence="4" number="32">-</token>
<token t_id="119" sentence="4" number="33">deprecating</token>
<token t_id="120" sentence="4" number="34">humor</token>
<token t_id="121" sentence="4" number="35">that</token>
<token t_id="122" sentence="4" number="36">delighted</token>
<token t_id="123" sentence="4" number="37">interviewers</token>
<token t_id="124" sentence="4" number="38">.</token>
<token t_id="125" sentence="5" number="0">As</token>
<token t_id="126" sentence="5" number="1">news</token>
<token t_id="127" sentence="5" number="2">of</token>
<token t_id="128" sentence="5" number="3">her</token>
<token t_id="129" sentence="5" number="4">death</token>
<token t_id="130" sentence="5" number="5">spread</token>
<token t_id="131" sentence="5" number="6">Thursday</token>
<token t_id="132" sentence="5" number="7">,</token>
<token t_id="133" sentence="5" number="8">pinup</token>
<token t_id="134" sentence="5" number="9">shots</token>
<token t_id="135" sentence="5" number="10">of</token>
<token t_id="136" sentence="5" number="11">her</token>
<token t_id="137" sentence="5" number="12">circulated</token>
<token t_id="138" sentence="5" number="13">on</token>
<token t_id="139" sentence="5" number="14">Twitter</token>
<token t_id="140" sentence="5" number="15">.</token>
<token t_id="141" sentence="6" number="0">Lamas'</token>
<token t_id="142" sentence="6" number="1">son</token>
<token t_id="143" sentence="6" number="2">,</token>
<token t_id="144" sentence="6" number="3">actor</token>
<token t_id="145" sentence="6" number="4">Lorenzo</token>
<token t_id="146" sentence="6" number="5">Lamas</token>
<token t_id="147" sentence="6" number="6">,</token>
<token t_id="148" sentence="6" number="7">tweeted</token>
<token t_id="149" sentence="6" number="8">Thursday</token>
<token t_id="150" sentence="6" number="9">:</token>
<token t_id="151" sentence="6" number="10">"My</token>
<token t_id="152" sentence="6" number="11">stepmom</token>
<token t_id="153" sentence="6" number="12">Esther</token>
<token t_id="154" sentence="6" number="13">Williams</token>
<token t_id="155" sentence="6" number="14">passed</token>
<token t_id="156" sentence="6" number="15">peacefully</token>
<token t_id="157" sentence="6" number="16">this</token>
<token t_id="158" sentence="6" number="17">morning</token>
<token t_id="159" sentence="6" number="18">.</token>


<Markables>
<ACTION_CAUSATIVE m_id="1" comment=""  >
<token_anchor t_id="69"/>
</ACTION_CAUSATIVE>
<ACTION_OCCURRENCE m_id="2" climaxEvent="FALSE" comment=""  >
<token_anchor t_id="32"/>
</ACTION_OCCURRENCE>
<ACTION_OCCURRENCE m_id="3" climaxEvent="FALSE" comment=""  >
<token_anchor t_id="79"/>
</ACTION_OCCURRENCE>
<ACTION_OCCURRENCE m_id="4" climaxEvent="FALSE" comment=""  >
<token_anchor t_id="122"/>
</ACTION_OCCURRENCE>
<ACTION_OCCURRENCE m_id="5" climaxEvent="FALSE" comment=""  >
<token_anchor t_id="129"/>
</ACTION_OCCURRENCE>
<ACTION_OCCURRENCE m_id="6" climaxEvent="FALSE" comment=""  >
<token_anchor t_id="137"/>
</ACTION_OCCURRENCE>
<ACTION_OCCURRENCE m_id="7" climaxEvent="TRUE" comment=""  >
<token_anchor t_id="36"/>
</ACTION_OCCURRENCE>
<ACTION_OCCURRENCE m_id="8" climaxEvent="FALSE" comment=""  >
<token_anchor t_id="96"/>
<token_anchor t_id="97"/>
<token_anchor t_id="98"/>
</ACTION_OCCURRENCE>
<ACTION_OCCURRENCE m_id="9" climaxEvent="FALSE" comment=""  >
<token_anchor t_id="126"/>
</ACTION_OCCURRENCE>
<ACTION_OCCURRENCE m_id="10" climaxEvent="FALSE" comment=""  >
<token_anchor t_id="155"/>
</ACTION_OCCURRENCE>
<ACTION_OCCURRENCE m_id="11" climaxEvent="FALSE" comment=""  >
<token_anchor t_id="130"/>
</ACTION_OCCURRENCE>
<ACTION_REPORTING m_id="12" comment=""  >
<token_anchor t_id="148"/>
</ACTION_REPORTING>
<ACTION_STATE m_id="13" climaxEvent="FALSE" comment=""  >
<token_anchor t_id="109"/>
</ACTION_STATE>
<ACTION_STATE m_id="14" climaxEvent="FALSE" comment=""  >
<token_anchor t_id="111"/>
</ACTION_STATE>
<ACTION_STATE m_id="15" climaxEvent="FALSE" comment=""  >
<token_anchor t_id="115"/>
</ACTION_STATE>
<ACTION_STATE m_id="16" climaxEvent="FALSE" comment=""  >
<token_anchor t_id="120"/>
</ACTION_STATE>
<HUMAN_PART_ORG m_id="17"  >
<token_anchor t_id="139"/>
</HUMAN_PART_ORG>
<HUMAN_PART_ORG m_id="18"  >
<token_anchor t_id="105"/>
</HUMAN_PART_ORG>
<HUMAN_PART_PER m_id="19" comment=""  >
<token_anchor t_id="86"/>
</HUMAN_PART_PER>
<HUMAN_PART_PER m_id="20" comment=""  >
<token_anchor t_id="152"/>
<token_anchor t_id="153"/>
<token_anchor t_id="154"/>
</HUMAN_PART_PER>
<HUMAN_PART_PER m_id="21" comment=""  >
<token_anchor t_id="128"/>
</HUMAN_PART_PER>
<HUMAN_PART_PER m_id="22" comment=""  >
<token_anchor t_id="91"/>
</HUMAN_PART_PER>
<HUMAN_PART_PER m_id="23" comment=""  >
<token_anchor t_id="94"/>
</HUMAN_PART_PER>
<HUMAN_PART_PER m_id="24" comment=""  >
<token_anchor t_id="123"/>
</HUMAN_PART_PER>
<HUMAN_PART_PER m_id="25" comment=""  >
<token_anchor t_id="136"/>
</HUMAN_PART_PER>
<HUMAN_PART_PER m_id="26" comment=""  >
<token_anchor t_id="35"/>
</HUMAN_PART_PER>
<HUMAN_PART_PER m_id="27" comment=""  >
<token_anchor t_id="60"/>
</HUMAN_PART_PER>
<HUMAN_PART_PER m_id="28" comment=""  >
<token_anchor t_id="92"/>
</HUMAN_PART_PER>
<HUMAN_PART_PER m_id="29" comment=""  >
<token_anchor t_id="103"/>
</HUMAN_PART_PER>
<HUMAN_PART_PER m_id="30" comment=""  >
<token_anchor t_id="145"/>
<token_anchor t_id="146"/>
</HUMAN_PART_PER>
<HUMAN_PART_PER m_id="31" comment=""  >
<token_anchor t_id="30"/>
<token_anchor t_id="31"/>
</HUMAN_PART_PER>
<HUMAN_PART_PER m_id="32" comment=""  >
<token_anchor t_id="57"/>
</HUMAN_PART_PER>
<NON_HUMAN_PART m_id="33" comment=""  >
<token_anchor t_id="74"/>
</NON_HUMAN_PART>
<NON_HUMAN_PART m_id="34" comment=""  >
<token_anchor t_id="134"/>
</NON_HUMAN_PART>
<NON_HUMAN_PART m_id="35" comment=""  >
<token_anchor t_id="65"/>
</NON_HUMAN_PART>
<TIME_DATE m_id="36" comment="" DCT="FALSE" value="2013-06-06" anchorTimeID="40"  >
<token_anchor t_id="82"/>
</TIME_DATE>
<TIME_DATE m_id="37" comment="" DCT="FALSE" value="2013-06-06" anchorTimeID="40"  >
<token_anchor t_id="131"/>
</TIME_DATE>
<TIME_DATE m_id="38" comment="" DCT="FALSE" value="2013-06-06" anchorTimeID="40"  >
<token_anchor t_id="149"/>
</TIME_DATE>
<TIME_OF_THE_DAY m_id="39" comment="" DCT="FALSE" value="2013-06-06TMO" anchorTimeID="40"  >
<token_anchor t_id="157"/>
<token_anchor t_id="158"/>
</TIME_OF_THE_DAY>
<TIME_OF_THE_DAY m_id="40" DCT="TRUE" value="2013-06-07T00:05Z" anchorTimeID=""  >
<token_anchor t_id="40"/>
<token_anchor t_id="41"/>
<token_anchor t_id="42"/>
<token_anchor t_id="43"/>
<token_anchor t_id="44"/>
<token_anchor t_id="45"/>
<token_anchor t_id="46"/>
<token_anchor t_id="47"/>
<token_anchor t_id="48"/>
<token_anchor t_id="49"/>
<token_anchor t_id="50"/>
</TIME_OF_THE_DAY>


<ACTION_OCCURRENCE m_id="41" RELATED_TO="" TAG_DESCRIPTOR="t4_musicals" climaxEvent="FALSE" comment="" />
<NON_HUMAN_PART m_id="42" RELATED_TO="" TAG_DESCRIPTOR="t4_physique" comment="" />
<HUMAN_PART_ORG m_id="43" RELATED_TO="" TAG_DESCRIPTOR="t4_MGM" />
<ACTION_OCCURRENCE m_id="44" RELATED_TO="" TAG_DESCRIPTOR="t4_ww2" climaxEvent="FALSE" comment="" />
<HUMAN_PART_PER m_id="45" RELATED_TO="" TAG_DESCRIPTOR="t4_lorenzo_lamas" comment="" />
<TIME_DATE m_id="46" RELATED_TO="" TAG_DESCRIPTOR="t4_jun_6th" comment="" DCT="FALSE" value="" anchorTimeID="" />
<ACTION_REPORTING m_id="47" RELATED_TO="" TAG_DESCRIPTOR="t4_lamas_tweeted" comment="" />
<HUMAN_PART_PER m_id="48" RELATED_TO="" TAG_DESCRIPTOR="t4_soldiers" comment="" />
<NON_HUMAN_PART m_id="49" RELATED_TO="" TAG_DESCRIPTOR="t4_pictures" comment="" />
<ACTION_OCCURRENCE m_id="50" RELATED_TO="" TAG_DESCRIPTOR="t4_dies" climaxEvent="FALSE" comment="" />
<HUMAN_PART_PER m_id="51" RELATED_TO="" TAG_DESCRIPTOR="t4_esther_wills" comment="" />
</Markables>

<Relations>
<TLINK r_id="237934" contextualModality="" relType="AFTER" comment="" >
<source m_id="40" />
<target m_id="2" />
</TLINK>
<TLINK r_id="237935" contextualModality="" relType="AFTER" comment="" >
<source m_id="40" />
<target m_id="7" />
</TLINK>
<TLINK r_id="237936" contextualModality="" relType="AFTER" comment="" >
<source m_id="40" />
<target m_id="1" />
</TLINK>
<TLINK r_id="237937" contextualModality="" relType="AFTER" comment="" >
<source m_id="40" />
<target m_id="3" />
</TLINK>
<TLINK r_id="237938" contextualModality="" relType="AFTER" comment="" >
<source m_id="40" />
<target m_id="8" />
</TLINK>
<TLINK r_id="237939" contextualModality="" relType="AFTER" comment="" >
<source m_id="40" />
<target m_id="13" />
</TLINK>
<TLINK r_id="237940" contextualModality="" relType="AFTER" comment="" >
<source m_id="40" />
<target m_id="14" />
</TLINK>
<TLINK r_id="237941" contextualModality="" relType="AFTER" comment="" >
<source m_id="40" />
<target m_id="15" />
</TLINK>
<TLINK r_id="237942" contextualModality="" relType="AFTER" comment="" >
<source m_id="40" />
<target m_id="4" />
</TLINK>
<TLINK r_id="237943" contextualModality="" relType="AFTER" comment="" >
<source m_id="40" />
<target m_id="5" />
</TLINK>
<TLINK r_id="237944" contextualModality="" relType="AFTER" comment="" >
<source m_id="40" />
<target m_id="11" />
</TLINK>
<TLINK r_id="237945" contextualModality="" relType="AFTER" comment="" >
<source m_id="40" />
<target m_id="12" />
</TLINK>
<TLINK r_id="237946" contextualModality="" relType="AFTER" comment="" >
<source m_id="40" />
<target m_id="10" />
</TLINK>
<TLINK r_id="237947" contextualModality="" relType="AFTER" comment="" >
<source m_id="40" />
<target m_id="9" />
</TLINK>
<TLINK r_id="237948" contextualModality="" relType="AFTER" comment="" >
<source m_id="36" />
<target m_id="1" />
</TLINK>
<TLINK r_id="237949" contextualModality="" relType="AFTER" comment="" >
<source m_id="36" />
<target m_id="3" />
</TLINK>
<TLINK r_id="237953" contextualModality="" relType="AFTER" comment="" >
<source m_id="36" />
<target m_id="15" />
</TLINK>
<TLINK r_id="237956" contextualModality="" relType="CONTAINS" comment="" >
<source m_id="37" />
<target m_id="9" />
</TLINK>
<TLINK r_id="237957" contextualModality="" relType="CONTAINS" comment="" >
<source m_id="37" />
<target m_id="5" />
</TLINK>
<TLINK r_id="237958" contextualModality="" relType="CONTAINS" comment="" >
<source m_id="37" />
<target m_id="11" />
</TLINK>
<TLINK r_id="237959" contextualModality="" relType="CONTAINS" comment="" >
<source m_id="37" />
<target m_id="6" />
</TLINK>
<TLINK r_id="237960" contextualModality="" relType="CONTAINS" comment="" >
<source m_id="38" />
<target m_id="10" />
</TLINK>
<TLINK r_id="237961" contextualModality="" relType="CONTAINS" comment="" >
<source m_id="39" />
<target m_id="10" />
</TLINK>
<PLOT_LINK r_id="237962" SIGNAL="" relType="PRECONDITION" CAUSES="FALSE" CAUSED_BY="FALSE" >
<source m_id="13" />
<target m_id="4" />
</PLOT_LINK>
<PLOT_LINK r_id="237963" SIGNAL="" relType="PRECONDITION" CAUSES="FALSE" CAUSED_BY="FALSE" >
<source m_id="14" />
<target m_id="4" />
</PLOT_LINK>
<PLOT_LINK r_id="237964" SIGNAL="" relType="PRECONDITION" CAUSES="FALSE" CAUSED_BY="FALSE" >
<source m_id="15" />
<target m_id="4" />
</PLOT_LINK>
<PLOT_LINK r_id="237965" SIGNAL="" relType="PRECONDITION" CAUSES="FALSE" CAUSED_BY="FALSE" >
<source m_id="16" />
<target m_id="4" />
</PLOT_LINK>
<PLOT_LINK r_id="237966" SIGNAL="" relType="PRECONDITION" CAUSES="FALSE" CAUSED_BY="FALSE" >
<source m_id="5" />
<target m_id="6" />
</PLOT_LINK>
</Relations>
</Document>
