<Document doc_name="22_6ecbplus.xml">
<token t_id="1" sentence="0" number="0">http</token>
<token t_id="2" sentence="0" number="1">:</token>
<token t_id="3" sentence="0" number="2">/</token>
<token t_id="4" sentence="0" number="3">/</token>
<token t_id="5" sentence="0" number="4">philadelphia</token>
<token t_id="6" sentence="0" number="5">.</token>
<token t_id="7" sentence="0" number="6">cbslocal</token>
<token t_id="8" sentence="0" number="7">.</token>
<token t_id="9" sentence="0" number="8">com</token>
<token t_id="10" sentence="0" number="9">/</token>
<token t_id="11" sentence="0" number="10">2010</token>
<token t_id="12" sentence="0" number="11">/</token>
<token t_id="13" sentence="0" number="12">12</token>
<token t_id="14" sentence="0" number="13">/</token>
<token t_id="15" sentence="0" number="14">07</token>
<token t_id="16" sentence="0" number="15">/</token>
<token t_id="17" sentence="0" number="16">accused</token>
<token t_id="18" sentence="0" number="17">-</token>
<token t_id="19" sentence="0" number="18">philadelphia</token>
<token t_id="20" sentence="0" number="19">-</token>
<token t_id="21" sentence="0" number="20">kraft</token>
<token t_id="22" sentence="0" number="21">-</token>
<token t_id="23" sentence="0" number="22">foods</token>
<token t_id="24" sentence="0" number="23">-</token>
<token t_id="25" sentence="0" number="24">killer</token>
<token t_id="26" sentence="0" number="25">-</token>
<token t_id="27" sentence="0" number="26">held</token>
<token t_id="28" sentence="0" number="27">-</token>
<token t_id="29" sentence="0" number="28">for</token>
<token t_id="30" sentence="0" number="29">-</token>
<token t_id="31" sentence="0" number="30">trial</token>
<token t_id="32" sentence="0" number="31">/</token>
<token t_id="33" sentence="1" number="0">Accused</token>
<token t_id="34" sentence="1" number="1">Philadelphia</token>
<token t_id="35" sentence="1" number="2">Kraft</token>
<token t_id="36" sentence="1" number="3">Foods</token>
<token t_id="37" sentence="1" number="4">Killer</token>
<token t_id="38" sentence="1" number="5">Held</token>
<token t_id="39" sentence="1" number="6">For</token>
<token t_id="40" sentence="1" number="7">Trial</token>
<token t_id="41" sentence="2" number="0">December</token>
<token t_id="42" sentence="2" number="1">7</token>
<token t_id="43" sentence="2" number="2">,</token>
<token t_id="44" sentence="2" number="3">2010</token>
<token t_id="45" sentence="2" number="4">11</token>
<token t_id="46" sentence="2" number="5">:</token>
<token t_id="47" sentence="2" number="6">18</token>
<token t_id="48" sentence="2" number="7">PM</token>
<token t_id="49" sentence="3" number="0">The</token>
<token t_id="50" sentence="3" number="1">woman</token>
<token t_id="51" sentence="3" number="2">who</token>
<token t_id="52" sentence="3" number="3">allegedly</token>
<token t_id="53" sentence="3" number="4">shot</token>
<token t_id="54" sentence="3" number="5">and</token>
<token t_id="55" sentence="3" number="6">killed</token>
<token t_id="56" sentence="3" number="7">two</token>
<token t_id="57" sentence="3" number="8">co</token>
<token t_id="58" sentence="3" number="9">-</token>
<token t_id="59" sentence="3" number="10">workers</token>
<token t_id="60" sentence="3" number="11">in</token>
<token t_id="61" sentence="3" number="12">September</token>
<token t_id="62" sentence="3" number="13">at</token>
<token t_id="63" sentence="3" number="14">the</token>
<token t_id="64" sentence="3" number="15">Kraft</token>
<token t_id="65" sentence="3" number="16">Foods</token>
<token t_id="66" sentence="3" number="17">plant</token>
<token t_id="67" sentence="3" number="18">in</token>
<token t_id="68" sentence="3" number="19">Northeast</token>
<token t_id="69" sentence="3" number="20">Philadelphia</token>
<token t_id="70" sentence="3" number="21">will</token>
<token t_id="71" sentence="3" number="22">face</token>
<token t_id="72" sentence="3" number="23">trial</token>
<token t_id="73" sentence="3" number="24">on</token>
<token t_id="74" sentence="3" number="25">multiple</token>
<token t_id="75" sentence="3" number="26">counts</token>
<token t_id="76" sentence="3" number="27">of</token>
<token t_id="77" sentence="3" number="28">murder</token>
<token t_id="78" sentence="3" number="29">and</token>
<token t_id="79" sentence="3" number="30">attempted</token>
<token t_id="80" sentence="3" number="31">murder</token>
<token t_id="81" sentence="3" number="32">.</token>
<token t_id="82" sentence="4" number="0">At</token>
<token t_id="83" sentence="4" number="1">a</token>
<token t_id="84" sentence="4" number="2">hearing</token>
<token t_id="85" sentence="4" number="3">on</token>
<token t_id="86" sentence="4" number="4">Tuesday</token>
<token t_id="87" sentence="4" number="5">,</token>
<token t_id="88" sentence="4" number="6">assistant</token>
<token t_id="89" sentence="4" number="7">district</token>
<token t_id="90" sentence="4" number="8">attorney</token>
<token t_id="91" sentence="4" number="9">Gail</token>
<token t_id="92" sentence="4" number="10">Fairman</token>
<token t_id="93" sentence="4" number="11">described</token>
<token t_id="94" sentence="4" number="12">43</token>
<token t_id="95" sentence="4" number="13">-</token>
<token t_id="96" sentence="4" number="14">year</token>
<token t_id="97" sentence="4" number="15">-</token>
<token t_id="98" sentence="4" number="16">old</token>
<token t_id="99" sentence="4" number="17">Yvonne</token>
<token t_id="100" sentence="4" number="18">Hiller</token>
<token t_id="101" sentence="4" number="19">as</token>
<token t_id="102" sentence="4" number="20">a</token>
<token t_id="103" sentence="4" number="21">“</token>
<token t_id="104" sentence="4" number="22">methodical</token>
<token t_id="105" sentence="4" number="23">killer</token>
<token t_id="106" sentence="4" number="24">”</token>
<token t_id="107" sentence="4" number="25">who</token>
<token t_id="108" sentence="4" number="26">waved</token>
<token t_id="109" sentence="4" number="27">a</token>
<token t_id="110" sentence="4" number="28">gun</token>
<token t_id="111" sentence="4" number="29">within</token>
<token t_id="112" sentence="4" number="30">a</token>
<token t_id="113" sentence="4" number="31">foot</token>
<token t_id="114" sentence="4" number="32">of</token>
<token t_id="115" sentence="4" number="33">a</token>
<token t_id="116" sentence="4" number="34">security</token>
<token t_id="117" sentence="4" number="35">guard</token>
<token t_id="118" sentence="4" number="36">’</token>
<token t_id="119" sentence="4" number="37">s</token>
<token t_id="120" sentence="4" number="38">face</token>
<token t_id="121" sentence="4" number="39">to</token>
<token t_id="122" sentence="4" number="40">regain</token>
<token t_id="123" sentence="4" number="41">access</token>
<token t_id="124" sentence="4" number="42">to</token>
<token t_id="125" sentence="4" number="43">the</token>
<token t_id="126" sentence="4" number="44">plant</token>
<token t_id="127" sentence="4" number="45">less</token>
<token t_id="128" sentence="4" number="46">than</token>
<token t_id="129" sentence="4" number="47">ten</token>
<token t_id="130" sentence="4" number="48">minutes</token>
<token t_id="131" sentence="4" number="49">after</token>
<token t_id="132" sentence="4" number="50">she</token>
<token t_id="133" sentence="4" number="51">had</token>
<token t_id="134" sentence="4" number="52">been</token>
<token t_id="135" sentence="4" number="53">escorted</token>
<token t_id="136" sentence="4" number="54">out</token>
<token t_id="137" sentence="4" number="55">.</token>
<token t_id="138" sentence="5" number="0">“</token>
<token t_id="139" sentence="5" number="1">She</token>
<token t_id="140" sentence="5" number="2">returned</token>
<token t_id="141" sentence="5" number="3">like</token>
<token t_id="142" sentence="5" number="4">a</token>
<token t_id="143" sentence="5" number="5">grim</token>
<token t_id="144" sentence="5" number="6">reaper</token>
<token t_id="145" sentence="5" number="7">,</token>
<token t_id="146" sentence="5" number="8">”</token>
<token t_id="147" sentence="5" number="9">says</token>
<token t_id="148" sentence="5" number="10">ADA</token>
<token t_id="149" sentence="5" number="11">Fairman</token>
<token t_id="150" sentence="5" number="12">,</token>
<token t_id="151" sentence="5" number="13">“</token>
<token t_id="152" sentence="5" number="14">and</token>
<token t_id="153" sentence="5" number="15">she</token>
<token t_id="154" sentence="5" number="16">only</token>
<token t_id="155" sentence="5" number="17">shot</token>
<token t_id="156" sentence="5" number="18">the</token>
<token t_id="157" sentence="5" number="19">ones</token>
<token t_id="158" sentence="5" number="20">that</token>
<token t_id="159" sentence="5" number="21">she</token>
<token t_id="160" sentence="5" number="22">held</token>
<token t_id="161" sentence="5" number="23">responsible</token>
<token t_id="162" sentence="5" number="24">for</token>
<token t_id="163" sentence="5" number="25">her</token>
<token t_id="164" sentence="5" number="26">suspension</token>
<token t_id="165" sentence="5" number="27">.</token>
<token t_id="166" sentence="5" number="28">”</token>
<token t_id="167" sentence="6" number="0">Fairman</token>
<token t_id="168" sentence="6" number="1">says</token>
<token t_id="169" sentence="6" number="2">that</token>
<token t_id="170" sentence="6" number="3">when</token>
<token t_id="171" sentence="6" number="4">Hiller</token>
<token t_id="172" sentence="6" number="5">found</token>
<token t_id="173" sentence="6" number="6">a</token>
<token t_id="174" sentence="6" number="7">group</token>
<token t_id="175" sentence="6" number="8">of</token>
<token t_id="176" sentence="6" number="9">co</token>
<token t_id="177" sentence="6" number="10">-</token>
<token t_id="178" sentence="6" number="11">workers</token>
<token t_id="179" sentence="6" number="12">in</token>
<token t_id="180" sentence="6" number="13">a</token>
<token t_id="181" sentence="6" number="14">break</token>
<token t_id="182" sentence="6" number="15">room</token>
<token t_id="183" sentence="6" number="16">,</token>
<token t_id="184" sentence="6" number="17">she</token>
<token t_id="185" sentence="6" number="18">allowed</token>
<token t_id="186" sentence="6" number="19">one</token>
<token t_id="187" sentence="6" number="20">person</token>
<token t_id="188" sentence="6" number="21">to</token>
<token t_id="189" sentence="6" number="22">leave</token>
<token t_id="190" sentence="6" number="23">unharmed</token>
<token t_id="191" sentence="6" number="24">.</token>
<token t_id="192" sentence="7" number="0">“</token>
<token t_id="193" sentence="7" number="1">At</token>
<token t_id="194" sentence="7" number="2">one</token>
<token t_id="195" sentence="7" number="3">point</token>
<token t_id="196" sentence="7" number="4">,</token>
<token t_id="197" sentence="7" number="5">there</token>
<token t_id="198" sentence="7" number="6">was</token>
<token t_id="199" sentence="7" number="7">a</token>
<token t_id="200" sentence="7" number="8">co</token>
<token t_id="201" sentence="7" number="9">-</token>
<token t_id="202" sentence="7" number="10">worker</token>
<token t_id="203" sentence="7" number="11">holding</token>
<token t_id="204" sentence="7" number="12">onto</token>
<token t_id="205" sentence="7" number="13">Latoya</token>
<token t_id="206" sentence="7" number="14">Brown</token>
<token t_id="207" sentence="7" number="15">,</token>
<token t_id="208" sentence="7" number="16">”</token>
<token t_id="209" sentence="7" number="17">says</token>
<token t_id="210" sentence="7" number="18">Fairman</token>
<token t_id="211" sentence="7" number="19">,</token>
<token t_id="212" sentence="7" number="20">“</token>
<token t_id="213" sentence="7" number="21">and</token>
<token t_id="214" sentence="7" number="22">the</token>
<token t_id="215" sentence="7" number="23">defendant</token>
<token t_id="216" sentence="7" number="24">ordered</token>
<token t_id="217" sentence="7" number="25">that</token>
<token t_id="218" sentence="7" number="26">worker</token>
<token t_id="219" sentence="7" number="27">away</token>
<token t_id="220" sentence="7" number="28">,</token>
<token t_id="221" sentence="7" number="29">and</token>
<token t_id="222" sentence="7" number="30">then</token>
<token t_id="223" sentence="7" number="31">she</token>
<token t_id="224" sentence="7" number="32">shot</token>
<token t_id="225" sentence="7" number="33">Brown</token>
<token t_id="226" sentence="7" number="34">.</token>
<token t_id="227" sentence="7" number="35">”</token>
<token t_id="228" sentence="8" number="0">Hiller</token>
<token t_id="229" sentence="8" number="1">had</token>
<token t_id="230" sentence="8" number="2">repeated</token>
<token t_id="231" sentence="8" number="3">run</token>
<token t_id="232" sentence="8" number="4">-</token>
<token t_id="233" sentence="8" number="5">ins</token>
<token t_id="234" sentence="8" number="6">with</token>
<token t_id="235" sentence="8" number="7">co</token>
<token t_id="236" sentence="8" number="8">-</token>
<token t_id="237" sentence="8" number="9">workers</token>
<token t_id="238" sentence="8" number="10">,</token>
<token t_id="239" sentence="8" number="11">whom</token>
<token t_id="240" sentence="8" number="12">she</token>
<token t_id="241" sentence="8" number="13">accused</token>
<token t_id="242" sentence="8" number="14">of</token>
<token t_id="243" sentence="8" number="15">spraying</token>
<token t_id="244" sentence="8" number="16">her</token>
<token t_id="245" sentence="8" number="17">with</token>
<token t_id="246" sentence="8" number="18">a</token>
<token t_id="247" sentence="8" number="19">deer</token>
<token t_id="248" sentence="8" number="20">scent</token>
<token t_id="249" sentence="8" number="21">,</token>
<token t_id="250" sentence="8" number="22">among</token>
<token t_id="251" sentence="8" number="23">other</token>
<token t_id="252" sentence="8" number="24">things</token>
<token t_id="253" sentence="8" number="25">(</token>
<token t_id="254" sentence="8" number="26">see</token>
<token t_id="255" sentence="8" number="27">related</token>
<token t_id="256" sentence="8" number="28">story</token>
<token t_id="257" sentence="8" number="29">)</token>
<token t_id="258" sentence="8" number="30">.</token>
<token t_id="259" sentence="9" number="0">Two</token>
<token t_id="260" sentence="9" number="1">women</token>
<token t_id="261" sentence="9" number="2">were</token>
<token t_id="262" sentence="9" number="3">pronounced</token>
<token t_id="263" sentence="9" number="4">dead</token>
<token t_id="264" sentence="9" number="5">at</token>
<token t_id="265" sentence="9" number="6">the</token>
<token t_id="266" sentence="9" number="7">scene</token>
<token t_id="267" sentence="9" number="8">,</token>
<token t_id="268" sentence="9" number="9">and</token>
<token t_id="269" sentence="9" number="10">a</token>
<token t_id="270" sentence="9" number="11">male</token>
<token t_id="271" sentence="9" number="12">co</token>
<token t_id="272" sentence="9" number="13">-</token>
<token t_id="273" sentence="9" number="14">worker</token>
<token t_id="274" sentence="9" number="15">was</token>
<token t_id="275" sentence="9" number="16">wounded</token>
<token t_id="276" sentence="9" number="17">.</token>
<token t_id="277" sentence="10" number="0">A</token>
<token t_id="278" sentence="10" number="1">detective</token>
<token t_id="279" sentence="10" number="2">testified</token>
<token t_id="280" sentence="10" number="3">during</token>
<token t_id="281" sentence="10" number="4">the</token>
<token t_id="282" sentence="10" number="5">preliminary</token>
<token t_id="283" sentence="10" number="6">hearing</token>
<token t_id="284" sentence="10" number="7">about</token>
<token t_id="285" sentence="10" number="8">Hiller</token>
<token t_id="286" sentence="10" number="9">’</token>
<token t_id="287" sentence="10" number="10">s</token>
<token t_id="288" sentence="10" number="11">statement</token>
<token t_id="289" sentence="10" number="12">to</token>
<token t_id="290" sentence="10" number="13">police</token>
<token t_id="291" sentence="10" number="14">,</token>
<token t_id="292" sentence="10" number="15">claiming</token>
<token t_id="293" sentence="10" number="16">people</token>
<token t_id="294" sentence="10" number="17">had</token>
<token t_id="295" sentence="10" number="18">been</token>
<token t_id="296" sentence="10" number="19">spraying</token>
<token t_id="297" sentence="10" number="20">her</token>
<token t_id="298" sentence="10" number="21">for</token>
<token t_id="299" sentence="10" number="22">years</token>
<token t_id="300" sentence="10" number="23">.</token>
<token t_id="301" sentence="11" number="0">The</token>
<token t_id="302" sentence="11" number="1">defense</token>
<token t_id="303" sentence="11" number="2">would</token>
<token t_id="304" sentence="11" number="3">not</token>
<token t_id="305" sentence="11" number="4">comment</token>
<token t_id="306" sentence="11" number="5">on</token>
<token t_id="307" sentence="11" number="6">strategy</token>
<token t_id="308" sentence="11" number="7">plans</token>
<token t_id="309" sentence="11" number="8">for</token>
<token t_id="310" sentence="11" number="9">the</token>
<token t_id="311" sentence="11" number="10">trial</token>
<token t_id="312" sentence="11" number="11">.</token>


<Markables>
<ACTION_GENERIC m_id="1" comment=""  >
<token_anchor t_id="79"/>
<token_anchor t_id="80"/>
</ACTION_GENERIC>
<ACTION_OCCURRENCE m_id="2" climaxEvent="FALSE" comment=""  >
<token_anchor t_id="77"/>
</ACTION_OCCURRENCE>
<ACTION_OCCURRENCE m_id="3" climaxEvent="FALSE" comment=""  >
<token_anchor t_id="38"/>
</ACTION_OCCURRENCE>
<ACTION_OCCURRENCE m_id="4" climaxEvent="TRUE" comment=""  >
<token_anchor t_id="40"/>
</ACTION_OCCURRENCE>
<ACTION_OCCURRENCE m_id="5" climaxEvent="FALSE" comment=""  >
<token_anchor t_id="53"/>
</ACTION_OCCURRENCE>
<ACTION_OCCURRENCE m_id="6" climaxEvent="FALSE" comment=""  >
<token_anchor t_id="55"/>
</ACTION_OCCURRENCE>
<ACTION_OCCURRENCE m_id="7" climaxEvent="FALSE" comment=""  >
<token_anchor t_id="71"/>
</ACTION_OCCURRENCE>
<ACTION_OCCURRENCE m_id="8" climaxEvent="FALSE" comment=""  >
<token_anchor t_id="72"/>
</ACTION_OCCURRENCE>
<ACTION_OCCURRENCE m_id="9" climaxEvent="FALSE" comment=""  >
<token_anchor t_id="84"/>
</ACTION_OCCURRENCE>
<ACTION_OCCURRENCE m_id="10" climaxEvent="FALSE" comment=""  >
<token_anchor t_id="93"/>
</ACTION_OCCURRENCE>
<ACTION_OCCURRENCE m_id="11" climaxEvent="FALSE" comment=""  >
<token_anchor t_id="108"/>
</ACTION_OCCURRENCE>
<ACTION_OCCURRENCE m_id="12" climaxEvent="FALSE" comment=""  >
<token_anchor t_id="122"/>
</ACTION_OCCURRENCE>
<ACTION_OCCURRENCE m_id="13" climaxEvent="FALSE" comment=""  >
<token_anchor t_id="123"/>
</ACTION_OCCURRENCE>
<ACTION_OCCURRENCE m_id="14" climaxEvent="FALSE" comment=""  >
<token_anchor t_id="135"/>
</ACTION_OCCURRENCE>
<HUMAN_PART_PER m_id="15" comment=""  >
<token_anchor t_id="132"/>
</HUMAN_PART_PER>
<HUMAN_PART_PER m_id="16" comment=""  >
<token_anchor t_id="37"/>
</HUMAN_PART_PER>
<HUMAN_PART_PER m_id="17" comment=""  >
<token_anchor t_id="50"/>
</HUMAN_PART_PER>
<HUMAN_PART_PER m_id="18" comment=""  >
<token_anchor t_id="57"/>
<token_anchor t_id="58"/>
<token_anchor t_id="59"/>
</HUMAN_PART_PER>
<HUMAN_PART_PER m_id="19" comment=""  >
<token_anchor t_id="91"/>
<token_anchor t_id="92"/>
</HUMAN_PART_PER>
<HUMAN_PART_PER m_id="20" comment=""  >
<token_anchor t_id="99"/>
<token_anchor t_id="100"/>
</HUMAN_PART_PER>
<HUMAN_PART_PER m_id="21" comment=""  >
<token_anchor t_id="105"/>
</HUMAN_PART_PER>
<HUMAN_PART_PER m_id="22" comment=""  >
<token_anchor t_id="117"/>
</HUMAN_PART_PER>
<LOC_FAC m_id="23"  >
<token_anchor t_id="62"/>
<token_anchor t_id="63"/>
<token_anchor t_id="64"/>
<token_anchor t_id="65"/>
<token_anchor t_id="66"/>
<token_anchor t_id="67"/>
<token_anchor t_id="68"/>
<token_anchor t_id="69"/>
</LOC_FAC>
<LOC_FAC m_id="24"  >
<token_anchor t_id="125"/>
<token_anchor t_id="126"/>
</LOC_FAC>
<NON_HUMAN_PART m_id="25" comment=""  >
<token_anchor t_id="75"/>
</NON_HUMAN_PART>
<NON_HUMAN_PART m_id="26" comment=""  >
<token_anchor t_id="110"/>
</NON_HUMAN_PART>
<NON_HUMAN_PART m_id="27" comment=""  >
<token_anchor t_id="120"/>
</NON_HUMAN_PART>
<TIME_DATE m_id="28" comment="" DCT="FALSE" value="2010-12-07" anchorTimeID="30"  >
<token_anchor t_id="86"/>
</TIME_DATE>
<TIME_DURATION m_id="29" endPoint="" value="PT10M" begin="" anchorTimeID=""  >
<token_anchor t_id="127"/>
<token_anchor t_id="128"/>
<token_anchor t_id="129"/>
<token_anchor t_id="130"/>
</TIME_DURATION>
<TIME_OF_THE_DAY m_id="30" DCT="TRUE" value="2010-12-08T04:18Z" anchorTimeID=""  >
<token_anchor t_id="41"/>
<token_anchor t_id="42"/>
<token_anchor t_id="43"/>
<token_anchor t_id="44"/>
<token_anchor t_id="45"/>
<token_anchor t_id="46"/>
<token_anchor t_id="47"/>
<token_anchor t_id="48"/>
</TIME_OF_THE_DAY>
<TIME_OF_THE_DAY m_id="31" DCT="FALSE" value="2010-09" anchorTimeID="30"  >
<token_anchor t_id="61"/>
</TIME_OF_THE_DAY>


<ACTION_OCCURRENCE m_id="32" RELATED_TO="" TAG_DESCRIPTOR="t22_murder" climaxEvent="FALSE" comment="" />
<ACTION_OCCURRENCE m_id="33" RELATED_TO="" TAG_DESCRIPTOR="t22_killing" climaxEvent="FALSE" comment="" />
<HUMAN_PART_PER m_id="34" RELATED_TO="" TAG_DESCRIPTOR="t22_two_killed" comment="" />
<HUMAN_PART_PER m_id="35" RELATED_TO="" TAG_DESCRIPTOR="t22_yvonne_hiller" comment="" />
<ACTION_OCCURRENCE m_id="36" RELATED_TO="" TAG_DESCRIPTOR="t22_shooting" climaxEvent="FALSE" comment="" />
<TIME_DURATION m_id="37" RELATED_TO="" TAG_DESCRIPTOR="t22_minutes" endPoint="" value="" begin="" anchorTimeID="" />
<LOC_FAC m_id="38" RELATED_TO="" TAG_DESCRIPTOR="t22_kraft" />
<ACTION_OCCURRENCE m_id="39" RELATED_TO="" TAG_DESCRIPTOR="t22_escorted" climaxEvent="FALSE" comment="" />
<NON_HUMAN_PART m_id="40" RELATED_TO="" TAG_DESCRIPTOR="t22_gun" comment="" />
<NON_HUMAN_PART m_id="41" RELATED_TO="" TAG_DESCRIPTOR="t22_charges" comment="" />
<ACTION_OCCURRENCE m_id="42" RELATED_TO="" TAG_DESCRIPTOR="t22_trial" climaxEvent="FALSE" comment="" />
<TIME_OF_THE_DAY m_id="43" RELATED_TO="" TAG_DESCRIPTOR="t22_thursday_night" DCT="FALSE" value="" anchorTimeID="" />
</Markables>

<Relations>
<TLINK r_id="244435" contextualModality="" relType="AFTER" comment="" >
<source m_id="30" />
<target m_id="3" />
</TLINK>
<TLINK r_id="244436" contextualModality="" relType="BEFORE" comment="" >
<source m_id="30" />
<target m_id="4" />
</TLINK>
<TLINK r_id="244437" contextualModality="" relType="AFTER" comment="" >
<source m_id="30" />
<target m_id="5" />
</TLINK>
<TLINK r_id="244438" contextualModality="" relType="AFTER" comment="" >
<source m_id="30" />
<target m_id="6" />
</TLINK>
<TLINK r_id="244439" contextualModality="" relType="BEFORE" comment="" >
<source m_id="30" />
<target m_id="8" />
</TLINK>
<TLINK r_id="244440" contextualModality="" relType="AFTER" comment="" >
<source m_id="30" />
<target m_id="2" />
</TLINK>
<TLINK r_id="244441" contextualModality="" relType="AFTER" comment="" >
<source m_id="30" />
<target m_id="1" />
</TLINK>
<TLINK r_id="244442" contextualModality="" relType="AFTER" comment="" >
<source m_id="30" />
<target m_id="9" />
</TLINK>
<TLINK r_id="244443" contextualModality="" relType="AFTER" comment="" >
<source m_id="30" />
<target m_id="11" />
</TLINK>
<TLINK r_id="244444" contextualModality="" relType="AFTER" comment="" >
<source m_id="30" />
<target m_id="12" />
</TLINK>
<TLINK r_id="244445" contextualModality="" relType="AFTER" comment="" >
<source m_id="30" />
<target m_id="13" />
</TLINK>
<TLINK r_id="244446" contextualModality="" relType="AFTER" comment="" >
<source m_id="30" />
<target m_id="14" />
</TLINK>
<TLINK r_id="244449" contextualModality="" relType="CONTAINS" comment="" >
<source m_id="31" />
<target m_id="5" />
</TLINK>
<TLINK r_id="244450" contextualModality="" relType="CONTAINS" comment="" >
<source m_id="31" />
<target m_id="6" />
</TLINK>
<TLINK r_id="244451" contextualModality="" relType="BEFORE" comment="" >
<source m_id="31" />
<target m_id="8" />
</TLINK>
<TLINK r_id="244452" contextualModality="" relType="CONTAINS" comment="" >
<source m_id="31" />
<target m_id="2" />
</TLINK>
<TLINK r_id="244453" contextualModality="" relType="CONTAINS" comment="" >
<source m_id="31" />
<target m_id="1" />
</TLINK>
<TLINK r_id="244454" contextualModality="" relType="CONTAINS" comment="" >
<source m_id="28" />
<target m_id="9" />
</TLINK>
<TLINK r_id="244455" contextualModality="" relType="AFTER" comment="" >
<source m_id="28" />
<target m_id="11" />
</TLINK>
<TLINK r_id="244456" contextualModality="" relType="AFTER" comment="" >
<source m_id="28" />
<target m_id="12" />
</TLINK>
<TLINK r_id="244457" contextualModality="" relType="AFTER" comment="" >
<source m_id="28" />
<target m_id="13" />
</TLINK>
<TLINK r_id="244458" contextualModality="" relType="AFTER" comment="" >
<source m_id="28" />
<target m_id="14" />
</TLINK>
<PLOT_LINK r_id="244459" SIGNAL="" relType="FALLING_ACTION" CAUSES="FALSE" CAUSED_BY="FALSE" >
<source m_id="3" />
<target m_id="4" />
</PLOT_LINK>
<PLOT_LINK r_id="244460" SIGNAL="" relType="PRECONDITION" CAUSES="FALSE" CAUSED_BY="FALSE" >
<source m_id="5" />
<target m_id="6" />
</PLOT_LINK>
<PLOT_LINK r_id="244461" SIGNAL="" relType="PRECONDITION" CAUSES="FALSE" CAUSED_BY="FALSE" >
<source m_id="6" />
<target m_id="8" />
</PLOT_LINK>
<PLOT_LINK r_id="244462" SIGNAL="" relType="FALLING_ACTION" CAUSES="FALSE" CAUSED_BY="FALSE" >
<source m_id="8" />
<target m_id="2" />
</PLOT_LINK>
<PLOT_LINK r_id="244463" SIGNAL="" relType="FALLING_ACTION" CAUSES="FALSE" CAUSED_BY="FALSE" >
<source m_id="8" />
<target m_id="1" />
</PLOT_LINK>
<PLOT_LINK r_id="244464" SIGNAL="" relType="PRECONDITION" CAUSES="FALSE" CAUSED_BY="FALSE" >
<source m_id="8" />
<target m_id="9" />
</PLOT_LINK>
<PLOT_LINK r_id="244465" SIGNAL="" relType="PRECONDITION" CAUSES="FALSE" CAUSED_BY="FALSE" >
<source m_id="11" />
<target m_id="13" />
</PLOT_LINK>
<PLOT_LINK r_id="244466" SIGNAL="" relType="FALLING_ACTION" CAUSES="FALSE" CAUSED_BY="FALSE" >
<source m_id="13" />
<target m_id="14" />
</PLOT_LINK>
<TLINK r_id="253153" contextualModality="" relType="CONTAINS" comment="" >
<source m_id="28" />
<target m_id="10" />
</TLINK>
</Relations>
</Document>
