<Document doc_name="22_9ecbplus.xml">
<token t_id="1" sentence="0" number="0">http</token>
<token t_id="2" sentence="0" number="1">:</token>
<token t_id="3" sentence="0" number="2">/</token>
<token t_id="4" sentence="0" number="3">/</token>
<token t_id="5" sentence="0" number="4">articles</token>
<token t_id="6" sentence="0" number="5">.</token>
<token t_id="7" sentence="0" number="6">philly</token>
<token t_id="8" sentence="0" number="7">.</token>
<token t_id="9" sentence="0" number="8">com</token>
<token t_id="10" sentence="0" number="9">/</token>
<token t_id="11" sentence="0" number="10">2010</token>
<token t_id="12" sentence="0" number="11">-</token>
<token t_id="13" sentence="0" number="12">12</token>
<token t_id="14" sentence="0" number="13">-</token>
<token t_id="15" sentence="0" number="14">08</token>
<token t_id="16" sentence="0" number="15">/</token>
<token t_id="17" sentence="0" number="16">news</token>
<token t_id="18" sentence="0" number="17">/</token>
<token t_id="19" sentence="0" number="18">25293566</token>
<token t_id="20" sentence="0" number="19">_</token>
<token t_id="21" sentence="0" number="20">1</token>
<token t_id="22" sentence="0" number="21">_</token>
<token t_id="23" sentence="0" number="22">preliminary</token>
<token t_id="24" sentence="0" number="23">-</token>
<token t_id="25" sentence="0" number="24">hearing</token>
<token t_id="26" sentence="0" number="25">-</token>
<token t_id="27" sentence="0" number="26">shooting</token>
<token t_id="28" sentence="0" number="27">-</token>
<token t_id="29" sentence="0" number="28">rampage</token>
<token t_id="30" sentence="0" number="29">-</token>
<token t_id="31" sentence="0" number="30">murder</token>
<token t_id="32" sentence="0" number="31">-</token>
<token t_id="33" sentence="0" number="32">trial</token>
<token t_id="34" sentence="1" number="0">Murder</token>
<token t_id="35" sentence="1" number="1">trial</token>
<token t_id="36" sentence="1" number="2">ordered</token>
<token t_id="37" sentence="1" number="3">for</token>
<token t_id="38" sentence="1" number="4">woman</token>
<token t_id="39" sentence="1" number="5">accused</token>
<token t_id="40" sentence="1" number="6">in</token>
<token t_id="41" sentence="1" number="7">Kraft</token>
<token t_id="42" sentence="1" number="8">plant</token>
<token t_id="43" sentence="1" number="9">shootings</token>
<token t_id="44" sentence="2" number="0">POSTED</token>
<token t_id="45" sentence="2" number="1">:</token>
<token t_id="46" sentence="2" number="2">December</token>
<token t_id="47" sentence="2" number="3">08</token>
<token t_id="48" sentence="2" number="4">,</token>
<token t_id="49" sentence="2" number="5">2010</token>
<token t_id="50" sentence="3" number="0">Yvonne</token>
<token t_id="51" sentence="3" number="1">Hiller</token>
<token t_id="52" sentence="3" number="2">was</token>
<token t_id="53" sentence="3" number="3">certain</token>
<token t_id="54" sentence="3" number="4">she</token>
<token t_id="55" sentence="3" number="5">was</token>
<token t_id="56" sentence="3" number="6">being</token>
<token t_id="57" sentence="3" number="7">targeted</token>
<token t_id="58" sentence="3" number="8">for</token>
<token t_id="59" sentence="3" number="9">surreptitious</token>
<token t_id="60" sentence="3" number="10">"chemical</token>
<token t_id="61" sentence="3" number="11">abuse</token>
<token t_id="62" sentence="3" number="12">,</token>
<token t_id="63" sentence="3" number="13">"</token>
<token t_id="64" sentence="3" number="14">but</token>
<token t_id="65" sentence="3" number="15">no</token>
<token t_id="66" sentence="3" number="16">one</token>
<token t_id="67" sentence="3" number="17">believed</token>
<token t_id="68" sentence="3" number="18">her</token>
<token t_id="69" sentence="3" number="19">story</token>
<token t_id="70" sentence="3" number="20">.</token>
<token t_id="71" sentence="4" number="0">She</token>
<token t_id="72" sentence="4" number="1">accused</token>
<token t_id="73" sentence="4" number="2">her</token>
<token t_id="74" sentence="4" number="3">coworkers</token>
<token t_id="75" sentence="4" number="4">of</token>
<token t_id="76" sentence="4" number="5">spraying</token>
<token t_id="77" sentence="4" number="6">her</token>
<token t_id="78" sentence="4" number="7">with</token>
<token t_id="79" sentence="4" number="8">deer</token>
<token t_id="80" sentence="4" number="9">urine</token>
<token t_id="81" sentence="4" number="10">,</token>
<token t_id="82" sentence="4" number="11">prompting</token>
<token t_id="83" sentence="4" number="12">her</token>
<token t_id="84" sentence="4" number="13">to</token>
<token t_id="85" sentence="4" number="14">complain</token>
<token t_id="86" sentence="4" number="15">to</token>
<token t_id="87" sentence="4" number="16">a</token>
<token t_id="88" sentence="4" number="17">federal</token>
<token t_id="89" sentence="4" number="18">safety</token>
<token t_id="90" sentence="4" number="19">agency</token>
<token t_id="91" sentence="4" number="20">.</token>
<token t_id="92" sentence="5" number="0">She</token>
<token t_id="93" sentence="5" number="1">thought</token>
<token t_id="94" sentence="5" number="2">her</token>
<token t_id="95" sentence="5" number="3">Lawncrest</token>
<token t_id="96" sentence="5" number="4">neighbors</token>
<token t_id="97" sentence="5" number="5">were</token>
<token t_id="98" sentence="5" number="6">running</token>
<token t_id="99" sentence="5" number="7">a</token>
<token t_id="100" sentence="5" number="8">meth</token>
<token t_id="101" sentence="5" number="9">lab</token>
<token t_id="102" sentence="5" number="10">,</token>
<token t_id="103" sentence="5" number="11">and</token>
<token t_id="104" sentence="5" number="12">she</token>
<token t_id="105" sentence="5" number="13">called</token>
<token t_id="106" sentence="5" number="14">police</token>
<token t_id="107" sentence="5" number="15">to</token>
<token t_id="108" sentence="5" number="16">her</token>
<token t_id="109" sentence="5" number="17">apartment</token>
<token t_id="110" sentence="5" number="18">numerous</token>
<token t_id="111" sentence="5" number="19">times</token>
<token t_id="112" sentence="5" number="20">"for</token>
<token t_id="113" sentence="5" number="21">the</token>
<token t_id="114" sentence="5" number="22">smell</token>
<token t_id="115" sentence="5" number="23">.</token>
<token t_id="116" sentence="5" number="24">"</token>
<token t_id="117" sentence="6" number="0">She</token>
<token t_id="118" sentence="6" number="1">believed</token>
<token t_id="119" sentence="6" number="2">that</token>
<token t_id="120" sentence="6" number="3">chemicals</token>
<token t_id="121" sentence="6" number="4">were</token>
<token t_id="122" sentence="6" number="5">ruining</token>
<token t_id="123" sentence="6" number="6">her</token>
<token t_id="124" sentence="6" number="7">health</token>
<token t_id="125" sentence="6" number="8">,</token>
<token t_id="126" sentence="6" number="9">and</token>
<token t_id="127" sentence="6" number="10">had</token>
<token t_id="128" sentence="6" number="11">visited</token>
<token t_id="129" sentence="6" number="12">several</token>
<token t_id="130" sentence="6" number="13">doctors</token>
<token t_id="131" sentence="6" number="14">and</token>
<token t_id="132" sentence="6" number="15">counselors</token>
<token t_id="133" sentence="6" number="16">since</token>
<token t_id="134" sentence="6" number="17">2007</token>
<token t_id="135" sentence="6" number="18">.</token>
<token t_id="136" sentence="7" number="0">Despite</token>
<token t_id="137" sentence="7" number="1">all</token>
<token t_id="138" sentence="7" number="2">that</token>
<token t_id="139" sentence="7" number="3">,</token>
<token t_id="140" sentence="7" number="4">she</token>
<token t_id="141" sentence="7" number="5">couldn't</token>
<token t_id="142" sentence="7" number="6">find</token>
<token t_id="143" sentence="7" number="7">the</token>
<token t_id="144" sentence="7" number="8">source</token>
<token t_id="145" sentence="7" number="9">of</token>
<token t_id="146" sentence="7" number="10">the</token>
<token t_id="147" sentence="7" number="11">toxins</token>
<token t_id="148" sentence="7" number="12">she</token>
<token t_id="149" sentence="7" number="13">thought</token>
<token t_id="150" sentence="7" number="14">were</token>
<token t_id="151" sentence="7" number="15">plaguing</token>
<token t_id="152" sentence="7" number="16">her</token>
<token t_id="153" sentence="7" number="17">.</token>
<token t_id="154" sentence="8" number="0">Hiller</token>
<token t_id="155" sentence="8" number="1">told</token>
<token t_id="156" sentence="8" number="2">homicide</token>
<token t_id="157" sentence="8" number="3">detectives</token>
<token t_id="158" sentence="8" number="4">that</token>
<token t_id="159" sentence="8" number="5">her</token>
<token t_id="160" sentence="8" number="6">mounting</token>
<token t_id="161" sentence="8" number="7">frustration</token>
<token t_id="162" sentence="8" number="8">finally</token>
<token t_id="163" sentence="8" number="9">culminated</token>
<token t_id="164" sentence="8" number="10">in</token>
<token t_id="165" sentence="8" number="11">September</token>
<token t_id="166" sentence="8" number="12">,</token>
<token t_id="167" sentence="8" number="13">when</token>
<token t_id="168" sentence="8" number="14">she</token>
<token t_id="169" sentence="8" number="15">went</token>
<token t_id="170" sentence="8" number="16">on</token>
<token t_id="171" sentence="8" number="17">a</token>
<token t_id="172" sentence="8" number="18">shooting</token>
<token t_id="173" sentence="8" number="19">rampage</token>
<token t_id="174" sentence="8" number="20">through</token>
<token t_id="175" sentence="8" number="21">the</token>
<token t_id="176" sentence="8" number="22">Kraft</token>
<token t_id="177" sentence="8" number="23">Foods</token>
<token t_id="178" sentence="8" number="24">plant</token>
<token t_id="179" sentence="8" number="25">in</token>
<token t_id="180" sentence="8" number="26">Northeast</token>
<token t_id="181" sentence="8" number="27">Philadelphia</token>
<token t_id="182" sentence="8" number="28">,</token>
<token t_id="183" sentence="8" number="29">where</token>
<token t_id="184" sentence="8" number="30">she</token>
<token t_id="185" sentence="8" number="31">had</token>
<token t_id="186" sentence="8" number="32">worked</token>
<token t_id="187" sentence="8" number="33">for</token>
<token t_id="188" sentence="8" number="34">15</token>
<token t_id="189" sentence="8" number="35">years</token>
<token t_id="190" sentence="8" number="36">.</token>
<token t_id="191" sentence="9" number="0">In</token>
<token t_id="192" sentence="9" number="1">her</token>
<token t_id="193" sentence="9" number="2">statement</token>
<token t_id="194" sentence="9" number="3">,</token>
<token t_id="195" sentence="9" number="4">Hiller</token>
<token t_id="196" sentence="9" number="5">admitted</token>
<token t_id="197" sentence="9" number="6">killing</token>
<token t_id="198" sentence="9" number="7">two</token>
<token t_id="199" sentence="9" number="8">coworkers</token>
<token t_id="200" sentence="9" number="9">and</token>
<token t_id="201" sentence="9" number="10">seriously</token>
<token t_id="202" sentence="9" number="11">wounding</token>
<token t_id="203" sentence="9" number="12">a</token>
<token t_id="204" sentence="9" number="13">third</token>
<token t_id="205" sentence="9" number="14">.</token>
<token t_id="206" sentence="10" number="0">Homicide</token>
<token t_id="207" sentence="10" number="1">Detective</token>
<token t_id="208" sentence="10" number="2">Dominic</token>
<token t_id="209" sentence="10" number="3">Mangoni</token>
<token t_id="210" sentence="10" number="4">,</token>
<token t_id="211" sentence="10" number="5">testifying</token>
<token t_id="212" sentence="10" number="6">Tuesday</token>
<token t_id="213" sentence="10" number="7">at</token>
<token t_id="214" sentence="10" number="8">Hiller's</token>
<token t_id="215" sentence="10" number="9">preliminary</token>
<token t_id="216" sentence="10" number="10">hearing</token>
<token t_id="217" sentence="10" number="11">,</token>
<token t_id="218" sentence="10" number="12">said</token>
<token t_id="219" sentence="10" number="13">he</token>
<token t_id="220" sentence="10" number="14">asked</token>
<token t_id="221" sentence="10" number="15">how</token>
<token t_id="222" sentence="10" number="16">she</token>
<token t_id="223" sentence="10" number="17">felt</token>
<token t_id="224" sentence="10" number="18">just</token>
<token t_id="225" sentence="10" number="19">hours</token>
<token t_id="226" sentence="10" number="20">after</token>
<token t_id="227" sentence="10" number="21">the</token>
<token t_id="228" sentence="10" number="22">shootings</token>
<token t_id="229" sentence="10" number="23">.</token>
<token t_id="230" sentence="11" number="0">"I</token>
<token t_id="231" sentence="11" number="1">don't</token>
<token t_id="232" sentence="11" number="2">feel</token>
<token t_id="233" sentence="11" number="3">anything</token>
<token t_id="234" sentence="11" number="4">,</token>
<token t_id="235" sentence="11" number="5">"</token>
<token t_id="236" sentence="11" number="6">she</token>
<token t_id="237" sentence="11" number="7">said</token>
<token t_id="238" sentence="11" number="8">,</token>
<token t_id="239" sentence="11" number="9">according</token>
<token t_id="240" sentence="11" number="10">to</token>
<token t_id="241" sentence="11" number="11">the</token>
<token t_id="242" sentence="11" number="12">statement</token>
<token t_id="243" sentence="11" number="13">.</token>
<token t_id="244" sentence="12" number="0">"I</token>
<token t_id="245" sentence="12" number="1">just</token>
<token t_id="246" sentence="12" number="2">wish</token>
<token t_id="247" sentence="12" number="3">people</token>
<token t_id="248" sentence="12" number="4">would</token>
<token t_id="249" sentence="12" number="5">accept</token>
<token t_id="250" sentence="12" number="6">me</token>
<token t_id="251" sentence="12" number="7">for</token>
<token t_id="252" sentence="12" number="8">what</token>
<token t_id="253" sentence="12" number="9">I</token>
<token t_id="254" sentence="12" number="10">was</token>
<token t_id="255" sentence="12" number="11">.</token>
<token t_id="256" sentence="12" number="12">"</token>
<token t_id="257" sentence="13" number="0">After</token>
<token t_id="258" sentence="13" number="1">the</token>
<token t_id="259" sentence="13" number="2">hearing</token>
<token t_id="260" sentence="13" number="3">,</token>
<token t_id="261" sentence="13" number="4">Hiller</token>
<token t_id="262" sentence="13" number="5">,</token>
<token t_id="263" sentence="13" number="6">43</token>
<token t_id="264" sentence="13" number="7">,</token>
<token t_id="265" sentence="13" number="8">was</token>
<token t_id="266" sentence="13" number="9">ordered</token>
<token t_id="267" sentence="13" number="10">held</token>
<token t_id="268" sentence="13" number="11">on</token>
<token t_id="269" sentence="13" number="12">multiple</token>
<token t_id="270" sentence="13" number="13">counts</token>
<token t_id="271" sentence="13" number="14">of</token>
<token t_id="272" sentence="13" number="15">murder</token>
<token t_id="273" sentence="13" number="16">,</token>
<token t_id="274" sentence="13" number="17">attempted</token>
<token t_id="275" sentence="13" number="18">murder</token>
<token t_id="276" sentence="13" number="19">,</token>
<token t_id="277" sentence="13" number="20">and</token>
<token t_id="278" sentence="13" number="21">other</token>
<token t_id="279" sentence="13" number="22">crimes</token>
<token t_id="280" sentence="13" number="23">.</token>
<token t_id="281" sentence="14" number="0">An</token>
<token t_id="282" sentence="14" number="1">arraignment</token>
<token t_id="283" sentence="14" number="2">was</token>
<token t_id="284" sentence="14" number="3">scheduled</token>
<token t_id="285" sentence="14" number="4">for</token>
<token t_id="286" sentence="14" number="5">this</token>
<token t_id="287" sentence="14" number="6">month</token>
<token t_id="288" sentence="14" number="7">.</token>
<token t_id="289" sentence="15" number="0">The</token>
<token t_id="290" sentence="15" number="1">defense</token>
<token t_id="291" sentence="15" number="2">did</token>
<token t_id="292" sentence="15" number="3">not</token>
<token t_id="293" sentence="15" number="4">call</token>
<token t_id="294" sentence="15" number="5">any</token>
<token t_id="295" sentence="15" number="6">witnesses</token>
<token t_id="296" sentence="15" number="7">.</token>
<token t_id="297" sentence="16" number="0">Hiller</token>
<token t_id="298" sentence="16" number="1">entered</token>
<token t_id="299" sentence="16" number="2">the</token>
<token t_id="300" sentence="16" number="3">courtroom</token>
<token t_id="301" sentence="16" number="4">wearing</token>
<token t_id="302" sentence="16" number="5">a</token>
<token t_id="303" sentence="16" number="6">black</token>
<token t_id="304" sentence="16" number="7">garment</token>
<token t_id="305" sentence="16" number="8">and</token>
<token t_id="306" sentence="16" number="9">black</token>
<token t_id="307" sentence="16" number="10">head</token>
<token t_id="308" sentence="16" number="11">scarf</token>
<token t_id="309" sentence="16" number="12">.</token>
<token t_id="310" sentence="17" number="0">She</token>
<token t_id="311" sentence="17" number="1">waved</token>
<token t_id="312" sentence="17" number="2">and</token>
<token t_id="313" sentence="17" number="3">winked</token>
<token t_id="314" sentence="17" number="4">at</token>
<token t_id="315" sentence="17" number="5">a</token>
<token t_id="316" sentence="17" number="6">clutch</token>
<token t_id="317" sentence="17" number="7">of</token>
<token t_id="318" sentence="17" number="8">family</token>
<token t_id="319" sentence="17" number="9">members</token>
<token t_id="320" sentence="17" number="10">in</token>
<token t_id="321" sentence="17" number="11">the</token>
<token t_id="322" sentence="17" number="12">gallery</token>
<token t_id="323" sentence="17" number="13">.</token>
<token t_id="324" sentence="18" number="0">The</token>
<token t_id="325" sentence="18" number="1">other</token>
<token t_id="326" sentence="18" number="2">side</token>
<token t_id="327" sentence="18" number="3">of</token>
<token t_id="328" sentence="18" number="4">the</token>
<token t_id="329" sentence="18" number="5">room</token>
<token t_id="330" sentence="18" number="6">was</token>
<token t_id="331" sentence="18" number="7">packed</token>
<token t_id="332" sentence="18" number="8">with</token>
<token t_id="333" sentence="18" number="9">family</token>
<token t_id="334" sentence="18" number="10">members</token>
<token t_id="335" sentence="18" number="11">of</token>
<token t_id="336" sentence="18" number="12">the</token>
<token t_id="337" sentence="18" number="13">victims</token>
<token t_id="338" sentence="18" number="14">-</token>
<token t_id="339" sentence="18" number="15">LaTonya</token>
<token t_id="340" sentence="18" number="16">Brown</token>
<token t_id="341" sentence="18" number="17">,</token>
<token t_id="342" sentence="18" number="18">36</token>
<token t_id="343" sentence="18" number="19">,</token>
<token t_id="344" sentence="18" number="20">and</token>
<token t_id="345" sentence="18" number="21">Tanya</token>
<token t_id="346" sentence="18" number="22">Wilson</token>
<token t_id="347" sentence="18" number="23">,</token>
<token t_id="348" sentence="18" number="24">47</token>
<token t_id="349" sentence="18" number="25">,</token>
<token t_id="350" sentence="18" number="26">both</token>
<token t_id="351" sentence="18" number="27">of</token>
<token t_id="352" sentence="18" number="28">whom</token>
<token t_id="353" sentence="18" number="29">died</token>
<token t_id="354" sentence="18" number="30">in</token>
<token t_id="355" sentence="18" number="31">the</token>
<token t_id="356" sentence="18" number="32">third</token>
<token t_id="357" sentence="18" number="33">-</token>
<token t_id="358" sentence="18" number="34">floor</token>
<token t_id="359" sentence="18" number="35">break</token>
<token t_id="360" sentence="18" number="36">room</token>
<token t_id="361" sentence="18" number="37">where</token>
<token t_id="362" sentence="18" number="38">they</token>
<token t_id="363" sentence="18" number="39">were</token>
<token t_id="364" sentence="18" number="40">shot</token>
<token t_id="365" sentence="18" number="41">.</token>
<token t_id="366" sentence="19" number="0">The</token>
<token t_id="367" sentence="19" number="1">third</token>
<token t_id="368" sentence="19" number="2">victim</token>
<token t_id="369" sentence="19" number="3">,</token>
<token t_id="370" sentence="19" number="4">Bryant</token>
<token t_id="371" sentence="19" number="5">Dalton</token>
<token t_id="372" sentence="19" number="6">,</token>
<token t_id="373" sentence="19" number="7">39</token>
<token t_id="374" sentence="19" number="8">,</token>
<token t_id="375" sentence="19" number="9">spent</token>
<token t_id="376" sentence="19" number="10">two</token>
<token t_id="377" sentence="19" number="11">weeks</token>
<token t_id="378" sentence="19" number="12">in</token>
<token t_id="379" sentence="19" number="13">the</token>
<token t_id="380" sentence="19" number="14">hospital</token>
<token t_id="381" sentence="19" number="15">and</token>
<token t_id="382" sentence="19" number="16">is</token>
<token t_id="383" sentence="19" number="17">recovering</token>
<token t_id="384" sentence="19" number="18">from</token>
<token t_id="385" sentence="19" number="19">gunshots</token>
<token t_id="386" sentence="19" number="20">to</token>
<token t_id="387" sentence="19" number="21">the</token>
<token t_id="388" sentence="19" number="22">neck</token>
<token t_id="389" sentence="19" number="23">and</token>
<token t_id="390" sentence="19" number="24">shoulder</token>
<token t_id="391" sentence="19" number="25">,</token>
<token t_id="392" sentence="19" number="26">prosecutors</token>
<token t_id="393" sentence="19" number="27">said</token>
<token t_id="394" sentence="19" number="28">.</token>
<token t_id="395" sentence="20" number="0">After</token>
<token t_id="396" sentence="20" number="1">the</token>
<token t_id="397" sentence="20" number="2">hearing</token>
<token t_id="398" sentence="20" number="3">,</token>
<token t_id="399" sentence="20" number="4">Dorothy</token>
<token t_id="400" sentence="20" number="5">Brown</token>
<token t_id="401" sentence="20" number="6">said</token>
<token t_id="402" sentence="20" number="7">she</token>
<token t_id="403" sentence="20" number="8">was</token>
<token t_id="404" sentence="20" number="9">"heartbroken"</token>
<token t_id="405" sentence="20" number="10">over</token>
<token t_id="406" sentence="20" number="11">the</token>
<token t_id="407" sentence="20" number="12">death</token>
<token t_id="408" sentence="20" number="13">of</token>
<token t_id="409" sentence="20" number="14">her</token>
<token t_id="410" sentence="20" number="15">granddaughter</token>
<token t_id="411" sentence="20" number="16">,</token>
<token t_id="412" sentence="20" number="17">who</token>
<token t_id="413" sentence="20" number="18">had</token>
<token t_id="414" sentence="20" number="19">four</token>
<token t_id="415" sentence="20" number="20">children</token>
<token t_id="416" sentence="20" number="21">.</token>
<token t_id="417" sentence="21" number="0">"She</token>
<token t_id="418" sentence="21" number="1">left</token>
<token t_id="419" sentence="21" number="2">them</token>
<token t_id="420" sentence="21" number="3">children</token>
<token t_id="421" sentence="21" number="4">,</token>
<token t_id="422" sentence="21" number="5">"</token>
<token t_id="423" sentence="21" number="6">she</token>
<token t_id="424" sentence="21" number="7">said</token>
<token t_id="425" sentence="21" number="8">,</token>
<token t_id="426" sentence="21" number="9">breaking</token>
<token t_id="427" sentence="21" number="10">into</token>
<token t_id="428" sentence="21" number="11">tears</token>
<token t_id="429" sentence="21" number="12">.</token>
<token t_id="430" sentence="22" number="0">"She</token>
<token t_id="431" sentence="22" number="1">was</token>
<token t_id="432" sentence="22" number="2">a</token>
<token t_id="433" sentence="22" number="3">beautiful</token>
<token t_id="434" sentence="22" number="4">person</token>
<token t_id="435" sentence="22" number="5">,</token>
<token t_id="436" sentence="22" number="6">too</token>
<token t_id="437" sentence="22" number="7">.</token>
<token t_id="438" sentence="22" number="8">"</token>
<token t_id="439" sentence="23" number="0">Stephen</token>
<token t_id="440" sentence="23" number="1">Devine</token>
<token t_id="441" sentence="23" number="2">,</token>
<token t_id="442" sentence="23" number="3">a</token>
<token t_id="443" sentence="23" number="4">civil</token>
<token t_id="444" sentence="23" number="5">attorney</token>
<token t_id="445" sentence="23" number="6">for</token>
<token t_id="446" sentence="23" number="7">the</token>
<token t_id="447" sentence="23" number="8">Brown</token>
<token t_id="448" sentence="23" number="9">family</token>
<token t_id="449" sentence="23" number="10">,</token>
<token t_id="450" sentence="23" number="11">said</token>
<token t_id="451" sentence="23" number="12">relatives</token>
<token t_id="452" sentence="23" number="13">would</token>
<token t_id="453" sentence="23" number="14">hold</token>
<token t_id="454" sentence="23" number="15">a</token>
<token t_id="455" sentence="23" number="16">vigil</token>
<token t_id="456" sentence="23" number="17">Thursday</token>
<token t_id="457" sentence="23" number="18">at</token>
<token t_id="458" sentence="23" number="19">their</token>
<token t_id="459" sentence="23" number="20">home</token>
<token t_id="460" sentence="23" number="21">at</token>
<token t_id="461" sentence="23" number="22">11th</token>
<token t_id="462" sentence="23" number="23">and</token>
<token t_id="463" sentence="23" number="24">Poplar</token>
<token t_id="464" sentence="23" number="25">Streets</token>
<token t_id="465" sentence="23" number="26">to</token>
<token t_id="466" sentence="23" number="27">mark</token>
<token t_id="467" sentence="23" number="28">the</token>
<token t_id="468" sentence="23" number="29">three</token>
<token t_id="469" sentence="23" number="30">-</token>
<token t_id="470" sentence="23" number="31">month</token>
<token t_id="471" sentence="23" number="32">anniversary</token>
<token t_id="472" sentence="23" number="33">of</token>
<token t_id="473" sentence="23" number="34">the</token>
<token t_id="474" sentence="23" number="35">shooting</token>
<token t_id="475" sentence="23" number="36">.</token>
<token t_id="476" sentence="24" number="0">Wilson's</token>
<token t_id="477" sentence="24" number="1">family</token>
<token t_id="478" sentence="24" number="2">and</token>
<token t_id="479" sentence="24" number="3">Dalton</token>
<token t_id="480" sentence="24" number="4">also</token>
<token t_id="481" sentence="24" number="5">are</token>
<token t_id="482" sentence="24" number="6">represented</token>
<token t_id="483" sentence="24" number="7">by</token>
<token t_id="484" sentence="24" number="8">civil</token>
<token t_id="485" sentence="24" number="9">attorneys</token>
<token t_id="486" sentence="24" number="10">,</token>
<token t_id="487" sentence="24" number="11">but</token>
<token t_id="488" sentence="24" number="12">Devine</token>
<token t_id="489" sentence="24" number="13">said</token>
<token t_id="490" sentence="24" number="14">it</token>
<token t_id="491" sentence="24" number="15">was</token>
<token t_id="492" sentence="24" number="16">too</token>
<token t_id="493" sentence="24" number="17">soon</token>
<token t_id="494" sentence="24" number="18">to</token>
<token t_id="495" sentence="24" number="19">say</token>
<token t_id="496" sentence="24" number="20">if</token>
<token t_id="497" sentence="24" number="21">they</token>
<token t_id="498" sentence="24" number="22">would</token>
<token t_id="499" sentence="24" number="23">file</token>
<token t_id="500" sentence="24" number="24">a</token>
<token t_id="501" sentence="24" number="25">lawsuit</token>
<token t_id="502" sentence="24" number="26">.</token>
<token t_id="503" sentence="25" number="0">At</token>
<token t_id="504" sentence="25" number="1">the</token>
<token t_id="505" sentence="25" number="2">preliminary</token>
<token t_id="506" sentence="25" number="3">hearing</token>
<token t_id="507" sentence="25" number="4">,</token>
<token t_id="508" sentence="25" number="5">the</token>
<token t_id="509" sentence="25" number="6">families</token>
<token t_id="510" sentence="25" number="7">"heard</token>
<token t_id="511" sentence="25" number="8">for</token>
<token t_id="512" sentence="25" number="9">the</token>
<token t_id="513" sentence="25" number="10">first</token>
<token t_id="514" sentence="25" number="11">time</token>
<token t_id="515" sentence="25" number="12">some</token>
<token t_id="516" sentence="25" number="13">answers</token>
<token t_id="517" sentence="25" number="14">to</token>
<token t_id="518" sentence="25" number="15">questions</token>
<token t_id="519" sentence="25" number="16">they</token>
<token t_id="520" sentence="25" number="17">had</token>
<token t_id="521" sentence="25" number="18">since</token>
<token t_id="522" sentence="25" number="19">the</token>
<token t_id="523" sentence="25" number="20">tragic</token>
<token t_id="524" sentence="25" number="21">events</token>
<token t_id="525" sentence="25" number="22">occurred</token>
<token t_id="526" sentence="25" number="23">,</token>
<token t_id="527" sentence="25" number="24">"</token>
<token t_id="528" sentence="25" number="25">Devine</token>
<token t_id="529" sentence="25" number="26">said</token>
<token t_id="530" sentence="25" number="27">.</token>
<token t_id="531" sentence="26" number="0">Hiller</token>
<token t_id="532" sentence="26" number="1">worked</token>
<token t_id="533" sentence="26" number="2">with</token>
<token t_id="534" sentence="26" number="3">the</token>
<token t_id="535" sentence="26" number="4">three</token>
<token t_id="536" sentence="26" number="5">victims</token>
<token t_id="537" sentence="26" number="6">in</token>
<token t_id="538" sentence="26" number="7">the</token>
<token t_id="539" sentence="26" number="8">mixing</token>
<token t_id="540" sentence="26" number="9">department</token>
<token t_id="541" sentence="26" number="10">at</token>
<token t_id="542" sentence="26" number="11">the</token>
<token t_id="543" sentence="26" number="12">plant</token>
<token t_id="544" sentence="26" number="13">at</token>
<token t_id="545" sentence="26" number="14">Roosevelt</token>
<token t_id="546" sentence="26" number="15">Boulevard</token>
<token t_id="547" sentence="26" number="16">and</token>
<token t_id="548" sentence="26" number="17">Byberry</token>
<token t_id="549" sentence="26" number="18">Road</token>
<token t_id="550" sentence="26" number="19">.</token>
<token t_id="551" sentence="27" number="0">Kraft</token>
<token t_id="552" sentence="27" number="1">makes</token>
<token t_id="553" sentence="27" number="2">Ritz</token>
<token t_id="554" sentence="27" number="3">crackers</token>
<token t_id="555" sentence="27" number="4">,</token>
<token t_id="556" sentence="27" number="5">Lorna</token>
<token t_id="557" sentence="27" number="6">Doone</token>
<token t_id="558" sentence="27" number="7">cookies</token>
<token t_id="559" sentence="27" number="8">,</token>
<token t_id="560" sentence="27" number="9">and</token>
<token t_id="561" sentence="27" number="10">other</token>
<token t_id="562" sentence="27" number="11">baked</token>
<token t_id="563" sentence="27" number="12">goods</token>
<token t_id="564" sentence="27" number="13">there</token>
<token t_id="565" sentence="27" number="14">.</token>
<token t_id="566" sentence="28" number="0">On</token>
<token t_id="567" sentence="28" number="1">the</token>
<token t_id="568" sentence="28" number="2">night</token>
<token t_id="569" sentence="28" number="3">of</token>
<token t_id="570" sentence="28" number="4">the</token>
<token t_id="571" sentence="28" number="5">shooting</token>
<token t_id="572" sentence="28" number="6">,</token>
<token t_id="573" sentence="28" number="7">Hiller</token>
<token t_id="574" sentence="28" number="8">again</token>
<token t_id="575" sentence="28" number="9">confronted</token>
<token t_id="576" sentence="28" number="10">her</token>
<token t_id="577" sentence="28" number="11">coworkers</token>
<token t_id="578" sentence="28" number="12">about</token>
<token t_id="579" sentence="28" number="13">her</token>
<token t_id="580" sentence="28" number="14">belief</token>
<token t_id="581" sentence="28" number="15">that</token>
<token t_id="582" sentence="28" number="16">they</token>
<token t_id="583" sentence="28" number="17">were</token>
<token t_id="584" sentence="28" number="18">spraying</token>
<token t_id="585" sentence="28" number="19">her</token>
<token t_id="586" sentence="28" number="20">with</token>
<token t_id="587" sentence="28" number="21">deer</token>
<token t_id="588" sentence="28" number="22">scent</token>
<token t_id="589" sentence="28" number="23">.</token>
<token t_id="590" sentence="29" number="0">"They</token>
<token t_id="591" sentence="29" number="1">told</token>
<token t_id="592" sentence="29" number="2">me</token>
<token t_id="593" sentence="29" number="3">they</token>
<token t_id="594" sentence="29" number="4">didn't</token>
<token t_id="595" sentence="29" number="5">know</token>
<token t_id="596" sentence="29" number="6">what</token>
<token t_id="597" sentence="29" number="7">I</token>
<token t_id="598" sentence="29" number="8">was</token>
<token t_id="599" sentence="29" number="9">talking</token>
<token t_id="600" sentence="29" number="10">about</token>
<token t_id="601" sentence="29" number="11">,</token>
<token t_id="602" sentence="29" number="12">"</token>
<token t_id="603" sentence="29" number="13">Hiller</token>
<token t_id="604" sentence="29" number="14">said</token>
<token t_id="605" sentence="29" number="15">in</token>
<token t_id="606" sentence="29" number="16">her</token>
<token t_id="607" sentence="29" number="17">statement</token>
<token t_id="608" sentence="29" number="18">.</token>
<token t_id="609" sentence="30" number="0">"I</token>
<token t_id="610" sentence="30" number="1">told</token>
<token t_id="611" sentence="30" number="2">them</token>
<token t_id="612" sentence="30" number="3">,</token>
<token t_id="613" sentence="30" number="4">'You</token>
<token t_id="614" sentence="30" number="5">think</token>
<token t_id="615" sentence="30" number="6">this</token>
<token t_id="616" sentence="30" number="7">is</token>
<token t_id="617" sentence="30" number="8">a</token>
<token t_id="618" sentence="30" number="9">prank</token>
<token t_id="619" sentence="30" number="10">,</token>
<token t_id="620" sentence="30" number="11">but</token>
<token t_id="621" sentence="30" number="12">you</token>
<token t_id="622" sentence="30" number="13">don't</token>
<token t_id="623" sentence="30" number="14">know</token>
<token t_id="624" sentence="30" number="15">what</token>
<token t_id="625" sentence="30" number="16">this</token>
<token t_id="626" sentence="30" number="17">was</token>
<token t_id="627" sentence="30" number="18">doing</token>
<token t_id="628" sentence="30" number="19">to</token>
<token t_id="629" sentence="30" number="20">my</token>
<token t_id="630" sentence="30" number="21">body</token>
<token t_id="631" sentence="30" number="22">.</token>
<token t_id="632" sentence="30" number="23">'</token>
<token t_id="633" sentence="30" number="24">"</token>
<token t_id="634" sentence="31" number="0">After</token>
<token t_id="635" sentence="31" number="1">the</token>
<token t_id="636" sentence="31" number="2">confrontation</token>
<token t_id="637" sentence="31" number="3">,</token>
<token t_id="638" sentence="31" number="4">Hiller</token>
<token t_id="639" sentence="31" number="5">was</token>
<token t_id="640" sentence="31" number="6">suspended</token>
<token t_id="641" sentence="31" number="7">from</token>
<token t_id="642" sentence="31" number="8">her</token>
<token t_id="643" sentence="31" number="9">job</token>
<token t_id="644" sentence="31" number="10">for</token>
<token t_id="645" sentence="31" number="11">the</token>
<token t_id="646" sentence="31" number="12">second</token>
<token t_id="647" sentence="31" number="13">time</token>
<token t_id="648" sentence="31" number="14">in</token>
<token t_id="649" sentence="31" number="15">two</token>
<token t_id="650" sentence="31" number="16">months</token>
<token t_id="651" sentence="31" number="17">.</token>
<token t_id="652" sentence="32" number="0">The</token>
<token t_id="653" sentence="32" number="1">other</token>
<token t_id="654" sentence="32" number="2">suspension</token>
<token t_id="655" sentence="32" number="3">came</token>
<token t_id="656" sentence="32" number="4">after</token>
<token t_id="657" sentence="32" number="5">she</token>
<token t_id="658" sentence="32" number="6">left</token>
<token t_id="659" sentence="32" number="7">a</token>
<token t_id="660" sentence="32" number="8">voice</token>
<token t_id="661" sentence="32" number="9">mail</token>
<token t_id="662" sentence="32" number="10">on</token>
<token t_id="663" sentence="32" number="11">her</token>
<token t_id="664" sentence="32" number="12">supervisor's</token>
<token t_id="665" sentence="32" number="13">phone</token>
<token t_id="666" sentence="32" number="14">,</token>
<token t_id="667" sentence="32" number="15">complaining</token>
<token t_id="668" sentence="32" number="16">about</token>
<token t_id="669" sentence="32" number="17">being</token>
<token t_id="670" sentence="32" number="18">sprayed</token>
<token t_id="671" sentence="32" number="19">.</token>
<token t_id="672" sentence="33" number="0">Hiller</token>
<token t_id="673" sentence="33" number="1">was</token>
<token t_id="674" sentence="33" number="2">escorted</token>
<token t_id="675" sentence="33" number="3">from</token>
<token t_id="676" sentence="33" number="4">the</token>
<token t_id="677" sentence="33" number="5">property</token>
<token t_id="678" sentence="33" number="6">.</token>
<token t_id="679" sentence="34" number="0">She</token>
<token t_id="680" sentence="34" number="1">told</token>
<token t_id="681" sentence="34" number="2">detectives</token>
<token t_id="682" sentence="34" number="3">that</token>
<token t_id="683" sentence="34" number="4">she</token>
<token t_id="684" sentence="34" number="5">"planned</token>
<token t_id="685" sentence="34" number="6">on</token>
<token t_id="686" sentence="34" number="7">going</token>
<token t_id="687" sentence="34" number="8">right</token>
<token t_id="688" sentence="34" number="9">home</token>
<token t_id="689" sentence="34" number="10">.</token>
<token t_id="690" sentence="34" number="11">"</token>
<token t_id="691" sentence="35" number="0">"But</token>
<token t_id="692" sentence="35" number="1">then</token>
<token t_id="693" sentence="35" number="2">I</token>
<token t_id="694" sentence="35" number="3">started</token>
<token t_id="695" sentence="35" number="4">to</token>
<token t_id="696" sentence="35" number="5">think</token>
<token t_id="697" sentence="35" number="6">about</token>
<token t_id="698" sentence="35" number="7">the</token>
<token t_id="699" sentence="35" number="8">15</token>
<token t_id="700" sentence="35" number="9">years</token>
<token t_id="701" sentence="35" number="10">I</token>
<token t_id="702" sentence="35" number="11">spent</token>
<token t_id="703" sentence="35" number="12">there</token>
<token t_id="704" sentence="35" number="13">and</token>
<token t_id="705" sentence="35" number="14">how</token>
<token t_id="706" sentence="35" number="15">it</token>
<token t_id="707" sentence="35" number="16">was</token>
<token t_id="708" sentence="35" number="17">taken</token>
<token t_id="709" sentence="35" number="18">away</token>
<token t_id="710" sentence="35" number="19">from</token>
<token t_id="711" sentence="35" number="20">me</token>
<token t_id="712" sentence="35" number="21">,</token>
<token t_id="713" sentence="35" number="22">"</token>
<token t_id="714" sentence="35" number="23">she</token>
<token t_id="715" sentence="35" number="24">said</token>
<token t_id="716" sentence="35" number="25">in</token>
<token t_id="717" sentence="35" number="26">her</token>
<token t_id="718" sentence="35" number="27">statement</token>
<token t_id="719" sentence="35" number="28">.</token>
<token t_id="720" sentence="36" number="0">She</token>
<token t_id="721" sentence="36" number="1">returned</token>
<token t_id="722" sentence="36" number="2">with</token>
<token t_id="723" sentence="36" number="3">a</token>
<token t_id="724" sentence="36" number="4">.</token>
<token t_id="725" sentence="36" number="5">357</token>
<token t_id="726" sentence="36" number="6">Magnum</token>
<token t_id="727" sentence="36" number="7">that</token>
<token t_id="728" sentence="36" number="8">she</token>
<token t_id="729" sentence="36" number="9">legally</token>
<token t_id="730" sentence="36" number="10">owned</token>
<token t_id="731" sentence="36" number="11">and</token>
<token t_id="732" sentence="36" number="12">kept</token>
<token t_id="733" sentence="36" number="13">under</token>
<token t_id="734" sentence="36" number="14">the</token>
<token t_id="735" sentence="36" number="15">seat</token>
<token t_id="736" sentence="36" number="16">of</token>
<token t_id="737" sentence="36" number="17">her</token>
<token t_id="738" sentence="36" number="18">car</token>
<token t_id="739" sentence="36" number="19">.</token>
<token t_id="740" sentence="37" number="0">She</token>
<token t_id="741" sentence="37" number="1">pointed</token>
<token t_id="742" sentence="37" number="2">the</token>
<token t_id="743" sentence="37" number="3">gun</token>
<token t_id="744" sentence="37" number="4">at</token>
<token t_id="745" sentence="37" number="5">two</token>
<token t_id="746" sentence="37" number="6">unarmed</token>
<token t_id="747" sentence="37" number="7">security</token>
<token t_id="748" sentence="37" number="8">guards</token>
<token t_id="749" sentence="37" number="9">and</token>
<token t_id="750" sentence="37" number="10">ordered</token>
<token t_id="751" sentence="37" number="11">them</token>
<token t_id="752" sentence="37" number="12">to</token>
<token t_id="753" sentence="37" number="13">let</token>
<token t_id="754" sentence="37" number="14">her</token>
<token t_id="755" sentence="37" number="15">back</token>
<token t_id="756" sentence="37" number="16">in</token>
<token t_id="757" sentence="37" number="17">the</token>
<token t_id="758" sentence="37" number="18">building</token>
<token t_id="759" sentence="37" number="19">.</token>
<token t_id="760" sentence="38" number="0">She</token>
<token t_id="761" sentence="38" number="1">said</token>
<token t_id="762" sentence="38" number="2">she</token>
<token t_id="763" sentence="38" number="3">sought</token>
<token t_id="764" sentence="38" number="4">out</token>
<token t_id="765" sentence="38" number="5">the</token>
<token t_id="766" sentence="38" number="6">three</token>
<token t_id="767" sentence="38" number="7">coworkers</token>
<token t_id="768" sentence="38" number="8">from</token>
<token t_id="769" sentence="38" number="9">her</token>
<token t_id="770" sentence="38" number="10">shift</token>
<token t_id="771" sentence="38" number="11">and</token>
<token t_id="772" sentence="38" number="12">opened</token>
<token t_id="773" sentence="38" number="13">fire</token>
<token t_id="774" sentence="38" number="14">.</token>
<token t_id="775" sentence="39" number="0">Hiller</token>
<token t_id="776" sentence="39" number="1">admitted</token>
<token t_id="777" sentence="39" number="2">firing</token>
<token t_id="778" sentence="39" number="3">at</token>
<token t_id="779" sentence="39" number="4">several</token>
<token t_id="780" sentence="39" number="5">other</token>
<token t_id="781" sentence="39" number="6">employees</token>
<token t_id="782" sentence="39" number="7">,</token>
<token t_id="783" sentence="39" number="8">but</token>
<token t_id="784" sentence="39" number="9">denied</token>
<token t_id="785" sentence="39" number="10">shooting</token>
<token t_id="786" sentence="39" number="11">at</token>
<token t_id="787" sentence="39" number="12">the</token>
<token t_id="788" sentence="39" number="13">first</token>
<token t_id="789" sentence="39" number="14">officers</token>
<token t_id="790" sentence="39" number="15">who</token>
<token t_id="791" sentence="39" number="16">responded</token>
<token t_id="792" sentence="39" number="17">to</token>
<token t_id="793" sentence="39" number="18">the</token>
<token t_id="794" sentence="39" number="19">scene</token>
<token t_id="795" sentence="39" number="20">.</token>
<token t_id="796" sentence="40" number="0">But</token>
<token t_id="797" sentence="40" number="1">Officer</token>
<token t_id="798" sentence="40" number="2">Michael</token>
<token t_id="799" sentence="40" number="3">Murphy</token>
<token t_id="800" sentence="40" number="4">,</token>
<token t_id="801" sentence="40" number="5">from</token>
<token t_id="802" sentence="40" number="6">the</token>
<token t_id="803" sentence="40" number="7">Seventh</token>
<token t_id="804" sentence="40" number="8">District</token>
<token t_id="805" sentence="40" number="9">,</token>
<token t_id="806" sentence="40" number="10">testified</token>
<token t_id="807" sentence="40" number="11">that</token>
<token t_id="808" sentence="40" number="12">Hiller</token>
<token t_id="809" sentence="40" number="13">fired</token>
<token t_id="810" sentence="40" number="14">at</token>
<token t_id="811" sentence="40" number="15">him</token>
<token t_id="812" sentence="40" number="16">and</token>
<token t_id="813" sentence="40" number="17">two</token>
<token t_id="814" sentence="40" number="18">other</token>
<token t_id="815" sentence="40" number="19">officers</token>
<token t_id="816" sentence="40" number="20">from</token>
<token t_id="817" sentence="40" number="21">down</token>
<token t_id="818" sentence="40" number="22">a</token>
<token t_id="819" sentence="40" number="23">hallway</token>
<token t_id="820" sentence="40" number="24">.</token>
<token t_id="821" sentence="41" number="0">The</token>
<token t_id="822" sentence="41" number="1">bullet</token>
<token t_id="823" sentence="41" number="2">,</token>
<token t_id="824" sentence="41" number="3">he</token>
<token t_id="825" sentence="41" number="4">said</token>
<token t_id="826" sentence="41" number="5">,</token>
<token t_id="827" sentence="41" number="6">went</token>
<token t_id="828" sentence="41" number="7">over</token>
<token t_id="829" sentence="41" number="8">his</token>
<token t_id="830" sentence="41" number="9">left</token>
<token t_id="831" sentence="41" number="10">shoulder</token>
<token t_id="832" sentence="41" number="11">and</token>
<token t_id="833" sentence="41" number="12">hit</token>
<token t_id="834" sentence="41" number="13">the</token>
<token t_id="835" sentence="41" number="14">wall</token>
<token t_id="836" sentence="41" number="15">behind</token>
<token t_id="837" sentence="41" number="16">him</token>
<token t_id="838" sentence="41" number="17">.</token>
<token t_id="839" sentence="42" number="0">After</token>
<token t_id="840" sentence="42" number="1">shutting</token>
<token t_id="841" sentence="42" number="2">herself</token>
<token t_id="842" sentence="42" number="3">in</token>
<token t_id="843" sentence="42" number="4">a</token>
<token t_id="844" sentence="42" number="5">quality</token>
<token t_id="845" sentence="42" number="6">control</token>
<token t_id="846" sentence="42" number="7">room</token>
<token t_id="847" sentence="42" number="8">on</token>
<token t_id="848" sentence="42" number="9">the</token>
<token t_id="849" sentence="42" number="10">second</token>
<token t_id="850" sentence="42" number="11">floor</token>
<token t_id="851" sentence="42" number="12">,</token>
<token t_id="852" sentence="42" number="13">Hiller</token>
<token t_id="853" sentence="42" number="14">made</token>
<token t_id="854" sentence="42" number="15">a</token>
<token t_id="855" sentence="42" number="16">number</token>
<token t_id="856" sentence="42" number="17">of</token>
<token t_id="857" sentence="42" number="18">phone</token>
<token t_id="858" sentence="42" number="19">calls</token>
<token t_id="859" sentence="42" number="20">to</token>
<token t_id="860" sentence="42" number="21">relatives</token>
<token t_id="861" sentence="42" number="22">and</token>
<token t_id="862" sentence="42" number="23">police</token>
<token t_id="863" sentence="42" number="24">.</token>
<token t_id="864" sentence="43" number="0">A</token>
<token t_id="865" sentence="43" number="1">911</token>
<token t_id="866" sentence="43" number="2">supervisor</token>
<token t_id="867" sentence="43" number="3">persuaded</token>
<token t_id="868" sentence="43" number="4">her</token>
<token t_id="869" sentence="43" number="5">to</token>
<token t_id="870" sentence="43" number="6">surrender</token>
<token t_id="871" sentence="43" number="7">to</token>
<token t_id="872" sentence="43" number="8">SWAT</token>
<token t_id="873" sentence="43" number="9">officers</token>
<token t_id="874" sentence="43" number="10">on</token>
<token t_id="875" sentence="43" number="11">the</token>
<token t_id="876" sentence="43" number="12">scene</token>
<token t_id="877" sentence="43" number="13">.</token>


<Markables>
<ACTION_OCCURRENCE m_id="1" climaxEvent="FALSE" comment=""  >
<token_anchor t_id="160"/>
</ACTION_OCCURRENCE>
<ACTION_OCCURRENCE m_id="2" climaxEvent="FALSE" comment=""  >
<token_anchor t_id="161"/>
</ACTION_OCCURRENCE>
<ACTION_OCCURRENCE m_id="3" climaxEvent="FALSE" comment=""  >
<token_anchor t_id="163"/>
</ACTION_OCCURRENCE>
<ACTION_OCCURRENCE m_id="4" climaxEvent="FALSE" comment=""  >
<token_anchor t_id="172"/>
</ACTION_OCCURRENCE>
<ACTION_OCCURRENCE m_id="5" climaxEvent="FALSE" comment=""  >
<token_anchor t_id="173"/>
</ACTION_OCCURRENCE>
<ACTION_OCCURRENCE m_id="6" climaxEvent="FALSE" comment=""  >
<token_anchor t_id="186"/>
</ACTION_OCCURRENCE>
<ACTION_OCCURRENCE m_id="7" climaxEvent="FALSE" comment=""  >
<token_anchor t_id="193"/>
</ACTION_OCCURRENCE>
<ACTION_OCCURRENCE m_id="8" climaxEvent="FALSE" comment=""  >
<token_anchor t_id="197"/>
</ACTION_OCCURRENCE>
<ACTION_REPORTING m_id="9" climaxEvent="FALSE" comment=""  >
<token_anchor t_id="196"/>
</ACTION_REPORTING>
<ACTION_OCCURRENCE m_id="10" climaxEvent="FALSE" comment=""  >
<token_anchor t_id="202"/>
</ACTION_OCCURRENCE>
<ACTION_OCCURRENCE m_id="11" climaxEvent="FALSE" comment=""  >
<token_anchor t_id="35"/>
</ACTION_OCCURRENCE>
<ACTION_OCCURRENCE m_id="12" climaxEvent="FALSE" comment=""  >
<token_anchor t_id="763"/>
<token_anchor t_id="764"/>
</ACTION_OCCURRENCE>
<ACTION_OCCURRENCE m_id="13" climaxEvent="FALSE" comment=""  >
<token_anchor t_id="36"/>
</ACTION_OCCURRENCE>
<ACTION_OCCURRENCE m_id="14" climaxEvent="FALSE" comment=""  >
<token_anchor t_id="770"/>
</ACTION_OCCURRENCE>
<ACTION_OCCURRENCE m_id="15" climaxEvent="FALSE" comment=""  >
<token_anchor t_id="43"/>
</ACTION_OCCURRENCE>
<ACTION_OCCURRENCE m_id="16" climaxEvent="FALSE" comment=""  >
<token_anchor t_id="772"/>
<token_anchor t_id="773"/>
</ACTION_OCCURRENCE>
<ACTION_OCCURRENCE m_id="17" climaxEvent="FALSE" comment=""  >
<token_anchor t_id="39"/>
</ACTION_OCCURRENCE>
<ACTION_REPORTING m_id="18" comment=""  >
<token_anchor t_id="761"/>
</ACTION_REPORTING>
<HUMAN_PART_PER m_id="19" comment=""  >
<token_anchor t_id="38"/>
</HUMAN_PART_PER>
<HUMAN_PART_PER m_id="20" comment=""  >
<token_anchor t_id="154"/>
</HUMAN_PART_PER>
<HUMAN_PART_PER m_id="21" comment=""  >
<token_anchor t_id="157"/>
</HUMAN_PART_PER>
<HUMAN_PART_PER m_id="22" comment=""  >
<token_anchor t_id="192"/>
</HUMAN_PART_PER>
<HUMAN_PART_PER m_id="23" comment=""  >
<token_anchor t_id="159"/>
</HUMAN_PART_PER>
<HUMAN_PART_PER m_id="24" comment=""  >
<token_anchor t_id="168"/>
</HUMAN_PART_PER>
<HUMAN_PART_PER m_id="25" comment=""  >
<token_anchor t_id="184"/>
</HUMAN_PART_PER>
<HUMAN_PART_PER m_id="26" comment=""  >
<token_anchor t_id="195"/>
</HUMAN_PART_PER>
<HUMAN_PART_PER m_id="27" comment=""  >
<token_anchor t_id="199"/>
</HUMAN_PART_PER>
<HUMAN_PART_PER m_id="28" comment=""  >
<token_anchor t_id="204"/>
</HUMAN_PART_PER>
<HUMAN_PART_PER m_id="29" comment=""  >
<token_anchor t_id="760"/>
</HUMAN_PART_PER>
<HUMAN_PART_PER m_id="30" comment=""  >
<token_anchor t_id="762"/>
</HUMAN_PART_PER>
<HUMAN_PART_PER m_id="31" comment=""  >
<token_anchor t_id="767"/>
</HUMAN_PART_PER>
<HUMAN_PART_PER m_id="32" comment=""  >
<token_anchor t_id="769"/>
</HUMAN_PART_PER>
<LOC_FAC m_id="33"  >
<token_anchor t_id="175"/>
<token_anchor t_id="176"/>
<token_anchor t_id="177"/>
<token_anchor t_id="178"/>
<token_anchor t_id="179"/>
<token_anchor t_id="180"/>
<token_anchor t_id="181"/>
</LOC_FAC>
<TIME_DATE m_id="34" comment="" DCT="FALSE" value="2010-09" anchorTimeID="35"  >
<token_anchor t_id="165"/>
</TIME_DATE>
<TIME_DATE m_id="35" comment="" DCT="TRUE" value="2010-12-08" anchorTimeID=""  >
<token_anchor t_id="46"/>
<token_anchor t_id="47"/>
<token_anchor t_id="48"/>
<token_anchor t_id="49"/>
</TIME_DATE>
<TIME_DURATION m_id="36" endPoint="34" value="P15Y" begin="46" anchorTimeID="34"  >
<token_anchor t_id="188"/>
<token_anchor t_id="189"/>
</TIME_DURATION>


<ACTION_OCCURRENCE m_id="37" RELATED_TO="" TAG_DESCRIPTOR="t22_killing" climaxEvent="FALSE" comment="" />
<HUMAN_PART_PER m_id="38" RELATED_TO="" TAG_DESCRIPTOR="t22_two_killed" comment="" />
<HUMAN_PART_PER m_id="39" RELATED_TO="" TAG_DESCRIPTOR="t22_yvonne_hiller" comment="" />
<ACTION_OCCURRENCE m_id="40" RELATED_TO="" TAG_DESCRIPTOR="t22_shooting" climaxEvent="FALSE" comment="" />
<TIME_DATE m_id="41" RELATED_TO="" TAG_DESCRIPTOR="t22_september" comment="" DCT="FALSE" value="" anchorTimeID="" />
<LOC_FAC m_id="42" RELATED_TO="" TAG_DESCRIPTOR="t22_kraft" />
<HUMAN_PART_PER m_id="43" RELATED_TO="" TAG_DESCRIPTOR="t22_one_wounded" comment="" />
<HUMAN_PART_PER m_id="44" RELATED_TO="" TAG_DESCRIPTOR="t22_victims" comment="" />
<ACTION_OCCURRENCE m_id="45" RELATED_TO="" TAG_DESCRIPTOR="t22_wounded" climaxEvent="FALSE" comment="" />
<TIME_DATE m_id="46" RELATED_TO="" TAG_DESCRIPTOR="t_1995" comment="" DCT="FALSE" value="1995" anchorTimeID="" />
</Markables>

<Relations>
<TLINK r_id="244528" contextualModality="" relType="BEFORE" comment="" >
<source m_id="35" />
<target m_id="11" />
</TLINK>
<TLINK r_id="244529" contextualModality="" relType="CONTAINS" comment="" >
<source m_id="35" />
<target m_id="13" />
</TLINK>
<TLINK r_id="244530" contextualModality="" relType="AFTER" comment="" >
<source m_id="35" />
<target m_id="17" />
</TLINK>
<TLINK r_id="244531" contextualModality="" relType="AFTER" comment="" >
<source m_id="35" />
<target m_id="15" />
</TLINK>
<TLINK r_id="244532" contextualModality="" relType="AFTER" comment="" >
<source m_id="35" />
<target m_id="2" />
</TLINK>
<TLINK r_id="244534" contextualModality="" relType="AFTER" comment="" >
<source m_id="35" />
<target m_id="4" />
</TLINK>
<TLINK r_id="244535" contextualModality="" relType="AFTER" comment="" >
<source m_id="35" />
<target m_id="5" />
</TLINK>
<TLINK r_id="244536" contextualModality="" relType="AFTER" comment="" >
<source m_id="35" />
<target m_id="8" />
</TLINK>
<TLINK r_id="244537" contextualModality="" relType="CONTAINS" comment="" >
<source m_id="35" />
<target m_id="9" />
</TLINK>
<TLINK r_id="244538" contextualModality="" relType="AFTER" comment="" >
<source m_id="35" />
<target m_id="10" />
</TLINK>
<TLINK r_id="244539" contextualModality="" relType="AFTER" comment="" >
<source m_id="35" />
<target m_id="12" />
</TLINK>
<TLINK r_id="244540" contextualModality="" relType="AFTER" comment="" >
<source m_id="35" />
<target m_id="16" />
</TLINK>
<TLINK r_id="244544" contextualModality="" relType="CONTAINS" comment="" >
<source m_id="34" />
<target m_id="15" />
</TLINK>
<TLINK r_id="244545" contextualModality="" relType="ENDED_ON" comment="" >
<source m_id="34" />
<target m_id="2" />
</TLINK>
<TLINK r_id="244547" contextualModality="" relType="CONTAINS" comment="" >
<source m_id="34" />
<target m_id="4" />
</TLINK>
<TLINK r_id="244548" contextualModality="" relType="CONTAINS" comment="" >
<source m_id="34" />
<target m_id="5" />
</TLINK>
<TLINK r_id="244549" contextualModality="" relType="ENDS_ON" comment="" >
<source m_id="34" />
<target m_id="6" />
</TLINK>
<TLINK r_id="244551" contextualModality="" relType="CONTAINS" comment="" >
<source m_id="34" />
<target m_id="8" />
</TLINK>
<TLINK r_id="244552" contextualModality="" relType="CONTAINS" comment="" >
<source m_id="34" />
<target m_id="10" />
</TLINK>
<TLINK r_id="244553" contextualModality="" relType="CONTAINS" comment="" >
<source m_id="34" />
<target m_id="12" />
</TLINK>
<TLINK r_id="244554" contextualModality="" relType="CONTAINS" comment="" >
<source m_id="34" />
<target m_id="16" />
</TLINK>
<PLOT_LINK r_id="244555" SIGNAL="13" relType="FALLING_ACTION" CAUSES="FALSE" CAUSED_BY="TRUE" >
<source m_id="11" />
<target m_id="17" />
</PLOT_LINK>
<PLOT_LINK r_id="244556" SIGNAL="" relType="FALLING_ACTION" CAUSES="FALSE" CAUSED_BY="FALSE" >
<source m_id="17" />
<target m_id="15" />
</PLOT_LINK>
<PLOT_LINK r_id="244557" SIGNAL="3" relType="PRECONDITION" CAUSES="TRUE" CAUSED_BY="FALSE" >
<source m_id="2" />
<target m_id="4" />
</PLOT_LINK>
<PLOT_LINK r_id="244558" SIGNAL="" relType="PRECONDITION" CAUSES="FALSE" CAUSED_BY="FALSE" >
<source m_id="2" />
<target m_id="8" />
</PLOT_LINK>
<PLOT_LINK r_id="244559" SIGNAL="" relType="PRECONDITION" CAUSES="FALSE" CAUSED_BY="FALSE" >
<source m_id="2" />
<target m_id="10" />
</PLOT_LINK>
<PLOT_LINK r_id="244560" SIGNAL="" relType="PRECONDITION" CAUSES="FALSE" CAUSED_BY="FALSE" >
<source m_id="2" />
<target m_id="12" />
</PLOT_LINK>
<PLOT_LINK r_id="244561" SIGNAL="" relType="PRECONDITION" CAUSES="FALSE" CAUSED_BY="FALSE" >
<source m_id="2" />
<target m_id="16" />
</PLOT_LINK>
<TLINK r_id="253160" contextualModality="" relType="AFTER" comment="" >
<source m_id="35" />
<target m_id="6" />
</TLINK>
<TLINK r_id="253161" contextualModality="" relType="CONTAINS" comment="" >
<source m_id="35" />
<target m_id="7" />
</TLINK>
<TLINK r_id="253163" contextualModality="" relType="CONTAINS" comment="" >
<source m_id="36" />
<target m_id="6" />
</TLINK>
<TLINK r_id="253164" contextualModality="" relType="CONTAINS" comment="" >
<source m_id="34" />
<target m_id="14" />
</TLINK>
</Relations>
</Document>
