<Document doc_name="24_2ecbplus.xml">
<token t_id="1" sentence="0" number="0">http</token>
<token t_id="2" sentence="0" number="1">:</token>
<token t_id="3" sentence="0" number="2">/</token>
<token t_id="4" sentence="0" number="3">/</token>
<token t_id="5" sentence="0" number="4">www</token>
<token t_id="6" sentence="0" number="5">.</token>
<token t_id="7" sentence="0" number="6">telegraph</token>
<token t_id="8" sentence="0" number="7">.</token>
<token t_id="9" sentence="0" number="8">co</token>
<token t_id="10" sentence="0" number="9">.</token>
<token t_id="11" sentence="0" number="10">uk</token>
<token t_id="12" sentence="0" number="11">/</token>
<token t_id="13" sentence="0" number="12">news</token>
<token t_id="14" sentence="0" number="13">/</token>
<token t_id="15" sentence="0" number="14">worldnews</token>
<token t_id="16" sentence="0" number="15">/</token>
<token t_id="17" sentence="0" number="16">europe</token>
<token t_id="18" sentence="0" number="17">/</token>
<token t_id="19" sentence="0" number="18">france</token>
<token t_id="20" sentence="0" number="19">/</token>
<token t_id="21" sentence="0" number="20">10296054</token>
<token t_id="22" sentence="0" number="21">/</token>
<token t_id="23" sentence="0" number="22">Two</token>
<token t_id="24" sentence="0" number="23">-</token>
<token t_id="25" sentence="0" number="24">million</token>
<token t_id="26" sentence="0" number="25">-</token>
<token t_id="27" sentence="0" number="26">euro</token>
<token t_id="28" sentence="0" number="27">-</token>
<token t_id="29" sentence="0" number="28">jewellery</token>
<token t_id="30" sentence="0" number="29">-</token>
<token t_id="31" sentence="0" number="30">heist</token>
<token t_id="32" sentence="0" number="31">-</token>
<token t_id="33" sentence="0" number="32">in</token>
<token t_id="34" sentence="0" number="33">-</token>
<token t_id="35" sentence="0" number="34">central</token>
<token t_id="36" sentence="0" number="35">-</token>
<token t_id="37" sentence="0" number="36">Paris</token>
<token t_id="38" sentence="0" number="37">.</token>
<token t_id="39" sentence="0" number="38">html</token>
<token t_id="40" sentence="1" number="0">Two</token>
<token t_id="41" sentence="1" number="1">million</token>
<token t_id="42" sentence="1" number="2">euro</token>
<token t_id="43" sentence="1" number="3">jewellery</token>
<token t_id="44" sentence="1" number="4">heist</token>
<token t_id="45" sentence="1" number="5">in</token>
<token t_id="46" sentence="1" number="6">central</token>
<token t_id="47" sentence="1" number="7">Paris</token>
<token t_id="48" sentence="2" number="0">Thieves</token>
<token t_id="49" sentence="2" number="1">pulled</token>
<token t_id="50" sentence="2" number="2">off</token>
<token t_id="51" sentence="2" number="3">a</token>
<token t_id="52" sentence="2" number="4">two</token>
<token t_id="53" sentence="2" number="5">million</token>
<token t_id="54" sentence="2" number="6">-</token>
<token t_id="55" sentence="2" number="7">euro</token>
<token t_id="56" sentence="2" number="8">jewellery</token>
<token t_id="57" sentence="2" number="9">heist</token>
<token t_id="58" sentence="2" number="10">in</token>
<token t_id="59" sentence="2" number="11">central</token>
<token t_id="60" sentence="2" number="12">Paris</token>
<token t_id="61" sentence="2" number="13">on</token>
<token t_id="62" sentence="2" number="14">Monday</token>
<token t_id="63" sentence="2" number="15">morning</token>
<token t_id="64" sentence="2" number="16">after</token>
<token t_id="65" sentence="2" number="17">smashing</token>
<token t_id="66" sentence="2" number="18">their</token>
<token t_id="67" sentence="2" number="19">car</token>
<token t_id="68" sentence="2" number="20">through</token>
<token t_id="69" sentence="2" number="21">the</token>
<token t_id="70" sentence="2" number="22">store's</token>
<token t_id="71" sentence="2" number="23">front</token>
<token t_id="72" sentence="2" number="24">window</token>
<token t_id="73" sentence="2" number="25">.</token>
<token t_id="74" sentence="3" number="0">12</token>
<token t_id="75" sentence="3" number="1">:</token>
<token t_id="76" sentence="3" number="2">48PM</token>
<token t_id="77" sentence="3" number="3">BST</token>
<token t_id="78" sentence="3" number="4">09</token>
<token t_id="79" sentence="3" number="5">Sep</token>
<token t_id="80" sentence="3" number="6">2013</token>
<token t_id="81" sentence="4" number="0">Four</token>
<token t_id="82" sentence="4" number="1">men</token>
<token t_id="83" sentence="4" number="2">rammed</token>
<token t_id="84" sentence="4" number="3">their</token>
<token t_id="85" sentence="4" number="4">car</token>
<token t_id="86" sentence="4" number="5">into</token>
<token t_id="87" sentence="4" number="6">the</token>
<token t_id="88" sentence="4" number="7">Casty</token>
<token t_id="89" sentence="4" number="8">store</token>
<token t_id="90" sentence="4" number="9">near</token>
<token t_id="91" sentence="4" number="10">Paris's</token>
<token t_id="92" sentence="4" number="11">chic</token>
<token t_id="93" sentence="4" number="12">Place</token>
<token t_id="94" sentence="4" number="13">Vendôme</token>
<token t_id="95" sentence="4" number="14">in</token>
<token t_id="96" sentence="4" number="15">the</token>
<token t_id="97" sentence="4" number="16">latest</token>
<token t_id="98" sentence="4" number="17">in</token>
<token t_id="99" sentence="4" number="18">a</token>
<token t_id="100" sentence="4" number="19">spate</token>
<token t_id="101" sentence="4" number="20">of</token>
<token t_id="102" sentence="4" number="21">high</token>
<token t_id="103" sentence="4" number="22">-</token>
<token t_id="104" sentence="4" number="23">profile</token>
<token t_id="105" sentence="4" number="24">robberies</token>
<token t_id="106" sentence="4" number="25">in</token>
<token t_id="107" sentence="4" number="26">France</token>
<token t_id="108" sentence="4" number="27">–</token>
<token t_id="109" sentence="4" number="28">most</token>
<token t_id="110" sentence="4" number="29">on</token>
<token t_id="111" sentence="4" number="30">the</token>
<token t_id="112" sentence="4" number="31">Riviera</token>
<token t_id="113" sentence="4" number="32">.</token>
<token t_id="114" sentence="5" number="0">A</token>
<token t_id="115" sentence="5" number="1">police</token>
<token t_id="116" sentence="5" number="2">source</token>
<token t_id="117" sentence="5" number="3">said</token>
<token t_id="118" sentence="5" number="4">the</token>
<token t_id="119" sentence="5" number="5">men</token>
<token t_id="120" sentence="5" number="6">drove</token>
<token t_id="121" sentence="5" number="7">a</token>
<token t_id="122" sentence="5" number="8">large</token>
<token t_id="123" sentence="5" number="9">four</token>
<token t_id="124" sentence="5" number="10">-</token>
<token t_id="125" sentence="5" number="11">by</token>
<token t_id="126" sentence="5" number="12">-</token>
<token t_id="127" sentence="5" number="13">four</token>
<token t_id="128" sentence="5" number="14">car</token>
<token t_id="129" sentence="5" number="15">into</token>
<token t_id="130" sentence="5" number="16">the</token>
<token t_id="131" sentence="5" number="17">store</token>
<token t_id="132" sentence="5" number="18">at</token>
<token t_id="133" sentence="5" number="19">around</token>
<token t_id="134" sentence="5" number="20">4</token>
<token t_id="135" sentence="5" number="21">.</token>
<token t_id="136" sentence="5" number="22">30am</token>
<token t_id="137" sentence="5" number="23">and</token>
<token t_id="138" sentence="5" number="24">grabbed</token>
<token t_id="139" sentence="5" number="25">jewellery</token>
<token t_id="140" sentence="5" number="26">and</token>
<token t_id="141" sentence="5" number="27">luxury</token>
<token t_id="142" sentence="5" number="28">watches</token>
<token t_id="143" sentence="5" number="29">worth</token>
<token t_id="144" sentence="5" number="30">an</token>
<token t_id="145" sentence="5" number="31">estimated</token>
<token t_id="146" sentence="5" number="32">two</token>
<token t_id="147" sentence="5" number="33">million</token>
<token t_id="148" sentence="5" number="34">euros</token>
<token t_id="149" sentence="5" number="35">(</token>
<token t_id="150" sentence="5" number="36">£1</token>
<token t_id="151" sentence="5" number="37">.</token>
<token t_id="152" sentence="5" number="38">7</token>
<token t_id="153" sentence="5" number="39">million</token>
<token t_id="154" sentence="5" number="40">)</token>
<token t_id="155" sentence="5" number="41">.</token>
<token t_id="156" sentence="6" number="0">They</token>
<token t_id="157" sentence="6" number="1">then</token>
<token t_id="158" sentence="6" number="2">set</token>
<token t_id="159" sentence="6" number="3">fire</token>
<token t_id="160" sentence="6" number="4">to</token>
<token t_id="161" sentence="6" number="5">the</token>
<token t_id="162" sentence="6" number="6">vehicle</token>
<token t_id="163" sentence="6" number="7">and</token>
<token t_id="164" sentence="6" number="8">escaped</token>
<token t_id="165" sentence="6" number="9">in</token>
<token t_id="166" sentence="6" number="10">another</token>
<token t_id="167" sentence="6" number="11">car</token>
<token t_id="168" sentence="6" number="12">.</token>
<token t_id="169" sentence="7" number="0">The</token>
<token t_id="170" sentence="7" number="1">entire</token>
<token t_id="171" sentence="7" number="2">robbery</token>
<token t_id="172" sentence="7" number="3">was</token>
<token t_id="173" sentence="7" number="4">over</token>
<token t_id="174" sentence="7" number="5">in</token>
<token t_id="175" sentence="7" number="6">a</token>
<token t_id="176" sentence="7" number="7">matter</token>
<token t_id="177" sentence="7" number="8">of</token>
<token t_id="178" sentence="7" number="9">minutes</token>
<token t_id="179" sentence="7" number="10">.</token>
<token t_id="180" sentence="8" number="0">Forensic</token>
<token t_id="181" sentence="8" number="1">teams</token>
<token t_id="182" sentence="8" number="2">were</token>
<token t_id="183" sentence="8" number="3">examining</token>
<token t_id="184" sentence="8" number="4">the</token>
<token t_id="185" sentence="8" number="5">crime</token>
<token t_id="186" sentence="8" number="6">scene</token>
<token t_id="187" sentence="8" number="7">on</token>
<token t_id="188" sentence="8" number="8">Rue</token>
<token t_id="189" sentence="8" number="9">de</token>
<token t_id="190" sentence="8" number="10">Castiglione</token>
<token t_id="191" sentence="8" number="11">in</token>
<token t_id="192" sentence="8" number="12">Paris'</token>
<token t_id="193" sentence="8" number="13">first</token>
<token t_id="194" sentence="8" number="14">arrondissement</token>
<token t_id="195" sentence="8" number="15">,</token>
<token t_id="196" sentence="8" number="16">home</token>
<token t_id="197" sentence="8" number="17">to</token>
<token t_id="198" sentence="8" number="18">numerous</token>
<token t_id="199" sentence="8" number="19">jewellery</token>
<token t_id="200" sentence="8" number="20">shops</token>
<token t_id="201" sentence="8" number="21">.</token>
<token t_id="202" sentence="9" number="0">"They</token>
<token t_id="203" sentence="9" number="1">are</token>
<token t_id="204" sentence="9" number="2">absolutely</token>
<token t_id="205" sentence="9" number="3">not</token>
<token t_id="206" sentence="9" number="4">afraid</token>
<token t_id="207" sentence="9" number="5">of</token>
<token t_id="208" sentence="9" number="6">anything</token>
<token t_id="209" sentence="9" number="7">,</token>
<token t_id="210" sentence="9" number="8">"</token>
<token t_id="211" sentence="9" number="9">Gérard</token>
<token t_id="212" sentence="9" number="10">Bénézat</token>
<token t_id="213" sentence="9" number="11">,</token>
<token t_id="214" sentence="9" number="12">the</token>
<token t_id="215" sentence="9" number="13">store's</token>
<token t_id="216" sentence="9" number="14">insurer</token>
<token t_id="217" sentence="9" number="15">,</token>
<token t_id="218" sentence="9" number="16">told</token>
<token t_id="219" sentence="9" number="17">France</token>
<token t_id="220" sentence="9" number="18">Info</token>
<token t_id="221" sentence="9" number="19">.</token>
<token t_id="222" sentence="10" number="0">"It's</token>
<token t_id="223" sentence="10" number="1">become</token>
<token t_id="224" sentence="10" number="2">almost</token>
<token t_id="225" sentence="10" number="3">routine</token>
<token t_id="226" sentence="10" number="4">and</token>
<token t_id="227" sentence="10" number="5">yet</token>
<token t_id="228" sentence="10" number="6">everyone</token>
<token t_id="229" sentence="10" number="7">knows</token>
<token t_id="230" sentence="10" number="8">what</token>
<token t_id="231" sentence="10" number="9">needs</token>
<token t_id="232" sentence="10" number="10">to</token>
<token t_id="233" sentence="10" number="11">be</token>
<token t_id="234" sentence="10" number="12">done</token>
<token t_id="235" sentence="10" number="13">to</token>
<token t_id="236" sentence="10" number="14">be</token>
<token t_id="237" sentence="10" number="15">protected</token>
<token t_id="238" sentence="10" number="16">.</token>
<token t_id="239" sentence="10" number="17">"</token>


<Markables>
<ACTION_ASPECTUAL m_id="1" comment=""  >
<token_anchor t_id="173"/>
</ACTION_ASPECTUAL>
<ACTION_OCCURRENCE m_id="2" climaxEvent="FALSE" comment=""  >
<token_anchor t_id="138"/>
</ACTION_OCCURRENCE>
<ACTION_OCCURRENCE m_id="3" climaxEvent="FALSE" comment=""  >
<token_anchor t_id="171"/>
</ACTION_OCCURRENCE>
<ACTION_OCCURRENCE m_id="4" climaxEvent="TRUE" comment=""  >
<token_anchor t_id="44"/>
</ACTION_OCCURRENCE>
<ACTION_OCCURRENCE m_id="5" climaxEvent="FALSE" comment=""  >
<token_anchor t_id="49"/>
<token_anchor t_id="50"/>
</ACTION_OCCURRENCE>
<ACTION_OCCURRENCE m_id="6" climaxEvent="FALSE" comment=""  >
<token_anchor t_id="65"/>
</ACTION_OCCURRENCE>
<ACTION_OCCURRENCE m_id="7" climaxEvent="FALSE" comment=""  >
<token_anchor t_id="57"/>
</ACTION_OCCURRENCE>
<ACTION_OCCURRENCE m_id="8" climaxEvent="FALSE" comment=""  >
<token_anchor t_id="83"/>
</ACTION_OCCURRENCE>
<ACTION_OCCURRENCE m_id="9" climaxEvent="FALSE" comment=""  >
<token_anchor t_id="105"/>
</ACTION_OCCURRENCE>
<ACTION_OCCURRENCE m_id="10" climaxEvent="FALSE" comment=""  >
<token_anchor t_id="120"/>
</ACTION_OCCURRENCE>
<ACTION_REPORTING m_id="11" comment=""  >
<token_anchor t_id="117"/>
</ACTION_REPORTING>
<ACTION_STATE m_id="12" climaxEvent="FALSE" comment=""  >
<token_anchor t_id="143"/>
</ACTION_STATE>
<HUMAN_PART_GPE m_id="13"  >
<token_anchor t_id="106"/>
<token_anchor t_id="107"/>
</HUMAN_PART_GPE>
<HUMAN_PART_PER m_id="14" comment=""  >
<token_anchor t_id="48"/>
</HUMAN_PART_PER>
<HUMAN_PART_PER m_id="15" comment=""  >
<token_anchor t_id="82"/>
</HUMAN_PART_PER>
<HUMAN_PART_PER m_id="16" comment=""  >
<token_anchor t_id="116"/>
</HUMAN_PART_PER>
<LOC_FAC m_id="17"  >
<token_anchor t_id="87"/>
<token_anchor t_id="88"/>
<token_anchor t_id="89"/>
<token_anchor t_id="90"/>
<token_anchor t_id="91"/>
<token_anchor t_id="92"/>
<token_anchor t_id="93"/>
<token_anchor t_id="94"/>
</LOC_FAC>
<LOC_FAC m_id="18"  >
<token_anchor t_id="130"/>
<token_anchor t_id="131"/>
</LOC_FAC>
<LOC_GEO m_id="19" comment=""  >
<token_anchor t_id="45"/>
<token_anchor t_id="46"/>
<token_anchor t_id="47"/>
</LOC_GEO>
<LOC_GEO m_id="20" comment=""  >
<token_anchor t_id="58"/>
<token_anchor t_id="59"/>
<token_anchor t_id="60"/>
</LOC_GEO>
<LOC_GEO m_id="21" comment=""  >
<token_anchor t_id="111"/>
<token_anchor t_id="112"/>
</LOC_GEO>
<LOC_OTHER m_id="22"  >
<token_anchor t_id="72"/>
</LOC_OTHER>
<NON_HUMAN_PART m_id="23" comment=""  >
<token_anchor t_id="85"/>
</NON_HUMAN_PART>
<NON_HUMAN_PART m_id="24" comment=""  >
<token_anchor t_id="43"/>
</NON_HUMAN_PART>
<NON_HUMAN_PART m_id="25" comment=""  >
<token_anchor t_id="56"/>
</NON_HUMAN_PART>
<NON_HUMAN_PART m_id="26" comment=""  >
<token_anchor t_id="67"/>
</NON_HUMAN_PART>
<NON_HUMAN_PART m_id="27" comment=""  >
<token_anchor t_id="128"/>
</NON_HUMAN_PART>
<NON_HUMAN_PART m_id="28" comment=""  >
<token_anchor t_id="139"/>
</NON_HUMAN_PART>
<NON_HUMAN_PART m_id="29" comment=""  >
<token_anchor t_id="142"/>
</NON_HUMAN_PART>
<NON_HUMAN_PART m_id="30" comment=""  >
<token_anchor t_id="146"/>
<token_anchor t_id="147"/>
<token_anchor t_id="148"/>
</NON_HUMAN_PART>
<TIME_OF_THE_DAY m_id="31" comment="" DCT="FALSE" value="2013-09-09TMO" anchorTimeID="34"  >
<token_anchor t_id="62"/>
<token_anchor t_id="63"/>
</TIME_OF_THE_DAY>
<TIME_DURATION m_id="32" endPoint="50" value="PTXM" begin="33" anchorTimeID="33"  >
<token_anchor t_id="175"/>
<token_anchor t_id="176"/>
<token_anchor t_id="177"/>
<token_anchor t_id="178"/>
</TIME_DURATION>
<TIME_OF_THE_DAY m_id="33" DCT="FALSE" value="2013-09-09T03:30Z" anchorTimeID="34"  >
<token_anchor t_id="133"/>
<token_anchor t_id="134"/>
<token_anchor t_id="135"/>
<token_anchor t_id="136"/>
</TIME_OF_THE_DAY>
<TIME_OF_THE_DAY m_id="34" DCT="TRUE" value="2013-09-09T12:48Z" anchorTimeID=""  >
<token_anchor t_id="74"/>
<token_anchor t_id="75"/>
<token_anchor t_id="76"/>
<token_anchor t_id="77"/>
<token_anchor t_id="78"/>
<token_anchor t_id="79"/>
<token_anchor t_id="80"/>
</TIME_OF_THE_DAY>


<ACTION_OCCURRENCE m_id="35" RELATED_TO="" TAG_DESCRIPTOR="t24_smash_window" climaxEvent="FALSE" comment="" />
<ACTION_OCCURRENCE m_id="36" RELATED_TO="" TAG_DESCRIPTOR="t24_spate" climaxEvent="FALSE" comment="" />
<ACTION_OCCURRENCE m_id="37" RELATED_TO="" TAG_DESCRIPTOR="t24_heist" climaxEvent="FALSE" comment="" />
<NON_HUMAN_PART m_id="38" RELATED_TO="" TAG_DESCRIPTOR="t24_two_million" comment="" />
<ACTION_OCCURRENCE m_id="39" RELATED_TO="" TAG_DESCRIPTOR="t24_crashed" climaxEvent="FALSE" comment="" />
<TIME_DATE m_id="40" RELATED_TO="" TAG_DESCRIPTOR="t24_9_sep" comment="" DCT="FALSE" value="" anchorTimeID="" />
<LOC_GEO m_id="41" RELATED_TO="" TAG_DESCRIPTOR="t24_central_paris" comment="" />
<NON_HUMAN_PART m_id="42" RELATED_TO="" TAG_DESCRIPTOR="t24_jewellery" comment="" />
<HUMAN_PART_GPE m_id="43" RELATED_TO="" TAG_DESCRIPTOR="t24_france" />
<LOC_OTHER m_id="44" RELATED_TO="" TAG_DESCRIPTOR="t24_window" />
<NON_HUMAN_PART m_id="45" RELATED_TO="" TAG_DESCRIPTOR="t24_watches" comment="" />
<HUMAN_PART_PER m_id="46" RELATED_TO="" TAG_DESCRIPTOR="t24_thieves" comment="" />
<LOC_FAC m_id="47" RELATED_TO="" TAG_DESCRIPTOR="t24_store" />
<ACTION_OCCURRENCE m_id="48" RELATED_TO="" TAG_DESCRIPTOR="t24_robberies" climaxEvent="FALSE" comment="" />
<NON_HUMAN_PART m_id="49" RELATED_TO="" TAG_DESCRIPTOR="t24_4x4" comment="" />
<TIME_OF_THE_DAY m_id="50" RELATED_TO="" TAG_DESCRIPTOR="t_2013-09-09T04:XX" DCT="FALSE" value="2013-09-09T04:XX" anchorTimeID="" />
</Markables>

<Relations>
<TLINK r_id="245113" contextualModality="" relType="AFTER" comment="" >
<source m_id="34" />
<target m_id="4" />
</TLINK>
<TLINK r_id="245114" contextualModality="" relType="AFTER" comment="" >
<source m_id="34" />
<target m_id="5" />
</TLINK>
<TLINK r_id="245115" contextualModality="" relType="AFTER" comment="" >
<source m_id="34" />
<target m_id="7" />
</TLINK>
<TLINK r_id="245116" contextualModality="" relType="AFTER" comment="" >
<source m_id="34" />
<target m_id="6" />
</TLINK>
<TLINK r_id="245117" contextualModality="" relType="AFTER" comment="" >
<source m_id="34" />
<target m_id="8" />
</TLINK>
<TLINK r_id="245119" contextualModality="" relType="OVERLAP" comment="" >
<source m_id="34" />
<target m_id="9" />
</TLINK>
<TLINK r_id="245120" contextualModality="" relType="AFTER" comment="" >
<source m_id="34" />
<target m_id="10" />
</TLINK>
<TLINK r_id="245121" contextualModality="" relType="AFTER" comment="" >
<source m_id="34" />
<target m_id="2" />
</TLINK>
<TLINK r_id="245122" contextualModality="" relType="AFTER" comment="" >
<source m_id="34" />
<target m_id="3" />
</TLINK>
<TLINK r_id="245123" contextualModality="" relType="CONTAINS" comment="" >
<source m_id="31" />
<target m_id="4" />
</TLINK>
<TLINK r_id="245124" contextualModality="" relType="CONTAINS" comment="" >
<source m_id="31" />
<target m_id="5" />
</TLINK>
<TLINK r_id="245125" contextualModality="" relType="CONTAINS" comment="" >
<source m_id="31" />
<target m_id="7" />
</TLINK>
<TLINK r_id="245126" contextualModality="" relType="CONTAINS" comment="" >
<source m_id="31" />
<target m_id="6" />
</TLINK>
<TLINK r_id="245127" contextualModality="" relType="CONTAINS" comment="" >
<source m_id="31" />
<target m_id="8" />
</TLINK>
<TLINK r_id="245130" contextualModality="" relType="CONTAINS" comment="" >
<source m_id="31" />
<target m_id="10" />
</TLINK>
<TLINK r_id="245131" contextualModality="" relType="CONTAINS" comment="" >
<source m_id="31" />
<target m_id="2" />
</TLINK>
<TLINK r_id="245133" contextualModality="" relType="CONTAINS" comment="" >
<source m_id="31" />
<target m_id="3" />
</TLINK>
<PLOT_LINK r_id="245134" SIGNAL="" relType="FALLING_ACTION" CAUSES="FALSE" CAUSED_BY="FALSE" >
<source m_id="7" />
<target m_id="6" />
</PLOT_LINK>
<PLOT_LINK r_id="245135" SIGNAL="" relType="FALLING_ACTION" CAUSES="FALSE" CAUSED_BY="FALSE" >
<source m_id="4" />
<target m_id="6" />
</PLOT_LINK>
<PLOT_LINK r_id="245136" SIGNAL="" relType="FALLING_ACTION" CAUSES="FALSE" CAUSED_BY="FALSE" >
<source m_id="7" />
<target m_id="8" />
</PLOT_LINK>
<PLOT_LINK r_id="245137" SIGNAL="" relType="PRECONDITION" CAUSES="FALSE" CAUSED_BY="FALSE" >
<source m_id="10" />
<target m_id="2" />
</PLOT_LINK>
<PLOT_LINK r_id="245138" SIGNAL="" relType="PRECONDITION" CAUSES="FALSE" CAUSED_BY="FALSE" >
<source m_id="10" />
<target m_id="3" />
</PLOT_LINK>
<PLOT_LINK r_id="245139" SIGNAL="" relType="FALLING_ACTION" CAUSES="FALSE" CAUSED_BY="FALSE" >
<source m_id="5" />
<target m_id="6" />
</PLOT_LINK>
<TLINK r_id="253329" contextualModality="" relType="SIMULTANEOUS" comment="" >
<source m_id="33" />
<target m_id="10" />
</TLINK>
<TLINK r_id="253330" contextualModality="" relType="BEFORE" comment="" >
<source m_id="33" />
<target m_id="2" />
</TLINK>
<TLINK r_id="253331" contextualModality="" relType="BEFORE" comment="" >
<source m_id="33" />
<target m_id="12" />
</TLINK>
<TLINK r_id="253332" contextualModality="" relType="BEFORE" comment="" >
<source m_id="32" />
<target m_id="1" />
</TLINK>
<TLINK r_id="253333" contextualModality="" relType="OVERLAP" comment="" >
<source m_id="32" />
<target m_id="3" />
</TLINK>
</Relations>
</Document>
