<Document doc_name="16_1ecbplus.xml">
<token t_id="1" sentence="0" number="0">http</token>
<token t_id="2" sentence="0" number="1">:</token>
<token t_id="3" sentence="0" number="2">/</token>
<token t_id="4" sentence="0" number="3">/</token>
<token t_id="5" sentence="0" number="4">da</token>
<token t_id="6" sentence="0" number="5">.</token>
<token t_id="7" sentence="0" number="6">lacounty</token>
<token t_id="8" sentence="0" number="7">.</token>
<token t_id="9" sentence="0" number="8">gov</token>
<token t_id="10" sentence="0" number="9">/</token>
<token t_id="11" sentence="0" number="10">mr</token>
<token t_id="12" sentence="0" number="11">/</token>
<token t_id="13" sentence="0" number="12">archive</token>
<token t_id="14" sentence="0" number="13">/</token>
<token t_id="15" sentence="0" number="14">2005</token>
<token t_id="16" sentence="0" number="15">/</token>
<token t_id="17" sentence="0" number="16">072605a</token>
<token t_id="18" sentence="0" number="17">.</token>
<token t_id="19" sentence="0" number="18">htm</token>
<token t_id="20" sentence="1" number="0">Hawaiian</token>
<token t_id="21" sentence="1" number="1">Gardens</token>
<token t_id="22" sentence="1" number="2">Gang</token>
<token t_id="23" sentence="1" number="3">Member</token>
<token t_id="24" sentence="2" number="0">Charged</token>
<token t_id="25" sentence="2" number="1">with</token>
<token t_id="26" sentence="2" number="2">Murdering</token>
<token t_id="27" sentence="2" number="3">Sheriff</token>
<token t_id="28" sentence="2" number="4">’</token>
<token t_id="29" sentence="2" number="5">s</token>
<token t_id="30" sentence="2" number="6">Deputy</token>
<token t_id="31" sentence="3" number="0">July</token>
<token t_id="32" sentence="3" number="1">26</token>
<token t_id="33" sentence="3" number="2">,</token>
<token t_id="34" sentence="3" number="3">2005</token>
<token t_id="35" sentence="4" number="0">District</token>
<token t_id="36" sentence="4" number="1">Attorney</token>
<token t_id="37" sentence="4" number="2">Steve</token>
<token t_id="38" sentence="4" number="3">Cooley</token>
<token t_id="39" sentence="4" number="4">announced</token>
<token t_id="40" sentence="4" number="5">today</token>
<token t_id="41" sentence="4" number="6">that</token>
<token t_id="42" sentence="4" number="7">capital</token>
<token t_id="43" sentence="4" number="8">murder</token>
<token t_id="44" sentence="4" number="9">charges</token>
<token t_id="45" sentence="4" number="10">were</token>
<token t_id="46" sentence="4" number="11">filed</token>
<token t_id="47" sentence="4" number="12">against</token>
<token t_id="48" sentence="4" number="13">a</token>
<token t_id="49" sentence="4" number="14">Hawaiian</token>
<token t_id="50" sentence="4" number="15">Gardens</token>
<token t_id="51" sentence="4" number="16">gang</token>
<token t_id="52" sentence="4" number="17">member</token>
<token t_id="53" sentence="4" number="18">accused</token>
<token t_id="54" sentence="4" number="19">of</token>
<token t_id="55" sentence="4" number="20">gunning</token>
<token t_id="56" sentence="4" number="21">down</token>
<token t_id="57" sentence="4" number="22">Deputy</token>
<token t_id="58" sentence="4" number="23">Luis</token>
<token t_id="59" sentence="4" number="24">Gerardo</token>
<token t_id="60" sentence="4" number="25">(</token>
<token t_id="61" sentence="4" number="26">Jerry</token>
<token t_id="62" sentence="4" number="27">)</token>
<token t_id="63" sentence="4" number="28">Ortiz</token>
<token t_id="64" sentence="4" number="29">a</token>
<token t_id="65" sentence="4" number="30">month</token>
<token t_id="66" sentence="4" number="31">ago</token>
<token t_id="67" sentence="4" number="32">.</token>
<token t_id="68" sentence="5" number="0">Cooley</token>
<token t_id="69" sentence="5" number="1">said</token>
<token t_id="70" sentence="5" number="2">Jose</token>
<token t_id="71" sentence="5" number="3">Luis</token>
<token t_id="72" sentence="5" number="4">Orozco</token>
<token t_id="73" sentence="5" number="5">was</token>
<token t_id="74" sentence="5" number="6">charged</token>
<token t_id="75" sentence="5" number="7">with</token>
<token t_id="76" sentence="5" number="8">murdering</token>
<token t_id="77" sentence="5" number="9">the</token>
<token t_id="78" sentence="5" number="10">35</token>
<token t_id="79" sentence="5" number="11">-</token>
<token t_id="80" sentence="5" number="12">year</token>
<token t_id="81" sentence="5" number="13">-</token>
<token t_id="82" sentence="5" number="14">old</token>
<token t_id="83" sentence="5" number="15">deputy</token>
<token t_id="84" sentence="5" number="16">on</token>
<token t_id="85" sentence="5" number="17">June</token>
<token t_id="86" sentence="5" number="18">24</token>
<token t_id="87" sentence="5" number="19">outside</token>
<token t_id="88" sentence="5" number="20">a</token>
<token t_id="89" sentence="5" number="21">Hawaiian</token>
<token t_id="90" sentence="5" number="22">Gardens</token>
<token t_id="91" sentence="5" number="23">apartment</token>
<token t_id="92" sentence="5" number="24">.</token>
<token t_id="93" sentence="6" number="0">The</token>
<token t_id="94" sentence="6" number="1">complaint</token>
<token t_id="95" sentence="6" number="2">alleged</token>
<token t_id="96" sentence="6" number="3">three</token>
<token t_id="97" sentence="6" number="4">special</token>
<token t_id="98" sentence="6" number="5">circumstances</token>
<token t_id="99" sentence="6" number="6">that</token>
<token t_id="100" sentence="6" number="7">would</token>
<token t_id="101" sentence="6" number="8">make</token>
<token t_id="102" sentence="6" number="9">Orozco</token>
<token t_id="103" sentence="6" number="10">eligible</token>
<token t_id="104" sentence="6" number="11">for</token>
<token t_id="105" sentence="6" number="12">the</token>
<token t_id="106" sentence="6" number="13">death</token>
<token t_id="107" sentence="6" number="14">penalty</token>
<token t_id="108" sentence="6" number="15">:</token>
<token t_id="109" sentence="6" number="16">murder</token>
<token t_id="110" sentence="6" number="17">of</token>
<token t_id="111" sentence="6" number="18">a</token>
<token t_id="112" sentence="6" number="19">peace</token>
<token t_id="113" sentence="6" number="20">officer</token>
<token t_id="114" sentence="6" number="21">during</token>
<token t_id="115" sentence="6" number="22">performance</token>
<token t_id="116" sentence="6" number="23">of</token>
<token t_id="117" sentence="6" number="24">his</token>
<token t_id="118" sentence="6" number="25">duties</token>
<token t_id="119" sentence="6" number="26">,</token>
<token t_id="120" sentence="6" number="27">lying</token>
<token t_id="121" sentence="6" number="28">in</token>
<token t_id="122" sentence="6" number="29">wait</token>
<token t_id="123" sentence="6" number="30">and</token>
<token t_id="124" sentence="6" number="31">murder</token>
<token t_id="125" sentence="6" number="32">to</token>
<token t_id="126" sentence="6" number="33">avoid</token>
<token t_id="127" sentence="6" number="34">arrest</token>
<token t_id="128" sentence="6" number="35">.</token>
<token t_id="129" sentence="7" number="0">“</token>
<token t_id="130" sentence="7" number="1">Deputy</token>
<token t_id="131" sentence="7" number="2">Ortiz</token>
<token t_id="132" sentence="7" number="3">was</token>
<token t_id="133" sentence="7" number="4">killed</token>
<token t_id="134" sentence="7" number="5">while</token>
<token t_id="135" sentence="7" number="6">investigating</token>
<token t_id="136" sentence="7" number="7">a</token>
<token t_id="137" sentence="7" number="8">shooting</token>
<token t_id="138" sentence="7" number="9">in</token>
<token t_id="139" sentence="7" number="10">which</token>
<token t_id="140" sentence="7" number="11">the</token>
<token t_id="141" sentence="7" number="12">defendant</token>
<token t_id="142" sentence="7" number="13">was</token>
<token t_id="143" sentence="7" number="14">a</token>
<token t_id="144" sentence="7" number="15">suspect</token>
<token t_id="145" sentence="7" number="16">,</token>
<token t_id="146" sentence="7" number="17">”</token>
<token t_id="147" sentence="7" number="18">Cooley</token>
<token t_id="148" sentence="7" number="19">said</token>
<token t_id="149" sentence="7" number="20">at</token>
<token t_id="150" sentence="7" number="21">a</token>
<token t_id="151" sentence="7" number="22">news</token>
<token t_id="152" sentence="7" number="23">conference</token>
<token t_id="153" sentence="7" number="24">at</token>
<token t_id="154" sentence="7" number="25">the</token>
<token t_id="155" sentence="7" number="26">Bellflower</token>
<token t_id="156" sentence="7" number="27">courthouse</token>
<token t_id="157" sentence="7" number="28">.</token>
<token t_id="158" sentence="8" number="0">“</token>
<token t_id="159" sentence="8" number="1">He</token>
<token t_id="160" sentence="8" number="2">was</token>
<token t_id="161" sentence="8" number="3">shot</token>
<token t_id="162" sentence="8" number="4">in</token>
<token t_id="163" sentence="8" number="5">the</token>
<token t_id="164" sentence="8" number="6">head</token>
<token t_id="165" sentence="8" number="7">and</token>
<token t_id="166" sentence="8" number="8">left</token>
<token t_id="167" sentence="8" number="9">dying</token>
<token t_id="168" sentence="8" number="10">on</token>
<token t_id="169" sentence="8" number="11">the</token>
<token t_id="170" sentence="8" number="12">ground</token>
<token t_id="171" sentence="8" number="13">while</token>
<token t_id="172" sentence="8" number="14">his</token>
<token t_id="173" sentence="8" number="15">killer</token>
<token t_id="174" sentence="8" number="16">ran</token>
<token t_id="175" sentence="8" number="17">away</token>
<token t_id="176" sentence="8" number="18">and</token>
<token t_id="177" sentence="8" number="19">tried</token>
<token t_id="178" sentence="8" number="20">to</token>
<token t_id="179" sentence="8" number="21">hide</token>
<token t_id="180" sentence="8" number="22">.</token>
<token t_id="181" sentence="9" number="0">“</token>
<token t_id="182" sentence="9" number="1">Law</token>
<token t_id="183" sentence="9" number="2">enforcement</token>
<token t_id="184" sentence="9" number="3">officers</token>
<token t_id="185" sentence="9" number="4">like</token>
<token t_id="186" sentence="9" number="5">Deputy</token>
<token t_id="187" sentence="9" number="6">Ortiz</token>
<token t_id="188" sentence="9" number="7">are</token>
<token t_id="189" sentence="9" number="8">the</token>
<token t_id="190" sentence="9" number="9">last</token>
<token t_id="191" sentence="9" number="10">line</token>
<token t_id="192" sentence="9" number="11">of</token>
<token t_id="193" sentence="9" number="12">defense</token>
<token t_id="194" sentence="9" number="13">between</token>
<token t_id="195" sentence="9" number="14">criminals</token>
<token t_id="196" sentence="9" number="15">and</token>
<token t_id="197" sentence="9" number="16">the</token>
<token t_id="198" sentence="9" number="17">law</token>
<token t_id="199" sentence="9" number="18">-</token>
<token t_id="200" sentence="9" number="19">abiding</token>
<token t_id="201" sentence="9" number="20">citizens</token>
<token t_id="202" sentence="9" number="21">they</token>
<token t_id="203" sentence="9" number="22">protect</token>
<token t_id="204" sentence="9" number="23">.</token>
<token t_id="205" sentence="10" number="0">When</token>
<token t_id="206" sentence="10" number="1">one</token>
<token t_id="207" sentence="10" number="2">is</token>
<token t_id="208" sentence="10" number="3">killed</token>
<token t_id="209" sentence="10" number="4">,</token>
<token t_id="210" sentence="10" number="5">all</token>
<token t_id="211" sentence="10" number="6">of</token>
<token t_id="212" sentence="10" number="7">us</token>
<token t_id="213" sentence="10" number="8">lose</token>
<token t_id="214" sentence="10" number="9">.</token>
<token t_id="215" sentence="11" number="0">We</token>
<token t_id="216" sentence="11" number="1">will</token>
<token t_id="217" sentence="11" number="2">not</token>
<token t_id="218" sentence="11" number="3">let</token>
<token t_id="219" sentence="11" number="4">their</token>
<token t_id="220" sentence="11" number="5">killers</token>
<token t_id="221" sentence="11" number="6">go</token>
<token t_id="222" sentence="11" number="7">unpunished</token>
<token t_id="223" sentence="11" number="8">,</token>
<token t_id="224" sentence="11" number="9">”</token>
<token t_id="225" sentence="11" number="10">the</token>
<token t_id="226" sentence="11" number="11">District</token>
<token t_id="227" sentence="11" number="12">Attorney</token>
<token t_id="228" sentence="11" number="13">said</token>
<token t_id="229" sentence="11" number="14">.</token>
<token t_id="230" sentence="12" number="0">Orozco</token>
<token t_id="231" sentence="12" number="1">,</token>
<token t_id="232" sentence="12" number="2">27</token>
<token t_id="233" sentence="12" number="3">,</token>
<token t_id="234" sentence="12" number="4">was</token>
<token t_id="235" sentence="12" number="5">found</token>
<token t_id="236" sentence="12" number="6">hiding</token>
<token t_id="237" sentence="12" number="7">in</token>
<token t_id="238" sentence="12" number="8">a</token>
<token t_id="239" sentence="12" number="9">house</token>
<token t_id="240" sentence="12" number="10">a</token>
<token t_id="241" sentence="12" number="11">few</token>
<token t_id="242" sentence="12" number="12">doors</token>
<token t_id="243" sentence="12" number="13">away</token>
<token t_id="244" sentence="12" number="14">from</token>
<token t_id="245" sentence="12" number="15">the</token>
<token t_id="246" sentence="12" number="16">shooting</token>
<token t_id="247" sentence="12" number="17">some</token>
<token t_id="248" sentence="12" number="18">hours</token>
<token t_id="249" sentence="12" number="19">after</token>
<token t_id="250" sentence="12" number="20">Deputy</token>
<token t_id="251" sentence="12" number="21">Ortiz</token>
<token t_id="252" sentence="12" number="22">was</token>
<token t_id="253" sentence="12" number="23">slain</token>
<token t_id="254" sentence="12" number="24">.</token>
<token t_id="255" sentence="13" number="0">He</token>
<token t_id="256" sentence="13" number="1">was</token>
<token t_id="257" sentence="13" number="2">arrested</token>
<token t_id="258" sentence="13" number="3">and</token>
<token t_id="259" sentence="13" number="4">remained</token>
<token t_id="260" sentence="13" number="5">in</token>
<token t_id="261" sentence="13" number="6">custody</token>
<token t_id="262" sentence="13" number="7">on</token>
<token t_id="263" sentence="13" number="8">a</token>
<token t_id="264" sentence="13" number="9">parole</token>
<token t_id="265" sentence="13" number="10">hold</token>
<token t_id="266" sentence="13" number="11">.</token>
<token t_id="267" sentence="14" number="0">“</token>
<token t_id="268" sentence="14" number="1">The</token>
<token t_id="269" sentence="14" number="2">defendant</token>
<token t_id="270" sentence="14" number="3">’</token>
<token t_id="271" sentence="14" number="4">s</token>
<token t_id="272" sentence="14" number="5">custody</token>
<token t_id="273" sentence="14" number="6">status</token>
<token t_id="274" sentence="14" number="7">gave</token>
<token t_id="275" sentence="14" number="8">Sheriff</token>
<token t_id="276" sentence="14" number="9">’</token>
<token t_id="277" sentence="14" number="10">s</token>
<token t_id="278" sentence="14" number="11">detectives</token>
<token t_id="279" sentence="14" number="12">and</token>
<token t_id="280" sentence="14" number="13">our</token>
<token t_id="281" sentence="14" number="14">prosecutors</token>
<token t_id="282" sentence="14" number="15">in</token>
<token t_id="283" sentence="14" number="16">the</token>
<token t_id="284" sentence="14" number="17">Crimes</token>
<token t_id="285" sentence="14" number="18">Against</token>
<token t_id="286" sentence="14" number="19">Police</token>
<token t_id="287" sentence="14" number="20">Officers</token>
<token t_id="288" sentence="14" number="21">Section</token>
<token t_id="289" sentence="14" number="22">(</token>
<token t_id="290" sentence="14" number="23">CAPOS</token>
<token t_id="291" sentence="14" number="24">)</token>
<token t_id="292" sentence="14" number="25">additional</token>
<token t_id="293" sentence="14" number="26">time</token>
<token t_id="294" sentence="14" number="27">to</token>
<token t_id="295" sentence="14" number="28">fully</token>
<token t_id="296" sentence="14" number="29">investigate</token>
<token t_id="297" sentence="14" number="30">this</token>
<token t_id="298" sentence="14" number="31">murder</token>
<token t_id="299" sentence="14" number="32">and</token>
<token t_id="300" sentence="14" number="33">the</token>
<token t_id="301" sentence="14" number="34">case</token>
<token t_id="302" sentence="14" number="35">on</token>
<token t_id="303" sentence="14" number="36">which</token>
<token t_id="304" sentence="14" number="37">Deputy</token>
<token t_id="305" sentence="14" number="38">Ortiz</token>
<token t_id="306" sentence="14" number="39">was</token>
<token t_id="307" sentence="14" number="40">working</token>
<token t_id="308" sentence="14" number="41">when</token>
<token t_id="309" sentence="14" number="42">he</token>
<token t_id="310" sentence="14" number="43">was</token>
<token t_id="311" sentence="14" number="44">killed</token>
<token t_id="312" sentence="14" number="45">,</token>
<token t_id="313" sentence="14" number="46">”</token>
<token t_id="314" sentence="14" number="47">Cooley</token>
<token t_id="315" sentence="14" number="48">said</token>
<token t_id="316" sentence="14" number="49">.</token>
<token t_id="317" sentence="15" number="0">“</token>
<token t_id="318" sentence="15" number="1">Having</token>
<token t_id="319" sentence="15" number="2">time</token>
<token t_id="320" sentence="15" number="3">to</token>
<token t_id="321" sentence="15" number="4">do</token>
<token t_id="322" sentence="15" number="5">the</token>
<token t_id="323" sentence="15" number="6">fullest</token>
<token t_id="324" sentence="15" number="7">investigation</token>
<token t_id="325" sentence="15" number="8">possible</token>
<token t_id="326" sentence="15" number="9">results</token>
<token t_id="327" sentence="15" number="10">in</token>
<token t_id="328" sentence="15" number="11">a</token>
<token t_id="329" sentence="15" number="12">stronger</token>
<token t_id="330" sentence="15" number="13">criminal</token>
<token t_id="331" sentence="15" number="14">case</token>
<token t_id="332" sentence="15" number="15">.</token>
<token t_id="333" sentence="15" number="16">”</token>
<token t_id="334" sentence="16" number="0">Orozco</token>
<token t_id="335" sentence="16" number="1">is</token>
<token t_id="336" sentence="16" number="2">scheduled</token>
<token t_id="337" sentence="16" number="3">to</token>
<token t_id="338" sentence="16" number="4">appear</token>
<token t_id="339" sentence="16" number="5">in</token>
<token t_id="340" sentence="16" number="6">Bellflower</token>
<token t_id="341" sentence="16" number="7">Superior</token>
<token t_id="342" sentence="16" number="8">Court</token>
<token t_id="343" sentence="16" number="9">’</token>
<token t_id="344" sentence="16" number="10">s</token>
<token t_id="345" sentence="16" number="11">Division</token>
<token t_id="346" sentence="16" number="12">3</token>
<token t_id="347" sentence="16" number="13">at</token>
<token t_id="348" sentence="16" number="14">1</token>
<token t_id="349" sentence="16" number="15">:</token>
<token t_id="350" sentence="16" number="16">45</token>
<token t_id="351" sentence="16" number="17">p</token>
<token t_id="352" sentence="16" number="18">.</token>
<token t_id="353" sentence="16" number="19">m</token>
<token t_id="354" sentence="16" number="20">.</token>
<token t_id="355" sentence="16" number="21">today</token>
<token t_id="356" sentence="16" number="22">for</token>
<token t_id="357" sentence="16" number="23">arraignment</token>
<token t_id="358" sentence="16" number="24">.</token>
<token t_id="359" sentence="17" number="0">The</token>
<token t_id="360" sentence="17" number="1">defendant</token>
<token t_id="361" sentence="17" number="2">,</token>
<token t_id="362" sentence="17" number="3">who</token>
<token t_id="363" sentence="17" number="4">lives</token>
<token t_id="364" sentence="17" number="5">in</token>
<token t_id="365" sentence="17" number="6">Hawaiian</token>
<token t_id="366" sentence="17" number="7">Gardens</token>
<token t_id="367" sentence="17" number="8">and</token>
<token t_id="368" sentence="17" number="9">also</token>
<token t_id="369" sentence="17" number="10">is</token>
<token t_id="370" sentence="17" number="11">known</token>
<token t_id="371" sentence="17" number="12">by</token>
<token t_id="372" sentence="17" number="13">the</token>
<token t_id="373" sentence="17" number="14">street</token>
<token t_id="374" sentence="17" number="15">moniker</token>
<token t_id="375" sentence="17" number="16">of</token>
<token t_id="376" sentence="17" number="17">Sepe</token>
<token t_id="377" sentence="17" number="18">,</token>
<token t_id="378" sentence="17" number="19">is</token>
<token t_id="379" sentence="17" number="20">charged</token>
<token t_id="380" sentence="17" number="21">in</token>
<token t_id="381" sentence="17" number="22">case</token>
<token t_id="382" sentence="17" number="23">No</token>
<token t_id="383" sentence="17" number="24">.</token>
<token t_id="384" sentence="17" number="25">VA089897</token>
<token t_id="385" sentence="17" number="26">filed</token>
<token t_id="386" sentence="17" number="27">this</token>
<token t_id="387" sentence="17" number="28">morning</token>
<token t_id="388" sentence="17" number="29">by</token>
<token t_id="389" sentence="17" number="30">Deputy</token>
<token t_id="390" sentence="17" number="31">District</token>
<token t_id="391" sentence="17" number="32">Attorney</token>
<token t_id="392" sentence="17" number="33">Lowell</token>
<token t_id="393" sentence="17" number="34">Anger</token>
<token t_id="394" sentence="17" number="35">of</token>
<token t_id="395" sentence="17" number="36">CAPOS</token>
<token t_id="396" sentence="17" number="37">.</token>
<token t_id="397" sentence="18" number="0">Although</token>
<token t_id="398" sentence="18" number="1">filed</token>
<token t_id="399" sentence="18" number="2">as</token>
<token t_id="400" sentence="18" number="3">a</token>
<token t_id="401" sentence="18" number="4">capital</token>
<token t_id="402" sentence="18" number="5">case</token>
<token t_id="403" sentence="18" number="6">,</token>
<token t_id="404" sentence="18" number="7">the</token>
<token t_id="405" sentence="18" number="8">District</token>
<token t_id="406" sentence="18" number="9">Attorney</token>
<token t_id="407" sentence="18" number="10">’</token>
<token t_id="408" sentence="18" number="11">s</token>
<token t_id="409" sentence="18" number="12">office</token>
<token t_id="410" sentence="18" number="13">will</token>
<token t_id="411" sentence="18" number="14">decide</token>
<token t_id="412" sentence="18" number="15">closer</token>
<token t_id="413" sentence="18" number="16">to</token>
<token t_id="414" sentence="18" number="17">trial</token>
<token t_id="415" sentence="18" number="18">whether</token>
<token t_id="416" sentence="18" number="19">to</token>
<token t_id="417" sentence="18" number="20">seek</token>
<token t_id="418" sentence="18" number="21">the</token>
<token t_id="419" sentence="18" number="22">death</token>
<token t_id="420" sentence="18" number="23">penalty</token>
<token t_id="421" sentence="18" number="24">or</token>
<token t_id="422" sentence="18" number="25">life</token>
<token t_id="423" sentence="18" number="26">in</token>
<token t_id="424" sentence="18" number="27">prison</token>
<token t_id="425" sentence="18" number="28">without</token>
<token t_id="426" sentence="18" number="29">the</token>
<token t_id="427" sentence="18" number="30">possibility</token>
<token t_id="428" sentence="18" number="31">of</token>
<token t_id="429" sentence="18" number="32">parole</token>
<token t_id="430" sentence="18" number="33">.</token>
<token t_id="431" sentence="19" number="0">Orozco</token>
<token t_id="432" sentence="19" number="1">is</token>
<token t_id="433" sentence="19" number="2">charged</token>
<token t_id="434" sentence="19" number="3">with</token>
<token t_id="435" sentence="19" number="4">one</token>
<token t_id="436" sentence="19" number="5">count</token>
<token t_id="437" sentence="19" number="6">of</token>
<token t_id="438" sentence="19" number="7">murder</token>
<token t_id="439" sentence="19" number="8">of</token>
<token t_id="440" sentence="19" number="9">a</token>
<token t_id="441" sentence="19" number="10">peace</token>
<token t_id="442" sentence="19" number="11">officer</token>
<token t_id="443" sentence="19" number="12">with</token>
<token t_id="444" sentence="19" number="13">the</token>
<token t_id="445" sentence="19" number="14">special</token>
<token t_id="446" sentence="19" number="15">circumstances</token>
<token t_id="447" sentence="19" number="16">of</token>
<token t_id="448" sentence="19" number="17">murder</token>
<token t_id="449" sentence="19" number="18">of</token>
<token t_id="450" sentence="19" number="19">a</token>
<token t_id="451" sentence="19" number="20">peace</token>
<token t_id="452" sentence="19" number="21">officer</token>
<token t_id="453" sentence="19" number="22">during</token>
<token t_id="454" sentence="19" number="23">performance</token>
<token t_id="455" sentence="19" number="24">of</token>
<token t_id="456" sentence="19" number="25">his</token>
<token t_id="457" sentence="19" number="26">duties</token>
<token t_id="458" sentence="19" number="27">,</token>
<token t_id="459" sentence="19" number="28">lying</token>
<token t_id="460" sentence="19" number="29">in</token>
<token t_id="461" sentence="19" number="30">wait</token>
<token t_id="462" sentence="19" number="31">and</token>
<token t_id="463" sentence="19" number="32">murder</token>
<token t_id="464" sentence="19" number="33">to</token>
<token t_id="465" sentence="19" number="34">avoid</token>
<token t_id="466" sentence="19" number="35">arrest</token>
<token t_id="467" sentence="19" number="36">.</token>
<token t_id="468" sentence="20" number="0">It</token>
<token t_id="469" sentence="20" number="1">was</token>
<token t_id="470" sentence="20" number="2">alleged</token>
<token t_id="471" sentence="20" number="3">the</token>
<token t_id="472" sentence="20" number="4">defendant</token>
<token t_id="473" sentence="20" number="5">personally</token>
<token t_id="474" sentence="20" number="6">used</token>
<token t_id="475" sentence="20" number="7">a</token>
<token t_id="476" sentence="20" number="8">handgun</token>
<token t_id="477" sentence="20" number="9">to</token>
<token t_id="478" sentence="20" number="10">commit</token>
<token t_id="479" sentence="20" number="11">the</token>
<token t_id="480" sentence="20" number="12">crime</token>
<token t_id="481" sentence="20" number="13">.</token>
<token t_id="482" sentence="21" number="0">The</token>
<token t_id="483" sentence="21" number="1">complaint</token>
<token t_id="484" sentence="21" number="2">also</token>
<token t_id="485" sentence="21" number="3">alleged</token>
<token t_id="486" sentence="21" number="4">two</token>
<token t_id="487" sentence="21" number="5">counts</token>
<token t_id="488" sentence="21" number="6">of</token>
<token t_id="489" sentence="21" number="7">possession</token>
<token t_id="490" sentence="21" number="8">of</token>
<token t_id="491" sentence="21" number="9">a</token>
<token t_id="492" sentence="21" number="10">firearm</token>
<token t_id="493" sentence="21" number="11">by</token>
<token t_id="494" sentence="21" number="12">a</token>
<token t_id="495" sentence="21" number="13">felon</token>
<token t_id="496" sentence="21" number="14">for</token>
<token t_id="497" sentence="21" number="15">the</token>
<token t_id="498" sentence="21" number="16">June</token>
<token t_id="499" sentence="21" number="17">24</token>
<token t_id="500" sentence="21" number="18">murder</token>
<token t_id="501" sentence="21" number="19">of</token>
<token t_id="502" sentence="21" number="20">Ortiz</token>
<token t_id="503" sentence="21" number="21">and</token>
<token t_id="504" sentence="21" number="22">on</token>
<token t_id="505" sentence="21" number="23">June</token>
<token t_id="506" sentence="21" number="24">20</token>
<token t_id="507" sentence="21" number="25">,</token>
<token t_id="508" sentence="21" number="26">when</token>
<token t_id="509" sentence="21" number="27">a</token>
<token t_id="510" sentence="21" number="28">man</token>
<token t_id="511" sentence="21" number="29">was</token>
<token t_id="512" sentence="21" number="30">shot</token>
<token t_id="513" sentence="21" number="31">and</token>
<token t_id="514" sentence="21" number="32">wounded</token>
<token t_id="515" sentence="21" number="33">in</token>
<token t_id="516" sentence="21" number="34">Hawaiian</token>
<token t_id="517" sentence="21" number="35">Gardens</token>
<token t_id="518" sentence="21" number="36">.</token>
<token t_id="519" sentence="22" number="0">It</token>
<token t_id="520" sentence="22" number="1">was</token>
<token t_id="521" sentence="22" number="2">that</token>
<token t_id="522" sentence="22" number="3">shooting</token>
<token t_id="523" sentence="22" number="4">that</token>
<token t_id="524" sentence="22" number="5">Deputy</token>
<token t_id="525" sentence="22" number="6">Ortiz</token>
<token t_id="526" sentence="22" number="7">was</token>
<token t_id="527" sentence="22" number="8">investigating</token>
<token t_id="528" sentence="22" number="9">when</token>
<token t_id="529" sentence="22" number="10">he</token>
<token t_id="530" sentence="22" number="11">was</token>
<token t_id="531" sentence="22" number="12">killed</token>
<token t_id="532" sentence="22" number="13">.</token>
<token t_id="533" sentence="23" number="0">Deputy</token>
<token t_id="534" sentence="23" number="1">Ortiz</token>
<token t_id="535" sentence="23" number="2">was</token>
<token t_id="536" sentence="23" number="3">shot</token>
<token t_id="537" sentence="23" number="4">to</token>
<token t_id="538" sentence="23" number="5">death</token>
<token t_id="539" sentence="23" number="6">outside</token>
<token t_id="540" sentence="23" number="7">an</token>
<token t_id="541" sentence="23" number="8">apartment</token>
<token t_id="542" sentence="23" number="9">in</token>
<token t_id="543" sentence="23" number="10">the</token>
<token t_id="544" sentence="23" number="11">12000</token>
<token t_id="545" sentence="23" number="12">block</token>
<token t_id="546" sentence="23" number="13">of</token>
<token t_id="547" sentence="23" number="14">East</token>
<token t_id="548" sentence="23" number="15">223rd</token>
<token t_id="549" sentence="23" number="16">Street</token>
<token t_id="550" sentence="23" number="17">.</token>
<token t_id="551" sentence="24" number="0">The</token>
<token t_id="552" sentence="24" number="1">deputy</token>
<token t_id="553" sentence="24" number="2">was</token>
<token t_id="554" sentence="24" number="3">with</token>
<token t_id="555" sentence="24" number="4">the</token>
<token t_id="556" sentence="24" number="5">Sheriff</token>
<token t_id="557" sentence="24" number="6">’</token>
<token t_id="558" sentence="24" number="7">s</token>
<token t_id="559" sentence="24" number="8">gang</token>
<token t_id="560" sentence="24" number="9">enforcement</token>
<token t_id="561" sentence="24" number="10">unit</token>
<token t_id="562" sentence="24" number="11">and</token>
<token t_id="563" sentence="24" number="12">was</token>
<token t_id="564" sentence="24" number="13">investigating</token>
<token t_id="565" sentence="24" number="14">the</token>
<token t_id="566" sentence="24" number="15">June</token>
<token t_id="567" sentence="24" number="16">20</token>
<token t_id="568" sentence="24" number="17">shooting</token>
<token t_id="569" sentence="24" number="18">.</token>
<token t_id="570" sentence="25" number="0">Authorities</token>
<token t_id="571" sentence="25" number="1">said</token>
<token t_id="572" sentence="25" number="2">he</token>
<token t_id="573" sentence="25" number="3">spotted</token>
<token t_id="574" sentence="25" number="4">Orozco</token>
<token t_id="575" sentence="25" number="5">shortly</token>
<token t_id="576" sentence="25" number="6">after</token>
<token t_id="577" sentence="25" number="7">3</token>
<token t_id="578" sentence="25" number="8">p</token>
<token t_id="579" sentence="25" number="9">.</token>
<token t_id="580" sentence="25" number="10">m</token>
<token t_id="581" sentence="25" number="11">.</token>
<token t_id="582" sentence="25" number="12">and</token>
<token t_id="583" sentence="25" number="13">chased</token>
<token t_id="584" sentence="25" number="14">him</token>
<token t_id="585" sentence="25" number="15">to</token>
<token t_id="586" sentence="25" number="16">the</token>
<token t_id="587" sentence="25" number="17">apartment</token>
<token t_id="588" sentence="25" number="18">.</token>
<token t_id="589" sentence="26" number="0">The</token>
<token t_id="590" sentence="26" number="1">killer</token>
<token t_id="591" sentence="26" number="2">was</token>
<token t_id="592" sentence="26" number="3">hiding</token>
<token t_id="593" sentence="26" number="4">behind</token>
<token t_id="594" sentence="26" number="5">the</token>
<token t_id="595" sentence="26" number="6">apartment</token>
<token t_id="596" sentence="26" number="7">’</token>
<token t_id="597" sentence="26" number="8">s</token>
<token t_id="598" sentence="26" number="9">front</token>
<token t_id="599" sentence="26" number="10">door</token>
<token t_id="600" sentence="26" number="11">.</token>
<token t_id="601" sentence="27" number="0">The</token>
<token t_id="602" sentence="27" number="1">defendant</token>
<token t_id="603" sentence="27" number="2">was</token>
<token t_id="604" sentence="27" number="3">arrested</token>
<token t_id="605" sentence="27" number="4">five</token>
<token t_id="606" sentence="27" number="5">buildings</token>
<token t_id="607" sentence="27" number="6">away</token>
<token t_id="608" sentence="27" number="7">on</token>
<token t_id="609" sentence="27" number="8">223rd</token>
<token t_id="610" sentence="27" number="9">Street</token>
<token t_id="611" sentence="27" number="10">shortly</token>
<token t_id="612" sentence="27" number="11">before</token>
<token t_id="613" sentence="27" number="12">midnight</token>
<token t_id="614" sentence="27" number="13">.</token>
<token t_id="615" sentence="28" number="0">A</token>
<token t_id="616" sentence="28" number="1">.</token>
<token t_id="617" sentence="28" number="2">38</token>
<token t_id="618" sentence="28" number="3">-</token>
<token t_id="619" sentence="28" number="4">caliber</token>
<token t_id="620" sentence="28" number="5">revolver</token>
<token t_id="621" sentence="28" number="6">believed</token>
<token t_id="622" sentence="28" number="7">to</token>
<token t_id="623" sentence="28" number="8">be</token>
<token t_id="624" sentence="28" number="9">the</token>
<token t_id="625" sentence="28" number="10">murder</token>
<token t_id="626" sentence="28" number="11">weapon</token>
<token t_id="627" sentence="28" number="12">was</token>
<token t_id="628" sentence="28" number="13">recovered</token>
<token t_id="629" sentence="28" number="14">.</token>
<token t_id="630" sentence="29" number="0">Orozco</token>
<token t_id="631" sentence="29" number="1">also</token>
<token t_id="632" sentence="29" number="2">was</token>
<token t_id="633" sentence="29" number="3">charged</token>
<token t_id="634" sentence="29" number="4">with</token>
<token t_id="635" sentence="29" number="5">one</token>
<token t_id="636" sentence="29" number="6">count</token>
<token t_id="637" sentence="29" number="7">of</token>
<token t_id="638" sentence="29" number="8">attempted</token>
<token t_id="639" sentence="29" number="9">willful</token>
<token t_id="640" sentence="29" number="10">,</token>
<token t_id="641" sentence="29" number="11">deliberate</token>
<token t_id="642" sentence="29" number="12">,</token>
<token t_id="643" sentence="29" number="13">premeditated</token>
<token t_id="644" sentence="29" number="14">murder</token>
<token t_id="645" sentence="29" number="15">in</token>
<token t_id="646" sentence="29" number="16">connection</token>
<token t_id="647" sentence="29" number="17">with</token>
<token t_id="648" sentence="29" number="18">the</token>
<token t_id="649" sentence="29" number="19">June</token>
<token t_id="650" sentence="29" number="20">20</token>
<token t_id="651" sentence="29" number="21">shooting</token>
<token t_id="652" sentence="29" number="22">.</token>
<token t_id="653" sentence="30" number="0">The</token>
<token t_id="654" sentence="30" number="1">victim</token>
<token t_id="655" sentence="30" number="2">was</token>
<token t_id="656" sentence="30" number="3">shot</token>
<token t_id="657" sentence="30" number="4">while</token>
<token t_id="658" sentence="30" number="5">doing</token>
<token t_id="659" sentence="30" number="6">yard</token>
<token t_id="660" sentence="30" number="7">work</token>
<token t_id="661" sentence="30" number="8">at</token>
<token t_id="662" sentence="30" number="9">a</token>
<token t_id="663" sentence="30" number="10">home</token>
<token t_id="664" sentence="30" number="11">in</token>
<token t_id="665" sentence="30" number="12">the</token>
<token t_id="666" sentence="30" number="13">22000</token>
<token t_id="667" sentence="30" number="14">block</token>
<token t_id="668" sentence="30" number="15">of</token>
<token t_id="669" sentence="30" number="16">Joliet</token>
<token t_id="670" sentence="30" number="17">Avenue</token>
<token t_id="671" sentence="30" number="18">.</token>
<token t_id="672" sentence="31" number="0">He</token>
<token t_id="673" sentence="31" number="1">was</token>
<token t_id="674" sentence="31" number="2">hit</token>
<token t_id="675" sentence="31" number="3">in</token>
<token t_id="676" sentence="31" number="4">the</token>
<token t_id="677" sentence="31" number="5">back</token>
<token t_id="678" sentence="31" number="6">,</token>
<token t_id="679" sentence="31" number="7">but</token>
<token t_id="680" sentence="31" number="8">survived</token>
<token t_id="681" sentence="31" number="9">.</token>
<token t_id="682" sentence="32" number="0">The</token>
<token t_id="683" sentence="32" number="1">complaint</token>
<token t_id="684" sentence="32" number="2">charged</token>
<token t_id="685" sentence="32" number="3">that</token>
<token t_id="686" sentence="32" number="4">the</token>
<token t_id="687" sentence="32" number="5">June</token>
<token t_id="688" sentence="32" number="6">20</token>
<token t_id="689" sentence="32" number="7">shooting</token>
<token t_id="690" sentence="32" number="8">was</token>
<token t_id="691" sentence="32" number="9">for</token>
<token t_id="692" sentence="32" number="10">furtherance</token>
<token t_id="693" sentence="32" number="11">of</token>
<token t_id="694" sentence="32" number="12">a</token>
<token t_id="695" sentence="32" number="13">street</token>
<token t_id="696" sentence="32" number="14">gang</token>
<token t_id="697" sentence="32" number="15">.</token>
<token t_id="698" sentence="33" number="0">The</token>
<token t_id="699" sentence="33" number="1">complaint</token>
<token t_id="700" sentence="33" number="2">also</token>
<token t_id="701" sentence="33" number="3">alleged</token>
<token t_id="702" sentence="33" number="4">prior</token>
<token t_id="703" sentence="33" number="5">convictions</token>
<token t_id="704" sentence="33" number="6">including</token>
<token t_id="705" sentence="33" number="7">auto</token>
<token t_id="706" sentence="33" number="8">burglary</token>
<token t_id="707" sentence="33" number="9">,</token>
<token t_id="708" sentence="33" number="10">possession</token>
<token t_id="709" sentence="33" number="11">of</token>
<token t_id="710" sentence="33" number="12">a</token>
<token t_id="711" sentence="33" number="13">firearm</token>
<token t_id="712" sentence="33" number="14">by</token>
<token t_id="713" sentence="33" number="15">a</token>
<token t_id="714" sentence="33" number="16">felon</token>
<token t_id="715" sentence="33" number="17">and</token>
<token t_id="716" sentence="33" number="18">resisting</token>
<token t_id="717" sentence="33" number="19">and</token>
<token t_id="718" sentence="33" number="20">executive</token>
<token t_id="719" sentence="33" number="21">officer</token>
<token t_id="720" sentence="33" number="22">.</token>
<token t_id="721" sentence="34" number="0">Orozco</token>
<token t_id="722" sentence="34" number="1">will</token>
<token t_id="723" sentence="34" number="2">be</token>
<token t_id="724" sentence="34" number="3">held</token>
<token t_id="725" sentence="34" number="4">without</token>
<token t_id="726" sentence="34" number="5">bail</token>
<token t_id="727" sentence="34" number="6">.</token>
<token t_id="728" sentence="35" number="0">Joining</token>
<token t_id="729" sentence="35" number="1">Cooley</token>
<token t_id="730" sentence="35" number="2">at</token>
<token t_id="731" sentence="35" number="3">the</token>
<token t_id="732" sentence="35" number="4">news</token>
<token t_id="733" sentence="35" number="5">conference</token>
<token t_id="734" sentence="35" number="6">was</token>
<token t_id="735" sentence="35" number="7">Assistant</token>
<token t_id="736" sentence="35" number="8">Sheriff</token>
<token t_id="737" sentence="35" number="9">Doyle</token>
<token t_id="738" sentence="35" number="10">Campbell</token>
<token t_id="739" sentence="35" number="11">.</token>


<Markables>
<ACTION_OCCURRENCE m_id="1" climaxEvent="FALSE" comment=""  >
<token_anchor t_id="538"/>
</ACTION_OCCURRENCE>
<ACTION_OCCURRENCE m_id="2" climaxEvent="FALSE" comment=""  >
<token_anchor t_id="179"/>
</ACTION_OCCURRENCE>
<ACTION_OCCURRENCE m_id="3" climaxEvent="FALSE" comment=""  >
<token_anchor t_id="43"/>
</ACTION_OCCURRENCE>
<ACTION_OCCURRENCE m_id="4" climaxEvent="FALSE" comment=""  >
<token_anchor t_id="166"/>
</ACTION_OCCURRENCE>
<ACTION_OCCURRENCE m_id="5" climaxEvent="FALSE" comment=""  >
<token_anchor t_id="44"/>
</ACTION_OCCURRENCE>
<ACTION_OCCURRENCE m_id="6" climaxEvent="FALSE" comment=""  >
<token_anchor t_id="298"/>
</ACTION_OCCURRENCE>
<ACTION_OCCURRENCE m_id="7" climaxEvent="FALSE" comment=""  >
<token_anchor t_id="46"/>
</ACTION_OCCURRENCE>
<ACTION_OCCURRENCE m_id="8" climaxEvent="FALSE" comment=""  >
<token_anchor t_id="536"/>
</ACTION_OCCURRENCE>
<ACTION_OCCURRENCE m_id="9" climaxEvent="FALSE" comment=""  >
<token_anchor t_id="53"/>
</ACTION_OCCURRENCE>
<ACTION_OCCURRENCE m_id="10" climaxEvent="FALSE" comment=""  >
<token_anchor t_id="55"/>
<token_anchor t_id="56"/>
</ACTION_OCCURRENCE>
<ACTION_OCCURRENCE m_id="11" climaxEvent="FALSE" comment=""  >
<token_anchor t_id="74"/>
</ACTION_OCCURRENCE>
<ACTION_OCCURRENCE m_id="12" climaxEvent="FALSE" comment=""  >
<token_anchor t_id="76"/>
</ACTION_OCCURRENCE>
<ACTION_OCCURRENCE m_id="13" climaxEvent="FALSE" comment=""  >
<token_anchor t_id="296"/>
</ACTION_OCCURRENCE>
<ACTION_OCCURRENCE m_id="14" climaxEvent="FALSE" comment=""  >
<token_anchor t_id="301"/>
</ACTION_OCCURRENCE>
<ACTION_OCCURRENCE m_id="15" climaxEvent="FALSE" comment=""  >
<token_anchor t_id="307"/>
</ACTION_OCCURRENCE>
<ACTION_OCCURRENCE m_id="16" climaxEvent="FALSE" comment=""  >
<token_anchor t_id="311"/>
</ACTION_OCCURRENCE>
<ACTION_OCCURRENCE m_id="17" climaxEvent="FALSE" comment=""  >
<token_anchor t_id="133"/>
</ACTION_OCCURRENCE>
<ACTION_OCCURRENCE m_id="18" climaxEvent="FALSE" comment=""  >
<token_anchor t_id="135"/>
</ACTION_OCCURRENCE>
<ACTION_OCCURRENCE m_id="19" climaxEvent="FALSE" comment=""  >
<token_anchor t_id="137"/>
</ACTION_OCCURRENCE>
<ACTION_OCCURRENCE m_id="20" climaxEvent="FALSE" comment=""  >
<token_anchor t_id="24"/>
</ACTION_OCCURRENCE>
<ACTION_OCCURRENCE m_id="21" climaxEvent="FALSE" comment=""  >
<token_anchor t_id="152"/>
</ACTION_OCCURRENCE>
<ACTION_OCCURRENCE m_id="22" climaxEvent="TRUE" comment=""  >
<token_anchor t_id="26"/>
</ACTION_OCCURRENCE>
<ACTION_OCCURRENCE m_id="23" climaxEvent="FALSE" comment=""  >
<token_anchor t_id="161"/>
</ACTION_OCCURRENCE>
<ACTION_OCCURRENCE m_id="24" climaxEvent="FALSE" comment=""  >
<token_anchor t_id="167"/>
</ACTION_OCCURRENCE>
<ACTION_OCCURRENCE m_id="25" climaxEvent="FALSE" comment=""  >
<token_anchor t_id="174"/>
</ACTION_OCCURRENCE>
<ACTION_OCCURRENCE m_id="26" climaxEvent="FALSE" comment=""  >
<token_anchor t_id="177"/>
</ACTION_OCCURRENCE>
<ACTION_REPORTING m_id="27" comment=""  >
<token_anchor t_id="148"/>
</ACTION_REPORTING>
<ACTION_REPORTING m_id="28" comment=""  >
<token_anchor t_id="39"/>
</ACTION_REPORTING>
<ACTION_REPORTING m_id="29" comment=""  >
<token_anchor t_id="69"/>
</ACTION_REPORTING>
<ACTION_REPORTING m_id="30" comment=""  >
<token_anchor t_id="315"/>
</ACTION_REPORTING>
<ACTION_STATE m_id="31" climaxEvent="FALSE" comment=""  >
<token_anchor t_id="272"/>
</ACTION_STATE>
<ACTION_STATE m_id="32" climaxEvent="FALSE" comment=""  >
<token_anchor t_id="273"/>
</ACTION_STATE>
<HUMAN_PART_ORG m_id="33"  >
<token_anchor t_id="284"/>
<token_anchor t_id="285"/>
<token_anchor t_id="286"/>
<token_anchor t_id="287"/>
<token_anchor t_id="288"/>
<token_anchor t_id="289"/>
<token_anchor t_id="290"/>
<token_anchor t_id="291"/>
</HUMAN_PART_ORG>
<HUMAN_PART_PER m_id="34" comment=""  >
<token_anchor t_id="70"/>
<token_anchor t_id="71"/>
<token_anchor t_id="72"/>
</HUMAN_PART_PER>
<HUMAN_PART_PER m_id="35" comment=""  >
<token_anchor t_id="83"/>
</HUMAN_PART_PER>
<HUMAN_PART_PER m_id="36" comment=""  >
<token_anchor t_id="269"/>
</HUMAN_PART_PER>
<HUMAN_PART_PER m_id="37" comment=""  >
<token_anchor t_id="278"/>
</HUMAN_PART_PER>
<HUMAN_PART_PER m_id="38" comment=""  >
<token_anchor t_id="58"/>
<token_anchor t_id="59"/>
<token_anchor t_id="60"/>
<token_anchor t_id="61"/>
<token_anchor t_id="62"/>
<token_anchor t_id="63"/>
</HUMAN_PART_PER>
<HUMAN_PART_PER m_id="39" comment=""  >
<token_anchor t_id="281"/>
</HUMAN_PART_PER>
<HUMAN_PART_PER m_id="40" comment=""  >
<token_anchor t_id="305"/>
</HUMAN_PART_PER>
<HUMAN_PART_PER m_id="41" comment=""  >
<token_anchor t_id="314"/>
</HUMAN_PART_PER>
<HUMAN_PART_PER m_id="42" comment=""  >
<token_anchor t_id="534"/>
</HUMAN_PART_PER>
<HUMAN_PART_PER m_id="43" comment=""  >
<token_anchor t_id="131"/>
</HUMAN_PART_PER>
<HUMAN_PART_PER m_id="44" comment=""  >
<token_anchor t_id="141"/>
</HUMAN_PART_PER>
<HUMAN_PART_PER m_id="45" comment=""  >
<token_anchor t_id="147"/>
</HUMAN_PART_PER>
<HUMAN_PART_PER m_id="46" comment=""  >
<token_anchor t_id="159"/>
</HUMAN_PART_PER>
<HUMAN_PART_PER m_id="47" comment=""  >
<token_anchor t_id="309"/>
</HUMAN_PART_PER>
<HUMAN_PART_PER m_id="48" comment=""  >
<token_anchor t_id="173"/>
</HUMAN_PART_PER>
<HUMAN_PART_PER m_id="49" comment=""  >
<token_anchor t_id="144"/>
</HUMAN_PART_PER>
<HUMAN_PART_PER m_id="50" comment=""  >
<token_anchor t_id="22"/>
<token_anchor t_id="23"/>
</HUMAN_PART_PER>
<HUMAN_PART_PER m_id="51" comment=""  >
<token_anchor t_id="30"/>
</HUMAN_PART_PER>
<HUMAN_PART_PER m_id="52" comment=""  >
<token_anchor t_id="37"/>
<token_anchor t_id="38"/>
</HUMAN_PART_PER>
<HUMAN_PART_PER m_id="53" comment=""  >
<token_anchor t_id="51"/>
<token_anchor t_id="52"/>
</HUMAN_PART_PER>
<HUMAN_PART_PER m_id="54" comment=""  >
<token_anchor t_id="68"/>
</HUMAN_PART_PER>
<LOC_FAC m_id="55"  >
<token_anchor t_id="168"/>
<token_anchor t_id="169"/>
<token_anchor t_id="170"/>
</LOC_FAC>
<LOC_FAC m_id="56"  >
<token_anchor t_id="87"/>
<token_anchor t_id="88"/>
<token_anchor t_id="89"/>
<token_anchor t_id="90"/>
<token_anchor t_id="91"/>
</LOC_FAC>
<LOC_FAC m_id="57"  >
<token_anchor t_id="539"/>
<token_anchor t_id="540"/>
<token_anchor t_id="541"/>
<token_anchor t_id="542"/>
<token_anchor t_id="543"/>
<token_anchor t_id="544"/>
<token_anchor t_id="545"/>
<token_anchor t_id="546"/>
<token_anchor t_id="547"/>
<token_anchor t_id="548"/>
<token_anchor t_id="549"/>
</LOC_FAC>
<LOC_FAC m_id="58"  >
<token_anchor t_id="153"/>
<token_anchor t_id="154"/>
<token_anchor t_id="155"/>
<token_anchor t_id="156"/>
</LOC_FAC>
<LOC_GEO m_id="59" comment=""  >
<token_anchor t_id="20"/>
<token_anchor t_id="21"/>
</LOC_GEO>
<LOC_OTHER m_id="60"  >
<token_anchor t_id="162"/>
<token_anchor t_id="163"/>
<token_anchor t_id="164"/>
</LOC_OTHER>
<TIME_DATE m_id="61" comment="" DCT="TRUE" value="2005-07-26" anchorTimeID=""  >
<token_anchor t_id="31"/>
<token_anchor t_id="32"/>
<token_anchor t_id="33"/>
<token_anchor t_id="34"/>
</TIME_DATE>
<TIME_DATE m_id="62" comment="" DCT="FALSE" value="2005-06-24" anchorTimeID="61"  >
<token_anchor t_id="85"/>
<token_anchor t_id="86"/>
</TIME_DATE>
<TIME_DATE m_id="63" comment="" DCT="FALSE" value="2005-06" anchorTimeID="61"  >
<token_anchor t_id="64"/>
<token_anchor t_id="65"/>
<token_anchor t_id="66"/>
</TIME_DATE>


<TIME_DATE m_id="64" RELATED_TO="" TAG_DESCRIPTOR="t15_june_24" comment="" DCT="FALSE" value="" anchorTimeID="" />
<HUMAN_PART_PER m_id="65" RELATED_TO="" TAG_DESCRIPTOR="t15_cooley" comment="" />
<ACTION_OCCURRENCE m_id="66" RELATED_TO="" TAG_DESCRIPTOR="t15_hide" climaxEvent="FALSE" comment="" />
<HUMAN_PART_PER m_id="67" RELATED_TO="" TAG_DESCRIPTOR="t15_prosecutors" comment="" />
<ACTION_OCCURRENCE m_id="68" RELATED_TO="" TAG_DESCRIPTOR="t15_accused" climaxEvent="FALSE" comment="" />
<ACTION_OCCURRENCE m_id="69" RELATED_TO="" TAG_DESCRIPTOR="t15_murder" climaxEvent="FALSE" comment="" />
<ACTION_OCCURRENCE m_id="70" RELATED_TO="" TAG_DESCRIPTOR="t15_investigation" climaxEvent="FALSE" comment="" />
<ACTION_OCCURRENCE m_id="71" RELATED_TO="" TAG_DESCRIPTOR="t15_dying" climaxEvent="FALSE" comment="" />
<ACTION_OCCURRENCE m_id="72" RELATED_TO="" TAG_DESCRIPTOR="t15_fled" climaxEvent="FALSE" comment="" />
<ACTION_OCCURRENCE m_id="73" RELATED_TO="" TAG_DESCRIPTOR="t15_shot" climaxEvent="FALSE" comment="" />
<LOC_GEO m_id="74" RELATED_TO="" TAG_DESCRIPTOR="t15_hawaiian_gardens" comment="" />
<ACTION_REPORTING m_id="75" RELATED_TO="" TAG_DESCRIPTOR="t15_cooley_announced_charges" comment="" />
<LOC_OTHER m_id="76" RELATED_TO="" TAG_DESCRIPTOR="t15_head" />
<ACTION_OCCURRENCE m_id="77" RELATED_TO="" TAG_DESCRIPTOR="t15_charged" climaxEvent="FALSE" comment="" />
<HUMAN_PART_PER m_id="78" RELATED_TO="" TAG_DESCRIPTOR="t15_ortiz" comment="" />
<HUMAN_PART_ORG m_id="79" RELATED_TO="" TAG_DESCRIPTOR="t15_capos" />
<LOC_FAC m_id="80" RELATED_TO="" TAG_DESCRIPTOR="t15_apartment" />
<HUMAN_PART_PER m_id="81" RELATED_TO="" TAG_DESCRIPTOR="t15_orozco" comment="" />
<ACTION_OCCURRENCE m_id="82" RELATED_TO="" TAG_DESCRIPTOR="t15_working_on_case" climaxEvent="FALSE" comment="" />
</Markables>

<Relations>
<TLINK r_id="242421" contextualModality="" relType="AFTER" comment="" >
<source m_id="61" />
<target m_id="20" />
</TLINK>
<TLINK r_id="242422" contextualModality="" relType="AFTER" comment="" >
<source m_id="61" />
<target m_id="22" />
</TLINK>
<TLINK r_id="242423" contextualModality="" relType="AFTER" comment="" >
<source m_id="61" />
<target m_id="3" />
</TLINK>
<TLINK r_id="242424" contextualModality="" relType="AFTER" comment="" >
<source m_id="61" />
<target m_id="5" />
</TLINK>
<TLINK r_id="242425" contextualModality="" relType="CONTAINS" comment="" >
<source m_id="61" />
<target m_id="7" />
</TLINK>
<TLINK r_id="242426" contextualModality="" relType="CONTAINS" comment="" >
<source m_id="61" />
<target m_id="9" />
</TLINK>
<TLINK r_id="242427" contextualModality="" relType="AFTER" comment="" >
<source m_id="61" />
<target m_id="10" />
</TLINK>
<TLINK r_id="242428" contextualModality="" relType="AFTER" comment="" >
<source m_id="61" />
<target m_id="11" />
</TLINK>
<TLINK r_id="242429" contextualModality="" relType="AFTER" comment="" >
<source m_id="61" />
<target m_id="12" />
</TLINK>
<TLINK r_id="242430" contextualModality="" relType="AFTER" comment="" >
<source m_id="61" />
<target m_id="17" />
</TLINK>
<TLINK r_id="242431" contextualModality="" relType="AFTER" comment="" >
<source m_id="61" />
<target m_id="18" />
</TLINK>
<TLINK r_id="242432" contextualModality="" relType="AFTER" comment="" >
<source m_id="61" />
<target m_id="19" />
</TLINK>
<TLINK r_id="242433" contextualModality="" relType="CONTAINS" comment="" >
<source m_id="61" />
<target m_id="21" />
</TLINK>
<TLINK r_id="242434" contextualModality="" relType="AFTER" comment="" >
<source m_id="61" />
<target m_id="23" />
</TLINK>
<TLINK r_id="242435" contextualModality="" relType="AFTER" comment="" >
<source m_id="61" />
<target m_id="24" />
</TLINK>
<TLINK r_id="242436" contextualModality="" relType="AFTER" comment="" >
<source m_id="61" />
<target m_id="25" />
</TLINK>
<TLINK r_id="242437" contextualModality="" relType="AFTER" comment="" >
<source m_id="61" />
<target m_id="2" />
</TLINK>
<TLINK r_id="242438" contextualModality="" relType="OVERLAP" comment="" >
<source m_id="61" />
<target m_id="32" />
</TLINK>
<TLINK r_id="242439" contextualModality="" relType="AFTER" comment="" >
<source m_id="61" />
<target m_id="13" />
</TLINK>
<TLINK r_id="242440" contextualModality="" relType="AFTER" comment="" >
<source m_id="61" />
<target m_id="6" />
</TLINK>
<TLINK r_id="242441" contextualModality="" relType="AFTER" comment="" >
<source m_id="61" />
<target m_id="15" />
</TLINK>
<TLINK r_id="242442" contextualModality="" relType="AFTER" comment="" >
<source m_id="61" />
<target m_id="16" />
</TLINK>
<TLINK r_id="242443" contextualModality="" relType="AFTER" comment="" >
<source m_id="61" />
<target m_id="8" />
</TLINK>
<TLINK r_id="242444" contextualModality="" relType="AFTER" comment="" >
<source m_id="61" />
<target m_id="1" />
</TLINK>
<PLOT_LINK r_id="242445" SIGNAL="" relType="PRECONDITION" CAUSES="FALSE" CAUSED_BY="FALSE" >
<source m_id="3" />
<target m_id="7" />
</PLOT_LINK>
<PLOT_LINK r_id="242446" SIGNAL="" relType="FALLING_ACTION" CAUSES="FALSE" CAUSED_BY="FALSE" >
<source m_id="22" />
<target m_id="10" />
</PLOT_LINK>
<PLOT_LINK r_id="242447" SIGNAL="" relType="FALLING_ACTION" CAUSES="FALSE" CAUSED_BY="FALSE" >
<source m_id="9" />
<target m_id="10" />
</PLOT_LINK>
<PLOT_LINK r_id="242448" SIGNAL="" relType="PRECONDITION" CAUSES="FALSE" CAUSED_BY="FALSE" >
<source m_id="10" />
<target m_id="12" />
</PLOT_LINK>
<PLOT_LINK r_id="242449" SIGNAL="" relType="FALLING_ACTION" CAUSES="FALSE" CAUSED_BY="FALSE" >
<source m_id="17" />
<target m_id="18" />
</PLOT_LINK>
<PLOT_LINK r_id="242450" SIGNAL="" relType="FALLING_ACTION" CAUSES="FALSE" CAUSED_BY="FALSE" >
<source m_id="18" />
<target m_id="19" />
</PLOT_LINK>
<PLOT_LINK r_id="242451" SIGNAL="" relType="PRECONDITION" CAUSES="FALSE" CAUSED_BY="FALSE" >
<source m_id="23" />
<target m_id="24" />
</PLOT_LINK>
<PLOT_LINK r_id="242452" SIGNAL="" relType="PRECONDITION" CAUSES="FALSE" CAUSED_BY="FALSE" >
<source m_id="23" />
<target m_id="25" />
</PLOT_LINK>
<PLOT_LINK r_id="242453" SIGNAL="" relType="PRECONDITION" CAUSES="FALSE" CAUSED_BY="FALSE" >
<source m_id="23" />
<target m_id="2" />
</PLOT_LINK>
<PLOT_LINK r_id="242454" SIGNAL="" relType="FALLING_ACTION" CAUSES="FALSE" CAUSED_BY="FALSE" >
<source m_id="13" />
<target m_id="6" />
</PLOT_LINK>
<PLOT_LINK r_id="242455" SIGNAL="" relType="PRECONDITION" CAUSES="FALSE" CAUSED_BY="FALSE" >
<source m_id="14" />
<target m_id="15" />
</PLOT_LINK>
<PLOT_LINK r_id="242456" SIGNAL="" relType="PRECONDITION" CAUSES="FALSE" CAUSED_BY="FALSE" >
<source m_id="15" />
<target m_id="16" />
</PLOT_LINK>
<PLOT_LINK r_id="242457" SIGNAL="" relType="PRECONDITION" CAUSES="FALSE" CAUSED_BY="FALSE" >
<source m_id="8" />
<target m_id="1" />
</PLOT_LINK>
<TLINK r_id="252704" contextualModality="" relType="AFTER" comment="" >
<source m_id="61" />
<target m_id="4" />
</TLINK>
<TLINK r_id="252705" contextualModality="" relType="CONTAINS" comment="" >
<source m_id="62" />
<target m_id="11" />
</TLINK>
<TLINK r_id="252706" contextualModality="" relType="AFTER" comment="" >
<source m_id="62" />
<target m_id="12" />
</TLINK>
<TLINK r_id="252707" contextualModality="" relType="CONTAINS" comment="" >
<source m_id="62" />
<target m_id="5" />
</TLINK>
<TLINK r_id="252708" contextualModality="" relType="CONTAINS" comment="" >
<source m_id="63" />
<target m_id="10" />
</TLINK>
<TLINK r_id="252709" contextualModality="" relType="CONTAINS" comment="" >
<source m_id="63" />
<target m_id="3" />
</TLINK>
<TLINK r_id="252710" >
<source m_id="63" />
<target m_id="12" />
</TLINK>
<TLINK r_id="252711" contextualModality="" relType="CONTAINS" comment="" >
<source m_id="63" />
<target m_id="17" />
</TLINK>
<TLINK r_id="252712" contextualModality="" relType="CONTAINS" comment="" >
<source m_id="63" />
<target m_id="18" />
</TLINK>
<TLINK r_id="252713" contextualModality="" relType="CONTAINS" comment="" >
<source m_id="63" />
<target m_id="19" />
</TLINK>
<TLINK r_id="252714" contextualModality="" relType="CONTAINS" comment="" >
<source m_id="63" />
<target m_id="23" />
</TLINK>
<TLINK r_id="252715" contextualModality="" relType="CONTAINS" comment="" >
<source m_id="63" />
<target m_id="4" />
</TLINK>
<TLINK r_id="252716" contextualModality="" relType="CONTAINS" comment="" >
<source m_id="63" />
<target m_id="24" />
</TLINK>
<TLINK r_id="252717" contextualModality="" relType="CONTAINS" comment="" >
<source m_id="63" />
<target m_id="25" />
</TLINK>
<TLINK r_id="252718" contextualModality="" relType="CONTAINS" comment="" >
<source m_id="63" />
<target m_id="2" />
</TLINK>
<TLINK r_id="252719" contextualModality="" relType="CONTAINS" comment="" >
<source m_id="63" />
<target m_id="6" />
</TLINK>
<TLINK r_id="252720" contextualModality="" relType="CONTAINS" comment="" >
<source m_id="63" />
<target m_id="16" />
</TLINK>
<TLINK r_id="252721" contextualModality="" relType="CONTAINS" comment="" >
<source m_id="63" />
<target m_id="8" />
</TLINK>
<TLINK r_id="252722" contextualModality="" relType="CONTAINS" comment="" >
<source m_id="63" />
<target m_id="1" />
</TLINK>
</Relations>
</Document>
