<Document doc_name="16_3ecbplus.xml">
<token t_id="1" sentence="0" number="0">http</token>
<token t_id="2" sentence="0" number="1">:</token>
<token t_id="3" sentence="0" number="2">/</token>
<token t_id="4" sentence="0" number="3">/</token>
<token t_id="5" sentence="0" number="4">www</token>
<token t_id="6" sentence="0" number="5">.</token>
<token t_id="7" sentence="0" number="6">odmp</token>
<token t_id="8" sentence="0" number="7">.</token>
<token t_id="9" sentence="0" number="8">org</token>
<token t_id="10" sentence="0" number="9">/</token>
<token t_id="11" sentence="0" number="10">officer</token>
<token t_id="12" sentence="0" number="11">/</token>
<token t_id="13" sentence="0" number="12">17801</token>
<token t_id="14" sentence="0" number="13">-</token>
<token t_id="15" sentence="0" number="14">deputy</token>
<token t_id="16" sentence="0" number="15">-</token>
<token t_id="17" sentence="0" number="16">sheriff</token>
<token t_id="18" sentence="0" number="17">-</token>
<token t_id="19" sentence="0" number="18">jerry</token>
<token t_id="20" sentence="0" number="19">-</token>
<token t_id="21" sentence="0" number="20">ortiz</token>
<token t_id="22" sentence="1" number="0">Deputy</token>
<token t_id="23" sentence="1" number="1">Sheriff</token>
<token t_id="24" sentence="2" number="0">Jerry</token>
<token t_id="25" sentence="2" number="1">Ortiz</token>
<token t_id="26" sentence="3" number="0">Los</token>
<token t_id="27" sentence="3" number="1">Angeles</token>
<token t_id="28" sentence="3" number="2">County</token>
<token t_id="29" sentence="3" number="3">Sheriff's</token>
<token t_id="30" sentence="3" number="4">Department</token>
<token t_id="31" sentence="3" number="5">,</token>
<token t_id="32" sentence="3" number="6">California</token>
<token t_id="33" sentence="4" number="0">End</token>
<token t_id="34" sentence="4" number="1">of</token>
<token t_id="35" sentence="4" number="2">Watch</token>
<token t_id="36" sentence="4" number="3">:</token>
<token t_id="37" sentence="4" number="4">Friday</token>
<token t_id="38" sentence="4" number="5">,</token>
<token t_id="39" sentence="4" number="6">June</token>
<token t_id="40" sentence="4" number="7">24</token>
<token t_id="41" sentence="4" number="8">,</token>
<token t_id="42" sentence="4" number="9">2005</token>
<token t_id="43" sentence="5" number="0">Deputy</token>
<token t_id="44" sentence="5" number="1">Jerry</token>
<token t_id="45" sentence="5" number="2">Ortiz</token>
<token t_id="46" sentence="5" number="3">was</token>
<token t_id="47" sentence="5" number="4">shot</token>
<token t_id="48" sentence="5" number="5">and</token>
<token t_id="49" sentence="5" number="6">killed</token>
<token t_id="50" sentence="5" number="7">after</token>
<token t_id="51" sentence="5" number="8">knocking</token>
<token t_id="52" sentence="5" number="9">on</token>
<token t_id="53" sentence="5" number="10">a</token>
<token t_id="54" sentence="5" number="11">door</token>
<token t_id="55" sentence="5" number="12">during</token>
<token t_id="56" sentence="5" number="13">an</token>
<token t_id="57" sentence="5" number="14">investigation</token>
<token t_id="58" sentence="5" number="15">.</token>
<token t_id="59" sentence="6" number="0">Deputy</token>
<token t_id="60" sentence="6" number="1">Ortiz</token>
<token t_id="61" sentence="6" number="2">had</token>
<token t_id="62" sentence="6" number="3">gone</token>
<token t_id="63" sentence="6" number="4">to</token>
<token t_id="64" sentence="6" number="5">an</token>
<token t_id="65" sentence="6" number="6">apartment</token>
<token t_id="66" sentence="6" number="7">complex</token>
<token t_id="67" sentence="6" number="8">in</token>
<token t_id="68" sentence="6" number="9">the</token>
<token t_id="69" sentence="6" number="10">city</token>
<token t_id="70" sentence="6" number="11">of</token>
<token t_id="71" sentence="6" number="12">Hawaiian</token>
<token t_id="72" sentence="6" number="13">Gardens</token>
<token t_id="73" sentence="6" number="14">to</token>
<token t_id="74" sentence="6" number="15">question</token>
<token t_id="75" sentence="6" number="16">a</token>
<token t_id="76" sentence="6" number="17">woman</token>
<token t_id="77" sentence="6" number="18">about</token>
<token t_id="78" sentence="6" number="19">a</token>
<token t_id="79" sentence="6" number="20">shooting</token>
<token t_id="80" sentence="6" number="21">that</token>
<token t_id="81" sentence="6" number="22">had</token>
<token t_id="82" sentence="6" number="23">taken</token>
<token t_id="83" sentence="6" number="24">place</token>
<token t_id="84" sentence="6" number="25">the</token>
<token t_id="85" sentence="6" number="26">previous</token>
<token t_id="86" sentence="6" number="27">day</token>
<token t_id="87" sentence="6" number="28">.</token>
<token t_id="88" sentence="7" number="0">As</token>
<token t_id="89" sentence="7" number="1">he</token>
<token t_id="90" sentence="7" number="2">spoke</token>
<token t_id="91" sentence="7" number="3">to</token>
<token t_id="92" sentence="7" number="4">the</token>
<token t_id="93" sentence="7" number="5">woman</token>
<token t_id="94" sentence="7" number="6">at</token>
<token t_id="95" sentence="7" number="7">the</token>
<token t_id="96" sentence="7" number="8">door</token>
<token t_id="97" sentence="7" number="9">of</token>
<token t_id="98" sentence="7" number="10">the</token>
<token t_id="99" sentence="7" number="11">apartment</token>
<token t_id="100" sentence="7" number="12">,</token>
<token t_id="101" sentence="7" number="13">the</token>
<token t_id="102" sentence="7" number="14">suspect</token>
<token t_id="103" sentence="7" number="15">in</token>
<token t_id="104" sentence="7" number="16">the</token>
<token t_id="105" sentence="7" number="17">previous</token>
<token t_id="106" sentence="7" number="18">day's</token>
<token t_id="107" sentence="7" number="19">shooting</token>
<token t_id="108" sentence="7" number="20">appeared</token>
<token t_id="109" sentence="7" number="21">and</token>
<token t_id="110" sentence="7" number="22">shot</token>
<token t_id="111" sentence="7" number="23">him</token>
<token t_id="112" sentence="7" number="24">in</token>
<token t_id="113" sentence="7" number="25">the</token>
<token t_id="114" sentence="7" number="26">head</token>
<token t_id="115" sentence="7" number="27">.</token>
<token t_id="116" sentence="8" number="0">The</token>
<token t_id="117" sentence="8" number="1">man</token>
<token t_id="118" sentence="8" number="2">then</token>
<token t_id="119" sentence="8" number="3">fled</token>
<token t_id="120" sentence="8" number="4">into</token>
<token t_id="121" sentence="8" number="5">an</token>
<token t_id="122" sentence="8" number="6">apartment</token>
<token t_id="123" sentence="8" number="7">three</token>
<token t_id="124" sentence="8" number="8">doors</token>
<token t_id="125" sentence="8" number="9">away</token>
<token t_id="126" sentence="8" number="10">.</token>
<token t_id="127" sentence="9" number="0">Deputies</token>
<token t_id="128" sentence="9" number="1">found</token>
<token t_id="129" sentence="9" number="2">him</token>
<token t_id="130" sentence="9" number="3">hiding</token>
<token t_id="131" sentence="9" number="4">in</token>
<token t_id="132" sentence="9" number="5">a</token>
<token t_id="133" sentence="9" number="6">bathtub</token>
<token t_id="134" sentence="9" number="7">three</token>
<token t_id="135" sentence="9" number="8">hours</token>
<token t_id="136" sentence="9" number="9">later</token>
<token t_id="137" sentence="9" number="10">.</token>
<token t_id="138" sentence="10" number="0">The</token>
<token t_id="139" sentence="10" number="1">suspect</token>
<token t_id="140" sentence="10" number="2">,</token>
<token t_id="141" sentence="10" number="3">who</token>
<token t_id="142" sentence="10" number="4">was</token>
<token t_id="143" sentence="10" number="5">on</token>
<token t_id="144" sentence="10" number="6">parole</token>
<token t_id="145" sentence="10" number="7">and</token>
<token t_id="146" sentence="10" number="8">had</token>
<token t_id="147" sentence="10" number="9">prior</token>
<token t_id="148" sentence="10" number="10">arrests</token>
<token t_id="149" sentence="10" number="11">for</token>
<token t_id="150" sentence="10" number="12">convictions</token>
<token t_id="151" sentence="10" number="13">for</token>
<token t_id="152" sentence="10" number="14">assault</token>
<token t_id="153" sentence="10" number="15">with</token>
<token t_id="154" sentence="10" number="16">a</token>
<token t_id="155" sentence="10" number="17">deadly</token>
<token t_id="156" sentence="10" number="18">weapon</token>
<token t_id="157" sentence="10" number="19">,</token>
<token t_id="158" sentence="10" number="20">resisting</token>
<token t_id="159" sentence="10" number="21">arrest</token>
<token t_id="160" sentence="10" number="22">,</token>
<token t_id="161" sentence="10" number="23">burglary</token>
<token t_id="162" sentence="10" number="24">,</token>
<token t_id="163" sentence="10" number="25">as</token>
<token t_id="164" sentence="10" number="26">well</token>
<token t_id="165" sentence="10" number="27">as</token>
<token t_id="166" sentence="10" number="28">for</token>
<token t_id="167" sentence="10" number="29">gun</token>
<token t_id="168" sentence="10" number="30">and</token>
<token t_id="169" sentence="10" number="31">drug</token>
<token t_id="170" sentence="10" number="32">crimes</token>
<token t_id="171" sentence="10" number="33">,</token>
<token t_id="172" sentence="10" number="34">was</token>
<token t_id="173" sentence="10" number="35">charged</token>
<token t_id="174" sentence="10" number="36">with</token>
<token t_id="175" sentence="10" number="37">first</token>
<token t_id="176" sentence="10" number="38">degree</token>
<token t_id="177" sentence="10" number="39">murder</token>
<token t_id="178" sentence="10" number="40">and</token>
<token t_id="179" sentence="10" number="41">faces</token>
<token t_id="180" sentence="10" number="42">the</token>
<token t_id="181" sentence="10" number="43">death</token>
<token t_id="182" sentence="10" number="44">penalty</token>
<token t_id="183" sentence="10" number="45">.</token>
<token t_id="184" sentence="11" number="0">In</token>
<token t_id="185" sentence="11" number="1">April</token>
<token t_id="186" sentence="11" number="2">2007</token>
<token t_id="187" sentence="11" number="3">the</token>
<token t_id="188" sentence="11" number="4">suspect</token>
<token t_id="189" sentence="11" number="5">was</token>
<token t_id="190" sentence="11" number="6">found</token>
<token t_id="191" sentence="11" number="7">guilty</token>
<token t_id="192" sentence="11" number="8">of</token>
<token t_id="193" sentence="11" number="9">capital</token>
<token t_id="194" sentence="11" number="10">murder</token>
<token t_id="195" sentence="11" number="11">and</token>
<token t_id="196" sentence="11" number="12">sentenced</token>
<token t_id="197" sentence="11" number="13">to</token>
<token t_id="198" sentence="11" number="14">death</token>
<token t_id="199" sentence="11" number="15">.</token>
<token t_id="200" sentence="12" number="0">Six</token>
<token t_id="201" sentence="12" number="1">months</token>
<token t_id="202" sentence="12" number="2">prior</token>
<token t_id="203" sentence="12" number="3">to</token>
<token t_id="204" sentence="12" number="4">this</token>
<token t_id="205" sentence="12" number="5">incident</token>
<token t_id="206" sentence="12" number="6">,</token>
<token t_id="207" sentence="12" number="7">Deputy</token>
<token t_id="208" sentence="12" number="8">Ortiz's</token>
<token t_id="209" sentence="12" number="9">brother</token>
<token t_id="210" sentence="12" number="10">-</token>
<token t_id="211" sentence="12" number="11">in</token>
<token t_id="212" sentence="12" number="12">-</token>
<token t_id="213" sentence="12" number="13">law</token>
<token t_id="214" sentence="12" number="14">,</token>
<token t_id="215" sentence="12" number="15">Corrections</token>
<token t_id="216" sentence="12" number="16">Officer</token>
<token t_id="217" sentence="12" number="17">Manuel</token>
<token t_id="218" sentence="12" number="18">A</token>
<token t_id="219" sentence="12" number="19">.</token>
<token t_id="220" sentence="12" number="20">Gonzalez</token>
<token t_id="221" sentence="12" number="21">,</token>
<token t_id="222" sentence="12" number="22">of</token>
<token t_id="223" sentence="12" number="23">the</token>
<token t_id="224" sentence="12" number="24">California</token>
<token t_id="225" sentence="12" number="25">Department</token>
<token t_id="226" sentence="12" number="26">of</token>
<token t_id="227" sentence="12" number="27">Corrections</token>
<token t_id="228" sentence="12" number="28">,</token>
<token t_id="229" sentence="12" number="29">was</token>
<token t_id="230" sentence="12" number="30">stabbed</token>
<token t_id="231" sentence="12" number="31">to</token>
<token t_id="232" sentence="12" number="32">death</token>
<token t_id="233" sentence="12" number="33">by</token>
<token t_id="234" sentence="12" number="34">a</token>
<token t_id="235" sentence="12" number="35">gang</token>
<token t_id="236" sentence="12" number="36">member</token>
<token t_id="237" sentence="12" number="37">inmate</token>
<token t_id="238" sentence="12" number="38">at</token>
<token t_id="239" sentence="12" number="39">California</token>
<token t_id="240" sentence="12" number="40">Institution</token>
<token t_id="241" sentence="12" number="41">for</token>
<token t_id="242" sentence="12" number="42">Men</token>
<token t_id="243" sentence="12" number="43">in</token>
<token t_id="244" sentence="12" number="44">Chino</token>
<token t_id="245" sentence="12" number="45">.</token>
<token t_id="246" sentence="13" number="0">Deputy</token>
<token t_id="247" sentence="13" number="1">Ortiz</token>
<token t_id="248" sentence="13" number="2">had</token>
<token t_id="249" sentence="13" number="3">served</token>
<token t_id="250" sentence="13" number="4">with</token>
<token t_id="251" sentence="13" number="5">the</token>
<token t_id="252" sentence="13" number="6">Los</token>
<token t_id="253" sentence="13" number="7">Angeles</token>
<token t_id="254" sentence="13" number="8">County</token>
<token t_id="255" sentence="13" number="9">Sheriff's</token>
<token t_id="256" sentence="13" number="10">Department</token>
<token t_id="257" sentence="13" number="11">for</token>
<token t_id="258" sentence="13" number="12">15</token>
<token t_id="259" sentence="13" number="13">years</token>
<token t_id="260" sentence="13" number="14">and</token>
<token t_id="261" sentence="13" number="15">was</token>
<token t_id="262" sentence="13" number="16">assigned</token>
<token t_id="263" sentence="13" number="17">to</token>
<token t_id="264" sentence="13" number="18">the</token>
<token t_id="265" sentence="13" number="19">Anti</token>
<token t_id="266" sentence="13" number="20">-</token>
<token t_id="267" sentence="13" number="21">Gang</token>
<token t_id="268" sentence="13" number="22">Unit</token>
<token t_id="269" sentence="13" number="23">.</token>
<token t_id="270" sentence="14" number="0">He</token>
<token t_id="271" sentence="14" number="1">is</token>
<token t_id="272" sentence="14" number="2">survived</token>
<token t_id="273" sentence="14" number="3">by</token>
<token t_id="274" sentence="14" number="4">his</token>
<token t_id="275" sentence="14" number="5">wife</token>
<token t_id="276" sentence="14" number="6">,</token>
<token t_id="277" sentence="14" number="7">two</token>
<token t_id="278" sentence="14" number="8">sons</token>
<token t_id="279" sentence="14" number="9">,</token>
<token t_id="280" sentence="14" number="10">and</token>
<token t_id="281" sentence="14" number="11">mother</token>
<token t_id="282" sentence="14" number="12">.</token>
<token t_id="283" sentence="15" number="0">He</token>
<token t_id="284" sentence="15" number="1">is</token>
<token t_id="285" sentence="15" number="2">buried</token>
<token t_id="286" sentence="15" number="3">in</token>
<token t_id="287" sentence="15" number="4">Calvary</token>
<token t_id="288" sentence="15" number="5">Cemetery</token>
<token t_id="289" sentence="15" number="6">,</token>
<token t_id="290" sentence="15" number="7">Los</token>
<token t_id="291" sentence="15" number="8">Angeles</token>
<token t_id="292" sentence="15" number="9">,</token>
<token t_id="293" sentence="15" number="10">California</token>
<token t_id="294" sentence="15" number="11">.</token>


<Markables>
<ACTION_OCCURRENCE m_id="1" climaxEvent="FALSE" comment=""  >
<token_anchor t_id="49"/>
</ACTION_OCCURRENCE>
<ACTION_OCCURRENCE m_id="2" climaxEvent="FALSE" comment=""  >
<token_anchor t_id="51"/>
</ACTION_OCCURRENCE>
<ACTION_OCCURRENCE m_id="3" climaxEvent="FALSE" comment=""  >
<token_anchor t_id="57"/>
</ACTION_OCCURRENCE>
<ACTION_OCCURRENCE m_id="4" climaxEvent="FALSE" comment=""  >
<token_anchor t_id="107"/>
</ACTION_OCCURRENCE>
<ACTION_OCCURRENCE m_id="5" climaxEvent="FALSE" comment=""  >
<token_anchor t_id="108"/>
</ACTION_OCCURRENCE>
<ACTION_OCCURRENCE m_id="6" climaxEvent="FALSE" comment=""  >
<token_anchor t_id="110"/>
</ACTION_OCCURRENCE>
<ACTION_OCCURRENCE m_id="7" climaxEvent="FALSE" comment=""  >
<token_anchor t_id="90"/>
</ACTION_OCCURRENCE>
<ACTION_OCCURRENCE m_id="8" climaxEvent="FALSE" comment=""  >
<token_anchor t_id="47"/>
</ACTION_OCCURRENCE>
<HUMAN_PART_PER m_id="9" comment=""  >
<token_anchor t_id="89"/>
</HUMAN_PART_PER>
<HUMAN_PART_PER m_id="10" comment=""  >
<token_anchor t_id="24"/>
<token_anchor t_id="25"/>
</HUMAN_PART_PER>
<HUMAN_PART_PER m_id="11" comment=""  >
<token_anchor t_id="44"/>
<token_anchor t_id="45"/>
</HUMAN_PART_PER>
<HUMAN_PART_PER m_id="12" comment=""  >
<token_anchor t_id="93"/>
</HUMAN_PART_PER>
<HUMAN_PART_PER m_id="13" comment=""  >
<token_anchor t_id="102"/>
</HUMAN_PART_PER>
<HUMAN_PART_PER m_id="14" comment=""  >
<token_anchor t_id="111"/>
</HUMAN_PART_PER>
<LOC_FAC m_id="15"  >
<token_anchor t_id="26"/>
<token_anchor t_id="27"/>
<token_anchor t_id="28"/>
<token_anchor t_id="29"/>
<token_anchor t_id="30"/>
<token_anchor t_id="31"/>
<token_anchor t_id="32"/>
</LOC_FAC>
<LOC_FAC m_id="16"  >
<token_anchor t_id="94"/>
<token_anchor t_id="95"/>
<token_anchor t_id="96"/>
<token_anchor t_id="97"/>
<token_anchor t_id="98"/>
<token_anchor t_id="99"/>
</LOC_FAC>
<LOC_OTHER m_id="17"  >
<token_anchor t_id="112"/>
<token_anchor t_id="113"/>
<token_anchor t_id="114"/>
</LOC_OTHER>
<NON_HUMAN_PART m_id="18" comment=""  >
<token_anchor t_id="54"/>
</NON_HUMAN_PART>
<TIME_DATE m_id="19" comment="" DCT="FALSE" value="2005-07-23" anchorTimeID="20"  >
<token_anchor t_id="104"/>
<token_anchor t_id="105"/>
<token_anchor t_id="106"/>
</TIME_DATE>
<TIME_DATE m_id="20" comment="" DCT="TRUE" value="2005-06-24" anchorTimeID=""  >
<token_anchor t_id="37"/>
<token_anchor t_id="38"/>
<token_anchor t_id="39"/>
<token_anchor t_id="40"/>
<token_anchor t_id="41"/>
<token_anchor t_id="42"/>
</TIME_DATE>


<ACTION_OCCURRENCE m_id="21" RELATED_TO="" TAG_DESCRIPTOR="t15_investigation" climaxEvent="FALSE" comment="" />
<HUMAN_PART_PER m_id="22" RELATED_TO="" TAG_DESCRIPTOR="t15_neighbour" comment="" />
<HUMAN_PART_PER m_id="23" RELATED_TO="" TAG_DESCRIPTOR="t15_ortiz" comment="" />
<NON_HUMAN_PART m_id="24" RELATED_TO="" TAG_DESCRIPTOR="t15_door" comment="" />
<LOC_FAC m_id="25" RELATED_TO="" TAG_DESCRIPTOR="t15_apartment" />
<ACTION_OCCURRENCE m_id="26" RELATED_TO="" TAG_DESCRIPTOR="t15_shot" climaxEvent="FALSE" comment="" />
<HUMAN_PART_PER m_id="27" RELATED_TO="" TAG_DESCRIPTOR="t15_orozco" comment="" />
<ACTION_OCCURRENCE m_id="28" RELATED_TO="" TAG_DESCRIPTOR="t15_knocking" climaxEvent="FALSE" comment="" />
<LOC_OTHER m_id="29" RELATED_TO="" TAG_DESCRIPTOR="t15_head" />
<ACTION_OCCURRENCE m_id="30" RELATED_TO="" TAG_DESCRIPTOR="t15_spoke_to_neighbour" climaxEvent="FALSE" comment="" />
<ACTION_OCCURRENCE m_id="31" RELATED_TO="" TAG_DESCRIPTOR="t15_murder" climaxEvent="FALSE" comment="" />
</Markables>

<Relations>
<TLINK r_id="242543" contextualModality="" relType="CONTAINS" comment="" >
<source m_id="20" />
<target m_id="8" />
</TLINK>
<TLINK r_id="242544" contextualModality="" relType="CONTAINS" comment="" >
<source m_id="20" />
<target m_id="1" />
</TLINK>
<TLINK r_id="242545" contextualModality="" relType="CONTAINS" comment="" >
<source m_id="20" />
<target m_id="2" />
</TLINK>
<TLINK r_id="242546" contextualModality="" relType="OVERLAP" comment="" >
<source m_id="20" />
<target m_id="3" />
</TLINK>
<TLINK r_id="242547" contextualModality="" relType="AFTER" comment="" >
<source m_id="20" />
<target m_id="4" />
</TLINK>
<TLINK r_id="242548" contextualModality="" relType="CONTAINS" comment="" >
<source m_id="20" />
<target m_id="6" />
</TLINK>
<PLOT_LINK r_id="242549" SIGNAL="" relType="PRECONDITION" CAUSES="FALSE" CAUSED_BY="FALSE" >
<source m_id="8" />
<target m_id="1" />
</PLOT_LINK>
<PLOT_LINK r_id="242550" SIGNAL="" relType="FALLING_ACTION" CAUSES="FALSE" CAUSED_BY="FALSE" >
<source m_id="8" />
<target m_id="2" />
</PLOT_LINK>
<PLOT_LINK r_id="242551" SIGNAL="" relType="FALLING_ACTION" CAUSES="FALSE" CAUSED_BY="FALSE" >
<source m_id="2" />
<target m_id="3" />
</PLOT_LINK>
<PLOT_LINK r_id="242552" SIGNAL="" relType="PRECONDITION" CAUSES="FALSE" CAUSED_BY="FALSE" >
<source m_id="2" />
<target m_id="6" />
</PLOT_LINK>
<PLOT_LINK r_id="242553" SIGNAL="" relType="FALLING_ACTION" CAUSES="FALSE" CAUSED_BY="FALSE" >
<source m_id="3" />
<target m_id="4" />
</PLOT_LINK>
<TLINK r_id="252739" contextualModality="" relType="CONTAINS" comment="" >
<source m_id="20" />
<target m_id="7" />
</TLINK>
<TLINK r_id="252740" contextualModality="" relType="CONTAINS" comment="" >
<source m_id="19" />
<target m_id="4" />
</TLINK>
<TLINK r_id="252741" contextualModality="" relType="BEFORE" comment="" >
<source m_id="19" />
<target m_id="5" />
</TLINK>
<TLINK r_id="252742" contextualModality="" relType="BEFORE" comment="" >
<source m_id="19" />
<target m_id="6" />
</TLINK>
<TLINK r_id="252743" contextualModality="" relType="BEFORE" comment="" >
<source m_id="19" />
<target m_id="7" />
</TLINK>
</Relations>
</Document>
