<Document doc_name="16_4ecbplus.xml">
<token t_id="1" sentence="0" number="0">http</token>
<token t_id="2" sentence="0" number="1">:</token>
<token t_id="3" sentence="0" number="2">/</token>
<token t_id="4" sentence="0" number="3">/</token>
<token t_id="5" sentence="0" number="4">www</token>
<token t_id="6" sentence="0" number="5">.</token>
<token t_id="7" sentence="0" number="6">laspa</token>
<token t_id="8" sentence="0" number="7">.</token>
<token t_id="9" sentence="0" number="8">org</token>
<token t_id="10" sentence="0" number="9">/</token>
<token t_id="11" sentence="0" number="10">services</token>
<token t_id="12" sentence="0" number="11">/</token>
<token t_id="13" sentence="0" number="12">memorium</token>
<token t_id="14" sentence="0" number="13">/</token>
<token t_id="15" sentence="0" number="14">jerry</token>
<token t_id="16" sentence="0" number="15">_</token>
<token t_id="17" sentence="0" number="16">ortiz</token>
<token t_id="18" sentence="0" number="17">.</token>
<token t_id="19" sentence="0" number="18">htm</token>
<token t_id="20" sentence="1" number="0">A</token>
<token t_id="21" sentence="1" number="1">Los</token>
<token t_id="22" sentence="1" number="2">Angeles</token>
<token t_id="23" sentence="1" number="3">County</token>
<token t_id="24" sentence="1" number="4">Sheriff's</token>
<token t_id="25" sentence="1" number="5">Department</token>
<token t_id="26" sentence="1" number="6">deputy</token>
<token t_id="27" sentence="1" number="7">—</token>
<token t_id="28" sentence="1" number="8">a</token>
<token t_id="29" sentence="1" number="9">recently</token>
<token t_id="30" sentence="1" number="10">married</token>
<token t_id="31" sentence="1" number="11">father</token>
<token t_id="32" sentence="1" number="12">of</token>
<token t_id="33" sentence="1" number="13">two</token>
<token t_id="34" sentence="1" number="14">sons</token>
<token t_id="35" sentence="1" number="15">—</token>
<token t_id="36" sentence="1" number="16">died</token>
<token t_id="37" sentence="1" number="17">after</token>
<token t_id="38" sentence="1" number="18">a</token>
<token t_id="39" sentence="1" number="19">shooting</token>
<token t_id="40" sentence="1" number="20">Friday</token>
<token t_id="41" sentence="1" number="21">afternoon</token>
<token t_id="42" sentence="1" number="22">in</token>
<token t_id="43" sentence="1" number="23">Hawaiian</token>
<token t_id="44" sentence="1" number="24">Gardens</token>
<token t_id="45" sentence="1" number="25">,</token>
<token t_id="46" sentence="1" number="26">according</token>
<token t_id="47" sentence="1" number="27">to</token>
<token t_id="48" sentence="1" number="28">the</token>
<token t_id="49" sentence="1" number="29">sheriff's</token>
<token t_id="50" sentence="1" number="30">department</token>
<token t_id="51" sentence="1" number="31">.</token>
<token t_id="52" sentence="2" number="0">Gunfire</token>
<token t_id="53" sentence="2" number="1">was</token>
<token t_id="54" sentence="2" number="2">reported</token>
<token t_id="55" sentence="2" number="3">at</token>
<token t_id="56" sentence="2" number="4">about</token>
<token t_id="57" sentence="2" number="5">3</token>
<token t_id="58" sentence="2" number="6">p</token>
<token t_id="59" sentence="2" number="7">.</token>
<token t_id="60" sentence="2" number="8">m</token>
<token t_id="61" sentence="2" number="9">.</token>
<token t_id="62" sentence="2" number="10">in</token>
<token t_id="63" sentence="2" number="11">the</token>
<token t_id="64" sentence="2" number="12">Hawaiian</token>
<token t_id="65" sentence="2" number="13">Gardens</token>
<token t_id="66" sentence="2" number="14">area</token>
<token t_id="67" sentence="2" number="15">during</token>
<token t_id="68" sentence="2" number="16">an</token>
<token t_id="69" sentence="2" number="17">operation</token>
<token t_id="70" sentence="2" number="18">involving</token>
<token t_id="71" sentence="2" number="19">a</token>
<token t_id="72" sentence="2" number="20">uniformed</token>
<token t_id="73" sentence="2" number="21">gang</token>
<token t_id="74" sentence="2" number="22">enforcement</token>
<token t_id="75" sentence="2" number="23">deputy</token>
<token t_id="76" sentence="2" number="24">identified</token>
<token t_id="77" sentence="2" number="25">as</token>
<token t_id="78" sentence="2" number="26">Los</token>
<token t_id="79" sentence="2" number="27">Angeles</token>
<token t_id="80" sentence="2" number="28">County</token>
<token t_id="81" sentence="2" number="29">Sheriff's</token>
<token t_id="82" sentence="2" number="30">Deputy</token>
<token t_id="83" sentence="2" number="31">Jerry</token>
<token t_id="84" sentence="2" number="32">Ortiz</token>
<token t_id="85" sentence="2" number="33">,</token>
<token t_id="86" sentence="2" number="34">according</token>
<token t_id="87" sentence="2" number="35">to</token>
<token t_id="88" sentence="2" number="36">sheriff's</token>
<token t_id="89" sentence="2" number="37">officials</token>
<token t_id="90" sentence="2" number="38">.</token>
<token t_id="91" sentence="3" number="0">The</token>
<token t_id="92" sentence="3" number="1">location</token>
<token t_id="93" sentence="3" number="2">is</token>
<token t_id="94" sentence="3" number="3">about</token>
<token t_id="95" sentence="3" number="4">10</token>
<token t_id="96" sentence="3" number="5">blocks</token>
<token t_id="97" sentence="3" number="6">east</token>
<token t_id="98" sentence="3" number="7">of</token>
<token t_id="99" sentence="3" number="8">the</token>
<token t_id="100" sentence="3" number="9">605</token>
<token t_id="101" sentence="3" number="10">Freeway</token>
<token t_id="102" sentence="3" number="11">.</token>
<token t_id="103" sentence="4" number="0">Authorities</token>
<token t_id="104" sentence="4" number="1">said</token>
<token t_id="105" sentence="4" number="2">a</token>
<token t_id="106" sentence="4" number="3">witness</token>
<token t_id="107" sentence="4" number="4">called</token>
<token t_id="108" sentence="4" number="5">911</token>
<token t_id="109" sentence="4" number="6">to</token>
<token t_id="110" sentence="4" number="7">report</token>
<token t_id="111" sentence="4" number="8">the</token>
<token t_id="112" sentence="4" number="9">shooting</token>
<token t_id="113" sentence="4" number="10">,</token>
<token t_id="114" sentence="4" number="11">which</token>
<token t_id="115" sentence="4" number="12">occurred</token>
<token t_id="116" sentence="4" number="13">after</token>
<token t_id="117" sentence="4" number="14">Ortiz</token>
<token t_id="118" sentence="4" number="15">knocked</token>
<token t_id="119" sentence="4" number="16">on</token>
<token t_id="120" sentence="4" number="17">the</token>
<token t_id="121" sentence="4" number="18">residence's</token>
<token t_id="122" sentence="4" number="19">door</token>
<token t_id="123" sentence="4" number="20">,</token>
<token t_id="124" sentence="4" number="21">according</token>
<token t_id="125" sentence="4" number="22">to</token>
<token t_id="126" sentence="4" number="23">the</token>
<token t_id="127" sentence="4" number="24">sheriff's</token>
<token t_id="128" sentence="4" number="25">department</token>
<token t_id="129" sentence="4" number="26">.</token>
<token t_id="130" sentence="5" number="0">Ortiz</token>
<token t_id="131" sentence="5" number="1">was</token>
<token t_id="132" sentence="5" number="2">shot</token>
<token t_id="133" sentence="5" number="3">in</token>
<token t_id="134" sentence="5" number="4">the</token>
<token t_id="135" sentence="5" number="5">head</token>
<token t_id="136" sentence="5" number="6">,</token>
<token t_id="137" sentence="5" number="7">said</token>
<token t_id="138" sentence="5" number="8">Larry</token>
<token t_id="139" sentence="5" number="9">Waldie</token>
<token t_id="140" sentence="5" number="10">of</token>
<token t_id="141" sentence="5" number="11">the</token>
<token t_id="142" sentence="5" number="12">sheriff's</token>
<token t_id="143" sentence="5" number="13">department</token>
<token t_id="144" sentence="5" number="14">.</token>
<token t_id="145" sentence="6" number="0">He</token>
<token t_id="146" sentence="6" number="1">was</token>
<token t_id="147" sentence="6" number="2">transported</token>
<token t_id="148" sentence="6" number="3">in</token>
<token t_id="149" sentence="6" number="4">a</token>
<token t_id="150" sentence="6" number="5">helicopter</token>
<token t_id="151" sentence="6" number="6">to</token>
<token t_id="152" sentence="6" number="7">UCLA</token>
<token t_id="153" sentence="6" number="8">-</token>
<token t_id="154" sentence="6" number="9">Medical</token>
<token t_id="155" sentence="6" number="10">Center</token>
<token t_id="156" sentence="6" number="11">.</token>
<token t_id="157" sentence="7" number="0">As</token>
<token t_id="158" sentence="7" number="1">of</token>
<token t_id="159" sentence="7" number="2">11</token>
<token t_id="160" sentence="7" number="3">p</token>
<token t_id="161" sentence="7" number="4">.</token>
<token t_id="162" sentence="7" number="5">m</token>
<token t_id="163" sentence="7" number="6">.</token>
<token t_id="164" sentence="7" number="7">authorities</token>
<token t_id="165" sentence="7" number="8">were</token>
<token t_id="166" sentence="7" number="9">still</token>
<token t_id="167" sentence="7" number="10">searching</token>
<token t_id="168" sentence="7" number="11">for</token>
<token t_id="169" sentence="7" number="12">Jose</token>
<token t_id="170" sentence="7" number="13">Luis</token>
<token t_id="171" sentence="7" number="14">Orozco</token>
<token t_id="172" sentence="7" number="15">,</token>
<token t_id="173" sentence="7" number="16">27</token>
<token t_id="174" sentence="7" number="17">,</token>
<token t_id="175" sentence="7" number="18">who</token>
<token t_id="176" sentence="7" number="19">is</token>
<token t_id="177" sentence="7" number="20">considered</token>
<token t_id="178" sentence="7" number="21">armed</token>
<token t_id="179" sentence="7" number="22">and</token>
<token t_id="180" sentence="7" number="23">dangerous</token>
<token t_id="181" sentence="7" number="24">.</token>
<token t_id="182" sentence="8" number="0">He</token>
<token t_id="183" sentence="8" number="1">is</token>
<token t_id="184" sentence="8" number="2">5</token>
<token t_id="185" sentence="8" number="3">-</token>
<token t_id="186" sentence="8" number="4">feet</token>
<token t_id="187" sentence="8" number="5">-</token>
<token t_id="188" sentence="8" number="6">8</token>
<token t_id="189" sentence="8" number="7">inches</token>
<token t_id="190" sentence="8" number="8">tall</token>
<token t_id="191" sentence="8" number="9">,</token>
<token t_id="192" sentence="8" number="10">weighing</token>
<token t_id="193" sentence="8" number="11">130</token>
<token t_id="194" sentence="8" number="12">pounds</token>
<token t_id="195" sentence="8" number="13">,</token>
<token t_id="196" sentence="8" number="14">has</token>
<token t_id="197" sentence="8" number="15">a</token>
<token t_id="198" sentence="8" number="16">shaved</token>
<token t_id="199" sentence="8" number="17">head</token>
<token t_id="200" sentence="8" number="18">and</token>
<token t_id="201" sentence="8" number="19">is</token>
<token t_id="202" sentence="8" number="20">heavily</token>
<token t_id="203" sentence="8" number="21">tattooed</token>
<token t_id="204" sentence="8" number="22">.</token>
<token t_id="205" sentence="9" number="0">He</token>
<token t_id="206" sentence="9" number="1">was</token>
<token t_id="207" sentence="9" number="2">wearing</token>
<token t_id="208" sentence="9" number="3">knee</token>
<token t_id="209" sentence="9" number="4">-</token>
<token t_id="210" sentence="9" number="5">length</token>
<token t_id="211" sentence="9" number="6">shorts</token>
<token t_id="212" sentence="9" number="7">with</token>
<token t_id="213" sentence="9" number="8">white</token>
<token t_id="214" sentence="9" number="9">tennis</token>
<token t_id="215" sentence="9" number="10">shoes</token>
<token t_id="216" sentence="9" number="11">,</token>
<token t_id="217" sentence="9" number="12">according</token>
<token t_id="218" sentence="9" number="13">to</token>
<token t_id="219" sentence="9" number="14">the</token>
<token t_id="220" sentence="9" number="15">sheriff's</token>
<token t_id="221" sentence="9" number="16">department</token>
<token t_id="222" sentence="9" number="17">.</token>
<token t_id="223" sentence="10" number="0">Ortiz</token>
<token t_id="224" sentence="10" number="1">,</token>
<token t_id="225" sentence="10" number="2">35</token>
<token t_id="226" sentence="10" number="3">,</token>
<token t_id="227" sentence="10" number="4">was</token>
<token t_id="228" sentence="10" number="5">a</token>
<token t_id="229" sentence="10" number="6">15</token>
<token t_id="230" sentence="10" number="7">-</token>
<token t_id="231" sentence="10" number="8">year</token>
<token t_id="232" sentence="10" number="9">member</token>
<token t_id="233" sentence="10" number="10">of</token>
<token t_id="234" sentence="10" number="11">the</token>
<token t_id="235" sentence="10" number="12">sheriff's</token>
<token t_id="236" sentence="10" number="13">department</token>
<token t_id="237" sentence="10" number="14">.</token>
<token t_id="238" sentence="11" number="0">He</token>
<token t_id="239" sentence="11" number="1">had</token>
<token t_id="240" sentence="11" number="2">been</token>
<token t_id="241" sentence="11" number="3">working</token>
<token t_id="242" sentence="11" number="4">with</token>
<token t_id="243" sentence="11" number="5">the</token>
<token t_id="244" sentence="11" number="6">gang</token>
<token t_id="245" sentence="11" number="7">enforcement</token>
<token t_id="246" sentence="11" number="8">team</token>
<token t_id="247" sentence="11" number="9">for</token>
<token t_id="248" sentence="11" number="10">the</token>
<token t_id="249" sentence="11" number="11">last</token>
<token t_id="250" sentence="11" number="12">five</token>
<token t_id="251" sentence="11" number="13">years</token>
<token t_id="252" sentence="11" number="14">.</token>
<token t_id="253" sentence="12" number="0">Sheriff's</token>
<token t_id="254" sentence="12" number="1">department</token>
<token t_id="255" sentence="12" number="2">officials</token>
<token t_id="256" sentence="12" number="3">initially</token>
<token t_id="257" sentence="12" number="4">reported</token>
<token t_id="258" sentence="12" number="5">that</token>
<token t_id="259" sentence="12" number="6">a</token>
<token t_id="260" sentence="12" number="7">second</token>
<token t_id="261" sentence="12" number="8">deputy</token>
<token t_id="262" sentence="12" number="9">was</token>
<token t_id="263" sentence="12" number="10">shot</token>
<token t_id="264" sentence="12" number="11">,</token>
<token t_id="265" sentence="12" number="12">but</token>
<token t_id="266" sentence="12" number="13">authorities</token>
<token t_id="267" sentence="12" number="14">later</token>
<token t_id="268" sentence="12" number="15">said</token>
<token t_id="269" sentence="12" number="16">the</token>
<token t_id="270" sentence="12" number="17">responding</token>
<token t_id="271" sentence="12" number="18">deputy's</token>
<token t_id="272" sentence="12" number="19">injuries</token>
<token t_id="273" sentence="12" number="20">were</token>
<token t_id="274" sentence="12" number="21">not</token>
<token t_id="275" sentence="12" number="22">caused</token>
<token t_id="276" sentence="12" number="23">by</token>
<token t_id="277" sentence="12" number="24">gunfire</token>
<token t_id="278" sentence="12" number="25">.</token>
<token t_id="279" sentence="13" number="0">Sheriff's</token>
<token t_id="280" sentence="13" number="1">officials</token>
<token t_id="281" sentence="13" number="2">said</token>
<token t_id="282" sentence="13" number="3">the</token>
<token t_id="283" sentence="13" number="4">second</token>
<token t_id="284" sentence="13" number="5">deputy</token>
<token t_id="285" sentence="13" number="6">was</token>
<token t_id="286" sentence="13" number="7">injured</token>
<token t_id="287" sentence="13" number="8">when</token>
<token t_id="288" sentence="13" number="9">he</token>
<token t_id="289" sentence="13" number="10">fell</token>
<token t_id="290" sentence="13" number="11">.</token>
<token t_id="291" sentence="14" number="0">That</token>
<token t_id="292" sentence="14" number="1">deputy</token>
<token t_id="293" sentence="14" number="2">was</token>
<token t_id="294" sentence="14" number="3">hospitalized</token>
<token t_id="295" sentence="14" number="4">at</token>
<token t_id="296" sentence="14" number="5">Tri</token>
<token t_id="297" sentence="14" number="6">-</token>
<token t_id="298" sentence="14" number="7">Cities</token>
<token t_id="299" sentence="14" number="8">Hospital</token>
<token t_id="300" sentence="14" number="9">.</token>
<token t_id="301" sentence="15" number="0">A</token>
<token t_id="302" sentence="15" number="1">SWAT</token>
<token t_id="303" sentence="15" number="2">unit</token>
<token t_id="304" sentence="15" number="3">was</token>
<token t_id="305" sentence="15" number="4">dispatched</token>
<token t_id="306" sentence="15" number="5">to</token>
<token t_id="307" sentence="15" number="6">the</token>
<token t_id="308" sentence="15" number="7">area</token>
<token t_id="309" sentence="15" number="8">near</token>
<token t_id="310" sentence="15" number="9">Carson</token>
<token t_id="311" sentence="15" number="10">Street</token>
<token t_id="312" sentence="15" number="11">and</token>
<token t_id="313" sentence="15" number="12">Norwalk</token>
<token t_id="314" sentence="15" number="13">Boulevard</token>
<token t_id="315" sentence="15" number="14">.</token>
<token t_id="316" sentence="16" number="0">Deputies</token>
<token t_id="317" sentence="16" number="1">and</token>
<token t_id="318" sentence="16" number="2">at</token>
<token t_id="319" sentence="16" number="3">least</token>
<token t_id="320" sentence="16" number="4">one</token>
<token t_id="321" sentence="16" number="5">canine</token>
<token t_id="322" sentence="16" number="6">unit</token>
<token t_id="323" sentence="16" number="7">also</token>
<token t_id="324" sentence="16" number="8">were</token>
<token t_id="325" sentence="16" number="9">at</token>
<token t_id="326" sentence="16" number="10">the</token>
<token t_id="327" sentence="16" number="11">scene</token>
<token t_id="328" sentence="16" number="12">.</token>
<token t_id="329" sentence="17" number="0">Authorities</token>
<token t_id="330" sentence="17" number="1">said</token>
<token t_id="331" sentence="17" number="2">they</token>
<token t_id="332" sentence="17" number="3">believe</token>
<token t_id="333" sentence="17" number="4">they</token>
<token t_id="334" sentence="17" number="5">know</token>
<token t_id="335" sentence="17" number="6">the</token>
<token t_id="336" sentence="17" number="7">identity</token>
<token t_id="337" sentence="17" number="8">of</token>
<token t_id="338" sentence="17" number="9">the</token>
<token t_id="339" sentence="17" number="10">shooter</token>
<token t_id="340" sentence="17" number="11">but</token>
<token t_id="341" sentence="17" number="12">no</token>
<token t_id="342" sentence="17" number="13">suspects</token>
<token t_id="343" sentence="17" number="14">have</token>
<token t_id="344" sentence="17" number="15">been</token>
<token t_id="345" sentence="17" number="16">taken</token>
<token t_id="346" sentence="17" number="17">into</token>
<token t_id="347" sentence="17" number="18">custody</token>
<token t_id="348" sentence="17" number="19">.</token>
<token t_id="349" sentence="18" number="0">UPDATE</token>
<token t_id="350" sentence="18" number="1">:</token>
<token t_id="351" sentence="19" number="0">A</token>
<token t_id="352" sentence="19" number="1">suspect</token>
<token t_id="353" sentence="19" number="2">has</token>
<token t_id="354" sentence="19" number="3">been</token>
<token t_id="355" sentence="19" number="4">arrested</token>
<token t_id="356" sentence="19" number="5">in</token>
<token t_id="357" sentence="19" number="6">connection</token>
<token t_id="358" sentence="19" number="7">with</token>
<token t_id="359" sentence="19" number="8">the</token>
<token t_id="360" sentence="19" number="9">killing</token>
<token t_id="361" sentence="19" number="10">of</token>
<token t_id="362" sentence="19" number="11">a</token>
<token t_id="363" sentence="19" number="12">Los</token>
<token t_id="364" sentence="19" number="13">Angeles</token>
<token t_id="365" sentence="19" number="14">County</token>
<token t_id="366" sentence="19" number="15">sheriff's</token>
<token t_id="367" sentence="19" number="16">deputy</token>
<token t_id="368" sentence="19" number="17">conducting</token>
<token t_id="369" sentence="19" number="18">a</token>
<token t_id="370" sentence="19" number="19">follow</token>
<token t_id="371" sentence="19" number="20">-</token>
<token t_id="372" sentence="19" number="21">up</token>
<token t_id="373" sentence="19" number="22">investigation</token>
<token t_id="374" sentence="19" number="23">in</token>
<token t_id="375" sentence="19" number="24">a</token>
<token t_id="376" sentence="19" number="25">gang</token>
<token t_id="377" sentence="19" number="26">case</token>
<token t_id="378" sentence="19" number="27">,</token>
<token t_id="379" sentence="19" number="28">authorities</token>
<token t_id="380" sentence="19" number="29">said</token>
<token t_id="381" sentence="19" number="30">today</token>
<token t_id="382" sentence="19" number="31">.</token>
<token t_id="383" sentence="20" number="0">Jose</token>
<token t_id="384" sentence="20" number="1">Luis</token>
<token t_id="385" sentence="20" number="2">Orozco</token>
<token t_id="386" sentence="20" number="3">was</token>
<token t_id="387" sentence="20" number="4">arrested</token>
<token t_id="388" sentence="20" number="5">just</token>
<token t_id="389" sentence="20" number="6">before</token>
<token t_id="390" sentence="20" number="7">midnight</token>
<token t_id="391" sentence="20" number="8">yesterday</token>
<token t_id="392" sentence="20" number="9">,</token>
<token t_id="393" sentence="20" number="10">near</token>
<token t_id="394" sentence="20" number="11">where</token>
<token t_id="395" sentence="20" number="12">the</token>
<token t_id="396" sentence="20" number="13">shooting</token>
<token t_id="397" sentence="20" number="14">ocurred</token>
<token t_id="398" sentence="20" number="15">in</token>
<token t_id="399" sentence="20" number="16">Hawaiian</token>
<token t_id="400" sentence="20" number="17">Gardens</token>
<token t_id="401" sentence="20" number="18">,</token>
<token t_id="402" sentence="20" number="19">Los</token>
<token t_id="403" sentence="20" number="20">Angeles</token>
<token t_id="404" sentence="20" number="21">County</token>
<token t_id="405" sentence="20" number="22">sheriff's</token>
<token t_id="406" sentence="20" number="23">Sgt</token>
<token t_id="407" sentence="20" number="24">.</token>
<token t_id="408" sentence="20" number="25">Don</token>
<token t_id="409" sentence="20" number="26">Manumaleuna</token>
<token t_id="410" sentence="20" number="27">said</token>
<token t_id="411" sentence="20" number="28">.</token>
<token t_id="412" sentence="21" number="0">No</token>
<token t_id="413" sentence="21" number="1">shots</token>
<token t_id="414" sentence="21" number="2">were</token>
<token t_id="415" sentence="21" number="3">fired</token>
<token t_id="416" sentence="21" number="4">when</token>
<token t_id="417" sentence="21" number="5">Orozco</token>
<token t_id="418" sentence="21" number="6">was</token>
<token t_id="419" sentence="21" number="7">taken</token>
<token t_id="420" sentence="21" number="8">into</token>
<token t_id="421" sentence="21" number="9">custody</token>
<token t_id="422" sentence="21" number="10">,</token>
<token t_id="423" sentence="21" number="11">he</token>
<token t_id="424" sentence="21" number="12">added</token>
<token t_id="425" sentence="21" number="13">.</token>


<Markables>
<ACTION_OCCURRENCE m_id="1" climaxEvent="FALSE" comment=""  >
<token_anchor t_id="52"/>
</ACTION_OCCURRENCE>
<ACTION_OCCURRENCE m_id="2" climaxEvent="FALSE" comment=""  >
<token_anchor t_id="69"/>
</ACTION_OCCURRENCE>
<ACTION_OCCURRENCE m_id="3" climaxEvent="FALSE" comment=""  >
<token_anchor t_id="70"/>
</ACTION_OCCURRENCE>
<ACTION_OCCURRENCE m_id="4" climaxEvent="FALSE" comment=""  >
<token_anchor t_id="76"/>
</ACTION_OCCURRENCE>
<ACTION_OCCURRENCE m_id="5" climaxEvent="FALSE" comment=""  >
<token_anchor t_id="112"/>
</ACTION_OCCURRENCE>
<ACTION_OCCURRENCE m_id="6" climaxEvent="FALSE" comment=""  >
<token_anchor t_id="115"/>
</ACTION_OCCURRENCE>
<ACTION_OCCURRENCE m_id="7" climaxEvent="FALSE" comment=""  >
<token_anchor t_id="118"/>
</ACTION_OCCURRENCE>
<ACTION_OCCURRENCE m_id="8" climaxEvent="FALSE" comment=""  >
<token_anchor t_id="132"/>
</ACTION_OCCURRENCE>
<ACTION_OCCURRENCE m_id="9" climaxEvent="FALSE" comment=""  >
<token_anchor t_id="107"/>
</ACTION_OCCURRENCE>
<ACTION_OCCURRENCE m_id="10" climaxEvent="FALSE" comment=""  >
<token_anchor t_id="30"/>
</ACTION_OCCURRENCE>
<ACTION_OCCURRENCE m_id="11" climaxEvent="FALSE" comment=""  >
<token_anchor t_id="110"/>
</ACTION_OCCURRENCE>
<ACTION_OCCURRENCE m_id="12" climaxEvent="TRUE" comment=""  >
<token_anchor t_id="36"/>
</ACTION_OCCURRENCE>
<ACTION_OCCURRENCE m_id="13" climaxEvent="FALSE" comment=""  >
<token_anchor t_id="39"/>
</ACTION_OCCURRENCE>
<ACTION_REPORTING m_id="14" comment=""  >
<token_anchor t_id="46"/>
<token_anchor t_id="47"/>
</ACTION_REPORTING>
<ACTION_REPORTING m_id="15" comment=""  >
<token_anchor t_id="137"/>
</ACTION_REPORTING>
<ACTION_REPORTING m_id="16" comment=""  >
<token_anchor t_id="54"/>
</ACTION_REPORTING>
<ACTION_REPORTING m_id="17" comment=""  >
<token_anchor t_id="104"/>
</ACTION_REPORTING>
<HUMAN_PART_ORG m_id="18"  >
<token_anchor t_id="127"/>
<token_anchor t_id="128"/>
</HUMAN_PART_ORG>
<HUMAN_PART_ORG m_id="19"  >
<token_anchor t_id="142"/>
<token_anchor t_id="143"/>
</HUMAN_PART_ORG>
<HUMAN_PART_ORG m_id="20"  >
<token_anchor t_id="49"/>
<token_anchor t_id="50"/>
</HUMAN_PART_ORG>
<HUMAN_PART_PER m_id="21" comment=""  >
<token_anchor t_id="83"/>
<token_anchor t_id="84"/>
</HUMAN_PART_PER>
<HUMAN_PART_PER m_id="22" comment=""  >
<token_anchor t_id="117"/>
</HUMAN_PART_PER>
<HUMAN_PART_PER m_id="23" comment=""  >
<token_anchor t_id="130"/>
</HUMAN_PART_PER>
<HUMAN_PART_PER m_id="24" comment=""  >
<token_anchor t_id="89"/>
</HUMAN_PART_PER>
<HUMAN_PART_PER m_id="25" comment=""  >
<token_anchor t_id="75"/>
</HUMAN_PART_PER>
<HUMAN_PART_PER m_id="26" comment=""  >
<token_anchor t_id="103"/>
</HUMAN_PART_PER>
<HUMAN_PART_PER m_id="27" comment=""  >
<token_anchor t_id="106"/>
</HUMAN_PART_PER>
<HUMAN_PART_PER m_id="28" comment=""  >
<token_anchor t_id="138"/>
<token_anchor t_id="139"/>
</HUMAN_PART_PER>
<HUMAN_PART_PER m_id="29" comment=""  >
<token_anchor t_id="121"/>
</HUMAN_PART_PER>
<HUMAN_PART_PER m_id="30" comment=""  >
<token_anchor t_id="26"/>
</HUMAN_PART_PER>
<HUMAN_PART_PER m_id="31" comment=""  >
<token_anchor t_id="31"/>
</HUMAN_PART_PER>
<HUMAN_PART_PER m_id="32" comment=""  >
<token_anchor t_id="34"/>
</HUMAN_PART_PER>
<LOC_GEO m_id="33" comment=""  >
<token_anchor t_id="62"/>
<token_anchor t_id="63"/>
<token_anchor t_id="64"/>
<token_anchor t_id="65"/>
<token_anchor t_id="66"/>
</LOC_GEO>
<LOC_GEO m_id="34" comment=""  >
<token_anchor t_id="42"/>
<token_anchor t_id="43"/>
<token_anchor t_id="44"/>
</LOC_GEO>
<LOC_OTHER m_id="35"  >
<token_anchor t_id="133"/>
<token_anchor t_id="134"/>
<token_anchor t_id="135"/>
</LOC_OTHER>
<NON_HUMAN_PART m_id="36" comment=""  >
<token_anchor t_id="122"/>
</NON_HUMAN_PART>
<TIME_OF_THE_DAY m_id="37" DCT="FALSE" value="2005-06-24T15:00Z" anchorTimeID="38"  >
<token_anchor t_id="56"/>
<token_anchor t_id="57"/>
<token_anchor t_id="58"/>
<token_anchor t_id="59"/>
<token_anchor t_id="60"/>
<token_anchor t_id="61"/>
</TIME_OF_THE_DAY>
<TIME_OF_THE_DAY m_id="38" DCT="FALSE" value="2005-06-24" anchorTimeID="55"  >
<token_anchor t_id="40"/>
<token_anchor t_id="41"/>
</TIME_OF_THE_DAY>


<HUMAN_PART_PER m_id="39" RELATED_TO="" TAG_DESCRIPTOR="t15_waldie" comment="" />
<ACTION_REPORTING m_id="40" RELATED_TO="" TAG_DESCRIPTOR="t15_authorities_said" comment="" />
<HUMAN_PART_PER m_id="41" RELATED_TO="" TAG_DESCRIPTOR="t15_authorities" comment="" />
<ACTION_OCCURRENCE m_id="42" RELATED_TO="" TAG_DESCRIPTOR="t15_dying" climaxEvent="FALSE" comment="" />
<ACTION_REPORTING m_id="43" RELATED_TO="" TAG_DESCRIPTOR="t15_waldie_said" comment="" />
<ACTION_OCCURRENCE m_id="44" RELATED_TO="" TAG_DESCRIPTOR="t15_shot" climaxEvent="FALSE" comment="" />
<ACTION_OCCURRENCE m_id="45" RELATED_TO="" TAG_DESCRIPTOR="t15_knocking" climaxEvent="FALSE" comment="" />
<LOC_GEO m_id="46" RELATED_TO="" TAG_DESCRIPTOR="t15_hawaiian_gardens" comment="" />
<ACTION_OCCURRENCE m_id="47" RELATED_TO="" TAG_DESCRIPTOR="t15_married" climaxEvent="FALSE" comment="" />
<LOC_OTHER m_id="48" RELATED_TO="" TAG_DESCRIPTOR="t15_head" />
<ACTION_OCCURRENCE m_id="49" RELATED_TO="" TAG_DESCRIPTOR="t15_gunfire" climaxEvent="FALSE" comment="" />
<HUMAN_PART_PER m_id="50" RELATED_TO="" TAG_DESCRIPTOR="t15_ortiz" comment="" />
<NON_HUMAN_PART m_id="51" RELATED_TO="" TAG_DESCRIPTOR="t15_door" comment="" />
<TIME_OF_THE_DAY m_id="52" RELATED_TO="" TAG_DESCRIPTOR="t15_friday_afternoon" DCT="FALSE" value="" anchorTimeID="" />
<HUMAN_PART_PER m_id="53" RELATED_TO="" TAG_DESCRIPTOR="t15_witness" comment="" />
<ACTION_OCCURRENCE m_id="54" RELATED_TO="" TAG_DESCRIPTOR="t15_called" climaxEvent="FALSE" comment="" />
<TIME_DATE m_id="55" RELATED_TO="" TAG_DESCRIPTOR="t_2005-06-24" comment="" DCT="TRUE" value="2005-06-24" anchorTimeID="" />
</Markables>

<Relations>
<TLINK r_id="242554" contextualModality="" relType="OVERLAP" comment="" >
<source m_id="38" />
<target m_id="10" />
</TLINK>
<TLINK r_id="242555" contextualModality="" relType="CONTAINS" comment="" >
<source m_id="38" />
<target m_id="12" />
</TLINK>
<TLINK r_id="242556" contextualModality="" relType="CONTAINS" comment="" >
<source m_id="38" />
<target m_id="13" />
</TLINK>
<TLINK r_id="242557" contextualModality="" relType="CONTAINS" comment="" >
<source m_id="38" />
<target m_id="2" />
</TLINK>
<TLINK r_id="242558" contextualModality="" relType="CONTAINS" comment="" >
<source m_id="38" />
<target m_id="4" />
</TLINK>
<TLINK r_id="242559" contextualModality="" relType="CONTAINS" comment="" >
<source m_id="38" />
<target m_id="9" />
</TLINK>
<TLINK r_id="242560" contextualModality="" relType="CONTAINS" comment="" >
<source m_id="38" />
<target m_id="5" />
</TLINK>
<TLINK r_id="242561" contextualModality="" relType="CONTAINS" comment="" >
<source m_id="38" />
<target m_id="7" />
</TLINK>
<TLINK r_id="242562" contextualModality="" relType="CONTAINS" comment="" >
<source m_id="38" />
<target m_id="8" />
</TLINK>
<TLINK r_id="242563" contextualModality="" relType="OVERLAP" comment="" >
<source m_id="55" />
<target m_id="10" />
</TLINK>
<TLINK r_id="242564" contextualModality="" relType="CONTAINS" comment="" >
<source m_id="55" />
<target m_id="12" />
</TLINK>
<TLINK r_id="242565" contextualModality="" relType="CONTAINS" comment="" >
<source m_id="55" />
<target m_id="13" />
</TLINK>
<TLINK r_id="242566" contextualModality="" relType="CONTAINS" comment="" >
<source m_id="55" />
<target m_id="1" />
</TLINK>
<TLINK r_id="242567" contextualModality="" relType="CONTAINS" comment="" >
<source m_id="55" />
<target m_id="2" />
</TLINK>
<TLINK r_id="242568" contextualModality="" relType="CONTAINS" comment="" >
<source m_id="55" />
<target m_id="4" />
</TLINK>
<TLINK r_id="242569" contextualModality="" relType="CONTAINS" comment="" >
<source m_id="55" />
<target m_id="9" />
</TLINK>
<TLINK r_id="242570" contextualModality="" relType="CONTAINS" comment="" >
<source m_id="55" />
<target m_id="5" />
</TLINK>
<TLINK r_id="242571" contextualModality="" relType="CONTAINS" comment="" >
<source m_id="55" />
<target m_id="7" />
</TLINK>
<TLINK r_id="242572" contextualModality="" relType="CONTAINS" comment="" >
<source m_id="55" />
<target m_id="8" />
</TLINK>
<PLOT_LINK r_id="242573" SIGNAL="" relType="FALLING_ACTION" CAUSES="FALSE" CAUSED_BY="FALSE" >
<source m_id="12" />
<target m_id="13" />
</PLOT_LINK>
<PLOT_LINK r_id="242574" SIGNAL="" relType="FALLING_ACTION" CAUSES="FALSE" CAUSED_BY="FALSE" >
<source m_id="9" />
<target m_id="5" />
</PLOT_LINK>
<PLOT_LINK r_id="242575" SIGNAL="" relType="FALLING_ACTION" CAUSES="FALSE" CAUSED_BY="FALSE" >
<source m_id="5" />
<target m_id="7" />
</PLOT_LINK>
<PLOT_LINK r_id="242576" SIGNAL="" relType="PRECONDITION" CAUSES="FALSE" CAUSED_BY="FALSE" >
<source m_id="7" />
<target m_id="8" />
</PLOT_LINK>
<TLINK r_id="252744" contextualModality="" relType="CONTAINS" comment="" >
<source m_id="55" />
<target m_id="16" />
</TLINK>
<TLINK r_id="252745" contextualModality="" relType="CONTAINS" comment="" >
<source m_id="55" />
<target m_id="3" />
</TLINK>
<TLINK r_id="252746" contextualModality="" relType="SIMULTANEOUS" comment="" >
<source m_id="37" />
<target m_id="16" />
</TLINK>
<TLINK r_id="252747" contextualModality="" relType="SIMULTANEOUS" comment="" >
<source m_id="37" />
<target m_id="1" />
</TLINK>
<TLINK r_id="252748" contextualModality="" relType="OVERLAP" comment="" >
<source m_id="37" />
<target m_id="2" />
</TLINK>
</Relations>
</Document>
