<Document doc_name="16_6ecbplus.xml">
<token t_id="1" sentence="0" number="0">http</token>
<token t_id="2" sentence="0" number="1">:</token>
<token t_id="3" sentence="0" number="2">/</token>
<token t_id="4" sentence="0" number="3">/</token>
<token t_id="5" sentence="0" number="4">articles</token>
<token t_id="6" sentence="0" number="5">.</token>
<token t_id="7" sentence="0" number="6">latimes</token>
<token t_id="8" sentence="0" number="7">.</token>
<token t_id="9" sentence="0" number="8">com</token>
<token t_id="10" sentence="0" number="9">/</token>
<token t_id="11" sentence="0" number="10">2007</token>
<token t_id="12" sentence="0" number="11">/</token>
<token t_id="13" sentence="0" number="12">apr</token>
<token t_id="14" sentence="0" number="13">/</token>
<token t_id="15" sentence="0" number="14">04</token>
<token t_id="16" sentence="0" number="15">/</token>
<token t_id="17" sentence="0" number="16">local</token>
<token t_id="18" sentence="0" number="17">/</token>
<token t_id="19" sentence="0" number="18">me</token>
<token t_id="20" sentence="0" number="19">-</token>
<token t_id="21" sentence="0" number="20">orozco4</token>
<token t_id="22" sentence="1" number="0">Deputy's</token>
<token t_id="23" sentence="1" number="1">killer</token>
<token t_id="24" sentence="1" number="2">gets</token>
<token t_id="25" sentence="1" number="3">death</token>
<token t_id="26" sentence="1" number="4">sentence</token>
<token t_id="27" sentence="2" number="0">The</token>
<token t_id="28" sentence="2" number="1">gang</token>
<token t_id="29" sentence="2" number="2">member</token>
<token t_id="30" sentence="2" number="3">shot</token>
<token t_id="31" sentence="2" number="4">Jerry</token>
<token t_id="32" sentence="2" number="5">Ortiz</token>
<token t_id="33" sentence="2" number="6">outside</token>
<token t_id="34" sentence="2" number="7">a</token>
<token t_id="35" sentence="2" number="8">Hawaiian</token>
<token t_id="36" sentence="2" number="9">Gardens</token>
<token t_id="37" sentence="2" number="10">building</token>
<token t_id="38" sentence="2" number="11">in</token>
<token t_id="39" sentence="2" number="12">2005</token>
<token t_id="40" sentence="2" number="13">.</token>
<token t_id="41" sentence="3" number="0">April</token>
<token t_id="42" sentence="3" number="1">04</token>
<token t_id="43" sentence="3" number="2">,</token>
<token t_id="44" sentence="3" number="3">2007</token>
<token t_id="45" sentence="4" number="0">A</token>
<token t_id="46" sentence="4" number="1">Norwalk</token>
<token t_id="47" sentence="4" number="2">jury</token>
<token t_id="48" sentence="4" number="3">on</token>
<token t_id="49" sentence="4" number="4">Tuesday</token>
<token t_id="50" sentence="4" number="5">ordered</token>
<token t_id="51" sentence="4" number="6">execution</token>
<token t_id="52" sentence="4" number="7">for</token>
<token t_id="53" sentence="4" number="8">a</token>
<token t_id="54" sentence="4" number="9">gang</token>
<token t_id="55" sentence="4" number="10">member</token>
<token t_id="56" sentence="4" number="11">convicted</token>
<token t_id="57" sentence="4" number="12">of</token>
<token t_id="58" sentence="4" number="13">murdering</token>
<token t_id="59" sentence="4" number="14">a</token>
<token t_id="60" sentence="4" number="15">Los</token>
<token t_id="61" sentence="4" number="16">Angeles</token>
<token t_id="62" sentence="4" number="17">County</token>
<token t_id="63" sentence="4" number="18">Sheriff's</token>
<token t_id="64" sentence="4" number="19">deputy</token>
<token t_id="65" sentence="4" number="20">in</token>
<token t_id="66" sentence="4" number="21">June</token>
<token t_id="67" sentence="4" number="22">2005</token>
<token t_id="68" sentence="4" number="23">.</token>
<token t_id="69" sentence="5" number="0">Deputy</token>
<token t_id="70" sentence="5" number="1">Luis</token>
<token t_id="71" sentence="5" number="2">Gerardo</token>
<token t_id="72" sentence="5" number="3">"Jerry"</token>
<token t_id="73" sentence="5" number="4">Ortiz</token>
<token t_id="74" sentence="5" number="5">,</token>
<token t_id="75" sentence="5" number="6">35</token>
<token t_id="76" sentence="5" number="7">,</token>
<token t_id="77" sentence="5" number="8">was</token>
<token t_id="78" sentence="5" number="9">shot</token>
<token t_id="79" sentence="5" number="10">outside</token>
<token t_id="80" sentence="5" number="11">a</token>
<token t_id="81" sentence="5" number="12">Hawaiian</token>
<token t_id="82" sentence="5" number="13">Gardens</token>
<token t_id="83" sentence="5" number="14">apartment</token>
<token t_id="84" sentence="5" number="15">building</token>
<token t_id="85" sentence="5" number="16">while</token>
<token t_id="86" sentence="5" number="17">investigating</token>
<token t_id="87" sentence="5" number="18">Jose</token>
<token t_id="88" sentence="5" number="19">Luis</token>
<token t_id="89" sentence="5" number="20">Orozco</token>
<token t_id="90" sentence="5" number="21">in</token>
<token t_id="91" sentence="5" number="22">connection</token>
<token t_id="92" sentence="5" number="23">with</token>
<token t_id="93" sentence="5" number="24">another</token>
<token t_id="94" sentence="5" number="25">shooting</token>
<token t_id="95" sentence="5" number="26">.</token>
<token t_id="96" sentence="6" number="0">Orozco</token>
<token t_id="97" sentence="6" number="1">,</token>
<token t_id="98" sentence="6" number="2">29</token>
<token t_id="99" sentence="6" number="3">,</token>
<token t_id="100" sentence="6" number="4">was</token>
<token t_id="101" sentence="6" number="5">found</token>
<token t_id="102" sentence="6" number="6">guilty</token>
<token t_id="103" sentence="6" number="7">by</token>
<token t_id="104" sentence="6" number="8">the</token>
<token t_id="105" sentence="6" number="9">same</token>
<token t_id="106" sentence="6" number="10">jury</token>
<token t_id="107" sentence="6" number="11">last</token>
<token t_id="108" sentence="6" number="12">month</token>
<token t_id="109" sentence="6" number="13">of</token>
<token t_id="110" sentence="6" number="14">first</token>
<token t_id="111" sentence="6" number="15">-</token>
<token t_id="112" sentence="6" number="16">degree</token>
<token t_id="113" sentence="6" number="17">murder</token>
<token t_id="114" sentence="6" number="18">with</token>
<token t_id="115" sentence="6" number="19">the</token>
<token t_id="116" sentence="6" number="20">special</token>
<token t_id="117" sentence="6" number="21">circumstances</token>
<token t_id="118" sentence="6" number="22">of</token>
<token t_id="119" sentence="6" number="23">murder</token>
<token t_id="120" sentence="6" number="24">of</token>
<token t_id="121" sentence="6" number="25">a</token>
<token t_id="122" sentence="6" number="26">police</token>
<token t_id="123" sentence="6" number="27">officer</token>
<token t_id="124" sentence="6" number="28">and</token>
<token t_id="125" sentence="6" number="29">possession</token>
<token t_id="126" sentence="6" number="30">of</token>
<token t_id="127" sentence="6" number="31">a</token>
<token t_id="128" sentence="6" number="32">firearm</token>
<token t_id="129" sentence="6" number="33">by</token>
<token t_id="130" sentence="6" number="34">a</token>
<token t_id="131" sentence="6" number="35">felon</token>
<token t_id="132" sentence="6" number="36">.</token>
<token t_id="133" sentence="7" number="0">"This</token>
<token t_id="134" sentence="7" number="1">is</token>
<token t_id="135" sentence="7" number="2">the</token>
<token t_id="136" sentence="7" number="3">kind</token>
<token t_id="137" sentence="7" number="4">of</token>
<token t_id="138" sentence="7" number="5">person</token>
<token t_id="139" sentence="7" number="6">and</token>
<token t_id="140" sentence="7" number="7">the</token>
<token t_id="141" sentence="7" number="8">kind</token>
<token t_id="142" sentence="7" number="9">of</token>
<token t_id="143" sentence="7" number="10">crime</token>
<token t_id="144" sentence="7" number="11">that</token>
<token t_id="145" sentence="7" number="12">the</token>
<token t_id="146" sentence="7" number="13">death</token>
<token t_id="147" sentence="7" number="14">penalty</token>
<token t_id="148" sentence="7" number="15">was</token>
<token t_id="149" sentence="7" number="16">made</token>
<token t_id="150" sentence="7" number="17">for</token>
<token t_id="151" sentence="7" number="18">,</token>
<token t_id="152" sentence="7" number="19">"</token>
<token t_id="153" sentence="7" number="20">said</token>
<token t_id="154" sentence="7" number="21">Dist</token>
<token t_id="155" sentence="7" number="22">.</token>
<token t_id="156" sentence="7" number="23">Atty</token>
<token t_id="157" sentence="7" number="24">.</token>
<token t_id="158" sentence="7" number="25">Steve</token>
<token t_id="159" sentence="7" number="26">Cooley</token>
<token t_id="160" sentence="7" number="27">.</token>
<token t_id="161" sentence="8" number="0">Sheriff's</token>
<token t_id="162" sentence="8" number="1">Deputy</token>
<token t_id="163" sentence="8" number="2">Timothy</token>
<token t_id="164" sentence="8" number="3">Brennan</token>
<token t_id="165" sentence="8" number="4">,</token>
<token t_id="166" sentence="8" number="5">who</token>
<token t_id="167" sentence="8" number="6">had</token>
<token t_id="168" sentence="8" number="7">been</token>
<token t_id="169" sentence="8" number="8">Ortiz's</token>
<token t_id="170" sentence="8" number="9">partner</token>
<token t_id="171" sentence="8" number="10">for</token>
<token t_id="172" sentence="8" number="11">a</token>
<token t_id="173" sentence="8" number="12">year</token>
<token t_id="174" sentence="8" number="13">,</token>
<token t_id="175" sentence="8" number="14">called</token>
<token t_id="176" sentence="8" number="15">the</token>
<token t_id="177" sentence="8" number="16">verdict</token>
<token t_id="178" sentence="8" number="17">bittersweet</token>
<token t_id="179" sentence="8" number="18">.</token>
<token t_id="180" sentence="9" number="0">He</token>
<token t_id="181" sentence="9" number="1">explained</token>
<token t_id="182" sentence="9" number="2">,</token>
<token t_id="183" sentence="9" number="3">"You</token>
<token t_id="184" sentence="9" number="4">feel</token>
<token t_id="185" sentence="9" number="5">good</token>
<token t_id="186" sentence="9" number="6">,</token>
<token t_id="187" sentence="9" number="7">but</token>
<token t_id="188" sentence="9" number="8">it's</token>
<token t_id="189" sentence="9" number="9">never</token>
<token t_id="190" sentence="9" number="10">going</token>
<token t_id="191" sentence="9" number="11">to</token>
<token t_id="192" sentence="9" number="12">bring</token>
<token t_id="193" sentence="9" number="13">Jerry</token>
<token t_id="194" sentence="9" number="14">back</token>
<token t_id="195" sentence="9" number="15">to</token>
<token t_id="196" sentence="9" number="16">his</token>
<token t_id="197" sentence="9" number="17">family</token>
<token t_id="198" sentence="9" number="18">and</token>
<token t_id="199" sentence="9" number="19">friends</token>
<token t_id="200" sentence="9" number="20">.</token>
<token t_id="201" sentence="9" number="21">"</token>
<token t_id="202" sentence="10" number="0">Orozco</token>
<token t_id="203" sentence="10" number="1">is</token>
<token t_id="204" sentence="10" number="2">to</token>
<token t_id="205" sentence="10" number="3">be</token>
<token t_id="206" sentence="10" number="4">formally</token>
<token t_id="207" sentence="10" number="5">sentenced</token>
<token t_id="208" sentence="10" number="6">May</token>
<token t_id="209" sentence="10" number="7">3</token>
<token t_id="210" sentence="10" number="8">by</token>
<token t_id="211" sentence="10" number="9">Judge</token>
<token t_id="212" sentence="10" number="10">Philip</token>
<token t_id="213" sentence="10" number="11">H</token>
<token t_id="214" sentence="10" number="12">.</token>
<token t_id="215" sentence="10" number="13">Hickock</token>
<token t_id="216" sentence="10" number="14">.</token>
<token t_id="217" sentence="11" number="0">Stanley</token>
<token t_id="218" sentence="11" number="1">Perlo</token>
<token t_id="219" sentence="11" number="2">,</token>
<token t_id="220" sentence="11" number="3">one</token>
<token t_id="221" sentence="11" number="4">of</token>
<token t_id="222" sentence="11" number="5">Orozco's</token>
<token t_id="223" sentence="11" number="6">lawyers</token>
<token t_id="224" sentence="11" number="7">,</token>
<token t_id="225" sentence="11" number="8">said</token>
<token t_id="226" sentence="11" number="9">his</token>
<token t_id="227" sentence="11" number="10">client</token>
<token t_id="228" sentence="11" number="11">grew</token>
<token t_id="229" sentence="11" number="12">up</token>
<token t_id="230" sentence="11" number="13">"in</token>
<token t_id="231" sentence="11" number="14">a</token>
<token t_id="232" sentence="11" number="15">gang</token>
<token t_id="233" sentence="11" number="16">-</token>
<token t_id="234" sentence="11" number="17">infested</token>
<token t_id="235" sentence="11" number="18">area</token>
<token t_id="236" sentence="11" number="19">.</token>
<token t_id="237" sentence="12" number="0">For</token>
<token t_id="238" sentence="12" number="1">all</token>
<token t_id="239" sentence="12" number="2">intents</token>
<token t_id="240" sentence="12" number="3">and</token>
<token t_id="241" sentence="12" number="4">purposes</token>
<token t_id="242" sentence="12" number="5">,</token>
<token t_id="243" sentence="12" number="6">the</token>
<token t_id="244" sentence="12" number="7">gang</token>
<token t_id="245" sentence="12" number="8">became</token>
<token t_id="246" sentence="12" number="9">his</token>
<token t_id="247" sentence="12" number="10">family</token>
<token t_id="248" sentence="12" number="11">.</token>
<token t_id="249" sentence="12" number="12">"</token>
<token t_id="250" sentence="13" number="0">Perlo</token>
<token t_id="251" sentence="13" number="1">said</token>
<token t_id="252" sentence="13" number="2">Orozco</token>
<token t_id="253" sentence="13" number="3">was</token>
<token t_id="254" sentence="13" number="4">consumed</token>
<token t_id="255" sentence="13" number="5">by</token>
<token t_id="256" sentence="13" number="6">gang</token>
<token t_id="257" sentence="13" number="7">life</token>
<token t_id="258" sentence="13" number="8">in</token>
<token t_id="259" sentence="13" number="9">much</token>
<token t_id="260" sentence="13" number="10">the</token>
<token t_id="261" sentence="13" number="11">same</token>
<token t_id="262" sentence="13" number="12">way</token>
<token t_id="263" sentence="13" number="13">one</token>
<token t_id="264" sentence="13" number="14">is</token>
<token t_id="265" sentence="13" number="15">addicted</token>
<token t_id="266" sentence="13" number="16">to</token>
<token t_id="267" sentence="13" number="17">drugs</token>
<token t_id="268" sentence="13" number="18">,</token>
<token t_id="269" sentence="13" number="19">affecting</token>
<token t_id="270" sentence="13" number="20">his</token>
<token t_id="271" sentence="13" number="21">judgment</token>
<token t_id="272" sentence="13" number="22">.</token>
<token t_id="273" sentence="14" number="0">A</token>
<token t_id="274" sentence="14" number="1">15</token>
<token t_id="275" sentence="14" number="2">-</token>
<token t_id="276" sentence="14" number="3">year</token>
<token t_id="277" sentence="14" number="4">department</token>
<token t_id="278" sentence="14" number="5">veteran</token>
<token t_id="279" sentence="14" number="6">,</token>
<token t_id="280" sentence="14" number="7">Ortiz</token>
<token t_id="281" sentence="14" number="8">had</token>
<token t_id="282" sentence="14" number="9">hoped</token>
<token t_id="283" sentence="14" number="10">to</token>
<token t_id="284" sentence="14" number="11">become</token>
<token t_id="285" sentence="14" number="12">a</token>
<token t_id="286" sentence="14" number="13">detective</token>
<token t_id="287" sentence="14" number="14">.</token>
<token t_id="288" sentence="15" number="0">He</token>
<token t_id="289" sentence="15" number="1">had</token>
<token t_id="290" sentence="15" number="2">married</token>
<token t_id="291" sentence="15" number="3">two</token>
<token t_id="292" sentence="15" number="4">weeks</token>
<token t_id="293" sentence="15" number="5">before</token>
<token t_id="294" sentence="15" number="6">the</token>
<token t_id="295" sentence="15" number="7">shooting</token>
<token t_id="296" sentence="15" number="8">,</token>
<token t_id="297" sentence="15" number="9">and</token>
<token t_id="298" sentence="15" number="10">had</token>
<token t_id="299" sentence="15" number="11">won</token>
<token t_id="300" sentence="15" number="12">a</token>
<token t_id="301" sentence="15" number="13">department</token>
<token t_id="302" sentence="15" number="14">medal</token>
<token t_id="303" sentence="15" number="15">of</token>
<token t_id="304" sentence="15" number="16">honor</token>
<token t_id="305" sentence="15" number="17">for</token>
<token t_id="306" sentence="15" number="18">fatally</token>
<token t_id="307" sentence="15" number="19">shooting</token>
<token t_id="308" sentence="15" number="20">a</token>
<token t_id="309" sentence="15" number="21">suspected</token>
<token t_id="310" sentence="15" number="22">carjacker</token>
<token t_id="311" sentence="15" number="23">who</token>
<token t_id="312" sentence="15" number="24">had</token>
<token t_id="313" sentence="15" number="25">pulled</token>
<token t_id="314" sentence="15" number="26">a</token>
<token t_id="315" sentence="15" number="27">gun</token>
<token t_id="316" sentence="15" number="28">on</token>
<token t_id="317" sentence="15" number="29">him</token>
<token t_id="318" sentence="15" number="30">and</token>
<token t_id="319" sentence="15" number="31">his</token>
<token t_id="320" sentence="15" number="32">partner</token>
<token t_id="321" sentence="15" number="33">.</token>
<token t_id="322" sentence="16" number="0">The</token>
<token t_id="323" sentence="16" number="1">jury</token>
<token t_id="324" sentence="16" number="2">reached</token>
<token t_id="325" sentence="16" number="3">its</token>
<token t_id="326" sentence="16" number="4">verdict</token>
<token t_id="327" sentence="16" number="5">in</token>
<token t_id="328" sentence="16" number="6">less</token>
<token t_id="329" sentence="16" number="7">than</token>
<token t_id="330" sentence="16" number="8">a</token>
<token t_id="331" sentence="16" number="9">day</token>
<token t_id="332" sentence="16" number="10">.</token>
<token t_id="333" sentence="17" number="0">Jurors</token>
<token t_id="334" sentence="17" number="1">on</token>
<token t_id="335" sentence="17" number="2">Monday</token>
<token t_id="336" sentence="17" number="3">asked</token>
<token t_id="337" sentence="17" number="4">to</token>
<token t_id="338" sentence="17" number="5">review</token>
<token t_id="339" sentence="17" number="6">a</token>
<token t_id="340" sentence="17" number="7">video</token>
<token t_id="341" sentence="17" number="8">recording</token>
<token t_id="342" sentence="17" number="9">of</token>
<token t_id="343" sentence="17" number="10">Orozco</token>
<token t_id="344" sentence="17" number="11">boasting</token>
<token t_id="345" sentence="17" number="12">about</token>
<token t_id="346" sentence="17" number="13">the</token>
<token t_id="347" sentence="17" number="14">shooting</token>
<token t_id="348" sentence="17" number="15">to</token>
<token t_id="349" sentence="17" number="16">other</token>
<token t_id="350" sentence="17" number="17">jail</token>
<token t_id="351" sentence="17" number="18">inmates</token>
<token t_id="352" sentence="17" number="19">two</token>
<token t_id="353" sentence="17" number="20">weeks</token>
<token t_id="354" sentence="17" number="21">after</token>
<token t_id="355" sentence="17" number="22">Ortiz's</token>
<token t_id="356" sentence="17" number="23">death</token>
<token t_id="357" sentence="17" number="24">.</token>
<token t_id="358" sentence="18" number="0">The</token>
<token t_id="359" sentence="18" number="1">recording</token>
<token t_id="360" sentence="18" number="2">,</token>
<token t_id="361" sentence="18" number="3">which</token>
<token t_id="362" sentence="18" number="4">was</token>
<token t_id="363" sentence="18" number="5">presented</token>
<token t_id="364" sentence="18" number="6">during</token>
<token t_id="365" sentence="18" number="7">the</token>
<token t_id="366" sentence="18" number="8">trial</token>
<token t_id="367" sentence="18" number="9">,</token>
<token t_id="368" sentence="18" number="10">showed</token>
<token t_id="369" sentence="18" number="11">Orozco</token>
<token t_id="370" sentence="18" number="12">talking</token>
<token t_id="371" sentence="18" number="13">about</token>
<token t_id="372" sentence="18" number="14">his</token>
<token t_id="373" sentence="18" number="15">appearance</token>
<token t_id="374" sentence="18" number="16">on</token>
<token t_id="375" sentence="18" number="17">the</token>
<token t_id="376" sentence="18" number="18">"America's</token>
<token t_id="377" sentence="18" number="19">Most</token>
<token t_id="378" sentence="18" number="20">Wanted"</token>
<token t_id="379" sentence="18" number="21">television</token>
<token t_id="380" sentence="18" number="22">show</token>
<token t_id="381" sentence="18" number="23">.</token>


<Markables>
<ACTION_OCCURRENCE m_id="1" climaxEvent="FALSE" comment=""  >
<token_anchor t_id="101"/>
</ACTION_OCCURRENCE>
<ACTION_OCCURRENCE m_id="2" climaxEvent="FALSE" comment=""  >
<token_anchor t_id="113"/>
</ACTION_OCCURRENCE>
<ACTION_OCCURRENCE m_id="3" climaxEvent="FALSE" comment=""  >
<token_anchor t_id="119"/>
</ACTION_OCCURRENCE>
<ACTION_OCCURRENCE m_id="4" climaxEvent="FALSE" comment=""  >
<token_anchor t_id="125"/>
</ACTION_OCCURRENCE>
<ACTION_OCCURRENCE m_id="5" climaxEvent="TRUE" comment=""  >
<token_anchor t_id="30"/>
</ACTION_OCCURRENCE>
<ACTION_OCCURRENCE m_id="6" climaxEvent="FALSE" comment=""  >
<token_anchor t_id="78"/>
</ACTION_OCCURRENCE>
<ACTION_OCCURRENCE m_id="7" climaxEvent="FALSE" comment=""  >
<token_anchor t_id="86"/>
</ACTION_OCCURRENCE>
<ACTION_OCCURRENCE m_id="8" climaxEvent="FALSE" comment=""  >
<token_anchor t_id="94"/>
</ACTION_OCCURRENCE>
<ACTION_OCCURRENCE m_id="9" climaxEvent="FALSE" comment=""  >
<token_anchor t_id="24"/>
</ACTION_OCCURRENCE>
<ACTION_OCCURRENCE m_id="10" climaxEvent="TRUE" comment=""  >
<token_anchor t_id="26"/>
</ACTION_OCCURRENCE>
<ACTION_REPORTING m_id="11" climaxEvent="FALSE" comment=""  >
<token_anchor t_id="336"/>
</ACTION_REPORTING>
<ACTION_OCCURRENCE m_id="12" climaxEvent="FALSE" comment=""  >
<token_anchor t_id="50"/>
</ACTION_OCCURRENCE>
<ACTION_OCCURRENCE m_id="13" climaxEvent="FALSE" comment=""  >
<token_anchor t_id="338"/>
</ACTION_OCCURRENCE>
<ACTION_OCCURRENCE m_id="14" climaxEvent="FALSE" comment=""  >
<token_anchor t_id="51"/>
</ACTION_OCCURRENCE>
<ACTION_REPORTING m_id="15" climaxEvent="FALSE" comment=""  >
<token_anchor t_id="344"/>
</ACTION_REPORTING>
<ACTION_OCCURRENCE m_id="16" climaxEvent="FALSE" comment=""  >
<token_anchor t_id="56"/>
</ACTION_OCCURRENCE>
<ACTION_OCCURRENCE m_id="17" climaxEvent="FALSE" comment=""  >
<token_anchor t_id="347"/>
</ACTION_OCCURRENCE>
<ACTION_OCCURRENCE m_id="18" climaxEvent="FALSE" comment=""  >
<token_anchor t_id="58"/>
</ACTION_OCCURRENCE>
<ACTION_OCCURRENCE m_id="19" climaxEvent="FALSE" comment=""  >
<token_anchor t_id="356"/>
</ACTION_OCCURRENCE>
<ACTION_STATE m_id="20" climaxEvent="FALSE" comment=""  >
<token_anchor t_id="102"/>
</ACTION_STATE>
<ACTION_STATE m_id="21" climaxEvent="FALSE" comment=""  >
<token_anchor t_id="117"/>
</ACTION_STATE>
<HUMAN_PART_PER m_id="33" comment=""  >
<token_anchor t_id="55"/>
</HUMAN_PART_PER>
<HUMAN_PART_PER m_id="34" comment=""  >
<token_anchor t_id="122"/>
<token_anchor t_id="123"/>
</HUMAN_PART_PER>
<HUMAN_PART_PER m_id="35" comment=""  >
<token_anchor t_id="31"/>
<token_anchor t_id="32"/>
</HUMAN_PART_PER>
<HUMAN_PART_PER m_id="36" comment=""  >
<token_anchor t_id="29"/>
</HUMAN_PART_PER>
<HUMAN_PART_PER m_id="37" comment=""  >
<token_anchor t_id="70"/>
<token_anchor t_id="71"/>
<token_anchor t_id="72"/>
<token_anchor t_id="73"/>
</HUMAN_PART_PER>
<HUMAN_PART_PER m_id="22" comment=""  >
<token_anchor t_id="87"/>
<token_anchor t_id="88"/>
<token_anchor t_id="89"/>
</HUMAN_PART_PER>
<HUMAN_PART_PER m_id="23" comment=""  >
<token_anchor t_id="96"/>
</HUMAN_PART_PER>
<HUMAN_PART_PER m_id="24" comment=""  >
<token_anchor t_id="106"/>
</HUMAN_PART_PER>
<HUMAN_PART_PER m_id="25" comment=""  >
<token_anchor t_id="131"/>
</HUMAN_PART_PER>
<HUMAN_PART_PER m_id="26" comment=""  >
<token_anchor t_id="333"/>
</HUMAN_PART_PER>
<HUMAN_PART_PER m_id="27" comment=""  >
<token_anchor t_id="343"/>
</HUMAN_PART_PER>
<HUMAN_PART_PER m_id="28" comment=""  >
<token_anchor t_id="351"/>
</HUMAN_PART_PER>
<HUMAN_PART_PER m_id="29" comment=""  >
<token_anchor t_id="355"/>
</HUMAN_PART_PER>
<HUMAN_PART_PER m_id="30" comment=""  >
<token_anchor t_id="23"/>
</HUMAN_PART_PER>
<HUMAN_PART_PER m_id="31" comment=""  >
<token_anchor t_id="64"/>
</HUMAN_PART_PER>
<HUMAN_PART_PER m_id="32" comment=""  >
<token_anchor t_id="47"/>
</HUMAN_PART_PER>
<LOC_FAC m_id="38"  >
<token_anchor t_id="33"/>
<token_anchor t_id="34"/>
<token_anchor t_id="35"/>
<token_anchor t_id="36"/>
<token_anchor t_id="37"/>
</LOC_FAC>
<LOC_FAC m_id="39"  >
<token_anchor t_id="79"/>
<token_anchor t_id="80"/>
<token_anchor t_id="81"/>
<token_anchor t_id="82"/>
<token_anchor t_id="83"/>
<token_anchor t_id="84"/>
</LOC_FAC>
<NON_HUMAN_PART m_id="40" comment=""  >
<token_anchor t_id="128"/>
</NON_HUMAN_PART>
<NON_HUMAN_PART m_id="41" comment=""  >
<token_anchor t_id="341"/>
</NON_HUMAN_PART>
<TIME_DATE m_id="42" comment="" DCT="FALSE" value="2005-06" anchorTimeID=""  >
<token_anchor t_id="66"/>
<token_anchor t_id="67"/>
</TIME_DATE>
<TIME_DATE m_id="43" comment="" DCT="FALSE" value="2007-04-03" anchorTimeID="44"  >
<token_anchor t_id="49"/>
</TIME_DATE>
<TIME_DATE m_id="44" comment="" DCT="TRUE" value="2007-04-04" anchorTimeID=""  >
<token_anchor t_id="41"/>
<token_anchor t_id="42"/>
<token_anchor t_id="43"/>
<token_anchor t_id="44"/>
</TIME_DATE>
<TIME_DATE m_id="45" comment="" DCT="FALSE" value="2007-03" anchorTimeID="44"  >
<token_anchor t_id="107"/>
<token_anchor t_id="108"/>
</TIME_DATE>
<TIME_DATE m_id="46" comment="" DCT="FALSE" value="2005" anchorTimeID=""  >
<token_anchor t_id="39"/>
</TIME_DATE>
<TIME_DATE m_id="47" comment="" DCT="FALSE" value="2007-04-02" anchorTimeID="44"  >
<token_anchor t_id="335"/>
</TIME_DATE>
<TIME_DURATION m_id="48" endPoint="59" value="P2W" begin="56" anchorTimeID="42"  >
<token_anchor t_id="352"/>
<token_anchor t_id="353"/>
</TIME_DURATION>


<ACTION_OCCURRENCE m_id="49" RELATED_TO="" TAG_DESCRIPTOR="t15_investigation" climaxEvent="FALSE" comment="" />
<HUMAN_PART_PER m_id="50" RELATED_TO="" TAG_DESCRIPTOR="t15_ortiz" comment="" />
<LOC_FAC m_id="51" RELATED_TO="" TAG_DESCRIPTOR="t15_apartment" />
<HUMAN_PART_PER m_id="52" RELATED_TO="" TAG_DESCRIPTOR="t15_jury" comment="" />
<ACTION_OCCURRENCE m_id="53" RELATED_TO="" TAG_DESCRIPTOR="t15_shot" climaxEvent="FALSE" comment="" />
<ACTION_OCCURRENCE m_id="54" RELATED_TO="" TAG_DESCRIPTOR="t15_previous_murder" climaxEvent="FALSE" comment="" />
<HUMAN_PART_PER m_id="55" RELATED_TO="" TAG_DESCRIPTOR="t15_orozco" comment="" />
<TIME_DATE m_id="56" RELATED_TO="" TAG_DESCRIPTOR="t15_june_24" comment="" DCT="FALSE" value="2005-06-24" anchorTimeID="" />
<ACTION_OCCURRENCE m_id="57" RELATED_TO="" TAG_DESCRIPTOR="t15_convicted" climaxEvent="FALSE" comment="" />
<ACTION_OCCURRENCE m_id="58" RELATED_TO="" TAG_DESCRIPTOR="t15_murder" climaxEvent="FALSE" comment="" />
<TIME_DATE m_id="59" RELATED_TO="" TAG_DESCRIPTOR="t1_2005-W27" comment="" DCT="FALSE" value="2005-W27" anchorTimeID="56" />
</Markables>

<Relations>
<TLINK r_id="242619" contextualModality="" relType="AFTER" comment="" >
<source m_id="44" />
<target m_id="9" />
</TLINK>
<TLINK r_id="242620" contextualModality="" relType="AFTER" comment="" >
<source m_id="44" />
<target m_id="10" />
</TLINK>
<TLINK r_id="242621" contextualModality="" relType="AFTER" comment="" >
<source m_id="44" />
<target m_id="5" />
</TLINK>
<TLINK r_id="242622" contextualModality="" relType="BEFORE" comment="" >
<source m_id="44" />
<target m_id="14" />
</TLINK>
<TLINK r_id="242623" contextualModality="" relType="AFTER" comment="" >
<source m_id="44" />
<target m_id="16" />
</TLINK>
<TLINK r_id="242624" contextualModality="" relType="AFTER" comment="" >
<source m_id="44" />
<target m_id="18" />
</TLINK>
<TLINK r_id="242625" contextualModality="" relType="AFTER" comment="" >
<source m_id="44" />
<target m_id="6" />
</TLINK>
<TLINK r_id="242626" contextualModality="" relType="AFTER" comment="" >
<source m_id="44" />
<target m_id="7" />
</TLINK>
<TLINK r_id="242627" contextualModality="" relType="AFTER" comment="" >
<source m_id="44" />
<target m_id="8" />
</TLINK>
<TLINK r_id="242628" contextualModality="" relType="AFTER" comment="" >
<source m_id="44" />
<target m_id="20" />
</TLINK>
<TLINK r_id="242629" contextualModality="" relType="AFTER" comment="" >
<source m_id="44" />
<target m_id="2" />
</TLINK>
<TLINK r_id="242630" contextualModality="" relType="AFTER" comment="" >
<source m_id="44" />
<target m_id="3" />
</TLINK>
<TLINK r_id="242631" contextualModality="" relType="AFTER" comment="" >
<source m_id="44" />
<target m_id="4" />
</TLINK>
<TLINK r_id="242632" contextualModality="" relType="AFTER" comment="" >
<source m_id="44" />
<target m_id="13" />
</TLINK>
<TLINK r_id="242633" contextualModality="" relType="AFTER" comment="" >
<source m_id="44" />
<target m_id="17" />
</TLINK>
<TLINK r_id="242634" contextualModality="" relType="AFTER" comment="" >
<source m_id="44" />
<target m_id="19" />
</TLINK>
<TLINK r_id="242637" contextualModality="" relType="CONTAINS" comment="" >
<source m_id="46" />
<target m_id="5" />
</TLINK>
<TLINK r_id="242638" contextualModality="" relType="BEFORE" comment="" >
<source m_id="43" />
<target m_id="14" />
</TLINK>
<TLINK r_id="242639" contextualModality="" relType="AFTER" comment="" >
<source m_id="43" />
<target m_id="16" />
</TLINK>
<TLINK r_id="242640" contextualModality="" relType="AFTER" comment="" >
<source m_id="43" />
<target m_id="18" />
</TLINK>
<TLINK r_id="242641" contextualModality="" relType="CONTAINS" comment="" >
<source m_id="42" />
<target m_id="18" />
</TLINK>
<TLINK r_id="242642" contextualModality="" relType="CONTAINS" comment="" >
<source m_id="42" />
<target m_id="6" />
</TLINK>
<TLINK r_id="242643" contextualModality="" relType="CONTAINS" comment="" >
<source m_id="42" />
<target m_id="7" />
</TLINK>
<TLINK r_id="242644" contextualModality="" relType="CONTAINS" comment="" >
<source m_id="42" />
<target m_id="8" />
</TLINK>
<TLINK r_id="242645" contextualModality="" relType="CONTAINS" comment="" >
<source m_id="45" />
<target m_id="20" />
</TLINK>
<TLINK r_id="242646" contextualModality="" relType="AFTER" comment="" >
<source m_id="45" />
<target m_id="2" />
</TLINK>
<TLINK r_id="242647" contextualModality="" relType="AFTER" comment="" >
<source m_id="45" />
<target m_id="3" />
</TLINK>
<TLINK r_id="242648" contextualModality="" relType="AFTER" comment="" >
<source m_id="45" />
<target m_id="4" />
</TLINK>
<TLINK r_id="242649" contextualModality="" relType="CONTAINS" comment="" >
<source m_id="47" />
<target m_id="13" />
</TLINK>
<TLINK r_id="242651" contextualModality="" relType="AFTER" comment="" >
<source m_id="47" />
<target m_id="17" />
</TLINK>
<TLINK r_id="242652" contextualModality="" relType="AFTER" comment="" >
<source m_id="47" />
<target m_id="19" />
</TLINK>
<PLOT_LINK r_id="242653" SIGNAL="" relType="FALLING_ACTION" CAUSES="FALSE" CAUSED_BY="FALSE" >
<source m_id="10" />
<target m_id="5" />
</PLOT_LINK>
<PLOT_LINK r_id="242654" SIGNAL="" relType="FALLING_ACTION" CAUSES="FALSE" CAUSED_BY="FALSE" >
<source m_id="14" />
<target m_id="16" />
</PLOT_LINK>
<PLOT_LINK r_id="242655" SIGNAL="" relType="FALLING_ACTION" CAUSES="FALSE" CAUSED_BY="FALSE" >
<source m_id="16" />
<target m_id="18" />
</PLOT_LINK>
<PLOT_LINK r_id="242656" SIGNAL="" relType="FALLING_ACTION" CAUSES="FALSE" CAUSED_BY="FALSE" >
<source m_id="6" />
<target m_id="7" />
</PLOT_LINK>
<PLOT_LINK r_id="242657" SIGNAL="" relType="FALLING_ACTION" CAUSES="FALSE" CAUSED_BY="FALSE" >
<source m_id="7" />
<target m_id="8" />
</PLOT_LINK>
<PLOT_LINK r_id="242658" SIGNAL="" relType="FALLING_ACTION" CAUSES="FALSE" CAUSED_BY="FALSE" >
<source m_id="20" />
<target m_id="2" />
</PLOT_LINK>
<PLOT_LINK r_id="242659" SIGNAL="" relType="FALLING_ACTION" CAUSES="FALSE" CAUSED_BY="FALSE" >
<source m_id="20" />
<target m_id="3" />
</PLOT_LINK>
<PLOT_LINK r_id="242660" SIGNAL="" relType="FALLING_ACTION" CAUSES="FALSE" CAUSED_BY="FALSE" >
<source m_id="20" />
<target m_id="4" />
</PLOT_LINK>
<PLOT_LINK r_id="242661" SIGNAL="" relType="FALLING_ACTION" CAUSES="FALSE" CAUSED_BY="FALSE" >
<source m_id="15" />
<target m_id="17" />
</PLOT_LINK>
<PLOT_LINK r_id="242662" SIGNAL="" relType="FALLING_ACTION" CAUSES="FALSE" CAUSED_BY="FALSE" >
<source m_id="13" />
<target m_id="15" />
</PLOT_LINK>
<TLINK r_id="252762" contextualModality="" relType="CONTAINS" comment="" >
<source m_id="43" />
<target m_id="12" />
</TLINK>
<TLINK r_id="252763" contextualModality="" relType="CONTAINS" comment="" >
<source m_id="45" />
<target m_id="1" />
</TLINK>
<TLINK r_id="252764" contextualModality="" relType="CONTAINS" comment="" >
<source m_id="45" />
<target m_id="21" />
</TLINK>
<TLINK r_id="252766" contextualModality="" relType="CONTAINS" comment="" >
<source m_id="56" />
<target m_id="19" />
</TLINK>
<TLINK r_id="252767" contextualModality="" relType="CONTAINS" comment="" >
<source m_id="56" />
<target m_id="17" />
</TLINK>
<TLINK r_id="252768" contextualModality="" relType="AFTER" comment="" >
<source m_id="48" />
<target m_id="19" />
</TLINK>
<TLINK r_id="252769" contextualModality="" relType="AFTER" comment="" >
<source m_id="48" />
<target m_id="17" />
</TLINK>
</Relations>
</Document>
