<Document doc_name="33_3ecbplus.xml">
<token t_id="1" sentence="0" number="0">http</token>
<token t_id="2" sentence="0" number="1">:</token>
<token t_id="3" sentence="0" number="2">/</token>
<token t_id="4" sentence="0" number="3">/</token>
<token t_id="5" sentence="0" number="4">www</token>
<token t_id="6" sentence="0" number="5">.</token>
<token t_id="7" sentence="0" number="6">dailymail</token>
<token t_id="8" sentence="0" number="7">.</token>
<token t_id="9" sentence="0" number="8">co</token>
<token t_id="10" sentence="0" number="9">.</token>
<token t_id="11" sentence="0" number="10">uk</token>
<token t_id="12" sentence="0" number="11">/</token>
<token t_id="13" sentence="0" number="12">news</token>
<token t_id="14" sentence="0" number="13">/</token>
<token t_id="15" sentence="0" number="14">article</token>
<token t_id="16" sentence="0" number="15">-</token>
<token t_id="17" sentence="0" number="16">2308160</token>
<token t_id="18" sentence="0" number="17">/</token>
<token t_id="19" sentence="0" number="18">Zurana</token>
<token t_id="20" sentence="0" number="19">-</token>
<token t_id="21" sentence="0" number="20">Horton</token>
<token t_id="22" sentence="0" number="21">-</token>
<token t_id="23" sentence="0" number="22">Jury</token>
<token t_id="24" sentence="0" number="23">-</token>
<token t_id="25" sentence="0" number="24">sees</token>
<token t_id="26" sentence="0" number="25">-</token>
<token t_id="27" sentence="0" number="26">horrific</token>
<token t_id="28" sentence="0" number="27">-</token>
<token t_id="29" sentence="0" number="28">moment</token>
<token t_id="30" sentence="0" number="29">-</token>
<token t_id="31" sentence="0" number="30">young</token>
<token t_id="32" sentence="0" number="31">-</token>
<token t_id="33" sentence="0" number="32">mother</token>
<token t_id="34" sentence="0" number="33">-</token>
<token t_id="35" sentence="0" number="34">gunned</token>
<token t_id="36" sentence="0" number="35">-</token>
<token t_id="37" sentence="0" number="36">broad</token>
<token t_id="38" sentence="0" number="37">-</token>
<token t_id="39" sentence="0" number="38">daylight</token>
<token t_id="40" sentence="0" number="39">-</token>
<token t_id="41" sentence="0" number="40">stray</token>
<token t_id="42" sentence="0" number="41">-</token>
<token t_id="43" sentence="0" number="42">gunfire</token>
<token t_id="44" sentence="0" number="43">.</token>
<token t_id="45" sentence="0" number="44">html</token>
<token t_id="46" sentence="1" number="0">Jury</token>
<token t_id="47" sentence="1" number="1">shown</token>
<token t_id="48" sentence="1" number="2">horrific</token>
<token t_id="49" sentence="1" number="3">moment</token>
<token t_id="50" sentence="1" number="4">innocent</token>
<token t_id="51" sentence="1" number="5">mother</token>
<token t_id="52" sentence="1" number="6">is</token>
<token t_id="53" sentence="1" number="7">shot</token>
<token t_id="54" sentence="1" number="8">dead</token>
<token t_id="55" sentence="1" number="9">shielding</token>
<token t_id="56" sentence="1" number="10">her</token>
<token t_id="57" sentence="1" number="11">child</token>
<token t_id="58" sentence="1" number="12">when</token>
<token t_id="59" sentence="1" number="13">she's</token>
<token t_id="60" sentence="1" number="14">caught</token>
<token t_id="61" sentence="1" number="15">up</token>
<token t_id="62" sentence="1" number="16">in</token>
<token t_id="63" sentence="1" number="17">gang</token>
<token t_id="64" sentence="1" number="18">attack</token>
<token t_id="65" sentence="1" number="19">as</token>
<token t_id="66" sentence="1" number="20">she</token>
<token t_id="67" sentence="1" number="21">picks</token>
<token t_id="68" sentence="1" number="22">up</token>
<token t_id="69" sentence="1" number="23">daughter</token>
<token t_id="70" sentence="1" number="24">from</token>
<token t_id="71" sentence="1" number="25">school</token>
<token t_id="72" sentence="2" number="0">Zurana</token>
<token t_id="73" sentence="2" number="1">Horton</token>
<token t_id="74" sentence="2" number="2">,</token>
<token t_id="75" sentence="2" number="3">34</token>
<token t_id="76" sentence="2" number="4">,</token>
<token t_id="77" sentence="2" number="5">a</token>
<token t_id="78" sentence="2" number="6">mother</token>
<token t_id="79" sentence="2" number="7">of</token>
<token t_id="80" sentence="2" number="8">12</token>
<token t_id="81" sentence="2" number="9">,</token>
<token t_id="82" sentence="2" number="10">was</token>
<token t_id="83" sentence="2" number="11">fatally</token>
<token t_id="84" sentence="2" number="12">shot</token>
<token t_id="85" sentence="2" number="13">in</token>
<token t_id="86" sentence="2" number="14">2011</token>
<token t_id="87" sentence="2" number="15">while</token>
<token t_id="88" sentence="2" number="16">picking</token>
<token t_id="89" sentence="2" number="17">up</token>
<token t_id="90" sentence="2" number="18">her</token>
<token t_id="91" sentence="2" number="19">daughter</token>
<token t_id="92" sentence="2" number="20">,</token>
<token t_id="93" sentence="2" number="21">11</token>
<token t_id="94" sentence="2" number="22">,</token>
<token t_id="95" sentence="2" number="23">from</token>
<token t_id="96" sentence="2" number="24">school</token>
<token t_id="97" sentence="3" number="0">A</token>
<token t_id="98" sentence="3" number="1">second</token>
<token t_id="99" sentence="3" number="2">mother</token>
<token t_id="100" sentence="3" number="3">who</token>
<token t_id="101" sentence="3" number="4">testified</token>
<token t_id="102" sentence="3" number="5">was</token>
<token t_id="103" sentence="3" number="6">shot</token>
<token t_id="104" sentence="3" number="7">in</token>
<token t_id="105" sentence="3" number="8">her</token>
<token t_id="106" sentence="3" number="9">arm</token>
<token t_id="107" sentence="3" number="10">as</token>
<token t_id="108" sentence="3" number="11">well</token>
<token t_id="109" sentence="3" number="12">as</token>
<token t_id="110" sentence="3" number="13">an</token>
<token t_id="111" sentence="3" number="14">11</token>
<token t_id="112" sentence="3" number="15">-</token>
<token t_id="113" sentence="3" number="16">year</token>
<token t_id="114" sentence="3" number="17">-</token>
<token t_id="115" sentence="3" number="18">old</token>
<token t_id="116" sentence="3" number="19">girl</token>
<token t_id="117" sentence="4" number="0">Testimony</token>
<token t_id="118" sentence="4" number="1">by</token>
<token t_id="119" sentence="4" number="2">a</token>
<token t_id="120" sentence="4" number="3">second</token>
<token t_id="121" sentence="4" number="4">witness</token>
<token t_id="122" sentence="4" number="5">has</token>
<token t_id="123" sentence="4" number="6">been</token>
<token t_id="124" sentence="4" number="7">delayed</token>
<token t_id="125" sentence="4" number="8">after</token>
<token t_id="126" sentence="4" number="9">allegedly</token>
<token t_id="127" sentence="4" number="10">threatened</token>
<token t_id="128" sentence="4" number="11">with</token>
<token t_id="129" sentence="4" number="12">death</token>
<token t_id="130" sentence="4" number="13">by</token>
<token t_id="131" sentence="4" number="14">the</token>
<token t_id="132" sentence="4" number="15">brother</token>
<token t_id="133" sentence="4" number="16">of</token>
<token t_id="134" sentence="4" number="17">the</token>
<token t_id="135" sentence="4" number="18">accused</token>
<token t_id="136" sentence="4" number="19">gunman</token>
<token t_id="137" sentence="5" number="0">UPDATED</token>
<token t_id="138" sentence="5" number="1">:</token>
<token t_id="139" sentence="5" number="2">19</token>
<token t_id="140" sentence="5" number="3">:</token>
<token t_id="141" sentence="5" number="4">14</token>
<token t_id="142" sentence="5" number="5">GMT</token>
<token t_id="143" sentence="5" number="6">,</token>
<token t_id="144" sentence="5" number="7">12</token>
<token t_id="145" sentence="5" number="8">April</token>
<token t_id="146" sentence="5" number="9">2013</token>
<token t_id="147" sentence="6" number="0">Jurors</token>
<token t_id="148" sentence="6" number="1">on</token>
<token t_id="149" sentence="6" number="2">Thursday</token>
<token t_id="150" sentence="6" number="3">watched</token>
<token t_id="151" sentence="6" number="4">video</token>
<token t_id="152" sentence="6" number="5">capturing</token>
<token t_id="153" sentence="6" number="6">the</token>
<token t_id="154" sentence="6" number="7">horrific</token>
<token t_id="155" sentence="6" number="8">moment</token>
<token t_id="156" sentence="6" number="9">a</token>
<token t_id="157" sentence="6" number="10">mother</token>
<token t_id="158" sentence="6" number="11">was</token>
<token t_id="159" sentence="6" number="12">gunned</token>
<token t_id="160" sentence="6" number="13">down</token>
<token t_id="161" sentence="6" number="14">in</token>
<token t_id="162" sentence="6" number="15">broad</token>
<token t_id="163" sentence="6" number="16">daylight</token>
<token t_id="164" sentence="6" number="17">while</token>
<token t_id="165" sentence="6" number="18">picking</token>
<token t_id="166" sentence="6" number="19">up</token>
<token t_id="167" sentence="6" number="20">her</token>
<token t_id="168" sentence="6" number="21">11</token>
<token t_id="169" sentence="6" number="22">-</token>
<token t_id="170" sentence="6" number="23">year</token>
<token t_id="171" sentence="6" number="24">-</token>
<token t_id="172" sentence="6" number="25">old</token>
<token t_id="173" sentence="6" number="26">daughter</token>
<token t_id="174" sentence="6" number="27">outside</token>
<token t_id="175" sentence="6" number="28">a</token>
<token t_id="176" sentence="6" number="29">New</token>
<token t_id="177" sentence="6" number="30">York</token>
<token t_id="178" sentence="6" number="31">City</token>
<token t_id="179" sentence="6" number="32">school</token>
<token t_id="180" sentence="6" number="33">.</token>
<token t_id="181" sentence="7" number="0">Behind</token>
<token t_id="182" sentence="7" number="1">her</token>
<token t_id="183" sentence="7" number="2">another</token>
<token t_id="184" sentence="7" number="3">mother</token>
<token t_id="185" sentence="7" number="4">was</token>
<token t_id="186" sentence="7" number="5">seen</token>
<token t_id="187" sentence="7" number="6">shot</token>
<token t_id="188" sentence="7" number="7">in</token>
<token t_id="189" sentence="7" number="8">her</token>
<token t_id="190" sentence="7" number="9">arm</token>
<token t_id="191" sentence="7" number="10">before</token>
<token t_id="192" sentence="7" number="11">staggering</token>
<token t_id="193" sentence="7" number="12">against</token>
<token t_id="194" sentence="7" number="13">a</token>
<token t_id="195" sentence="7" number="14">wall</token>
<token t_id="196" sentence="7" number="15">while</token>
<token t_id="197" sentence="7" number="16">trying</token>
<token t_id="198" sentence="7" number="17">to</token>
<token t_id="199" sentence="7" number="18">hide</token>
<token t_id="200" sentence="7" number="19">her</token>
<token t_id="201" sentence="7" number="20">own</token>
<token t_id="202" sentence="7" number="21">son</token>
<token t_id="203" sentence="7" number="22">from</token>
<token t_id="204" sentence="7" number="23">the</token>
<token t_id="205" sentence="7" number="24">alleged</token>
<token t_id="206" sentence="7" number="25">gang</token>
<token t_id="207" sentence="7" number="26">members'</token>
<token t_id="208" sentence="7" number="27">stray</token>
<token t_id="209" sentence="7" number="28">gunfire</token>
<token t_id="210" sentence="7" number="29">from</token>
<token t_id="211" sentence="7" number="30">a</token>
<token t_id="212" sentence="7" number="31">nearby</token>
<token t_id="213" sentence="7" number="32">rooftop</token>
<token t_id="214" sentence="7" number="33">.</token>
<token t_id="215" sentence="8" number="0">This</token>
<token t_id="216" sentence="8" number="1">frightening</token>
<token t_id="217" sentence="8" number="2">surveillance</token>
<token t_id="218" sentence="8" number="3">video</token>
<token t_id="219" sentence="8" number="4">was</token>
<token t_id="220" sentence="8" number="5">presented</token>
<token t_id="221" sentence="8" number="6">at</token>
<token t_id="222" sentence="8" number="7">the</token>
<token t_id="223" sentence="8" number="8">Brooklyn</token>
<token t_id="224" sentence="8" number="9">Supreme</token>
<token t_id="225" sentence="8" number="10">Court</token>
<token t_id="226" sentence="8" number="11">on</token>
<token t_id="227" sentence="8" number="12">Thursday</token>
<token t_id="228" sentence="8" number="13">during</token>
<token t_id="229" sentence="8" number="14">the</token>
<token t_id="230" sentence="8" number="15">trial</token>
<token t_id="231" sentence="8" number="16">of</token>
<token t_id="232" sentence="8" number="17">two</token>
<token t_id="233" sentence="8" number="18">men</token>
<token t_id="234" sentence="8" number="19">accused</token>
<token t_id="235" sentence="8" number="20">in</token>
<token t_id="236" sentence="8" number="21">killing</token>
<token t_id="237" sentence="8" number="22">Zurana</token>
<token t_id="238" sentence="8" number="23">Horton</token>
<token t_id="239" sentence="8" number="24">,</token>
<token t_id="240" sentence="8" number="25">34</token>
<token t_id="241" sentence="8" number="26">,</token>
<token t_id="242" sentence="8" number="27">a</token>
<token t_id="243" sentence="8" number="28">mother</token>
<token t_id="244" sentence="8" number="29">of</token>
<token t_id="245" sentence="8" number="30">12</token>
<token t_id="246" sentence="8" number="31">,</token>
<token t_id="247" sentence="8" number="32">in</token>
<token t_id="248" sentence="8" number="33">2011</token>
<token t_id="249" sentence="8" number="34">and</token>
<token t_id="250" sentence="8" number="35">wounding</token>
<token t_id="251" sentence="8" number="36">two</token>
<token t_id="252" sentence="8" number="37">others</token>
<token t_id="253" sentence="8" number="38">,</token>
<token t_id="254" sentence="8" number="39">including</token>
<token t_id="255" sentence="8" number="40">an</token>
<token t_id="256" sentence="8" number="41">11</token>
<token t_id="257" sentence="8" number="42">-</token>
<token t_id="258" sentence="8" number="43">year</token>
<token t_id="259" sentence="8" number="44">-</token>
<token t_id="260" sentence="8" number="45">old</token>
<token t_id="261" sentence="8" number="46">girl</token>
<token t_id="262" sentence="8" number="47">.</token>
<token t_id="263" sentence="9" number="0">Prosecutors</token>
<token t_id="264" sentence="9" number="1">say</token>
<token t_id="265" sentence="9" number="2">Andrew</token>
<token t_id="266" sentence="9" number="3">Lopez</token>
<token t_id="267" sentence="9" number="4">,</token>
<token t_id="268" sentence="9" number="5">20</token>
<token t_id="269" sentence="9" number="6">,</token>
<token t_id="270" sentence="9" number="7">an</token>
<token t_id="271" sentence="9" number="8">alleged</token>
<token t_id="272" sentence="9" number="9">8</token>
<token t_id="273" sentence="9" number="10">Block</token>
<token t_id="274" sentence="9" number="11">gang</token>
<token t_id="275" sentence="9" number="12">member</token>
<token t_id="276" sentence="9" number="13">fired</token>
<token t_id="277" sentence="9" number="14">the</token>
<token t_id="278" sentence="9" number="15">shots</token>
<token t_id="279" sentence="9" number="16">meant</token>
<token t_id="280" sentence="9" number="17">for</token>
<token t_id="281" sentence="9" number="18">rival</token>
<token t_id="282" sentence="9" number="19">gang</token>
<token t_id="283" sentence="9" number="20">members</token>
<token t_id="284" sentence="9" number="21">from</token>
<token t_id="285" sentence="9" number="22">the</token>
<token t_id="286" sentence="9" number="23">Howard</token>
<token t_id="287" sentence="9" number="24">Projects</token>
<token t_id="288" sentence="9" number="25">while</token>
<token t_id="289" sentence="9" number="26">his</token>
<token t_id="290" sentence="9" number="27">brother</token>
<token t_id="291" sentence="9" number="28">Jonathan</token>
<token t_id="292" sentence="9" number="29">Carrasquillo</token>
<token t_id="293" sentence="9" number="30">,</token>
<token t_id="294" sentence="9" number="31">24</token>
<token t_id="295" sentence="9" number="32">,</token>
<token t_id="296" sentence="9" number="33">gave</token>
<token t_id="297" sentence="9" number="34">the</token>
<token t_id="298" sentence="9" number="35">orders</token>
<token t_id="299" sentence="9" number="36">.</token>
<token t_id="300" sentence="10" number="0">'When</token>
<token t_id="301" sentence="10" number="1">me</token>
<token t_id="302" sentence="10" number="2">and</token>
<token t_id="303" sentence="10" number="3">my</token>
<token t_id="304" sentence="10" number="4">son</token>
<token t_id="305" sentence="10" number="5">were</token>
<token t_id="306" sentence="10" number="6">on</token>
<token t_id="307" sentence="10" number="7">the</token>
<token t_id="308" sentence="10" number="8">floor</token>
<token t_id="309" sentence="10" number="9">,</token>
<token t_id="310" sentence="10" number="10">I</token>
<token t_id="311" sentence="10" number="11">noticed</token>
<token t_id="312" sentence="10" number="12">Mrs</token>
<token t_id="313" sentence="10" number="13">Horton</token>
<token t_id="314" sentence="10" number="14">fall</token>
<token t_id="315" sentence="10" number="15">down</token>
<token t_id="316" sentence="10" number="16">.</token>
<token t_id="317" sentence="11" number="0">I</token>
<token t_id="318" sentence="11" number="1">honestly</token>
<token t_id="319" sentence="11" number="2">thought</token>
<token t_id="320" sentence="11" number="3">she</token>
<token t_id="321" sentence="11" number="4">was</token>
<token t_id="322" sentence="11" number="5">shot</token>
<token t_id="323" sentence="11" number="6">in</token>
<token t_id="324" sentence="11" number="7">the</token>
<token t_id="325" sentence="11" number="8">head</token>
<token t_id="326" sentence="11" number="9">.</token>
<token t_id="327" sentence="12" number="0">There</token>
<token t_id="328" sentence="12" number="1">was</token>
<token t_id="329" sentence="12" number="2">blood</token>
<token t_id="330" sentence="12" number="3">,</token>
<token t_id="331" sentence="12" number="4">'</token>
<token t_id="332" sentence="12" number="5">said</token>
<token t_id="333" sentence="12" number="6">Unique</token>
<token t_id="334" sentence="12" number="7">Armstead</token>
<token t_id="335" sentence="12" number="8">,</token>
<token t_id="336" sentence="12" number="9">who</token>
<token t_id="337" sentence="12" number="10">was</token>
<token t_id="338" sentence="12" number="11">shot</token>
<token t_id="339" sentence="12" number="12">along</token>
<token t_id="340" sentence="12" number="13">with</token>
<token t_id="341" sentence="12" number="14">an</token>
<token t_id="342" sentence="12" number="15">11</token>
<token t_id="343" sentence="12" number="16">-</token>
<token t_id="344" sentence="12" number="17">year</token>
<token t_id="345" sentence="12" number="18">-</token>
<token t_id="346" sentence="12" number="19">old</token>
<token t_id="347" sentence="12" number="20">girl</token>
<token t_id="348" sentence="12" number="21">nearby</token>
<token t_id="349" sentence="12" number="22">according</token>
<token t_id="350" sentence="12" number="23">to</token>
<token t_id="351" sentence="12" number="24">the</token>
<token t_id="352" sentence="12" number="25">New</token>
<token t_id="353" sentence="12" number="26">York</token>
<token t_id="354" sentence="12" number="27">post</token>
<token t_id="355" sentence="12" number="28">.</token>
<token t_id="356" sentence="13" number="0">Mrs</token>
<token t_id="357" sentence="13" number="1">Armstead</token>
<token t_id="358" sentence="13" number="2">says</token>
<token t_id="359" sentence="13" number="3">that</token>
<token t_id="360" sentence="13" number="4">just</token>
<token t_id="361" sentence="13" number="5">before</token>
<token t_id="362" sentence="13" number="6">the</token>
<token t_id="363" sentence="13" number="7">shots</token>
<token t_id="364" sentence="13" number="8">were</token>
<token t_id="365" sentence="13" number="9">fired</token>
<token t_id="366" sentence="13" number="10">she</token>
<token t_id="367" sentence="13" number="11">passed</token>
<token t_id="368" sentence="13" number="12">a</token>
<token t_id="369" sentence="13" number="13">group</token>
<token t_id="370" sentence="13" number="14">of</token>
<token t_id="371" sentence="13" number="15">young</token>
<token t_id="372" sentence="13" number="16">men</token>
<token t_id="373" sentence="13" number="17">arguing</token>
<token t_id="374" sentence="13" number="18">on</token>
<token t_id="375" sentence="13" number="19">the</token>
<token t_id="376" sentence="13" number="20">street</token>
<token t_id="377" sentence="13" number="21">about</token>
<token t_id="378" sentence="13" number="22">a</token>
<token t_id="379" sentence="13" number="23">gun</token>
<token t_id="380" sentence="13" number="24">.</token>
<token t_id="381" sentence="14" number="0">Her</token>
<token t_id="382" sentence="14" number="1">testimony</token>
<token t_id="383" sentence="14" number="2">matched</token>
<token t_id="384" sentence="14" number="3">prosecutors'</token>
<token t_id="385" sentence="14" number="4">claims</token>
<token t_id="386" sentence="14" number="5">.</token>
<token t_id="387" sentence="15" number="0">Feeling</token>
<token t_id="388" sentence="15" number="1">uneasy</token>
<token t_id="389" sentence="15" number="2">,</token>
<token t_id="390" sentence="15" number="3">she</token>
<token t_id="391" sentence="15" number="4">says</token>
<token t_id="392" sentence="15" number="5">'I</token>
<token t_id="393" sentence="15" number="6">speed</token>
<token t_id="394" sentence="15" number="7">-</token>
<token t_id="395" sentence="15" number="8">walked</token>
<token t_id="396" sentence="15" number="9">to</token>
<token t_id="397" sentence="15" number="10">my</token>
<token t_id="398" sentence="15" number="11">son</token>
<token t_id="399" sentence="15" number="12">,</token>
<token t_id="400" sentence="15" number="13">and</token>
<token t_id="401" sentence="15" number="14">I</token>
<token t_id="402" sentence="15" number="15">held</token>
<token t_id="403" sentence="15" number="16">him</token>
<token t_id="404" sentence="15" number="17">.</token>
<token t_id="405" sentence="16" number="0">I</token>
<token t_id="406" sentence="16" number="1">was</token>
<token t_id="407" sentence="16" number="2">scared</token>
<token t_id="408" sentence="16" number="3">.</token>
<token t_id="409" sentence="17" number="0">I</token>
<token t_id="410" sentence="17" number="1">was</token>
<token t_id="411" sentence="17" number="2">trying</token>
<token t_id="412" sentence="17" number="3">to</token>
<token t_id="413" sentence="17" number="4">get</token>
<token t_id="414" sentence="17" number="5">out</token>
<token t_id="415" sentence="17" number="6">of</token>
<token t_id="416" sentence="17" number="7">harm's</token>
<token t_id="417" sentence="17" number="8">way</token>
<token t_id="418" sentence="17" number="9">.</token>
<token t_id="419" sentence="17" number="10">'</token>
<token t_id="420" sentence="18" number="0">She</token>
<token t_id="421" sentence="18" number="1">took</token>
<token t_id="422" sentence="18" number="2">her</token>
<token t_id="423" sentence="18" number="3">son</token>
<token t_id="424" sentence="18" number="4">into</token>
<token t_id="425" sentence="18" number="5">a</token>
<token t_id="426" sentence="18" number="6">nearby</token>
<token t_id="427" sentence="18" number="7">store</token>
<token t_id="428" sentence="18" number="8">to</token>
<token t_id="429" sentence="18" number="9">wait</token>
<token t_id="430" sentence="18" number="10">it</token>
<token t_id="431" sentence="18" number="11">out</token>
<token t_id="432" sentence="18" number="12">.</token>
<token t_id="433" sentence="19" number="0">When</token>
<token t_id="434" sentence="19" number="1">the</token>
<token t_id="435" sentence="19" number="2">fight</token>
<token t_id="436" sentence="19" number="3">appeared</token>
<token t_id="437" sentence="19" number="4">to</token>
<token t_id="438" sentence="19" number="5">die</token>
<token t_id="439" sentence="19" number="6">down</token>
<token t_id="440" sentence="19" number="7">,</token>
<token t_id="441" sentence="19" number="8">she</token>
<token t_id="442" sentence="19" number="9">says</token>
<token t_id="443" sentence="19" number="10">she</token>
<token t_id="444" sentence="19" number="11">slipped</token>
<token t_id="445" sentence="19" number="12">back</token>
<token t_id="446" sentence="19" number="13">onto</token>
<token t_id="447" sentence="19" number="14">the</token>
<token t_id="448" sentence="19" number="15">street</token>
<token t_id="449" sentence="19" number="16">with</token>
<token t_id="450" sentence="19" number="17">her</token>
<token t_id="451" sentence="19" number="18">son</token>
<token t_id="452" sentence="19" number="19">by</token>
<token t_id="453" sentence="19" number="20">her</token>
<token t_id="454" sentence="19" number="21">side</token>
<token t_id="455" sentence="19" number="22">when</token>
<token t_id="456" sentence="19" number="23">a</token>
<token t_id="457" sentence="19" number="24">stray</token>
<token t_id="458" sentence="19" number="25">bullet</token>
<token t_id="459" sentence="19" number="26">shot</token>
<token t_id="460" sentence="19" number="27">straight</token>
<token t_id="461" sentence="19" number="28">into</token>
<token t_id="462" sentence="19" number="29">her</token>
<token t_id="463" sentence="19" number="30">arm</token>
<token t_id="464" sentence="19" number="31">.</token>
<token t_id="465" sentence="20" number="0">She</token>
<token t_id="466" sentence="20" number="1">next</token>
<token t_id="467" sentence="20" number="2">saw</token>
<token t_id="468" sentence="20" number="3">Horton</token>
<token t_id="469" sentence="20" number="4">fall</token>
<token t_id="470" sentence="20" number="5">down</token>
<token t_id="471" sentence="20" number="6">dead</token>
<token t_id="472" sentence="20" number="7">.</token>
<token t_id="473" sentence="21" number="0">Mrs</token>
<token t_id="474" sentence="21" number="1">Horton</token>
<token t_id="475" sentence="21" number="2">is</token>
<token t_id="476" sentence="21" number="3">seen</token>
<token t_id="477" sentence="21" number="4">sprawled</token>
<token t_id="478" sentence="21" number="5">out</token>
<token t_id="479" sentence="21" number="6">on</token>
<token t_id="480" sentence="21" number="7">the</token>
<token t_id="481" sentence="21" number="8">sidewalk</token>
<token t_id="482" sentence="21" number="9">beside</token>
<token t_id="483" sentence="21" number="10">a</token>
<token t_id="484" sentence="21" number="11">pool</token>
<token t_id="485" sentence="21" number="12">of</token>
<token t_id="486" sentence="21" number="13">blood</token>
<token t_id="487" sentence="21" number="14">on</token>
<token t_id="488" sentence="21" number="15">the</token>
<token t_id="489" sentence="21" number="16">surveillance</token>
<token t_id="490" sentence="21" number="17">video</token>
<token t_id="491" sentence="21" number="18">.</token>
<token t_id="492" sentence="22" number="0">Witnesses</token>
<token t_id="493" sentence="22" number="1">are</token>
<token t_id="494" sentence="22" number="2">seen</token>
<token t_id="495" sentence="22" number="3">cowering</token>
<token t_id="496" sentence="22" number="4">in</token>
<token t_id="497" sentence="22" number="5">fear</token>
<token t_id="498" sentence="22" number="6">around</token>
<token t_id="499" sentence="22" number="7">her</token>
<token t_id="500" sentence="22" number="8">.</token>
<token t_id="501" sentence="23" number="0">'At</token>
<token t_id="502" sentence="23" number="1">the</token>
<token t_id="503" sentence="23" number="2">time</token>
<token t_id="504" sentence="23" number="3">,</token>
<token t_id="505" sentence="23" number="4">I</token>
<token t_id="506" sentence="23" number="5">thought</token>
<token t_id="507" sentence="23" number="6">it</token>
<token t_id="508" sentence="23" number="7">was</token>
<token t_id="509" sentence="23" number="8">a</token>
<token t_id="510" sentence="23" number="9">brick</token>
<token t_id="511" sentence="23" number="10">,</token>
<token t_id="512" sentence="23" number="11">but</token>
<token t_id="513" sentence="23" number="12">it</token>
<token t_id="514" sentence="23" number="13">was</token>
<token t_id="515" sentence="23" number="14">a</token>
<token t_id="516" sentence="23" number="15">bullet</token>
<token t_id="517" sentence="23" number="16">,</token>
<token t_id="518" sentence="23" number="17">'</token>
<token t_id="519" sentence="23" number="18">Mrs</token>
<token t_id="520" sentence="23" number="19">Armstead</token>
<token t_id="521" sentence="23" number="20">said</token>
<token t_id="522" sentence="23" number="21">of</token>
<token t_id="523" sentence="23" number="22">her</token>
<token t_id="524" sentence="23" number="23">injury</token>
<token t_id="525" sentence="23" number="24">.</token>
<token t_id="526" sentence="24" number="0">Lopez</token>
<token t_id="527" sentence="24" number="1">,</token>
<token t_id="528" sentence="24" number="2">who</token>
<token t_id="529" sentence="24" number="3">was</token>
<token t_id="530" sentence="24" number="4">18</token>
<token t_id="531" sentence="24" number="5">at</token>
<token t_id="532" sentence="24" number="6">the</token>
<token t_id="533" sentence="24" number="7">time</token>
<token t_id="534" sentence="24" number="8">of</token>
<token t_id="535" sentence="24" number="9">the</token>
<token t_id="536" sentence="24" number="10">shooting</token>
<token t_id="537" sentence="24" number="11">,</token>
<token t_id="538" sentence="24" number="12">confessed</token>
<token t_id="539" sentence="24" number="13">to</token>
<token t_id="540" sentence="24" number="14">being</token>
<token t_id="541" sentence="24" number="15">the</token>
<token t_id="542" sentence="24" number="16">rooftop</token>
<token t_id="543" sentence="24" number="17">sniper</token>
<token t_id="544" sentence="24" number="18">according</token>
<token t_id="545" sentence="24" number="19">to</token>
<token t_id="546" sentence="24" number="20">initial</token>
<token t_id="547" sentence="24" number="21">reports</token>
<token t_id="548" sentence="24" number="22">by</token>
<token t_id="549" sentence="24" number="23">the</token>
<token t_id="550" sentence="24" number="24">New</token>
<token t_id="551" sentence="24" number="25">York</token>
<token t_id="552" sentence="24" number="26">Daily</token>
<token t_id="553" sentence="24" number="27">News</token>
<token t_id="554" sentence="24" number="28">.</token>
<token t_id="555" sentence="25" number="0">The</token>
<token t_id="556" sentence="25" number="1">gunman</token>
<token t_id="557" sentence="25" number="2">said</token>
<token t_id="558" sentence="25" number="3">the</token>
<token t_id="559" sentence="25" number="4">shooting</token>
<token t_id="560" sentence="25" number="5">near</token>
<token t_id="561" sentence="25" number="6">Public</token>
<token t_id="562" sentence="25" number="7">School</token>
<token t_id="563" sentence="25" number="8">298</token>
<token t_id="564" sentence="25" number="9">in</token>
<token t_id="565" sentence="25" number="10">Brownsville</token>
<token t_id="566" sentence="25" number="11">had</token>
<token t_id="567" sentence="25" number="12">stemmed</token>
<token t_id="568" sentence="25" number="13">from</token>
<token t_id="569" sentence="25" number="14">a</token>
<token t_id="570" sentence="25" number="15">turf</token>
<token t_id="571" sentence="25" number="16">war</token>
<token t_id="572" sentence="25" number="17">between</token>
<token t_id="573" sentence="25" number="18">two</token>
<token t_id="574" sentence="25" number="19">Brooklyn</token>
<token t_id="575" sentence="25" number="20">gangs</token>
<token t_id="576" sentence="25" number="21">.</token>
<token t_id="577" sentence="26" number="0">Lopez</token>
<token t_id="578" sentence="26" number="1">told</token>
<token t_id="579" sentence="26" number="2">police</token>
<token t_id="580" sentence="26" number="3">that</token>
<token t_id="581" sentence="26" number="4">'he</token>
<token t_id="582" sentence="26" number="5">did</token>
<token t_id="583" sentence="26" number="6">not</token>
<token t_id="584" sentence="26" number="7">mean</token>
<token t_id="585" sentence="26" number="8">to</token>
<token t_id="586" sentence="26" number="9">shoot</token>
<token t_id="587" sentence="26" number="10">the</token>
<token t_id="588" sentence="26" number="11">ladies</token>
<token t_id="589" sentence="26" number="12">,</token>
<token t_id="590" sentence="26" number="13">'</token>
<token t_id="591" sentence="26" number="14">the</token>
<token t_id="592" sentence="26" number="15">source</token>
<token t_id="593" sentence="26" number="16">said</token>
<token t_id="594" sentence="26" number="17">.</token>
<token t_id="595" sentence="27" number="0">A</token>
<token t_id="596" sentence="27" number="1">second</token>
<token t_id="597" sentence="27" number="2">witness</token>
<token t_id="598" sentence="27" number="3">had</token>
<token t_id="599" sentence="27" number="4">expected</token>
<token t_id="600" sentence="27" number="5">to</token>
<token t_id="601" sentence="27" number="6">testify</token>
<token t_id="602" sentence="27" number="7">in</token>
<token t_id="603" sentence="27" number="8">the</token>
<token t_id="604" sentence="27" number="9">shooting</token>
<token t_id="605" sentence="27" number="10">on</token>
<token t_id="606" sentence="27" number="11">Thursday</token>
<token t_id="607" sentence="27" number="12">as</token>
<token t_id="608" sentence="27" number="13">well</token>
<token t_id="609" sentence="27" number="14">but</token>
<token t_id="610" sentence="27" number="15">after</token>
<token t_id="611" sentence="27" number="16">threatened</token>
<token t_id="612" sentence="27" number="17">with</token>
<token t_id="613" sentence="27" number="18">death</token>
<token t_id="614" sentence="27" number="19">by</token>
<token t_id="615" sentence="27" number="20">the</token>
<token t_id="616" sentence="27" number="21">brother</token>
<token t_id="617" sentence="27" number="22">of</token>
<token t_id="618" sentence="27" number="23">the</token>
<token t_id="619" sentence="27" number="24">alleged</token>
<token t_id="620" sentence="27" number="25">gunman</token>
<token t_id="621" sentence="27" number="26">,</token>
<token t_id="622" sentence="27" number="27">their</token>
<token t_id="623" sentence="27" number="28">testimony</token>
<token t_id="624" sentence="27" number="29">has</token>
<token t_id="625" sentence="27" number="30">been</token>
<token t_id="626" sentence="27" number="31">delayed</token>
<token t_id="627" sentence="27" number="32">until</token>
<token t_id="628" sentence="27" number="33">Monday</token>
<token t_id="629" sentence="27" number="34">.</token>
<token t_id="630" sentence="28" number="0">'The</token>
<token t_id="631" sentence="28" number="1">man</token>
<token t_id="632" sentence="28" number="2">is</token>
<token t_id="633" sentence="28" number="3">an</token>
<token t_id="634" sentence="28" number="4">emotional</token>
<token t_id="635" sentence="28" number="5">wreck</token>
<token t_id="636" sentence="28" number="6">,</token>
<token t_id="637" sentence="28" number="7">'</token>
<token t_id="638" sentence="28" number="8">Brooklyn</token>
<token t_id="639" sentence="28" number="9">Supreme</token>
<token t_id="640" sentence="28" number="10">Court</token>
<token t_id="641" sentence="28" number="11">Judge</token>
<token t_id="642" sentence="28" number="12">Vincent</token>
<token t_id="643" sentence="28" number="13">Del</token>
<token t_id="644" sentence="28" number="14">Giudice</token>
<token t_id="645" sentence="28" number="15">said</token>
<token t_id="646" sentence="28" number="16">,</token>
<token t_id="647" sentence="28" number="17">according</token>
<token t_id="648" sentence="28" number="18">to</token>
<token t_id="649" sentence="28" number="19">the</token>
<token t_id="650" sentence="28" number="20">Post</token>
<token t_id="651" sentence="28" number="21">.</token>
<token t_id="652" sentence="29" number="0">Lopez</token>
<token t_id="653" sentence="29" number="1">has</token>
<token t_id="654" sentence="29" number="2">been</token>
<token t_id="655" sentence="29" number="3">linked</token>
<token t_id="656" sentence="29" number="4">to</token>
<token t_id="657" sentence="29" number="5">a</token>
<token t_id="658" sentence="29" number="6">Brooklyn</token>
<token t_id="659" sentence="29" number="7">gang</token>
<token t_id="660" sentence="29" number="8">known</token>
<token t_id="661" sentence="29" number="9">as</token>
<token t_id="662" sentence="29" number="10">'8</token>
<token t_id="663" sentence="29" number="11">Block</token>
<token t_id="664" sentence="29" number="12">,</token>
<token t_id="665" sentence="29" number="13">'</token>
<token t_id="666" sentence="29" number="14">who</token>
<token t_id="667" sentence="29" number="15">police</token>
<token t_id="668" sentence="29" number="16">say</token>
<token t_id="669" sentence="29" number="17">are</token>
<token t_id="670" sentence="29" number="18">engaged</token>
<token t_id="671" sentence="29" number="19">in</token>
<token t_id="672" sentence="29" number="20">a</token>
<token t_id="673" sentence="29" number="21">turf</token>
<token t_id="674" sentence="29" number="22">battle</token>
<token t_id="675" sentence="29" number="23">with</token>
<token t_id="676" sentence="29" number="24">the</token>
<token t_id="677" sentence="29" number="25">neighboring</token>
<token t_id="678" sentence="29" number="26">Young</token>
<token t_id="679" sentence="29" number="27">Guns</token>
<token t_id="680" sentence="29" number="28">gang</token>
<token t_id="681" sentence="29" number="29">.</token>
<token t_id="682" sentence="30" number="0">NYPD</token>
<token t_id="683" sentence="30" number="1">Commissioner</token>
<token t_id="684" sentence="30" number="2">Raymond</token>
<token t_id="685" sentence="30" number="3">Kelly</token>
<token t_id="686" sentence="30" number="4">said</token>
<token t_id="687" sentence="30" number="5">:</token>
<token t_id="688" sentence="30" number="6">'We're</token>
<token t_id="689" sentence="30" number="7">certainly</token>
<token t_id="690" sentence="30" number="8">pleased</token>
<token t_id="691" sentence="30" number="9">with</token>
<token t_id="692" sentence="30" number="10">the</token>
<token t_id="693" sentence="30" number="11">fact</token>
<token t_id="694" sentence="30" number="12">that</token>
<token t_id="695" sentence="30" number="13">the</token>
<token t_id="696" sentence="30" number="14">investigation</token>
<token t_id="697" sentence="30" number="15">has</token>
<token t_id="698" sentence="30" number="16">identified</token>
<token t_id="699" sentence="30" number="17">Mr</token>
<token t_id="700" sentence="30" number="18">.</token>
<token t_id="701" sentence="30" number="19">Lopez</token>
<token t_id="702" sentence="30" number="20">and</token>
<token t_id="703" sentence="30" number="21">he's</token>
<token t_id="704" sentence="30" number="22">made</token>
<token t_id="705" sentence="30" number="23">statements</token>
<token t_id="706" sentence="30" number="24">and</token>
<token t_id="707" sentence="30" number="25">apparently</token>
<token t_id="708" sentence="30" number="26">made</token>
<token t_id="709" sentence="30" number="27">a</token>
<token t_id="710" sentence="30" number="28">full</token>
<token t_id="711" sentence="30" number="29">confession</token>
<token t_id="712" sentence="30" number="30">,</token>
<token t_id="713" sentence="30" number="31">'</token>
<token t_id="714" sentence="30" number="32">the</token>
<token t_id="715" sentence="30" number="33">Daily</token>
<token t_id="716" sentence="30" number="34">News</token>
<token t_id="717" sentence="30" number="35">reported</token>
<token t_id="718" sentence="30" number="36">.</token>
<token t_id="719" sentence="31" number="0">Lopez</token>
<token t_id="720" sentence="31" number="1">told</token>
<token t_id="721" sentence="31" number="2">police</token>
<token t_id="722" sentence="31" number="3">he</token>
<token t_id="723" sentence="31" number="4">was</token>
<token t_id="724" sentence="31" number="5">aiming</token>
<token t_id="725" sentence="31" number="6">for</token>
<token t_id="726" sentence="31" number="7">rival</token>
<token t_id="727" sentence="31" number="8">gang</token>
<token t_id="728" sentence="31" number="9">members</token>
<token t_id="729" sentence="31" number="10">when</token>
<token t_id="730" sentence="31" number="11">a</token>
<token t_id="731" sentence="31" number="12">stray</token>
<token t_id="732" sentence="31" number="13">bullet</token>
<token t_id="733" sentence="31" number="14">hit</token>
<token t_id="734" sentence="31" number="15">the</token>
<token t_id="735" sentence="31" number="16">mother</token>
<token t_id="736" sentence="31" number="17">of</token>
<token t_id="737" sentence="31" number="18">13</token>
<token t_id="738" sentence="31" number="19">who</token>
<token t_id="739" sentence="31" number="20">was</token>
<token t_id="740" sentence="31" number="21">collecting</token>
<token t_id="741" sentence="31" number="22">her</token>
<token t_id="742" sentence="31" number="23">children</token>
<token t_id="743" sentence="31" number="24">from</token>
<token t_id="744" sentence="31" number="25">school</token>
<token t_id="745" sentence="31" number="26">.</token>
<token t_id="746" sentence="32" number="0">Horton</token>
<token t_id="747" sentence="32" number="1">was</token>
<token t_id="748" sentence="32" number="2">planning</token>
<token t_id="749" sentence="32" number="3">to</token>
<token t_id="750" sentence="32" number="4">marry</token>
<token t_id="751" sentence="32" number="5">her</token>
<token t_id="752" sentence="32" number="6">boyfriend</token>
<token t_id="753" sentence="32" number="7">on</token>
<token t_id="754" sentence="32" number="8">Valentine's</token>
<token t_id="755" sentence="32" number="9">Day</token>
<token t_id="756" sentence="32" number="10">in</token>
<token t_id="757" sentence="32" number="11">2012</token>
<token t_id="758" sentence="32" number="12">.</token>
<token t_id="759" sentence="33" number="0">Also</token>
<token t_id="760" sentence="33" number="1">arrested</token>
<token t_id="761" sentence="33" number="2">were</token>
<token t_id="762" sentence="33" number="3">Lopez'</token>
<token t_id="763" sentence="33" number="4">half</token>
<token t_id="764" sentence="33" number="5">-</token>
<token t_id="765" sentence="33" number="6">brother</token>
<token t_id="766" sentence="33" number="7">,</token>
<token t_id="767" sentence="33" number="8">17</token>
<token t_id="768" sentence="33" number="9">-</token>
<token t_id="769" sentence="33" number="10">year</token>
<token t_id="770" sentence="33" number="11">-</token>
<token t_id="771" sentence="33" number="12">old</token>
<token t_id="772" sentence="33" number="13">Kristian</token>
<token t_id="773" sentence="33" number="14">,</token>
<token t_id="774" sentence="33" number="15">and</token>
<token t_id="775" sentence="33" number="16">Carrasquillo</token>
<token t_id="776" sentence="33" number="17">.</token>
<token t_id="777" sentence="34" number="0">All</token>
<token t_id="778" sentence="34" number="1">three</token>
<token t_id="779" sentence="34" number="2">live</token>
<token t_id="780" sentence="34" number="3">in</token>
<token t_id="781" sentence="34" number="4">a</token>
<token t_id="782" sentence="34" number="5">fifth</token>
<token t_id="783" sentence="34" number="6">-</token>
<token t_id="784" sentence="34" number="7">floor</token>
<token t_id="785" sentence="34" number="8">apartment</token>
<token t_id="786" sentence="34" number="9">inside</token>
<token t_id="787" sentence="34" number="10">1800</token>
<token t_id="788" sentence="34" number="11">Pitkin</token>
<token t_id="789" sentence="34" number="12">Ave</token>
<token t_id="790" sentence="34" number="13">.</token>
<token t_id="791" sentence="34" number="14">,</token>
<token t_id="792" sentence="34" number="15">the</token>
<token t_id="793" sentence="34" number="16">same</token>
<token t_id="794" sentence="34" number="17">building</token>
<token t_id="795" sentence="34" number="18">from</token>
<token t_id="796" sentence="34" number="19">where</token>
<token t_id="797" sentence="34" number="20">the</token>
<token t_id="798" sentence="34" number="21">gunman</token>
<token t_id="799" sentence="34" number="22">opened</token>
<token t_id="800" sentence="34" number="23">fire</token>
<token t_id="801" sentence="34" number="24">,</token>
<token t_id="802" sentence="34" number="25">police</token>
<token t_id="803" sentence="34" number="26">said</token>
<token t_id="804" sentence="34" number="27">.</token>
<token t_id="805" sentence="35" number="0">That</token>
<token t_id="806" sentence="35" number="1">apartment</token>
<token t_id="807" sentence="35" number="2">building</token>
<token t_id="808" sentence="35" number="3">is</token>
<token t_id="809" sentence="35" number="4">said</token>
<token t_id="810" sentence="35" number="5">to</token>
<token t_id="811" sentence="35" number="6">be</token>
<token t_id="812" sentence="35" number="7">where</token>
<token t_id="813" sentence="35" number="8">8</token>
<token t_id="814" sentence="35" number="9">Block</token>
<token t_id="815" sentence="35" number="10">got</token>
<token t_id="816" sentence="35" number="11">their</token>
<token t_id="817" sentence="35" number="12">name</token>
<token t_id="818" sentence="35" number="13">,</token>
<token t_id="819" sentence="35" number="14">the</token>
<token t_id="820" sentence="35" number="15">Post</token>
<token t_id="821" sentence="35" number="16">reported</token>
<token t_id="822" sentence="35" number="17">in</token>
<token t_id="823" sentence="35" number="18">2011</token>
<token t_id="824" sentence="35" number="19">.</token>
<token t_id="825" sentence="36" number="0">Carrasquillo</token>
<token t_id="826" sentence="36" number="1">was</token>
<token t_id="827" sentence="36" number="2">charged</token>
<token t_id="828" sentence="36" number="3">with</token>
<token t_id="829" sentence="36" number="4">murder</token>
<token t_id="830" sentence="36" number="5">,</token>
<token t_id="831" sentence="36" number="6">and</token>
<token t_id="832" sentence="36" number="7">Kristian</token>
<token t_id="833" sentence="36" number="8">Lopez</token>
<token t_id="834" sentence="36" number="9">was</token>
<token t_id="835" sentence="36" number="10">arrested</token>
<token t_id="836" sentence="36" number="11">for</token>
<token t_id="837" sentence="36" number="12">possession</token>
<token t_id="838" sentence="36" number="13">of</token>
<token t_id="839" sentence="36" number="14">a</token>
<token t_id="840" sentence="36" number="15">baseball</token>
<token t_id="841" sentence="36" number="16">bat</token>
<token t_id="842" sentence="36" number="17">,</token>
<token t_id="843" sentence="36" number="18">police</token>
<token t_id="844" sentence="36" number="19">said</token>
<token t_id="845" sentence="36" number="20">.</token>
<token t_id="846" sentence="37" number="0">Andrew</token>
<token t_id="847" sentence="37" number="1">Lopez</token>
<token t_id="848" sentence="37" number="2">had</token>
<token t_id="849" sentence="37" number="3">a</token>
<token t_id="850" sentence="37" number="4">previous</token>
<token t_id="851" sentence="37" number="5">arrest</token>
<token t_id="852" sentence="37" number="6">for</token>
<token t_id="853" sentence="37" number="7">walking</token>
<token t_id="854" sentence="37" number="8">down</token>
<token t_id="855" sentence="37" number="9">Pitkin</token>
<token t_id="856" sentence="37" number="10">Ave</token>
<token t_id="857" sentence="37" number="11">.</token>
<token t_id="858" sentence="37" number="12">brandishing</token>
<token t_id="859" sentence="37" number="13">a</token>
<token t_id="860" sentence="37" number="14">loaded</token>
<token t_id="861" sentence="37" number="15">gun</token>
<token t_id="862" sentence="37" number="16">three</token>
<token t_id="863" sentence="37" number="17">years</token>
<token t_id="864" sentence="37" number="18">ago</token>
<token t_id="865" sentence="37" number="19">,</token>
<token t_id="866" sentence="37" number="20">sources</token>
<token t_id="867" sentence="37" number="21">told</token>
<token t_id="868" sentence="37" number="22">the</token>
<token t_id="869" sentence="37" number="23">Daily</token>
<token t_id="870" sentence="37" number="24">News</token>
<token t_id="871" sentence="37" number="25">.</token>
<token t_id="872" sentence="38" number="0">The</token>
<token t_id="873" sentence="38" number="1">shooting</token>
<token t_id="874" sentence="38" number="2">frenzy</token>
<token t_id="875" sentence="38" number="3">in</token>
<token t_id="876" sentence="38" number="4">which</token>
<token t_id="877" sentence="38" number="5">at</token>
<token t_id="878" sentence="38" number="6">least</token>
<token t_id="879" sentence="38" number="7">12</token>
<token t_id="880" sentence="38" number="8">shots</token>
<token t_id="881" sentence="38" number="9">were</token>
<token t_id="882" sentence="38" number="10">fired</token>
<token t_id="883" sentence="38" number="11">began</token>
<token t_id="884" sentence="38" number="12">just</token>
<token t_id="885" sentence="38" number="13">13</token>
<token t_id="886" sentence="38" number="14">minutes</token>
<token t_id="887" sentence="38" number="15">after</token>
<token t_id="888" sentence="38" number="16">school</token>
<token t_id="889" sentence="38" number="17">finished</token>
<token t_id="890" sentence="38" number="18">.</token>
<token t_id="891" sentence="39" number="0">Cheanne</token>
<token t_id="892" sentence="39" number="1">McKnight</token>
<token t_id="893" sentence="39" number="2">,</token>
<token t_id="894" sentence="39" number="3">11</token>
<token t_id="895" sentence="39" number="4">,</token>
<token t_id="896" sentence="39" number="5">is</token>
<token t_id="897" sentence="39" number="6">recovering</token>
<token t_id="898" sentence="39" number="7">from</token>
<token t_id="899" sentence="39" number="8">a</token>
<token t_id="900" sentence="39" number="9">graze</token>
<token t_id="901" sentence="39" number="10">wound</token>
<token t_id="902" sentence="39" number="11">to</token>
<token t_id="903" sentence="39" number="12">her</token>
<token t_id="904" sentence="39" number="13">cheek</token>
<token t_id="905" sentence="39" number="14">,</token>
<token t_id="906" sentence="39" number="15">while</token>
<token t_id="907" sentence="39" number="16">a</token>
<token t_id="908" sentence="39" number="17">31</token>
<token t_id="909" sentence="39" number="18">-</token>
<token t_id="910" sentence="39" number="19">year</token>
<token t_id="911" sentence="39" number="20">-</token>
<token t_id="912" sentence="39" number="21">old</token>
<token t_id="913" sentence="39" number="22">Brooklyn</token>
<token t_id="914" sentence="39" number="23">mom</token>
<token t_id="915" sentence="39" number="24">was</token>
<token t_id="916" sentence="39" number="25">shot</token>
<token t_id="917" sentence="39" number="26">in</token>
<token t_id="918" sentence="39" number="27">the</token>
<token t_id="919" sentence="39" number="28">arm</token>
<token t_id="920" sentence="39" number="29">.</token>
<token t_id="921" sentence="40" number="0">Police</token>
<token t_id="922" sentence="40" number="1">recovered</token>
<token t_id="923" sentence="40" number="2">12</token>
<token t_id="924" sentence="40" number="3">9</token>
<token t_id="925" sentence="40" number="4">-</token>
<token t_id="926" sentence="40" number="5">mm</token>
<token t_id="927" sentence="40" number="6">shell</token>
<token t_id="928" sentence="40" number="7">casings</token>
<token t_id="929" sentence="40" number="8">on</token>
<token t_id="930" sentence="40" number="9">the</token>
<token t_id="931" sentence="40" number="10">roof</token>
<token t_id="932" sentence="40" number="11">of</token>
<token t_id="933" sentence="40" number="12">the</token>
<token t_id="934" sentence="40" number="13">Pitkin</token>
<token t_id="935" sentence="40" number="14">Avenue</token>
<token t_id="936" sentence="40" number="15">apartment</token>
<token t_id="937" sentence="40" number="16">and</token>
<token t_id="938" sentence="40" number="17">the</token>
<token t_id="939" sentence="40" number="18">sidewalk</token>
<token t_id="940" sentence="40" number="19">.</token>


<Markables>
<ACTION_OCCURRENCE m_id="1" climaxEvent="FALSE" comment=""  >
<token_anchor t_id="536"/>
</ACTION_OCCURRENCE>
<ACTION_OCCURRENCE m_id="33" climaxEvent="FALSE" comment=""  >
<token_anchor t_id="84"/>
</ACTION_OCCURRENCE>
<ACTION_OCCURRENCE m_id="2" climaxEvent="FALSE" comment=""  >
<token_anchor t_id="103"/>
</ACTION_OCCURRENCE>
<ACTION_OCCURRENCE m_id="34" climaxEvent="FALSE" comment=""  >
<token_anchor t_id="88"/>
<token_anchor t_id="89"/>
</ACTION_OCCURRENCE>
<ACTION_OCCURRENCE m_id="3" climaxEvent="FALSE" comment=""  >
<token_anchor t_id="538"/>
</ACTION_OCCURRENCE>
<ACTION_OCCURRENCE m_id="35" climaxEvent="FALSE" comment=""  >
<token_anchor t_id="101"/>
</ACTION_OCCURRENCE>
<ACTION_OCCURRENCE m_id="4" climaxEvent="FALSE" comment=""  >
<token_anchor t_id="117"/>
</ACTION_OCCURRENCE>
<ACTION_OCCURRENCE m_id="5" climaxEvent="FALSE" comment=""  >
<token_anchor t_id="124"/>
</ACTION_OCCURRENCE>
<ACTION_OCCURRENCE m_id="6" climaxEvent="FALSE" comment=""  >
<token_anchor t_id="67"/>
<token_anchor t_id="68"/>
</ACTION_OCCURRENCE>
<ACTION_OCCURRENCE m_id="7" climaxEvent="FALSE" comment=""  >
<token_anchor t_id="127"/>
</ACTION_OCCURRENCE>
<ACTION_OCCURRENCE m_id="8" climaxEvent="FALSE" comment=""  >
<token_anchor t_id="159"/>
<token_anchor t_id="160"/>
</ACTION_OCCURRENCE>
<ACTION_OCCURRENCE m_id="9" climaxEvent="FALSE" comment=""  >
<token_anchor t_id="129"/>
</ACTION_OCCURRENCE>
<ACTION_OCCURRENCE m_id="10" climaxEvent="FALSE" comment=""  >
<token_anchor t_id="165"/>
<token_anchor t_id="166"/>
</ACTION_OCCURRENCE>
<ACTION_OCCURRENCE m_id="11" climaxEvent="FALSE" comment=""  >
<token_anchor t_id="152"/>
</ACTION_OCCURRENCE>
<ACTION_OCCURRENCE m_id="12" climaxEvent="FALSE" comment=""  >
<token_anchor t_id="187"/>
</ACTION_OCCURRENCE>
<ACTION_OCCURRENCE m_id="13" climaxEvent="FALSE" comment=""  >
<token_anchor t_id="192"/>
</ACTION_OCCURRENCE>
<ACTION_OCCURRENCE m_id="14" climaxEvent="FALSE" comment=""  >
<token_anchor t_id="199"/>
</ACTION_OCCURRENCE>
<ACTION_OCCURRENCE m_id="15" climaxEvent="FALSE" comment=""  >
<token_anchor t_id="209"/>
</ACTION_OCCURRENCE>
<ACTION_OCCURRENCE m_id="16" climaxEvent="FALSE" comment=""  >
<token_anchor t_id="230"/>
</ACTION_OCCURRENCE>
<ACTION_OCCURRENCE m_id="17" climaxEvent="FALSE" comment=""  >
<token_anchor t_id="220"/>
</ACTION_OCCURRENCE>
<ACTION_OCCURRENCE m_id="18" climaxEvent="FALSE" comment=""  >
<token_anchor t_id="234"/>
</ACTION_OCCURRENCE>
<ACTION_OCCURRENCE m_id="19" climaxEvent="FALSE" comment=""  >
<token_anchor t_id="236"/>
</ACTION_OCCURRENCE>
<ACTION_OCCURRENCE m_id="20" climaxEvent="FALSE" comment=""  >
<token_anchor t_id="250"/>
</ACTION_OCCURRENCE>
<ACTION_OCCURRENCE m_id="21" climaxEvent="FALSE" comment=""  >
<token_anchor t_id="276"/>
</ACTION_OCCURRENCE>
<ACTION_OCCURRENCE m_id="22" climaxEvent="FALSE" comment=""  >
<token_anchor t_id="724"/>
</ACTION_OCCURRENCE>
<ACTION_OCCURRENCE m_id="23" climaxEvent="FALSE" comment=""  >
<token_anchor t_id="278"/>
</ACTION_OCCURRENCE>
<ACTION_OCCURRENCE m_id="24" climaxEvent="FALSE" comment=""  >
<token_anchor t_id="733"/>
</ACTION_OCCURRENCE>
<ACTION_OCCURRENCE m_id="25" climaxEvent="TRUE" comment=""  >
<token_anchor t_id="47"/>
</ACTION_OCCURRENCE>
<ACTION_OCCURRENCE m_id="26" climaxEvent="FALSE" comment=""  >
<token_anchor t_id="296"/>
</ACTION_OCCURRENCE>
<ACTION_OCCURRENCE m_id="27" climaxEvent="FALSE" comment=""  >
<token_anchor t_id="740"/>
</ACTION_OCCURRENCE>
<ACTION_OCCURRENCE m_id="28" climaxEvent="FALSE" comment=""  >
<token_anchor t_id="53"/>
</ACTION_OCCURRENCE>
<ACTION_OCCURRENCE m_id="29" climaxEvent="FALSE" comment=""  >
<token_anchor t_id="298"/>
</ACTION_OCCURRENCE>
<ACTION_OCCURRENCE m_id="30" climaxEvent="FALSE" comment=""  >
<token_anchor t_id="55"/>
</ACTION_OCCURRENCE>
<ACTION_OCCURRENCE m_id="31" climaxEvent="FALSE" comment=""  >
<token_anchor t_id="60"/>
<token_anchor t_id="61"/>
</ACTION_OCCURRENCE>
<ACTION_OCCURRENCE m_id="32" climaxEvent="FALSE" comment=""  >
<token_anchor t_id="64"/>
</ACTION_OCCURRENCE>
<ACTION_PERCEPTION m_id="36" comment="" climaxEvent="FALSE"  >
<token_anchor t_id="150"/>
</ACTION_PERCEPTION>
<ACTION_PERCEPTION m_id="37" comment="" climaxEvent="FALSE"  >
<token_anchor t_id="186"/>
</ACTION_PERCEPTION>
<ACTION_REPORTING m_id="38" comment=""  >
<token_anchor t_id="264"/>
</ACTION_REPORTING>
<ACTION_REPORTING m_id="39" comment=""  >
<token_anchor t_id="720"/>
</ACTION_REPORTING>
<ACTION_REPORTING m_id="40" comment=""  >
<token_anchor t_id="547"/>
</ACTION_REPORTING>
<ACTION_REPORTING m_id="41" comment=""  >
<token_anchor t_id="544"/>
</ACTION_REPORTING>
<ACTION_STATE m_id="42" climaxEvent="FALSE" comment=""  >
<token_anchor t_id="54"/>
</ACTION_STATE>
<ACTION_STATE m_id="43" climaxEvent="FALSE" comment=""  >
<token_anchor t_id="279"/>
</ACTION_STATE>
<ACTION_STATE m_id="44" climaxEvent="FALSE" comment=""  >
<token_anchor t_id="135"/>
</ACTION_STATE>
<HUMAN_PART_ORG m_id="45"  >
<token_anchor t_id="282"/>
</HUMAN_PART_ORG>
<HUMAN_PART_ORG m_id="46"  >
<token_anchor t_id="727"/>
</HUMAN_PART_ORG>
<HUMAN_PART_ORG m_id="47"  >
<token_anchor t_id="272"/>
<token_anchor t_id="273"/>
</HUMAN_PART_ORG>
<HUMAN_PART_ORG m_id="48"  >
<token_anchor t_id="550"/>
<token_anchor t_id="551"/>
<token_anchor t_id="552"/>
<token_anchor t_id="553"/>
</HUMAN_PART_ORG>
<HUMAN_PART_ORG m_id="49"  >
<token_anchor t_id="63"/>
</HUMAN_PART_ORG>
<HUMAN_PART_PER m_id="65" comment=""  >
<token_anchor t_id="275"/>
</HUMAN_PART_PER>
<HUMAN_PART_PER m_id="66" comment=""  >
<token_anchor t_id="291"/>
<token_anchor t_id="292"/>
</HUMAN_PART_PER>
<HUMAN_PART_PER m_id="67" comment=""  >
<token_anchor t_id="526"/>
</HUMAN_PART_PER>
<HUMAN_PART_PER m_id="68" comment=""  >
<token_anchor t_id="206"/>
<token_anchor t_id="207"/>
</HUMAN_PART_PER>
<HUMAN_PART_PER m_id="69" comment=""  >
<token_anchor t_id="528"/>
</HUMAN_PART_PER>
<HUMAN_PART_PER m_id="70" comment=""  >
<token_anchor t_id="543"/>
</HUMAN_PART_PER>
<HUMAN_PART_PER m_id="71" comment=""  >
<token_anchor t_id="51"/>
</HUMAN_PART_PER>
<HUMAN_PART_PER m_id="72" comment=""  >
<token_anchor t_id="91"/>
</HUMAN_PART_PER>
<HUMAN_PART_PER m_id="73" comment=""  >
<token_anchor t_id="57"/>
</HUMAN_PART_PER>
<HUMAN_PART_PER m_id="74" comment=""  >
<token_anchor t_id="100"/>
</HUMAN_PART_PER>
<HUMAN_PART_PER m_id="75" comment=""  >
<token_anchor t_id="59"/>
</HUMAN_PART_PER>
<HUMAN_PART_PER m_id="76" comment=""  >
<token_anchor t_id="98"/>
<token_anchor t_id="99"/>
</HUMAN_PART_PER>
<HUMAN_PART_PER m_id="77" comment=""  >
<token_anchor t_id="66"/>
</HUMAN_PART_PER>
<HUMAN_PART_PER m_id="78" comment=""  >
<token_anchor t_id="147"/>
</HUMAN_PART_PER>
<HUMAN_PART_PER m_id="79" comment=""  >
<token_anchor t_id="72"/>
<token_anchor t_id="73"/>
</HUMAN_PART_PER>
<HUMAN_PART_PER m_id="80" comment=""  >
<token_anchor t_id="116"/>
</HUMAN_PART_PER>
<HUMAN_PART_PER m_id="81" comment=""  >
<token_anchor t_id="69"/>
</HUMAN_PART_PER>
<HUMAN_PART_PER m_id="82" comment=""  >
<token_anchor t_id="121"/>
</HUMAN_PART_PER>
<HUMAN_PART_PER m_id="50" comment=""  >
<token_anchor t_id="183"/>
<token_anchor t_id="184"/>
</HUMAN_PART_PER>
<HUMAN_PART_PER m_id="83" comment=""  >
<token_anchor t_id="78"/>
</HUMAN_PART_PER>
<HUMAN_PART_PER m_id="51" comment=""  >
<token_anchor t_id="721"/>
</HUMAN_PART_PER>
<HUMAN_PART_PER m_id="84" comment=""  >
<token_anchor t_id="132"/>
</HUMAN_PART_PER>
<HUMAN_PART_PER m_id="52" comment=""  >
<token_anchor t_id="202"/>
</HUMAN_PART_PER>
<HUMAN_PART_PER m_id="85" comment=""  >
<token_anchor t_id="283"/>
</HUMAN_PART_PER>
<HUMAN_PART_PER m_id="53" comment=""  >
<token_anchor t_id="722"/>
</HUMAN_PART_PER>
<HUMAN_PART_PER m_id="86" comment=""  >
<token_anchor t_id="136"/>
</HUMAN_PART_PER>
<HUMAN_PART_PER m_id="54" comment=""  >
<token_anchor t_id="233"/>
</HUMAN_PART_PER>
<HUMAN_PART_PER m_id="87" comment=""  >
<token_anchor t_id="157"/>
</HUMAN_PART_PER>
<HUMAN_PART_PER m_id="55" comment=""  >
<token_anchor t_id="728"/>
</HUMAN_PART_PER>
<HUMAN_PART_PER m_id="88" comment=""  >
<token_anchor t_id="173"/>
</HUMAN_PART_PER>
<HUMAN_PART_PER m_id="56" comment=""  >
<token_anchor t_id="237"/>
<token_anchor t_id="238"/>
</HUMAN_PART_PER>
<HUMAN_PART_PER m_id="89" comment=""  >
<token_anchor t_id="719"/>
</HUMAN_PART_PER>
<HUMAN_PART_PER m_id="57" comment=""  >
<token_anchor t_id="735"/>
</HUMAN_PART_PER>
<HUMAN_PART_PER m_id="58" comment=""  >
<token_anchor t_id="251"/>
<token_anchor t_id="252"/>
</HUMAN_PART_PER>
<HUMAN_PART_PER m_id="59" comment=""  >
<token_anchor t_id="738"/>
</HUMAN_PART_PER>
<HUMAN_PART_PER m_id="60" comment=""  >
<token_anchor t_id="261"/>
</HUMAN_PART_PER>
<HUMAN_PART_PER m_id="61" comment=""  >
<token_anchor t_id="742"/>
</HUMAN_PART_PER>
<HUMAN_PART_PER m_id="62" comment=""  >
<token_anchor t_id="263"/>
</HUMAN_PART_PER>
<HUMAN_PART_PER m_id="63" comment=""  >
<token_anchor t_id="46"/>
</HUMAN_PART_PER>
<HUMAN_PART_PER m_id="64" comment=""  >
<token_anchor t_id="265"/>
<token_anchor t_id="266"/>
</HUMAN_PART_PER>
<LOC_FAC m_id="90"  >
<token_anchor t_id="95"/>
<token_anchor t_id="96"/>
</LOC_FAC>
<LOC_FAC m_id="91"  >
<token_anchor t_id="284"/>
<token_anchor t_id="285"/>
<token_anchor t_id="286"/>
<token_anchor t_id="287"/>
</LOC_FAC>
<LOC_FAC m_id="92"  >
<token_anchor t_id="542"/>
</LOC_FAC>
<LOC_FAC m_id="93"  >
<token_anchor t_id="743"/>
<token_anchor t_id="744"/>
</LOC_FAC>
<LOC_FAC m_id="94"  >
<token_anchor t_id="221"/>
<token_anchor t_id="222"/>
<token_anchor t_id="223"/>
<token_anchor t_id="224"/>
<token_anchor t_id="225"/>
</LOC_FAC>
<LOC_FAC m_id="95"  >
<token_anchor t_id="174"/>
<token_anchor t_id="175"/>
<token_anchor t_id="176"/>
<token_anchor t_id="177"/>
<token_anchor t_id="178"/>
<token_anchor t_id="179"/>
</LOC_FAC>
<LOC_FAC m_id="96"  >
<token_anchor t_id="70"/>
<token_anchor t_id="71"/>
</LOC_FAC>
<LOC_OTHER m_id="97"  >
<token_anchor t_id="210"/>
<token_anchor t_id="211"/>
<token_anchor t_id="212"/>
<token_anchor t_id="213"/>
</LOC_OTHER>
<LOC_OTHER m_id="98"  >
<token_anchor t_id="193"/>
<token_anchor t_id="194"/>
<token_anchor t_id="195"/>
</LOC_OTHER>
<NON_HUMAN_PART m_id="99" comment=""  >
<token_anchor t_id="151"/>
</NON_HUMAN_PART>
<NON_HUMAN_PART m_id="100" comment=""  >
<token_anchor t_id="190"/>
</NON_HUMAN_PART>
<NON_HUMAN_PART m_id="101" comment=""  >
<token_anchor t_id="218"/>
</NON_HUMAN_PART>
<NON_HUMAN_PART m_id="102" comment=""  >
<token_anchor t_id="732"/>
</NON_HUMAN_PART>
<NON_HUMAN_PART m_id="103" comment=""  >
<token_anchor t_id="106"/>
</NON_HUMAN_PART>
<TIME_DATE m_id="104" comment="" DCT="FALSE" value="2013-04-11" anchorTimeID="107"  >
<token_anchor t_id="149"/>
</TIME_DATE>
<TIME_DATE m_id="105" comment="" DCT="FALSE" value="2011" anchorTimeID=""  >
<token_anchor t_id="248"/>
</TIME_DATE>
<TIME_DATE m_id="106" comment="" DCT="FALSE" value="2013-04-11" anchorTimeID="107"  >
<token_anchor t_id="227"/>
</TIME_DATE>
<TIME_OF_THE_DAY m_id="107" DCT="TRUE" value="2013-04-12T19:14Z" anchorTimeID=""  >
<token_anchor t_id="139"/>
<token_anchor t_id="140"/>
<token_anchor t_id="141"/>
<token_anchor t_id="142"/>
<token_anchor t_id="143"/>
<token_anchor t_id="144"/>
<token_anchor t_id="145"/>
<token_anchor t_id="146"/>
</TIME_OF_THE_DAY>


<HUMAN_PART_PER m_id="108" RELATED_TO="" TAG_DESCRIPTOR="t33_andrew_lopez" comment="" />
<HUMAN_PART_PER m_id="109" RELATED_TO="" TAG_DESCRIPTOR="t33_horton_child" comment="" />
<ACTION_OCCURRENCE m_id="110" RELATED_TO="" TAG_DESCRIPTOR="t33_both_suspects_accused" climaxEvent="FALSE" comment="" />
<HUMAN_PART_PER m_id="111" RELATED_TO="" TAG_DESCRIPTOR="t33_two_other_victims" comment="" />
<TIME_DATE m_id="112" RELATED_TO="" TAG_DESCRIPTOR="t33_friday_shooting" comment="" DCT="FALSE" value="" anchorTimeID="" />
<HUMAN_PART_PER m_id="113" RELATED_TO="" TAG_DESCRIPTOR="t33_zurana_horton" comment="" />
<NON_HUMAN_PART m_id="114" RELATED_TO="" TAG_DESCRIPTOR="t33_video_footage" comment="" />
<ACTION_OCCURRENCE m_id="115" RELATED_TO="" TAG_DESCRIPTOR="t33_trial" climaxEvent="FALSE" comment="" />
<ACTION_OCCURRENCE m_id="116" RELATED_TO="" TAG_DESCRIPTOR="t33_shielded_children" climaxEvent="FALSE" comment="" />
<ACTION_OCCURRENCE m_id="117" RELATED_TO="" TAG_DESCRIPTOR="t33_spraying_bullets" climaxEvent="FALSE" comment="" />
<ACTION_OCCURRENCE m_id="118" RELATED_TO="" TAG_DESCRIPTOR="t33_killing_mother" climaxEvent="FALSE" comment="" />
<ACTION_OCCURRENCE m_id="119" RELATED_TO="" TAG_DESCRIPTOR="t33_confesses_to_killing" climaxEvent="FALSE" comment="" />
<HUMAN_PART_ORG m_id="120" RELATED_TO="" TAG_DESCRIPTOR="t33_rival_gang" />
<ACTION_OCCURRENCE m_id="121" RELATED_TO="22" TAG_DESCRIPTOR="aiming" climaxEvent="FALSE" comment="" />
<HUMAN_PART_PER m_id="122" RELATED_TO="" TAG_DESCRIPTOR="t33_jury" comment="" />
<ACTION_OCCURRENCE m_id="123" RELATED_TO="" TAG_DESCRIPTOR="t33_shooting" climaxEvent="FALSE" comment="" />
<HUMAN_PART_PER m_id="124" RELATED_TO="" TAG_DESCRIPTOR="t33_injured_child" comment="" />
<HUMAN_PART_ORG m_id="125" RELATED_TO="" TAG_DESCRIPTOR="t33_gang" />
<ACTION_OCCURRENCE m_id="126" RELATED_TO="6" TAG_DESCRIPTOR="picks_up" climaxEvent="FALSE" comment="" />
<ACTION_OCCURRENCE m_id="127" RELATED_TO="" TAG_DESCRIPTOR="t33_injury_of_2_victims" climaxEvent="FALSE" comment="" />
<HUMAN_PART_PER m_id="128" RELATED_TO="" TAG_DESCRIPTOR="t33_children_protected" comment="" />
<ACTION_REPORTING m_id="129" RELATED_TO="" TAG_DESCRIPTOR="t33_said_didnt_intend" comment="" />
<HUMAN_PART_PER m_id="130" RELATED_TO="" TAG_DESCRIPTOR="t33_rival_gang_members" comment="" />
<LOC_FAC m_id="131" RELATED_TO="" TAG_DESCRIPTOR="t33_rooftop" />
<ACTION_OCCURRENCE m_id="132" RELATED_TO="" TAG_DESCRIPTOR="t33_showed_footage" climaxEvent="FALSE" comment="" />
<LOC_FAC m_id="133" RELATED_TO="" TAG_DESCRIPTOR="t33_school" />
</Markables>

<Relations>
<TLINK r_id="246851" contextualModality="" relType="AFTER" comment="" >
<source m_id="107" />
<target m_id="25" />
</TLINK>
<TLINK r_id="246852" contextualModality="" relType="AFTER" comment="" >
<source m_id="107" />
<target m_id="28" />
</TLINK>
<TLINK r_id="246853" contextualModality="" relType="AFTER" comment="" >
<source m_id="107" />
<target m_id="42" />
</TLINK>
<TLINK r_id="246854" contextualModality="" relType="AFTER" comment="" >
<source m_id="107" />
<target m_id="30" />
</TLINK>
<TLINK r_id="246855" contextualModality="" relType="AFTER" comment="" >
<source m_id="107" />
<target m_id="31" />
</TLINK>
<TLINK r_id="246856" contextualModality="" relType="AFTER" comment="" >
<source m_id="107" />
<target m_id="32" />
</TLINK>
<TLINK r_id="246857" contextualModality="" relType="AFTER" comment="" >
<source m_id="107" />
<target m_id="6" />
</TLINK>
<TLINK r_id="246858" contextualModality="" relType="AFTER" comment="" >
<source m_id="107" />
<target m_id="33" />
</TLINK>
<TLINK r_id="246859" contextualModality="" relType="AFTER" comment="" >
<source m_id="107" />
<target m_id="34" />
</TLINK>
<TLINK r_id="246860" contextualModality="" relType="AFTER" comment="" >
<source m_id="107" />
<target m_id="35" />
</TLINK>
<TLINK r_id="246861" contextualModality="" relType="AFTER" comment="" >
<source m_id="107" />
<target m_id="2" />
</TLINK>
<TLINK r_id="246862" contextualModality="" relType="AFTER" comment="" >
<source m_id="107" />
<target m_id="4" />
</TLINK>
<TLINK r_id="246863" contextualModality="" relType="AFTER" comment="" >
<source m_id="107" />
<target m_id="5" />
</TLINK>
<TLINK r_id="246864" contextualModality="" relType="AFTER" comment="" >
<source m_id="107" />
<target m_id="7" />
</TLINK>
<TLINK r_id="246865" contextualModality="" relType="AFTER" comment="" >
<source m_id="107" />
<target m_id="9" />
</TLINK>
<TLINK r_id="246866" contextualModality="" relType="AFTER" comment="" >
<source m_id="107" />
<target m_id="44" />
</TLINK>
<TLINK r_id="246867" contextualModality="" relType="AFTER" comment="" >
<source m_id="107" />
<target m_id="36" />
</TLINK>
<TLINK r_id="246868" contextualModality="" relType="AFTER" comment="" >
<source m_id="107" />
<target m_id="11" />
</TLINK>
<TLINK r_id="246869" contextualModality="" relType="AFTER" comment="" >
<source m_id="107" />
<target m_id="8" />
</TLINK>
<TLINK r_id="246870" contextualModality="" relType="AFTER" comment="" >
<source m_id="107" />
<target m_id="10" />
</TLINK>
<TLINK r_id="246871" contextualModality="" relType="AFTER" comment="" >
<source m_id="107" />
<target m_id="37" />
</TLINK>
<TLINK r_id="246872" contextualModality="" relType="AFTER" comment="" >
<source m_id="107" />
<target m_id="12" />
</TLINK>
<TLINK r_id="246873" contextualModality="" relType="AFTER" comment="" >
<source m_id="107" />
<target m_id="13" />
</TLINK>
<TLINK r_id="246874" contextualModality="" relType="AFTER" comment="" >
<source m_id="107" />
<target m_id="14" />
</TLINK>
<TLINK r_id="246875" contextualModality="" relType="AFTER" comment="" >
<source m_id="107" />
<target m_id="15" />
</TLINK>
<TLINK r_id="246876" contextualModality="" relType="AFTER" comment="" >
<source m_id="107" />
<target m_id="17" />
</TLINK>
<TLINK r_id="246877" contextualModality="" relType="OVERLAP" comment="" >
<source m_id="107" />
<target m_id="16" />
</TLINK>
<TLINK r_id="246878" contextualModality="" relType="AFTER" comment="" >
<source m_id="107" />
<target m_id="18" />
</TLINK>
<TLINK r_id="246879" contextualModality="" relType="AFTER" comment="" >
<source m_id="107" />
<target m_id="19" />
</TLINK>
<TLINK r_id="246880" contextualModality="" relType="AFTER" comment="" >
<source m_id="107" />
<target m_id="20" />
</TLINK>
<TLINK r_id="246881" contextualModality="" relType="AFTER" comment="" >
<source m_id="107" />
<target m_id="21" />
</TLINK>
<TLINK r_id="246882" contextualModality="" relType="AFTER" comment="" >
<source m_id="107" />
<target m_id="23" />
</TLINK>
<TLINK r_id="246883" contextualModality="" relType="AFTER" comment="" >
<source m_id="107" />
<target m_id="43" />
</TLINK>
<TLINK r_id="246884" contextualModality="" relType="AFTER" comment="" >
<source m_id="107" />
<target m_id="26" />
</TLINK>
<TLINK r_id="246885" contextualModality="" relType="AFTER" comment="" >
<source m_id="107" />
<target m_id="29" />
</TLINK>
<TLINK r_id="246886" contextualModality="" relType="AFTER" comment="" >
<source m_id="107" />
<target m_id="1" />
</TLINK>
<TLINK r_id="246887" contextualModality="" relType="AFTER" comment="" >
<source m_id="107" />
<target m_id="3" />
</TLINK>
<TLINK r_id="246889" contextualModality="" relType="AFTER" comment="" >
<source m_id="107" />
<target m_id="22" />
</TLINK>
<TLINK r_id="246890" contextualModality="" relType="AFTER" comment="" >
<source m_id="107" />
<target m_id="24" />
</TLINK>
<TLINK r_id="246891" contextualModality="" relType="AFTER" comment="" >
<source m_id="107" />
<target m_id="27" />
</TLINK>
<TLINK r_id="246892" contextualModality="" relType="CONTAINS" comment="" >
<source m_id="104" />
<target m_id="25" />
</TLINK>
<TLINK r_id="246895" contextualModality="" relType="CONTAINS" comment="" >
<source m_id="105" />
<target m_id="30" />
</TLINK>
<TLINK r_id="246896" contextualModality="" relType="CONTAINS" comment="" >
<source m_id="105" />
<target m_id="31" />
</TLINK>
<TLINK r_id="246897" contextualModality="" relType="CONTAINS" comment="" >
<source m_id="105" />
<target m_id="32" />
</TLINK>
<TLINK r_id="246898" contextualModality="" relType="CONTAINS" comment="" >
<source m_id="105" />
<target m_id="6" />
</TLINK>
<TLINK r_id="246899" contextualModality="" relType="CONTAINS" comment="" >
<source m_id="105" />
<target m_id="33" />
</TLINK>
<TLINK r_id="246900" contextualModality="" relType="CONTAINS" comment="" >
<source m_id="105" />
<target m_id="34" />
</TLINK>
<TLINK r_id="246902" contextualModality="" relType="CONTAINS" comment="" >
<source m_id="105" />
<target m_id="2" />
</TLINK>
<TLINK r_id="246908" contextualModality="" relType="CONTAINS" comment="" >
<source m_id="104" />
<target m_id="36" />
</TLINK>
<TLINK r_id="246909" contextualModality="" relType="AFTER" comment="" >
<source m_id="104" />
<target m_id="11" />
</TLINK>
<TLINK r_id="246910" contextualModality="" relType="AFTER" comment="" >
<source m_id="104" />
<target m_id="8" />
</TLINK>
<TLINK r_id="246911" contextualModality="" relType="CONTAINS" comment="" >
<source m_id="104" />
<target m_id="10" />
</TLINK>
<TLINK r_id="246912" contextualModality="" relType="AFTER" comment="" >
<source m_id="105" />
<target m_id="37" />
</TLINK>
<TLINK r_id="246913" contextualModality="" relType="CONTAINS" comment="" >
<source m_id="105" />
<target m_id="12" />
</TLINK>
<TLINK r_id="246914" contextualModality="" relType="CONTAINS" comment="" >
<source m_id="105" />
<target m_id="13" />
</TLINK>
<TLINK r_id="246915" contextualModality="" relType="CONTAINS" comment="" >
<source m_id="105" />
<target m_id="14" />
</TLINK>
<TLINK r_id="246916" contextualModality="" relType="CONTAINS" comment="" >
<source m_id="105" />
<target m_id="15" />
</TLINK>
<TLINK r_id="246917" contextualModality="" relType="CONTAINS" comment="" >
<source m_id="106" />
<target m_id="17" />
</TLINK>
<TLINK r_id="246918" contextualModality="" relType="OVERLAP" comment="" >
<source m_id="106" />
<target m_id="16" />
</TLINK>
<TLINK r_id="246919" contextualModality="" relType="AFTER" comment="" >
<source m_id="106" />
<target m_id="18" />
</TLINK>
<TLINK r_id="246920" contextualModality="" relType="CONTAINS" comment="" >
<source m_id="105" />
<target m_id="19" />
</TLINK>
<TLINK r_id="246921" contextualModality="" relType="CONTAINS" comment="" >
<source m_id="105" />
<target m_id="21" />
</TLINK>
<TLINK r_id="246922" contextualModality="" relType="CONTAINS" comment="" >
<source m_id="105" />
<target m_id="23" />
</TLINK>
<TLINK r_id="246923" contextualModality="" relType="CONTAINS" comment="" >
<source m_id="105" />
<target m_id="43" />
</TLINK>
<TLINK r_id="246924" contextualModality="" relType="CONTAINS" comment="" >
<source m_id="105" />
<target m_id="26" />
</TLINK>
<TLINK r_id="246925" contextualModality="" relType="CONTAINS" comment="" >
<source m_id="105" />
<target m_id="29" />
</TLINK>
<TLINK r_id="246926" contextualModality="" relType="CONTAINS" comment="" >
<source m_id="105" />
<target m_id="1" />
</TLINK>
<PLOT_LINK r_id="246929" SIGNAL="" relType="FALLING_ACTION" CAUSES="FALSE" CAUSED_BY="FALSE" >
<source m_id="42" />
<target m_id="30" />
</PLOT_LINK>
<PLOT_LINK r_id="246930" SIGNAL="" relType="FALLING_ACTION" CAUSES="FALSE" CAUSED_BY="FALSE" >
<source m_id="30" />
<target m_id="32" />
</PLOT_LINK>
<PLOT_LINK r_id="246931" SIGNAL="" relType="PRECONDITION" CAUSES="FALSE" CAUSED_BY="FALSE" >
<source m_id="32" />
<target m_id="33" />
</PLOT_LINK>
<PLOT_LINK r_id="246932" SIGNAL="" relType="PRECONDITION" CAUSES="FALSE" CAUSED_BY="FALSE" >
<source m_id="32" />
<target m_id="2" />
</PLOT_LINK>
<PLOT_LINK r_id="246933" SIGNAL="" relType="FALLING_ACTION" CAUSES="FALSE" CAUSED_BY="FALSE" >
<source m_id="5" />
<target m_id="7" />
</PLOT_LINK>
<PLOT_LINK r_id="246934" SIGNAL="" relType="PRECONDITION" CAUSES="FALSE" CAUSED_BY="FALSE" >
<source m_id="12" />
<target m_id="13" />
</PLOT_LINK>
<PLOT_LINK r_id="246935" SIGNAL="" relType="FALLING_ACTION" CAUSES="FALSE" CAUSED_BY="FALSE" >
<source m_id="12" />
<target m_id="14" />
</PLOT_LINK>
<PLOT_LINK r_id="246936" SIGNAL="" relType="FALLING_ACTION" CAUSES="FALSE" CAUSED_BY="FALSE" >
<source m_id="14" />
<target m_id="15" />
</PLOT_LINK>
<PLOT_LINK r_id="246937" SIGNAL="" relType="FALLING_ACTION" CAUSES="FALSE" CAUSED_BY="FALSE" >
<source m_id="16" />
<target m_id="18" />
</PLOT_LINK>
<PLOT_LINK r_id="246938" SIGNAL="" relType="FALLING_ACTION" CAUSES="FALSE" CAUSED_BY="FALSE" >
<source m_id="18" />
<target m_id="19" />
</PLOT_LINK>
<PLOT_LINK r_id="246939" SIGNAL="" relType="FALLING_ACTION" CAUSES="FALSE" CAUSED_BY="FALSE" >
<source m_id="18" />
<target m_id="20" />
</PLOT_LINK>
<PLOT_LINK r_id="246940" SIGNAL="" relType="FALLING_ACTION" CAUSES="FALSE" CAUSED_BY="FALSE" >
<source m_id="21" />
<target m_id="29" />
</PLOT_LINK>
<TLINK r_id="253776" contextualModality="" relType="AFTER" comment="" >
<source m_id="106" />
<target m_id="19" />
</TLINK>
<TLINK r_id="253777" contextualModality="" relType="AFTER" comment="" >
<source m_id="106" />
<target m_id="20" />
</TLINK>
<TLINK r_id="253778" contextualModality="" relType="CONTAINS" comment="" >
<source m_id="105" />
<target m_id="20" />
</TLINK>
<TLINK r_id="253779" contextualModality="" relType="CONTAINS" comment="" >
<source m_id="105" />
<target m_id="19" />
</TLINK>
<TLINK r_id="253780" contextualModality="" relType="CONTAINS" comment="" >
<source m_id="105" />
<target m_id="18" />
</TLINK>
<TLINK r_id="253781" contextualModality="" relType="OVERLAP" comment="" >
<source m_id="105" />
<target m_id="16" />
</TLINK>
<TLINK r_id="253782" contextualModality="" relType="BEFORE" comment="" >
<source m_id="105" />
<target m_id="17" />
</TLINK>
<TLINK r_id="253783" contextualModality="" relType="CONTAINS" comment="" >
<source m_id="105" />
<target m_id="27" />
</TLINK>
<TLINK r_id="253784" contextualModality="" relType="CONTAINS" comment="" >
<source m_id="105" />
<target m_id="24" />
</TLINK>
<TLINK r_id="253785" contextualModality="" relType="CONTAINS" comment="" >
<source m_id="105" />
<target m_id="22" />
</TLINK>
</Relations>
</Document>
