<Document doc_name="33_5ecbplus.xml">
<token t_id="1" sentence="0" number="0">http</token>
<token t_id="2" sentence="0" number="1">:</token>
<token t_id="3" sentence="0" number="2">/</token>
<token t_id="4" sentence="0" number="3">/</token>
<token t_id="5" sentence="0" number="4">www</token>
<token t_id="6" sentence="0" number="5">.</token>
<token t_id="7" sentence="0" number="6">nydailynews</token>
<token t_id="8" sentence="0" number="7">.</token>
<token t_id="9" sentence="0" number="8">com</token>
<token t_id="10" sentence="0" number="9">/</token>
<token t_id="11" sentence="0" number="10">new</token>
<token t_id="12" sentence="0" number="11">-</token>
<token t_id="13" sentence="0" number="12">york</token>
<token t_id="14" sentence="0" number="13">/</token>
<token t_id="15" sentence="0" number="14">brooklyn</token>
<token t_id="16" sentence="0" number="15">/</token>
<token t_id="17" sentence="0" number="16">gangmember</token>
<token t_id="18" sentence="0" number="17">-</token>
<token t_id="19" sentence="0" number="18">guilty</token>
<token t_id="20" sentence="0" number="19">-</token>
<token t_id="21" sentence="0" number="20">slay</token>
<token t_id="22" sentence="0" number="21">-</token>
<token t_id="23" sentence="0" number="22">mom</token>
<token t_id="24" sentence="0" number="23">-</token>
<token t_id="25" sentence="0" number="24">12</token>
<token t_id="26" sentence="0" number="25">-</token>
<token t_id="27" sentence="0" number="26">article</token>
<token t_id="28" sentence="0" number="27">-</token>
<token t_id="29" sentence="0" number="28">1</token>
<token t_id="30" sentence="0" number="29">.</token>
<token t_id="31" sentence="0" number="30">1326009</token>
<token t_id="32" sentence="1" number="0">Gang</token>
<token t_id="33" sentence="1" number="1">member</token>
<token t_id="34" sentence="1" number="2">guilty</token>
<token t_id="35" sentence="1" number="3">in</token>
<token t_id="36" sentence="1" number="4">slay</token>
<token t_id="37" sentence="1" number="5">of</token>
<token t_id="38" sentence="1" number="6">Brooklyn</token>
<token t_id="39" sentence="1" number="7">mom</token>
<token t_id="40" sentence="1" number="8">of</token>
<token t_id="41" sentence="1" number="9">12</token>
<token t_id="42" sentence="2" number="0">Andrew</token>
<token t_id="43" sentence="2" number="1">Lopez</token>
<token t_id="44" sentence="2" number="2">,</token>
<token t_id="45" sentence="2" number="3">20</token>
<token t_id="46" sentence="2" number="4">was</token>
<token t_id="47" sentence="2" number="5">found</token>
<token t_id="48" sentence="2" number="6">guilty</token>
<token t_id="49" sentence="2" number="7">in</token>
<token t_id="50" sentence="2" number="8">murder</token>
<token t_id="51" sentence="2" number="9">of</token>
<token t_id="52" sentence="2" number="10">Zurana</token>
<token t_id="53" sentence="2" number="11">Horton</token>
<token t_id="54" sentence="2" number="12">.</token>
<token t_id="55" sentence="3" number="0">Horton</token>
<token t_id="56" sentence="3" number="1">was</token>
<token t_id="57" sentence="3" number="2">struck</token>
<token t_id="58" sentence="3" number="3">by</token>
<token t_id="59" sentence="3" number="4">a</token>
<token t_id="60" sentence="3" number="5">stray</token>
<token t_id="61" sentence="3" number="6">bullet</token>
<token t_id="62" sentence="3" number="7">as</token>
<token t_id="63" sentence="3" number="8">Lopez</token>
<token t_id="64" sentence="3" number="9">targeted</token>
<token t_id="65" sentence="3" number="10">rival</token>
<token t_id="66" sentence="3" number="11">gang</token>
<token t_id="67" sentence="3" number="12">members</token>
<token t_id="68" sentence="3" number="13">.</token>
<token t_id="69" sentence="4" number="0">He</token>
<token t_id="70" sentence="4" number="1">faces</token>
<token t_id="71" sentence="4" number="2">up</token>
<token t_id="72" sentence="4" number="3">to</token>
<token t_id="73" sentence="4" number="4">75</token>
<token t_id="74" sentence="4" number="5">years</token>
<token t_id="75" sentence="4" number="6">to</token>
<token t_id="76" sentence="4" number="7">life</token>
<token t_id="77" sentence="4" number="8">in</token>
<token t_id="78" sentence="4" number="9">prison</token>
<token t_id="79" sentence="4" number="10">.</token>
<token t_id="80" sentence="5" number="0">WEDNESDAY</token>
<token t_id="81" sentence="5" number="1">,</token>
<token t_id="82" sentence="5" number="2">APRIL</token>
<token t_id="83" sentence="5" number="3">24</token>
<token t_id="84" sentence="5" number="4">,</token>
<token t_id="85" sentence="5" number="5">2013</token>
<token t_id="86" sentence="5" number="6">,</token>
<token t_id="87" sentence="5" number="7">10</token>
<token t_id="88" sentence="5" number="8">:</token>
<token t_id="89" sentence="5" number="9">34</token>
<token t_id="90" sentence="5" number="10">AM</token>
<token t_id="91" sentence="6" number="0">A</token>
<token t_id="92" sentence="6" number="1">gang</token>
<token t_id="93" sentence="6" number="2">member</token>
<token t_id="94" sentence="6" number="3">was</token>
<token t_id="95" sentence="6" number="4">convicted</token>
<token t_id="96" sentence="6" number="5">Tuesday</token>
<token t_id="97" sentence="6" number="6">for</token>
<token t_id="98" sentence="6" number="7">claiming</token>
<token t_id="99" sentence="6" number="8">the</token>
<token t_id="100" sentence="6" number="9">life</token>
<token t_id="101" sentence="6" number="10">of</token>
<token t_id="102" sentence="6" number="11">a</token>
<token t_id="103" sentence="6" number="12">mother</token>
<token t_id="104" sentence="6" number="13">of</token>
<token t_id="105" sentence="6" number="14">12</token>
<token t_id="106" sentence="6" number="15">when</token>
<token t_id="107" sentence="6" number="16">he</token>
<token t_id="108" sentence="6" number="17">sprayed</token>
<token t_id="109" sentence="6" number="18">13</token>
<token t_id="110" sentence="6" number="19">bullets</token>
<token t_id="111" sentence="6" number="20">from</token>
<token t_id="112" sentence="6" number="21">a</token>
<token t_id="113" sentence="6" number="22">Brooklyn</token>
<token t_id="114" sentence="6" number="23">rooftop</token>
<token t_id="115" sentence="6" number="24">in</token>
<token t_id="116" sentence="6" number="25">broad</token>
<token t_id="117" sentence="6" number="26">daylight</token>
<token t_id="118" sentence="6" number="27">.</token>
<token t_id="119" sentence="7" number="0">Andrew</token>
<token t_id="120" sentence="7" number="1">Lopez</token>
<token t_id="121" sentence="7" number="2">,</token>
<token t_id="122" sentence="7" number="3">20</token>
<token t_id="123" sentence="7" number="4">,</token>
<token t_id="124" sentence="7" number="5">was</token>
<token t_id="125" sentence="7" number="6">found</token>
<token t_id="126" sentence="7" number="7">guilty</token>
<token t_id="127" sentence="7" number="8">of</token>
<token t_id="128" sentence="7" number="9">slaying</token>
<token t_id="129" sentence="7" number="10">Zurana</token>
<token t_id="130" sentence="7" number="11">Horton</token>
<token t_id="131" sentence="7" number="12">,</token>
<token t_id="132" sentence="7" number="13">34</token>
<token t_id="133" sentence="7" number="14">,</token>
<token t_id="134" sentence="7" number="15">and</token>
<token t_id="135" sentence="7" number="16">wounding</token>
<token t_id="136" sentence="7" number="17">Unique</token>
<token t_id="137" sentence="7" number="18">Armstead</token>
<token t_id="138" sentence="7" number="19">,</token>
<token t_id="139" sentence="7" number="20">32</token>
<token t_id="140" sentence="7" number="21">,</token>
<token t_id="141" sentence="7" number="22">and</token>
<token t_id="142" sentence="7" number="23">Cheanne</token>
<token t_id="143" sentence="7" number="24">McKnight</token>
<token t_id="144" sentence="7" number="25">,</token>
<token t_id="145" sentence="7" number="26">11</token>
<token t_id="146" sentence="7" number="27">,</token>
<token t_id="147" sentence="7" number="28">in</token>
<token t_id="148" sentence="7" number="29">October</token>
<token t_id="149" sentence="7" number="30">2011</token>
<token t_id="150" sentence="7" number="31">as</token>
<token t_id="151" sentence="7" number="32">he</token>
<token t_id="152" sentence="7" number="33">targeted</token>
<token t_id="153" sentence="7" number="34">rival</token>
<token t_id="154" sentence="7" number="35">gang</token>
<token t_id="155" sentence="7" number="36">members</token>
<token t_id="156" sentence="7" number="37">.</token>
<token t_id="157" sentence="8" number="0">He</token>
<token t_id="158" sentence="8" number="1">faces</token>
<token t_id="159" sentence="8" number="2">up</token>
<token t_id="160" sentence="8" number="3">to</token>
<token t_id="161" sentence="8" number="4">75</token>
<token t_id="162" sentence="8" number="5">years</token>
<token t_id="163" sentence="8" number="6">to</token>
<token t_id="164" sentence="8" number="7">life</token>
<token t_id="165" sentence="8" number="8">in</token>
<token t_id="166" sentence="8" number="9">prison</token>
<token t_id="167" sentence="8" number="10">when</token>
<token t_id="168" sentence="8" number="11">he's</token>
<token t_id="169" sentence="8" number="12">sentenced</token>
<token t_id="170" sentence="8" number="13">May</token>
<token t_id="171" sentence="8" number="14">7</token>
<token t_id="172" sentence="8" number="15">.</token>
<token t_id="173" sentence="9" number="0">The</token>
<token t_id="174" sentence="9" number="1">gruesome</token>
<token t_id="175" sentence="9" number="2">death</token>
<token t_id="176" sentence="9" number="3">on</token>
<token t_id="177" sentence="9" number="4">a</token>
<token t_id="178" sentence="9" number="5">busy</token>
<token t_id="179" sentence="9" number="6">Brownsville</token>
<token t_id="180" sentence="9" number="7">street</token>
<token t_id="181" sentence="9" number="8">was</token>
<token t_id="182" sentence="9" number="9">captured</token>
<token t_id="183" sentence="9" number="10">in</token>
<token t_id="184" sentence="9" number="11">a</token>
<token t_id="185" sentence="9" number="12">chilling</token>
<token t_id="186" sentence="9" number="13">surveillance</token>
<token t_id="187" sentence="9" number="14">tape</token>
<token t_id="188" sentence="9" number="15">played</token>
<token t_id="189" sentence="9" number="16">at</token>
<token t_id="190" sentence="9" number="17">trial</token>
<token t_id="191" sentence="9" number="18">.</token>
<token t_id="192" sentence="10" number="0">It</token>
<token t_id="193" sentence="10" number="1">took</token>
<token t_id="194" sentence="10" number="2">the</token>
<token t_id="195" sentence="10" number="3">panel</token>
<token t_id="196" sentence="10" number="4">just</token>
<token t_id="197" sentence="10" number="5">over</token>
<token t_id="198" sentence="10" number="6">two</token>
<token t_id="199" sentence="10" number="7">hours</token>
<token t_id="200" sentence="10" number="8">to</token>
<token t_id="201" sentence="10" number="9">convict</token>
<token t_id="202" sentence="10" number="10">Lopez</token>
<token t_id="203" sentence="10" number="11">,</token>
<token t_id="204" sentence="10" number="12">who</token>
<token t_id="205" sentence="10" number="13">confessed</token>
<token t_id="206" sentence="10" number="14">after</token>
<token t_id="207" sentence="10" number="15">the</token>
<token t_id="208" sentence="10" number="16">shooting</token>
<token t_id="209" sentence="10" number="17">.</token>


<Markables>
<ACTION_OCCURRENCE m_id="1" climaxEvent="FALSE" comment=""  >
<token_anchor t_id="175"/>
</ACTION_OCCURRENCE>
<ACTION_OCCURRENCE m_id="2" climaxEvent="FALSE" comment=""  >
<token_anchor t_id="182"/>
</ACTION_OCCURRENCE>
<ACTION_OCCURRENCE m_id="3" climaxEvent="FALSE" comment=""  >
<token_anchor t_id="190"/>
</ACTION_OCCURRENCE>
<ACTION_OCCURRENCE m_id="4" climaxEvent="FALSE" comment=""  >
<token_anchor t_id="188"/>
</ACTION_OCCURRENCE>
<ACTION_OCCURRENCE m_id="5" climaxEvent="FALSE" comment=""  >
<token_anchor t_id="128"/>
</ACTION_OCCURRENCE>
<ACTION_OCCURRENCE m_id="6" climaxEvent="FALSE" comment=""  >
<token_anchor t_id="208"/>
</ACTION_OCCURRENCE>
<ACTION_OCCURRENCE m_id="7" climaxEvent="FALSE" comment=""  >
<token_anchor t_id="205"/>
</ACTION_OCCURRENCE>
<ACTION_OCCURRENCE m_id="8" climaxEvent="FALSE" comment=""  >
<token_anchor t_id="98"/>
<token_anchor t_id="99"/>
<token_anchor t_id="100"/>
</ACTION_OCCURRENCE>
<ACTION_OCCURRENCE m_id="9" climaxEvent="FALSE" comment=""  >
<token_anchor t_id="201"/>
</ACTION_OCCURRENCE>
<ACTION_OCCURRENCE m_id="10" climaxEvent="FALSE" comment=""  >
<token_anchor t_id="36"/>
</ACTION_OCCURRENCE>
<ACTION_OCCURRENCE m_id="11" climaxEvent="FALSE" comment=""  >
<token_anchor t_id="47"/>
</ACTION_OCCURRENCE>
<ACTION_OCCURRENCE m_id="12" climaxEvent="FALSE" comment=""  >
<token_anchor t_id="50"/>
</ACTION_OCCURRENCE>
<ACTION_OCCURRENCE m_id="13" climaxEvent="FALSE" comment=""  >
<token_anchor t_id="57"/>
</ACTION_OCCURRENCE>
<ACTION_OCCURRENCE m_id="14" climaxEvent="FALSE" comment=""  >
<token_anchor t_id="64"/>
</ACTION_OCCURRENCE>
<ACTION_OCCURRENCE m_id="15" climaxEvent="FALSE" comment=""  >
<token_anchor t_id="95"/>
</ACTION_OCCURRENCE>
<ACTION_OCCURRENCE m_id="16" climaxEvent="FALSE" comment=""  >
<token_anchor t_id="108"/>
</ACTION_OCCURRENCE>
<ACTION_OCCURRENCE m_id="17" climaxEvent="FALSE" comment=""  >
<token_anchor t_id="125"/>
</ACTION_OCCURRENCE>
<ACTION_OCCURRENCE m_id="18" climaxEvent="FALSE" comment=""  >
<token_anchor t_id="158"/>
</ACTION_OCCURRENCE>
<ACTION_OCCURRENCE m_id="19" climaxEvent="FALSE" comment=""  >
<token_anchor t_id="169"/>
</ACTION_OCCURRENCE>
<ACTION_OCCURRENCE m_id="20" climaxEvent="FALSE" comment=""  >
<token_anchor t_id="152"/>
</ACTION_OCCURRENCE>
<ACTION_OCCURRENCE m_id="21" climaxEvent="FALSE" comment=""  >
<token_anchor t_id="135"/>
</ACTION_OCCURRENCE>
<ACTION_OCCURRENCE m_id="22" climaxEvent="FALSE" comment=""  >
<token_anchor t_id="193"/>
</ACTION_OCCURRENCE>
<ACTION_STATE m_id="23" climaxEvent="TRUE" comment=""  >
<token_anchor t_id="34"/>
</ACTION_STATE>
<ACTION_STATE m_id="24" climaxEvent="FALSE" comment=""  >
<token_anchor t_id="48"/>
</ACTION_STATE>
<ACTION_STATE m_id="25" climaxEvent="FALSE" comment=""  >
<token_anchor t_id="126"/>
</ACTION_STATE>
<HUMAN_PART_PER m_id="33" comment=""  >
<token_anchor t_id="32"/>
<token_anchor t_id="33"/>
</HUMAN_PART_PER>
<HUMAN_PART_PER m_id="34" comment=""  >
<token_anchor t_id="38"/>
<token_anchor t_id="39"/>
<token_anchor t_id="40"/>
<token_anchor t_id="41"/>
</HUMAN_PART_PER>
<HUMAN_PART_PER m_id="35" comment=""  >
<token_anchor t_id="42"/>
<token_anchor t_id="43"/>
</HUMAN_PART_PER>
<HUMAN_PART_PER m_id="36" comment=""  >
<token_anchor t_id="52"/>
<token_anchor t_id="53"/>
</HUMAN_PART_PER>
<HUMAN_PART_PER m_id="37" comment=""  >
<token_anchor t_id="55"/>
</HUMAN_PART_PER>
<HUMAN_PART_PER m_id="38" comment=""  >
<token_anchor t_id="63"/>
</HUMAN_PART_PER>
<HUMAN_PART_PER m_id="39" comment=""  >
<token_anchor t_id="92"/>
<token_anchor t_id="93"/>
</HUMAN_PART_PER>
<HUMAN_PART_PER m_id="40" comment=""  >
<token_anchor t_id="103"/>
</HUMAN_PART_PER>
<HUMAN_PART_PER m_id="41" comment=""  >
<token_anchor t_id="66"/>
<token_anchor t_id="67"/>
</HUMAN_PART_PER>
<HUMAN_PART_PER m_id="42" comment=""  >
<token_anchor t_id="195"/>
</HUMAN_PART_PER>
<HUMAN_PART_PER m_id="43" comment=""  >
<token_anchor t_id="154"/>
<token_anchor t_id="155"/>
</HUMAN_PART_PER>
<HUMAN_PART_PER m_id="44" comment=""  >
<token_anchor t_id="107"/>
</HUMAN_PART_PER>
<HUMAN_PART_PER m_id="45" comment=""  >
<token_anchor t_id="119"/>
<token_anchor t_id="120"/>
</HUMAN_PART_PER>
<HUMAN_PART_PER m_id="46" comment=""  >
<token_anchor t_id="129"/>
<token_anchor t_id="130"/>
</HUMAN_PART_PER>
<HUMAN_PART_PER m_id="26" comment=""  >
<token_anchor t_id="136"/>
<token_anchor t_id="137"/>
</HUMAN_PART_PER>
<HUMAN_PART_PER m_id="27" comment=""  >
<token_anchor t_id="142"/>
<token_anchor t_id="143"/>
</HUMAN_PART_PER>
<HUMAN_PART_PER m_id="28" comment=""  >
<token_anchor t_id="151"/>
</HUMAN_PART_PER>
<HUMAN_PART_PER m_id="29" comment=""  >
<token_anchor t_id="157"/>
</HUMAN_PART_PER>
<HUMAN_PART_PER m_id="30" comment=""  >
<token_anchor t_id="168"/>
</HUMAN_PART_PER>
<HUMAN_PART_PER m_id="31" comment=""  >
<token_anchor t_id="202"/>
</HUMAN_PART_PER>
<HUMAN_PART_PER m_id="32" comment=""  >
<token_anchor t_id="204"/>
</HUMAN_PART_PER>
<LOC_FAC m_id="47"  >
<token_anchor t_id="165"/>
<token_anchor t_id="166"/>
</LOC_FAC>
<LOC_FAC m_id="48"  >
<token_anchor t_id="111"/>
<token_anchor t_id="112"/>
<token_anchor t_id="113"/>
<token_anchor t_id="114"/>
</LOC_FAC>
<LOC_GEO m_id="49" comment=""  >
<token_anchor t_id="176"/>
<token_anchor t_id="177"/>
<token_anchor t_id="178"/>
<token_anchor t_id="179"/>
<token_anchor t_id="180"/>
</LOC_GEO>
<NON_HUMAN_PART m_id="50" comment=""  >
<token_anchor t_id="110"/>
</NON_HUMAN_PART>
<NON_HUMAN_PART m_id="51" comment=""  >
<token_anchor t_id="61"/>
</NON_HUMAN_PART>
<NON_HUMAN_PART m_id="52" comment=""  >
<token_anchor t_id="187"/>
</NON_HUMAN_PART>
<TIME_DATE m_id="53" comment="" DCT="FALSE" value="2013-04-23" anchorTimeID="58"  >
<token_anchor t_id="96"/>
</TIME_DATE>
<TIME_DATE m_id="54" comment="" DCT="FALSE" value="2013-05-07" anchorTimeID="58"  >
<token_anchor t_id="170"/>
<token_anchor t_id="171"/>
</TIME_DATE>
<TIME_DATE m_id="55" comment="" DCT="FALSE" value="2011-10" anchorTimeID=""  >
<token_anchor t_id="148"/>
<token_anchor t_id="149"/>
</TIME_DATE>
<TIME_DURATION m_id="56" endPoint="" value="PT2H" begin="" anchorTimeID="53"  >
<token_anchor t_id="198"/>
<token_anchor t_id="199"/>
</TIME_DURATION>
<TIME_DURATION m_id="57" endPoint="75" value="P75Y" begin="54" anchorTimeID=""  >
<token_anchor t_id="161"/>
<token_anchor t_id="162"/>
</TIME_DURATION>
<TIME_OF_THE_DAY m_id="58" DCT="TRUE" value="2013-04-24T15:34Z" anchorTimeID=""  >
<token_anchor t_id="80"/>
<token_anchor t_id="81"/>
<token_anchor t_id="82"/>
<token_anchor t_id="83"/>
<token_anchor t_id="84"/>
<token_anchor t_id="85"/>
<token_anchor t_id="86"/>
<token_anchor t_id="87"/>
<token_anchor t_id="88"/>
<token_anchor t_id="89"/>
<token_anchor t_id="90"/>
</TIME_OF_THE_DAY>


<ACTION_OCCURRENCE m_id="59" RELATED_TO="" TAG_DESCRIPTOR="t33_injury_of_2_victims" climaxEvent="FALSE" comment="" />
<ACTION_STATE m_id="60" RELATED_TO="" TAG_DESCRIPTOR="t33_guilty" climaxEvent="FALSE" comment="" />
<TIME_DATE m_id="61" RELATED_TO="" TAG_DESCRIPTOR="t33_friday_shooting" comment="" DCT="FALSE" value="" anchorTimeID="" />
<HUMAN_PART_PER m_id="62" RELATED_TO="" TAG_DESCRIPTOR="t33_zurana_horton" comment="" />
<ACTION_OCCURRENCE m_id="63" RELATED_TO="" TAG_DESCRIPTOR="t33_spraying_bullets" climaxEvent="FALSE" comment="" />
<ACTION_OCCURRENCE m_id="64" RELATED_TO="" TAG_DESCRIPTOR="t33_aiming_for_other_gang" climaxEvent="FALSE" comment="" />
<ACTION_OCCURRENCE m_id="65" RELATED_TO="" TAG_DESCRIPTOR="t33_killing_mother" climaxEvent="FALSE" comment="" />
<LOC_FAC m_id="66" RELATED_TO="" TAG_DESCRIPTOR="t33_rooftop" />
<HUMAN_PART_PER m_id="67" RELATED_TO="" TAG_DESCRIPTOR="t33_rival_gang_members" comment="" />
<HUMAN_PART_PER m_id="68" RELATED_TO="" TAG_DESCRIPTOR="t33_unique_armstead" comment="" />
<HUMAN_PART_PER m_id="69" RELATED_TO="" TAG_DESCRIPTOR="t33_andrew_lopez" comment="" />
<ACTION_OCCURRENCE m_id="70" RELATED_TO="" TAG_DESCRIPTOR="t33_sentence" climaxEvent="FALSE" comment="" />
<ACTION_OCCURRENCE m_id="71" RELATED_TO="" TAG_DESCRIPTOR="t33_guilty_verdict" climaxEvent="FALSE" comment="" />
<HUMAN_PART_PER m_id="72" RELATED_TO="" TAG_DESCRIPTOR="t33_jury" comment="" />
<NON_HUMAN_PART m_id="73" RELATED_TO="" TAG_DESCRIPTOR="t33_bullets" comment="" />
<HUMAN_PART_PER m_id="74" RELATED_TO="" TAG_DESCRIPTOR="t33_injured_child" comment="" />
<TIME_DATE m_id="75" RELATED_TO="" TAG_DESCRIPTOR="t_2088" comment="" DCT="FALSE" value="2088" anchorTimeID="" />
</Markables>

<Relations>
<TLINK r_id="247002" contextualModality="" relType="AFTER" comment="" >
<source m_id="58" />
<target m_id="23" />
</TLINK>
<TLINK r_id="247003" contextualModality="" relType="AFTER" comment="" >
<source m_id="58" />
<target m_id="10" />
</TLINK>
<TLINK r_id="247004" contextualModality="" relType="AFTER" comment="" >
<source m_id="58" />
<target m_id="11" />
</TLINK>
<TLINK r_id="247005" contextualModality="" relType="AFTER" comment="" >
<source m_id="58" />
<target m_id="24" />
</TLINK>
<TLINK r_id="247006" contextualModality="" relType="AFTER" comment="" >
<source m_id="58" />
<target m_id="12" />
</TLINK>
<TLINK r_id="247007" contextualModality="" relType="AFTER" comment="" >
<source m_id="58" />
<target m_id="13" />
</TLINK>
<TLINK r_id="247008" contextualModality="" relType="AFTER" comment="" >
<source m_id="58" />
<target m_id="14" />
</TLINK>
<TLINK r_id="247009" contextualModality="" relType="AFTER" comment="" >
<source m_id="58" />
<target m_id="15" />
</TLINK>
<TLINK r_id="247010" contextualModality="" relType="AFTER" comment="" >
<source m_id="58" />
<target m_id="8" />
</TLINK>
<TLINK r_id="247011" contextualModality="" relType="AFTER" comment="" >
<source m_id="58" />
<target m_id="16" />
</TLINK>
<TLINK r_id="247012" contextualModality="" relType="AFTER" comment="" >
<source m_id="58" />
<target m_id="17" />
</TLINK>
<TLINK r_id="247013" contextualModality="" relType="AFTER" comment="" >
<source m_id="58" />
<target m_id="25" />
</TLINK>
<TLINK r_id="247014" contextualModality="" relType="AFTER" comment="" >
<source m_id="58" />
<target m_id="5" />
</TLINK>
<TLINK r_id="247015" contextualModality="" relType="AFTER" comment="" >
<source m_id="58" />
<target m_id="21" />
</TLINK>
<TLINK r_id="247016" contextualModality="" relType="AFTER" comment="" >
<source m_id="58" />
<target m_id="20" />
</TLINK>
<TLINK r_id="247017" contextualModality="" relType="BEFORE" comment="" >
<source m_id="58" />
<target m_id="19" />
</TLINK>
<TLINK r_id="247018" contextualModality="" relType="AFTER" comment="" >
<source m_id="58" />
<target m_id="1" />
</TLINK>
<TLINK r_id="247019" contextualModality="" relType="AFTER" comment="" >
<source m_id="58" />
<target m_id="2" />
</TLINK>
<TLINK r_id="247020" contextualModality="" relType="AFTER" comment="" >
<source m_id="58" />
<target m_id="4" />
</TLINK>
<TLINK r_id="247021" contextualModality="" relType="AFTER" comment="" >
<source m_id="58" />
<target m_id="3" />
</TLINK>
<TLINK r_id="247022" contextualModality="" relType="AFTER" comment="" >
<source m_id="58" />
<target m_id="22" />
</TLINK>
<TLINK r_id="247023" contextualModality="" relType="AFTER" comment="" >
<source m_id="58" />
<target m_id="9" />
</TLINK>
<TLINK r_id="247024" contextualModality="" relType="AFTER" comment="" >
<source m_id="58" />
<target m_id="7" />
</TLINK>
<TLINK r_id="247025" contextualModality="" relType="AFTER" comment="" >
<source m_id="58" />
<target m_id="6" />
</TLINK>
<TLINK r_id="247026" contextualModality="" relType="CONTAINS" comment="" >
<source m_id="55" />
<target m_id="20" />
</TLINK>
<TLINK r_id="247027" contextualModality="" relType="CONTAINS" comment="" >
<source m_id="55" />
<target m_id="21" />
</TLINK>
<TLINK r_id="247028" contextualModality="" relType="CONTAINS" comment="" >
<source m_id="55" />
<target m_id="5" />
</TLINK>
<TLINK r_id="247029" contextualModality="" relType="BEFORE" comment="" >
<source m_id="55" />
<target m_id="25" />
</TLINK>
<TLINK r_id="247030" contextualModality="" relType="BEFORE" comment="" >
<source m_id="55" />
<target m_id="17" />
</TLINK>
<TLINK r_id="247031" contextualModality="" relType="CONTAINS" comment="" >
<source m_id="55" />
<target m_id="16" />
</TLINK>
<TLINK r_id="247032" contextualModality="" relType="CONTAINS" comment="" >
<source m_id="55" />
<target m_id="8" />
</TLINK>
<TLINK r_id="247033" contextualModality="" relType="CONTAINS" comment="" >
<source m_id="55" />
<target m_id="14" />
</TLINK>
<TLINK r_id="247034" contextualModality="" relType="CONTAINS" comment="" >
<source m_id="55" />
<target m_id="13" />
</TLINK>
<TLINK r_id="247035" contextualModality="" relType="CONTAINS" comment="" >
<source m_id="53" />
<target m_id="15" />
</TLINK>
<TLINK r_id="247036" contextualModality="" relType="CONTAINS" comment="" >
<source m_id="53" />
<target m_id="23" />
</TLINK>
<TLINK r_id="247038" contextualModality="" relType="CONTAINS" comment="" >
<source m_id="53" />
<target m_id="11" />
</TLINK>
<TLINK r_id="247039" contextualModality="" relType="CONTAINS" comment="" >
<source m_id="53" />
<target m_id="24" />
</TLINK>
<TLINK r_id="247041" contextualModality="" relType="AFTER" comment="" >
<source m_id="53" />
<target m_id="8" />
</TLINK>
<TLINK r_id="247042" contextualModality="" relType="AFTER" comment="" >
<source m_id="53" />
<target m_id="16" />
</TLINK>
<TLINK r_id="247043" contextualModality="" relType="CONTAINS" comment="" >
<source m_id="53" />
<target m_id="17" />
</TLINK>
<TLINK r_id="247044" contextualModality="" relType="CONTAINS" comment="" >
<source m_id="53" />
<target m_id="25" />
</TLINK>
<TLINK r_id="247045" contextualModality="" relType="CONTAINS" comment="" >
<source m_id="55" />
<target m_id="10" />
</TLINK>
<TLINK r_id="247046" contextualModality="" relType="CONTAINS" comment="" >
<source m_id="55" />
<target m_id="12" />
</TLINK>
<TLINK r_id="247047" contextualModality="" relType="CONTAINS" comment="" >
<source m_id="55" />
<target m_id="1" />
</TLINK>
<TLINK r_id="247048" contextualModality="" relType="CONTAINS" comment="" >
<source m_id="54" />
<target m_id="19" />
</TLINK>
<TLINK r_id="247049" contextualModality="" relType="AFTER" comment="" >
<source m_id="54" />
<target m_id="18" />
</TLINK>
<TLINK r_id="247050" contextualModality="" relType="CONTAINS" comment="" >
<source m_id="55" />
<target m_id="6" />
</TLINK>
<PLOT_LINK r_id="247051" SIGNAL="" relType="FALLING_ACTION" CAUSES="FALSE" CAUSED_BY="FALSE" >
<source m_id="23" />
<target m_id="10" />
</PLOT_LINK>
<PLOT_LINK r_id="247052" SIGNAL="" relType="FALLING_ACTION" CAUSES="FALSE" CAUSED_BY="FALSE" >
<source m_id="24" />
<target m_id="12" />
</PLOT_LINK>
<PLOT_LINK r_id="247053" SIGNAL="" relType="FALLING_ACTION" CAUSES="FALSE" CAUSED_BY="FALSE" >
<source m_id="13" />
<target m_id="14" />
</PLOT_LINK>
<PLOT_LINK r_id="247054" SIGNAL="" relType="FALLING_ACTION" CAUSES="FALSE" CAUSED_BY="FALSE" >
<source m_id="15" />
<target m_id="8" />
</PLOT_LINK>
<PLOT_LINK r_id="247055" SIGNAL="" relType="FALLING_ACTION" CAUSES="FALSE" CAUSED_BY="FALSE" >
<source m_id="8" />
<target m_id="16" />
</PLOT_LINK>
<PLOT_LINK r_id="247056" SIGNAL="" relType="FALLING_ACTION" CAUSES="FALSE" CAUSED_BY="FALSE" >
<source m_id="25" />
<target m_id="5" />
</PLOT_LINK>
<PLOT_LINK r_id="247057" SIGNAL="" relType="FALLING_ACTION" CAUSES="FALSE" CAUSED_BY="FALSE" >
<source m_id="25" />
<target m_id="21" />
</PLOT_LINK>
<PLOT_LINK r_id="247058" SIGNAL="" relType="PRECONDITION" CAUSES="FALSE" CAUSED_BY="FALSE" >
<source m_id="25" />
<target m_id="18" />
</PLOT_LINK>
<PLOT_LINK r_id="247059" SIGNAL="" relType="FALLING_ACTION" CAUSES="FALSE" CAUSED_BY="FALSE" >
<source m_id="18" />
<target m_id="19" />
</PLOT_LINK>
<PLOT_LINK r_id="247060" SIGNAL="" relType="PRECONDITION" CAUSES="FALSE" CAUSED_BY="FALSE" >
<source m_id="1" />
<target m_id="3" />
</PLOT_LINK>
<PLOT_LINK r_id="247061" SIGNAL="" relType="FALLING_ACTION" CAUSES="FALSE" CAUSED_BY="FALSE" >
<source m_id="9" />
<target m_id="6" />
</PLOT_LINK>
<TLINK r_id="253790" contextualModality="" relType="OVERLAP" comment="" >
<source m_id="58" />
<target m_id="18" />
</TLINK>
<TLINK r_id="253791" contextualModality="" relType="CONTAINS" comment="" >
<source m_id="56" />
<target m_id="22" />
</TLINK>
<TLINK r_id="253792" contextualModality="" relType="BEFORE" comment="" >
<source m_id="56" />
<target m_id="9" />
</TLINK>
</Relations>
</Document>
