<Document doc_name="33_7ecbplus.xml">
<token t_id="1" sentence="0" number="0">http</token>
<token t_id="2" sentence="0" number="1">:</token>
<token t_id="3" sentence="0" number="2">/</token>
<token t_id="4" sentence="0" number="3">/</token>
<token t_id="5" sentence="0" number="4">www</token>
<token t_id="6" sentence="0" number="5">.</token>
<token t_id="7" sentence="0" number="6">nydailynews</token>
<token t_id="8" sentence="0" number="7">.</token>
<token t_id="9" sentence="0" number="8">com</token>
<token t_id="10" sentence="0" number="9">/</token>
<token t_id="11" sentence="0" number="10">new</token>
<token t_id="12" sentence="0" number="11">-</token>
<token t_id="13" sentence="0" number="12">york</token>
<token t_id="14" sentence="0" number="13">/</token>
<token t_id="15" sentence="0" number="14">brooklyn</token>
<token t_id="16" sentence="0" number="15">/</token>
<token t_id="17" sentence="0" number="16">video</token>
<token t_id="18" sentence="0" number="17">-</token>
<token t_id="19" sentence="0" number="18">shows</token>
<token t_id="20" sentence="0" number="19">-</token>
<token t_id="21" sentence="0" number="20">moments</token>
<token t_id="22" sentence="0" number="21">-</token>
<token t_id="23" sentence="0" number="22">brooklyn</token>
<token t_id="24" sentence="0" number="23">-</token>
<token t_id="25" sentence="0" number="24">mom</token>
<token t_id="26" sentence="0" number="25">-</token>
<token t_id="27" sentence="0" number="26">12</token>
<token t_id="28" sentence="0" number="27">-</token>
<token t_id="29" sentence="0" number="28">article</token>
<token t_id="30" sentence="0" number="29">-</token>
<token t_id="31" sentence="0" number="30">1</token>
<token t_id="32" sentence="0" number="31">.</token>
<token t_id="33" sentence="0" number="32">1314511</token>
<token t_id="34" sentence="1" number="0">Last</token>
<token t_id="35" sentence="1" number="1">moments</token>
<token t_id="36" sentence="1" number="2">of</token>
<token t_id="37" sentence="1" number="3">Brooklyn</token>
<token t_id="38" sentence="1" number="4">mother</token>
<token t_id="39" sentence="1" number="5">of</token>
<token t_id="40" sentence="1" number="6">12</token>
<token t_id="41" sentence="1" number="7">killed</token>
<token t_id="42" sentence="1" number="8">in</token>
<token t_id="43" sentence="1" number="9">crossfire</token>
<token t_id="44" sentence="1" number="10">caught</token>
<token t_id="45" sentence="1" number="11">on</token>
<token t_id="46" sentence="1" number="12">tape</token>
<token t_id="47" sentence="2" number="0">Zurana</token>
<token t_id="48" sentence="2" number="1">Horton</token>
<token t_id="49" sentence="2" number="2">,</token>
<token t_id="50" sentence="2" number="3">34</token>
<token t_id="51" sentence="2" number="4">,</token>
<token t_id="52" sentence="2" number="5">was</token>
<token t_id="53" sentence="2" number="6">killed</token>
<token t_id="54" sentence="2" number="7">on</token>
<token t_id="55" sentence="2" number="8">Oct</token>
<token t_id="56" sentence="2" number="9">.</token>
<token t_id="57" sentence="2" number="10">21</token>
<token t_id="58" sentence="2" number="11">,</token>
<token t_id="59" sentence="2" number="12">2011</token>
<token t_id="60" sentence="2" number="13">while</token>
<token t_id="61" sentence="2" number="14">walking</token>
<token t_id="62" sentence="2" number="15">near</token>
<token t_id="63" sentence="2" number="16">an</token>
<token t_id="64" sentence="2" number="17">intersection</token>
<token t_id="65" sentence="2" number="18">in</token>
<token t_id="66" sentence="2" number="19">Brownsville</token>
<token t_id="67" sentence="2" number="20">after</token>
<token t_id="68" sentence="2" number="21">2</token>
<token t_id="69" sentence="2" number="22">p</token>
<token t_id="70" sentence="2" number="23">.</token>
<token t_id="71" sentence="2" number="24">m</token>
<token t_id="72" sentence="2" number="25">.</token>
<token t_id="73" sentence="3" number="0">Andrew</token>
<token t_id="74" sentence="3" number="1">Lopez</token>
<token t_id="75" sentence="3" number="2">,</token>
<token t_id="76" sentence="3" number="3">20</token>
<token t_id="77" sentence="3" number="4">,</token>
<token t_id="78" sentence="3" number="5">is</token>
<token t_id="79" sentence="3" number="6">the</token>
<token t_id="80" sentence="3" number="7">accused</token>
<token t_id="81" sentence="3" number="8">gunman</token>
<token t_id="82" sentence="3" number="9">who</token>
<token t_id="83" sentence="3" number="10">sprayed</token>
<token t_id="84" sentence="3" number="11">gunfire</token>
<token t_id="85" sentence="3" number="12">from</token>
<token t_id="86" sentence="3" number="13">a</token>
<token t_id="87" sentence="3" number="14">rooftop</token>
<token t_id="88" sentence="3" number="15">.</token>
<token t_id="89" sentence="4" number="0">THURSDAY</token>
<token t_id="90" sentence="4" number="1">,</token>
<token t_id="91" sentence="4" number="2">APRIL</token>
<token t_id="92" sentence="4" number="3">11</token>
<token t_id="93" sentence="4" number="4">,</token>
<token t_id="94" sentence="4" number="5">2013</token>
<token t_id="95" sentence="4" number="6">,</token>
<token t_id="96" sentence="4" number="7">9</token>
<token t_id="97" sentence="4" number="8">:</token>
<token t_id="98" sentence="4" number="9">53</token>
<token t_id="99" sentence="4" number="10">PM</token>
<token t_id="100" sentence="5" number="0">A</token>
<token t_id="101" sentence="5" number="1">shocking</token>
<token t_id="102" sentence="5" number="2">video</token>
<token t_id="103" sentence="5" number="3">released</token>
<token t_id="104" sentence="5" number="4">for</token>
<token t_id="105" sentence="5" number="5">the</token>
<token t_id="106" sentence="5" number="6">first</token>
<token t_id="107" sentence="5" number="7">time</token>
<token t_id="108" sentence="5" number="8">Thursday</token>
<token t_id="109" sentence="5" number="9">captures</token>
<token t_id="110" sentence="5" number="10">the</token>
<token t_id="111" sentence="5" number="11">moment</token>
<token t_id="112" sentence="5" number="12">a</token>
<token t_id="113" sentence="5" number="13">Brooklyn</token>
<token t_id="114" sentence="5" number="14">mother</token>
<token t_id="115" sentence="5" number="15">of</token>
<token t_id="116" sentence="5" number="16">12</token>
<token t_id="117" sentence="5" number="17">was</token>
<token t_id="118" sentence="5" number="18">killed</token>
<token t_id="119" sentence="5" number="19">in</token>
<token t_id="120" sentence="5" number="20">a</token>
<token t_id="121" sentence="5" number="21">gang</token>
<token t_id="122" sentence="5" number="22">shootout</token>
<token t_id="123" sentence="5" number="23">as</token>
<token t_id="124" sentence="5" number="24">she</token>
<token t_id="125" sentence="5" number="25">picked</token>
<token t_id="126" sentence="5" number="26">her</token>
<token t_id="127" sentence="5" number="27">daughter</token>
<token t_id="128" sentence="5" number="28">up</token>
<token t_id="129" sentence="5" number="29">from</token>
<token t_id="130" sentence="5" number="30">school</token>
<token t_id="131" sentence="5" number="31">.</token>
<token t_id="132" sentence="6" number="0">The</token>
<token t_id="133" sentence="6" number="1">dramatic</token>
<token t_id="134" sentence="6" number="2">footage</token>
<token t_id="135" sentence="6" number="3">was</token>
<token t_id="136" sentence="6" number="4">shown</token>
<token t_id="137" sentence="6" number="5">at</token>
<token t_id="138" sentence="6" number="6">the</token>
<token t_id="139" sentence="6" number="7">trial</token>
<token t_id="140" sentence="6" number="8">of</token>
<token t_id="141" sentence="6" number="9">two</token>
<token t_id="142" sentence="6" number="10">local</token>
<token t_id="143" sentence="6" number="11">toughs</token>
<token t_id="144" sentence="6" number="12">charged</token>
<token t_id="145" sentence="6" number="13">with</token>
<token t_id="146" sentence="6" number="14">killing</token>
<token t_id="147" sentence="6" number="15">Zurana</token>
<token t_id="148" sentence="6" number="16">Horton</token>
<token t_id="149" sentence="6" number="17">,</token>
<token t_id="150" sentence="6" number="18">34</token>
<token t_id="151" sentence="6" number="19">,</token>
<token t_id="152" sentence="6" number="20">on</token>
<token t_id="153" sentence="6" number="21">Oct</token>
<token t_id="154" sentence="6" number="22">.</token>
<token t_id="155" sentence="6" number="23">21</token>
<token t_id="156" sentence="6" number="24">,</token>
<token t_id="157" sentence="6" number="25">2011</token>
<token t_id="158" sentence="6" number="26">.</token>
<token t_id="159" sentence="7" number="0">At</token>
<token t_id="160" sentence="7" number="1">2</token>
<token t_id="161" sentence="7" number="2">:</token>
<token t_id="162" sentence="7" number="3">18</token>
<token t_id="163" sentence="7" number="4">p</token>
<token t_id="164" sentence="7" number="5">.</token>
<token t_id="165" sentence="7" number="6">m</token>
<token t_id="166" sentence="7" number="7">.</token>
<token t_id="167" sentence="7" number="8">,</token>
<token t_id="168" sentence="7" number="9">Horton</token>
<token t_id="169" sentence="7" number="10">and</token>
<token t_id="170" sentence="7" number="11">two</token>
<token t_id="171" sentence="7" number="12">other</token>
<token t_id="172" sentence="7" number="13">moms</token>
<token t_id="173" sentence="7" number="14">are</token>
<token t_id="174" sentence="7" number="15">seen</token>
<token t_id="175" sentence="7" number="16">approaching</token>
<token t_id="176" sentence="7" number="17">a</token>
<token t_id="177" sentence="7" number="18">Brownsville</token>
<token t_id="178" sentence="7" number="19">intersection</token>
<token t_id="179" sentence="7" number="20">as</token>
<token t_id="180" sentence="7" number="21">a</token>
<token t_id="181" sentence="7" number="22">yellow</token>
<token t_id="182" sentence="7" number="23">school</token>
<token t_id="183" sentence="7" number="24">bus</token>
<token t_id="184" sentence="7" number="25">rolls</token>
<token t_id="185" sentence="7" number="26">up</token>
<token t_id="186" sentence="7" number="27">.</token>
<token t_id="187" sentence="8" number="0">A</token>
<token t_id="188" sentence="8" number="1">commotion</token>
<token t_id="189" sentence="8" number="2">breaks</token>
<token t_id="190" sentence="8" number="3">out</token>
<token t_id="191" sentence="8" number="4">as</token>
<token t_id="192" sentence="8" number="5">the</token>
<token t_id="193" sentence="8" number="6">three</token>
<token t_id="194" sentence="8" number="7">mothers</token>
<token t_id="195" sentence="8" number="8">and</token>
<token t_id="196" sentence="8" number="9">two</token>
<token t_id="197" sentence="8" number="10">children</token>
<token t_id="198" sentence="8" number="11">press</token>
<token t_id="199" sentence="8" number="12">up</token>
<token t_id="200" sentence="8" number="13">against</token>
<token t_id="201" sentence="8" number="14">a</token>
<token t_id="202" sentence="8" number="15">storefront</token>
<token t_id="203" sentence="8" number="16">for</token>
<token t_id="204" sentence="8" number="17">safety</token>
<token t_id="205" sentence="8" number="18">.</token>
<token t_id="206" sentence="9" number="0">Horton</token>
<token t_id="207" sentence="9" number="1">pushes</token>
<token t_id="208" sentence="9" number="2">a</token>
<token t_id="209" sentence="9" number="3">child</token>
<token t_id="210" sentence="9" number="4">out</token>
<token t_id="211" sentence="9" number="5">of</token>
<token t_id="212" sentence="9" number="6">the</token>
<token t_id="213" sentence="9" number="7">way</token>
<token t_id="214" sentence="9" number="8">,</token>
<token t_id="215" sentence="9" number="9">grips</token>
<token t_id="216" sentence="9" number="10">her</token>
<token t_id="217" sentence="9" number="11">chest</token>
<token t_id="218" sentence="9" number="12">,</token>
<token t_id="219" sentence="9" number="13">then</token>
<token t_id="220" sentence="9" number="14">collapses</token>
<token t_id="221" sentence="9" number="15">to</token>
<token t_id="222" sentence="9" number="16">the</token>
<token t_id="223" sentence="9" number="17">ground</token>
<token t_id="224" sentence="9" number="18">next</token>
<token t_id="225" sentence="9" number="19">to</token>
<token t_id="226" sentence="9" number="20">a</token>
<token t_id="227" sentence="9" number="21">pool</token>
<token t_id="228" sentence="9" number="22">of</token>
<token t_id="229" sentence="9" number="23">her</token>
<token t_id="230" sentence="9" number="24">own</token>
<token t_id="231" sentence="9" number="25">blood</token>
<token t_id="232" sentence="9" number="26">.</token>
<token t_id="233" sentence="10" number="0">"I</token>
<token t_id="234" sentence="10" number="1">saw</token>
<token t_id="235" sentence="10" number="2">her</token>
<token t_id="236" sentence="10" number="3">fall</token>
<token t_id="237" sentence="10" number="4">back</token>
<token t_id="238" sentence="10" number="5">.</token>
<token t_id="239" sentence="10" number="6">.</token>
<token t_id="240" sentence="10" number="7">.</token>
<token t_id="241" sentence="11" number="0">I</token>
<token t_id="242" sentence="11" number="1">saw</token>
<token t_id="243" sentence="11" number="2">blood</token>
<token t_id="244" sentence="11" number="3">coming</token>
<token t_id="245" sentence="11" number="4">from</token>
<token t_id="246" sentence="11" number="5">her</token>
<token t_id="247" sentence="11" number="6">,</token>
<token t_id="248" sentence="11" number="7">"</token>
<token t_id="249" sentence="11" number="8">testified</token>
<token t_id="250" sentence="11" number="9">Unique</token>
<token t_id="251" sentence="11" number="10">Armstead</token>
<token t_id="252" sentence="11" number="11">,</token>
<token t_id="253" sentence="11" number="12">the</token>
<token t_id="254" sentence="11" number="13">mother</token>
<token t_id="255" sentence="11" number="14">in</token>
<token t_id="256" sentence="11" number="15">the</token>
<token t_id="257" sentence="11" number="16">video</token>
<token t_id="258" sentence="11" number="17">wearing</token>
<token t_id="259" sentence="11" number="18">a</token>
<token t_id="260" sentence="11" number="19">white</token>
<token t_id="261" sentence="11" number="20">jacket</token>
<token t_id="262" sentence="11" number="21">,</token>
<token t_id="263" sentence="11" number="22">seen</token>
<token t_id="264" sentence="11" number="23">enveloping</token>
<token t_id="265" sentence="11" number="24">herself</token>
<token t_id="266" sentence="11" number="25">around</token>
<token t_id="267" sentence="11" number="26">her</token>
<token t_id="268" sentence="11" number="27">son</token>
<token t_id="269" sentence="11" number="28">as</token>
<token t_id="270" sentence="11" number="29">they</token>
<token t_id="271" sentence="11" number="30">dive</token>
<token t_id="272" sentence="11" number="31">to</token>
<token t_id="273" sentence="11" number="32">the</token>
<token t_id="274" sentence="11" number="33">ground</token>
<token t_id="275" sentence="11" number="34">just</token>
<token t_id="276" sentence="11" number="35">feet</token>
<token t_id="277" sentence="11" number="36">from</token>
<token t_id="278" sentence="11" number="37">where</token>
<token t_id="279" sentence="11" number="38">Horton</token>
<token t_id="280" sentence="11" number="39">was</token>
<token t_id="281" sentence="11" number="40">killed</token>
<token t_id="282" sentence="11" number="41">.</token>
<token t_id="283" sentence="12" number="0">Armstead</token>
<token t_id="284" sentence="12" number="1">was</token>
<token t_id="285" sentence="12" number="2">shot</token>
<token t_id="286" sentence="12" number="3">in</token>
<token t_id="287" sentence="12" number="4">the</token>
<token t_id="288" sentence="12" number="5">left</token>
<token t_id="289" sentence="12" number="6">arm</token>
<token t_id="290" sentence="12" number="7">.</token>
<token t_id="291" sentence="13" number="0">Andrew</token>
<token t_id="292" sentence="13" number="1">Lopez</token>
<token t_id="293" sentence="13" number="2">,</token>
<token t_id="294" sentence="13" number="3">20</token>
<token t_id="295" sentence="13" number="4">,</token>
<token t_id="296" sentence="13" number="5">is</token>
<token t_id="297" sentence="13" number="6">accused</token>
<token t_id="298" sentence="13" number="7">of</token>
<token t_id="299" sentence="13" number="8">firing</token>
<token t_id="300" sentence="13" number="9">indiscriminately</token>
<token t_id="301" sentence="13" number="10">at</token>
<token t_id="302" sentence="13" number="11">rival</token>
<token t_id="303" sentence="13" number="12">gang</token>
<token t_id="304" sentence="13" number="13">members</token>
<token t_id="305" sentence="13" number="14">from</token>
<token t_id="306" sentence="13" number="15">a</token>
<token t_id="307" sentence="13" number="16">nearby</token>
<token t_id="308" sentence="13" number="17">rooftop</token>
<token t_id="309" sentence="13" number="18">.</token>
<token t_id="310" sentence="14" number="0">His</token>
<token t_id="311" sentence="14" number="1">half</token>
<token t_id="312" sentence="14" number="2">-</token>
<token t_id="313" sentence="14" number="3">brother</token>
<token t_id="314" sentence="14" number="4">,</token>
<token t_id="315" sentence="14" number="5">Jonathan</token>
<token t_id="316" sentence="14" number="6">Carrasquillo</token>
<token t_id="317" sentence="14" number="7">,</token>
<token t_id="318" sentence="14" number="8">24</token>
<token t_id="319" sentence="14" number="9">,</token>
<token t_id="320" sentence="14" number="10">who</token>
<token t_id="321" sentence="14" number="11">allegedly</token>
<token t_id="322" sentence="14" number="12">instructed</token>
<token t_id="323" sentence="14" number="13">Lopez</token>
<token t_id="324" sentence="14" number="14">to</token>
<token t_id="325" sentence="14" number="15">take</token>
<token t_id="326" sentence="14" number="16">care</token>
<token t_id="327" sentence="14" number="17">of</token>
<token t_id="328" sentence="14" number="18">their</token>
<token t_id="329" sentence="14" number="19">enemies</token>
<token t_id="330" sentence="14" number="20">,</token>
<token t_id="331" sentence="14" number="21">is</token>
<token t_id="332" sentence="14" number="22">also</token>
<token t_id="333" sentence="14" number="23">on</token>
<token t_id="334" sentence="14" number="24">trial</token>
<token t_id="335" sentence="14" number="25">for</token>
<token t_id="336" sentence="14" number="26">murder</token>
<token t_id="337" sentence="14" number="27">.</token>
<token t_id="338" sentence="15" number="0">Armstead</token>
<token t_id="339" sentence="15" number="1">,</token>
<token t_id="340" sentence="15" number="2">32</token>
<token t_id="341" sentence="15" number="3">,</token>
<token t_id="342" sentence="15" number="4">testified</token>
<token t_id="343" sentence="15" number="5">that</token>
<token t_id="344" sentence="15" number="6">after</token>
<token t_id="345" sentence="15" number="7">she</token>
<token t_id="346" sentence="15" number="8">overheard</token>
<token t_id="347" sentence="15" number="9">someone</token>
<token t_id="348" sentence="15" number="10">say</token>
<token t_id="349" sentence="15" number="11">"he</token>
<token t_id="350" sentence="15" number="12">has</token>
<token t_id="351" sentence="15" number="13">a</token>
<token t_id="352" sentence="15" number="14">gun</token>
<token t_id="353" sentence="15" number="15">,</token>
<token t_id="354" sentence="15" number="16">"</token>
<token t_id="355" sentence="15" number="17">she</token>
<token t_id="356" sentence="15" number="18">took</token>
<token t_id="357" sentence="15" number="19">refuge</token>
<token t_id="358" sentence="15" number="20">inside</token>
<token t_id="359" sentence="15" number="21">a</token>
<token t_id="360" sentence="15" number="22">corner</token>
<token t_id="361" sentence="15" number="23">bodega</token>
<token t_id="362" sentence="15" number="24">with</token>
<token t_id="363" sentence="15" number="25">her</token>
<token t_id="364" sentence="15" number="26">son</token>
<token t_id="365" sentence="15" number="27">,</token>
<token t_id="366" sentence="15" number="28">who</token>
<token t_id="367" sentence="15" number="29">was</token>
<token t_id="368" sentence="15" number="30">celebrating</token>
<token t_id="369" sentence="15" number="31">his</token>
<token t_id="370" sentence="15" number="32">11th</token>
<token t_id="371" sentence="15" number="33">birthday</token>
<token t_id="372" sentence="15" number="34">that</token>
<token t_id="373" sentence="15" number="35">day</token>
<token t_id="374" sentence="15" number="36">.</token>
<token t_id="375" sentence="16" number="0">They</token>
<token t_id="376" sentence="16" number="1">stepped</token>
<token t_id="377" sentence="16" number="2">out</token>
<token t_id="378" sentence="16" number="3">less</token>
<token t_id="379" sentence="16" number="4">than</token>
<token t_id="380" sentence="16" number="5">a</token>
<token t_id="381" sentence="16" number="6">minute</token>
<token t_id="382" sentence="16" number="7">later</token>
<token t_id="383" sentence="16" number="8">when</token>
<token t_id="384" sentence="16" number="9">it</token>
<token t_id="385" sentence="16" number="10">looked</token>
<token t_id="386" sentence="16" number="11">like</token>
<token t_id="387" sentence="16" number="12">the</token>
<token t_id="388" sentence="16" number="13">threat</token>
<token t_id="389" sentence="16" number="14">was</token>
<token t_id="390" sentence="16" number="15">over</token>
<token t_id="391" sentence="16" number="16">,</token>
<token t_id="392" sentence="16" number="17">she</token>
<token t_id="393" sentence="16" number="18">said</token>
<token t_id="394" sentence="16" number="19">,</token>
<token t_id="395" sentence="16" number="20">but</token>
<token t_id="396" sentence="16" number="21">then</token>
<token t_id="397" sentence="16" number="22">shots</token>
<token t_id="398" sentence="16" number="23">started</token>
<token t_id="399" sentence="16" number="24">to</token>
<token t_id="400" sentence="16" number="25">ring</token>
<token t_id="401" sentence="16" number="26">out</token>
<token t_id="402" sentence="16" number="27">.</token>
<token t_id="403" sentence="17" number="0">"I</token>
<token t_id="404" sentence="17" number="1">thought</token>
<token t_id="405" sentence="17" number="2">it</token>
<token t_id="406" sentence="17" number="3">was</token>
<token t_id="407" sentence="17" number="4">a</token>
<token t_id="408" sentence="17" number="5">brick</token>
<token t_id="409" sentence="17" number="6">but</token>
<token t_id="410" sentence="17" number="7">it</token>
<token t_id="411" sentence="17" number="8">was</token>
<token t_id="412" sentence="17" number="9">a</token>
<token t_id="413" sentence="17" number="10">bullet</token>
<token t_id="414" sentence="17" number="11">,</token>
<token t_id="415" sentence="17" number="12">"</token>
<token t_id="416" sentence="17" number="13">Armstead</token>
<token t_id="417" sentence="17" number="14">testified</token>
<token t_id="418" sentence="17" number="15">.</token>
<token t_id="419" sentence="18" number="0">"I</token>
<token t_id="420" sentence="18" number="1">told</token>
<token t_id="421" sentence="18" number="2">my</token>
<token t_id="422" sentence="18" number="3">son</token>
<token t_id="423" sentence="18" number="4">,</token>
<token t_id="424" sentence="18" number="5">'I</token>
<token t_id="425" sentence="18" number="6">think</token>
<token t_id="426" sentence="18" number="7">I'm</token>
<token t_id="427" sentence="18" number="8">shot</token>
<token t_id="428" sentence="18" number="9">.</token>
<token t_id="429" sentence="18" number="10">'</token>
<token t_id="430" sentence="18" number="11">"</token>
<token t_id="431" sentence="19" number="0">An</token>
<token t_id="432" sentence="19" number="1">11</token>
<token t_id="433" sentence="19" number="2">-</token>
<token t_id="434" sentence="19" number="3">year</token>
<token t_id="435" sentence="19" number="4">-</token>
<token t_id="436" sentence="19" number="5">old</token>
<token t_id="437" sentence="19" number="6">girl</token>
<token t_id="438" sentence="19" number="7">,</token>
<token t_id="439" sentence="19" number="8">Cheanne</token>
<token t_id="440" sentence="19" number="9">McKnight</token>
<token t_id="441" sentence="19" number="10">,</token>
<token t_id="442" sentence="19" number="11">was</token>
<token t_id="443" sentence="19" number="12">grazed</token>
<token t_id="444" sentence="19" number="13">in</token>
<token t_id="445" sentence="19" number="14">the</token>
<token t_id="446" sentence="19" number="15">cheek</token>
<token t_id="447" sentence="19" number="16">.</token>
<token t_id="448" sentence="20" number="0">Lopez</token>
<token t_id="449" sentence="20" number="1">is</token>
<token t_id="450" sentence="20" number="2">accused</token>
<token t_id="451" sentence="20" number="3">of</token>
<token t_id="452" sentence="20" number="4">spraying</token>
<token t_id="453" sentence="20" number="5">13</token>
<token t_id="454" sentence="20" number="6">shots</token>
<token t_id="455" sentence="20" number="7">on</token>
<token t_id="456" sentence="20" number="8">a</token>
<token t_id="457" sentence="20" number="9">Friday</token>
<token t_id="458" sentence="20" number="10">afternoon</token>
<token t_id="459" sentence="20" number="11">,</token>
<token t_id="460" sentence="20" number="12">just</token>
<token t_id="461" sentence="20" number="13">as</token>
<token t_id="462" sentence="20" number="14">schools</token>
<token t_id="463" sentence="20" number="15">were</token>
<token t_id="464" sentence="20" number="16">being</token>
<token t_id="465" sentence="20" number="17">let</token>
<token t_id="466" sentence="20" number="18">out</token>
<token t_id="467" sentence="20" number="19">.</token>
<token t_id="468" sentence="21" number="0">Horton's</token>
<token t_id="469" sentence="21" number="1">senseless</token>
<token t_id="470" sentence="21" number="2">death</token>
<token t_id="471" sentence="21" number="3">shook</token>
<token t_id="472" sentence="21" number="4">the</token>
<token t_id="473" sentence="21" number="5">city</token>
<token t_id="474" sentence="21" number="6">and</token>
<token t_id="475" sentence="21" number="7">highlighted</token>
<token t_id="476" sentence="21" number="8">the</token>
<token t_id="477" sentence="21" number="9">scourge</token>
<token t_id="478" sentence="21" number="10">of</token>
<token t_id="479" sentence="21" number="11">gun</token>
<token t_id="480" sentence="21" number="12">violence</token>
<token t_id="481" sentence="21" number="13">that</token>
<token t_id="482" sentence="21" number="14">plagues</token>
<token t_id="483" sentence="21" number="15">its</token>
<token t_id="484" sentence="21" number="16">hardscrabble</token>
<token t_id="485" sentence="21" number="17">neighborhoods</token>
<token t_id="486" sentence="21" number="18">.</token>
<token t_id="487" sentence="22" number="0">The</token>
<token t_id="488" sentence="22" number="1">two</token>
<token t_id="489" sentence="22" number="2">juries</token>
<token t_id="490" sentence="22" number="3">hearing</token>
<token t_id="491" sentence="22" number="4">the</token>
<token t_id="492" sentence="22" number="5">case</token>
<token t_id="493" sentence="22" number="6">-</token>
<token t_id="494" sentence="22" number="7">one</token>
<token t_id="495" sentence="22" number="8">for</token>
<token t_id="496" sentence="22" number="9">each</token>
<token t_id="497" sentence="22" number="10">defendant</token>
<token t_id="498" sentence="22" number="11">-</token>
<token t_id="499" sentence="22" number="12">showed</token>
<token t_id="500" sentence="22" number="13">little</token>
<token t_id="501" sentence="22" number="14">emotion</token>
<token t_id="502" sentence="22" number="15">as</token>
<token t_id="503" sentence="22" number="16">the</token>
<token t_id="504" sentence="22" number="17">disturbing</token>
<token t_id="505" sentence="22" number="18">tape</token>
<token t_id="506" sentence="22" number="19">was</token>
<token t_id="507" sentence="22" number="20">played</token>
<token t_id="508" sentence="22" number="21">in</token>
<token t_id="509" sentence="22" number="22">court</token>
<token t_id="510" sentence="22" number="23">.</token>
<token t_id="511" sentence="23" number="0">Horton's</token>
<token t_id="512" sentence="23" number="1">mother</token>
<token t_id="513" sentence="23" number="2">,</token>
<token t_id="514" sentence="23" number="3">Denise</token>
<token t_id="515" sentence="23" number="4">Peace</token>
<token t_id="516" sentence="23" number="5">,</token>
<token t_id="517" sentence="23" number="6">said</token>
<token t_id="518" sentence="23" number="7">she</token>
<token t_id="519" sentence="23" number="8">is</token>
<token t_id="520" sentence="23" number="9">now</token>
<token t_id="521" sentence="23" number="10">caring</token>
<token t_id="522" sentence="23" number="11">for</token>
<token t_id="523" sentence="23" number="12">five</token>
<token t_id="524" sentence="23" number="13">of</token>
<token t_id="525" sentence="23" number="14">her</token>
<token t_id="526" sentence="23" number="15">daughter's</token>
<token t_id="527" sentence="23" number="16">orphaned</token>
<token t_id="528" sentence="23" number="17">kids</token>
<token t_id="529" sentence="23" number="18">while</token>
<token t_id="530" sentence="23" number="19">their</token>
<token t_id="531" sentence="23" number="20">father</token>
<token t_id="532" sentence="23" number="21">is</token>
<token t_id="533" sentence="23" number="22">looking</token>
<token t_id="534" sentence="23" number="23">after</token>
<token t_id="535" sentence="23" number="24">seven</token>
<token t_id="536" sentence="23" number="25">others</token>
<token t_id="537" sentence="23" number="26">.</token>
<token t_id="538" sentence="24" number="0">Of</token>
<token t_id="539" sentence="24" number="1">the</token>
<token t_id="540" sentence="24" number="2">alleged</token>
<token t_id="541" sentence="24" number="3">gunman</token>
<token t_id="542" sentence="24" number="4">,</token>
<token t_id="543" sentence="24" number="5">she</token>
<token t_id="544" sentence="24" number="6">said</token>
<token t_id="545" sentence="24" number="7">,</token>
<token t_id="546" sentence="24" number="8">"He's</token>
<token t_id="547" sentence="24" number="9">a</token>
<token t_id="548" sentence="24" number="10">menace</token>
<token t_id="549" sentence="24" number="11">to</token>
<token t_id="550" sentence="24" number="12">society</token>
<token t_id="551" sentence="24" number="13">.</token>
<token t_id="552" sentence="24" number="14">"</token>
<token t_id="553" sentence="25" number="0">The</token>
<token t_id="554" sentence="25" number="1">trial</token>
<token t_id="555" sentence="25" number="2">will</token>
<token t_id="556" sentence="25" number="3">resume</token>
<token t_id="557" sentence="25" number="4">Monday</token>
<token t_id="558" sentence="25" number="5">with</token>
<token t_id="559" sentence="25" number="6">testimony</token>
<token t_id="560" sentence="25" number="7">from</token>
<token t_id="561" sentence="25" number="8">a</token>
<token t_id="562" sentence="25" number="9">man</token>
<token t_id="563" sentence="25" number="10">who</token>
<token t_id="564" sentence="25" number="11">purportedly</token>
<token t_id="565" sentence="25" number="12">told</token>
<token t_id="566" sentence="25" number="13">prosecutors</token>
<token t_id="567" sentence="25" number="14">he</token>
<token t_id="568" sentence="25" number="15">has</token>
<token t_id="569" sentence="25" number="16">been</token>
<token t_id="570" sentence="25" number="17">threatened</token>
<token t_id="571" sentence="25" number="18">with</token>
<token t_id="572" sentence="25" number="19">death</token>
<token t_id="573" sentence="25" number="20">by</token>
<token t_id="574" sentence="25" number="21">Lopez's</token>
<token t_id="575" sentence="25" number="22">brother</token>
<token t_id="576" sentence="25" number="23">.</token>
<token t_id="577" sentence="26" number="0">After</token>
<token t_id="578" sentence="26" number="1">the</token>
<token t_id="579" sentence="26" number="2">witness</token>
<token t_id="580" sentence="26" number="3">,</token>
<token t_id="581" sentence="26" number="4">who</token>
<token t_id="582" sentence="26" number="5">covered</token>
<token t_id="583" sentence="26" number="6">his</token>
<token t_id="584" sentence="26" number="7">face</token>
<token t_id="585" sentence="26" number="8">with</token>
<token t_id="586" sentence="26" number="9">a</token>
<token t_id="587" sentence="26" number="10">hoodie</token>
<token t_id="588" sentence="26" number="11">,</token>
<token t_id="589" sentence="26" number="12">was</token>
<token t_id="590" sentence="26" number="13">heard</token>
<token t_id="591" sentence="26" number="14">in</token>
<token t_id="592" sentence="26" number="15">an</token>
<token t_id="593" sentence="26" number="16">empty</token>
<token t_id="594" sentence="26" number="17">courtroom</token>
<token t_id="595" sentence="26" number="18">,</token>
<token t_id="596" sentence="26" number="19">the</token>
<token t_id="597" sentence="26" number="20">judge</token>
<token t_id="598" sentence="26" number="21">ruled</token>
<token t_id="599" sentence="26" number="22">he</token>
<token t_id="600" sentence="26" number="23">can</token>
<token t_id="601" sentence="26" number="24">testify</token>
<token t_id="602" sentence="26" number="25">in</token>
<token t_id="603" sentence="26" number="26">open</token>
<token t_id="604" sentence="26" number="27">court</token>
<token t_id="605" sentence="26" number="28">.</token>
<token t_id="606" sentence="27" number="0">But</token>
<token t_id="607" sentence="27" number="1">Justice</token>
<token t_id="608" sentence="27" number="2">Vincent</token>
<token t_id="609" sentence="27" number="3">DelGiudice</token>
<token t_id="610" sentence="27" number="4">made</token>
<token t_id="611" sentence="27" number="5">clear</token>
<token t_id="612" sentence="27" number="6">the</token>
<token t_id="613" sentence="27" number="7">witness</token>
<token t_id="614" sentence="27" number="8">is</token>
<token t_id="615" sentence="27" number="9">reluctant</token>
<token t_id="616" sentence="27" number="10">to</token>
<token t_id="617" sentence="27" number="11">take</token>
<token t_id="618" sentence="27" number="12">the</token>
<token t_id="619" sentence="27" number="13">stand</token>
<token t_id="620" sentence="27" number="14">.</token>
<token t_id="621" sentence="28" number="0">"The</token>
<token t_id="622" sentence="28" number="1">man</token>
<token t_id="623" sentence="28" number="2">is</token>
<token t_id="624" sentence="28" number="3">petrified</token>
<token t_id="625" sentence="28" number="4">,</token>
<token t_id="626" sentence="28" number="5">"</token>
<token t_id="627" sentence="28" number="6">he</token>
<token t_id="628" sentence="28" number="7">said</token>
<token t_id="629" sentence="28" number="8">.</token>
<token t_id="630" sentence="29" number="0">"The</token>
<token t_id="631" sentence="29" number="1">man</token>
<token t_id="632" sentence="29" number="2">is</token>
<token t_id="633" sentence="29" number="3">an</token>
<token t_id="634" sentence="29" number="4">emotional</token>
<token t_id="635" sentence="29" number="5">wreck</token>
<token t_id="636" sentence="29" number="6">.</token>
<token t_id="637" sentence="29" number="7">"</token>


<Markables>
<ACTION_ASPECTUAL m_id="1" comment=""  >
<token_anchor t_id="556"/>
</ACTION_ASPECTUAL>
<ACTION_OCCURRENCE m_id="33" climaxEvent="FALSE" comment=""  >
<token_anchor t_id="175"/>
</ACTION_OCCURRENCE>
<ACTION_OCCURRENCE m_id="2" climaxEvent="FALSE" comment=""  >
<token_anchor t_id="220"/>
</ACTION_OCCURRENCE>
<ACTION_OCCURRENCE m_id="34" climaxEvent="FALSE" comment=""  >
<token_anchor t_id="188"/>
</ACTION_OCCURRENCE>
<ACTION_OCCURRENCE m_id="3" climaxEvent="FALSE" comment=""  >
<token_anchor t_id="103"/>
</ACTION_OCCURRENCE>
<ACTION_OCCURRENCE m_id="35" climaxEvent="FALSE" comment=""  >
<token_anchor t_id="189"/>
<token_anchor t_id="190"/>
</ACTION_OCCURRENCE>
<ACTION_OCCURRENCE m_id="4" climaxEvent="FALSE" comment=""  >
<token_anchor t_id="610"/>
<token_anchor t_id="611"/>
</ACTION_OCCURRENCE>
<ACTION_OCCURRENCE m_id="36" climaxEvent="FALSE" comment=""  >
<token_anchor t_id="198"/>
<token_anchor t_id="199"/>
</ACTION_OCCURRENCE>
<ACTION_OCCURRENCE m_id="5" climaxEvent="FALSE" comment=""  >
<token_anchor t_id="617"/>
<token_anchor t_id="618"/>
<token_anchor t_id="619"/>
</ACTION_OCCURRENCE>
<ACTION_OCCURRENCE m_id="37" climaxEvent="FALSE" comment=""  >
<token_anchor t_id="215"/>
</ACTION_OCCURRENCE>
<ACTION_OCCURRENCE m_id="6" climaxEvent="FALSE" comment=""  >
<token_anchor t_id="118"/>
</ACTION_OCCURRENCE>
<ACTION_OCCURRENCE m_id="38" climaxEvent="FALSE" comment=""  >
<token_anchor t_id="207"/>
</ACTION_OCCURRENCE>
<ACTION_OCCURRENCE m_id="7" climaxEvent="FALSE" comment=""  >
<token_anchor t_id="582"/>
</ACTION_OCCURRENCE>
<ACTION_OCCURRENCE m_id="8" climaxEvent="FALSE" comment=""  >
<token_anchor t_id="297"/>
</ACTION_OCCURRENCE>
<ACTION_OCCURRENCE m_id="9" climaxEvent="FALSE" comment=""  >
<token_anchor t_id="122"/>
</ACTION_OCCURRENCE>
<ACTION_OCCURRENCE m_id="10" climaxEvent="FALSE" comment=""  >
<token_anchor t_id="598"/>
</ACTION_OCCURRENCE>
<ACTION_OCCURRENCE m_id="11" climaxEvent="FALSE" comment=""  >
<token_anchor t_id="184"/>
<token_anchor t_id="185"/>
</ACTION_OCCURRENCE>
<ACTION_OCCURRENCE m_id="12" climaxEvent="FALSE" comment=""  >
<token_anchor t_id="136"/>
</ACTION_OCCURRENCE>
<ACTION_OCCURRENCE m_id="13" climaxEvent="FALSE" comment=""  >
<token_anchor t_id="601"/>
</ACTION_OCCURRENCE>
<ACTION_OCCURRENCE m_id="14" climaxEvent="FALSE" comment=""  >
<token_anchor t_id="299"/>
</ACTION_OCCURRENCE>
<ACTION_OCCURRENCE m_id="15" climaxEvent="FALSE" comment=""  >
<token_anchor t_id="125"/>
<token_anchor t_id="128"/>
</ACTION_OCCURRENCE>
<ACTION_OCCURRENCE m_id="16" climaxEvent="FALSE" comment=""  >
<token_anchor t_id="572"/>
</ACTION_OCCURRENCE>
<ACTION_OCCURRENCE m_id="17" climaxEvent="TRUE" comment=""  >
<token_anchor t_id="41"/>
</ACTION_OCCURRENCE>
<ACTION_OCCURRENCE m_id="18" climaxEvent="FALSE" comment=""  >
<token_anchor t_id="322"/>
</ACTION_OCCURRENCE>
<ACTION_OCCURRENCE m_id="19" climaxEvent="FALSE" comment=""  >
<token_anchor t_id="570"/>
</ACTION_OCCURRENCE>
<ACTION_OCCURRENCE m_id="20" climaxEvent="FALSE" comment=""  >
<token_anchor t_id="43"/>
</ACTION_OCCURRENCE>
<ACTION_OCCURRENCE m_id="21" climaxEvent="FALSE" comment=""  >
<token_anchor t_id="325"/>
<token_anchor t_id="326"/>
<token_anchor t_id="327"/>
</ACTION_OCCURRENCE>
<ACTION_OCCURRENCE m_id="22" climaxEvent="FALSE" comment=""  >
<token_anchor t_id="44"/>
</ACTION_OCCURRENCE>
<ACTION_OCCURRENCE m_id="23" climaxEvent="FALSE" comment=""  >
<token_anchor t_id="53"/>
</ACTION_OCCURRENCE>
<ACTION_OCCURRENCE m_id="24" climaxEvent="FALSE" comment=""  >
<token_anchor t_id="336"/>
</ACTION_OCCURRENCE>
<ACTION_OCCURRENCE m_id="25" climaxEvent="FALSE" comment=""  >
<token_anchor t_id="61"/>
</ACTION_OCCURRENCE>
<ACTION_OCCURRENCE m_id="26" climaxEvent="FALSE" comment=""  >
<token_anchor t_id="80"/>
</ACTION_OCCURRENCE>
<ACTION_OCCURRENCE m_id="27" climaxEvent="FALSE" comment=""  >
<token_anchor t_id="83"/>
</ACTION_OCCURRENCE>
<ACTION_OCCURRENCE m_id="28" climaxEvent="FALSE" comment=""  >
<token_anchor t_id="144"/>
</ACTION_OCCURRENCE>
<ACTION_OCCURRENCE m_id="29" climaxEvent="FALSE" comment=""  >
<token_anchor t_id="554"/>
</ACTION_OCCURRENCE>
<ACTION_OCCURRENCE m_id="30" climaxEvent="FALSE" comment=""  >
<token_anchor t_id="139"/>
</ACTION_OCCURRENCE>
<ACTION_OCCURRENCE m_id="31" climaxEvent="FALSE" comment=""  >
<token_anchor t_id="559"/>
</ACTION_OCCURRENCE>
<ACTION_OCCURRENCE m_id="32" climaxEvent="FALSE" comment=""  >
<token_anchor t_id="146"/>
</ACTION_OCCURRENCE>
<ACTION_PERCEPTION m_id="39" comment="" climaxEvent="FALSE"  >
<token_anchor t_id="590"/>
</ACTION_PERCEPTION>
<ACTION_PERCEPTION m_id="40" comment="" climaxEvent="FALSE"  >
<token_anchor t_id="109"/>
</ACTION_PERCEPTION>
<ACTION_REPORTING m_id="41" comment=""  >
<token_anchor t_id="565"/>
</ACTION_REPORTING>
<ACTION_REPORTING m_id="42" comment=""  >
<token_anchor t_id="628"/>
</ACTION_REPORTING>
<ACTION_STATE m_id="43" climaxEvent="FALSE" comment=""  >
<token_anchor t_id="333"/>
<token_anchor t_id="334"/>
</ACTION_STATE>
<ACTION_STATE m_id="44" climaxEvent="FALSE" comment=""  >
<token_anchor t_id="624"/>
</ACTION_STATE>
<ACTION_STATE m_id="45" climaxEvent="FALSE" comment=""  >
<token_anchor t_id="615"/>
</ACTION_STATE>
<ACTION_STATE m_id="46" climaxEvent="FALSE" comment=""  >
<token_anchor t_id="204"/>
</ACTION_STATE>
<ACTION_STATE m_id="47" climaxEvent="FALSE" comment=""  >
<token_anchor t_id="210"/>
<token_anchor t_id="211"/>
<token_anchor t_id="212"/>
<token_anchor t_id="213"/>
</ACTION_STATE>
<HUMAN_PART_ORG m_id="48"  >
<token_anchor t_id="303"/>
</HUMAN_PART_ORG>
<HUMAN_PART_ORG m_id="49"  >
<token_anchor t_id="121"/>
</HUMAN_PART_ORG>
<HUMAN_PART_PER m_id="65" comment=""  >
<token_anchor t_id="613"/>
</HUMAN_PART_PER>
<HUMAN_PART_PER m_id="66" comment=""  >
<token_anchor t_id="73"/>
<token_anchor t_id="74"/>
</HUMAN_PART_PER>
<HUMAN_PART_PER m_id="67" comment=""  >
<token_anchor t_id="81"/>
</HUMAN_PART_PER>
<HUMAN_PART_PER m_id="68" comment=""  >
<token_anchor t_id="627"/>
</HUMAN_PART_PER>
<HUMAN_PART_PER m_id="69" comment=""  >
<token_anchor t_id="113"/>
<token_anchor t_id="114"/>
<token_anchor t_id="115"/>
<token_anchor t_id="116"/>
</HUMAN_PART_PER>
<HUMAN_PART_PER m_id="70" comment=""  >
<token_anchor t_id="124"/>
</HUMAN_PART_PER>
<HUMAN_PART_PER m_id="71" comment=""  >
<token_anchor t_id="141"/>
<token_anchor t_id="142"/>
<token_anchor t_id="143"/>
</HUMAN_PART_PER>
<HUMAN_PART_PER m_id="72" comment=""  >
<token_anchor t_id="127"/>
</HUMAN_PART_PER>
<HUMAN_PART_PER m_id="73" comment=""  >
<token_anchor t_id="168"/>
</HUMAN_PART_PER>
<HUMAN_PART_PER m_id="74" comment=""  >
<token_anchor t_id="147"/>
<token_anchor t_id="148"/>
</HUMAN_PART_PER>
<HUMAN_PART_PER m_id="75" comment=""  >
<token_anchor t_id="170"/>
<token_anchor t_id="171"/>
<token_anchor t_id="172"/>
</HUMAN_PART_PER>
<HUMAN_PART_PER m_id="76" comment=""  >
<token_anchor t_id="193"/>
<token_anchor t_id="194"/>
</HUMAN_PART_PER>
<HUMAN_PART_PER m_id="77" comment=""  >
<token_anchor t_id="196"/>
<token_anchor t_id="197"/>
</HUMAN_PART_PER>
<HUMAN_PART_PER m_id="78" comment=""  >
<token_anchor t_id="206"/>
</HUMAN_PART_PER>
<HUMAN_PART_PER m_id="79" comment=""  >
<token_anchor t_id="209"/>
</HUMAN_PART_PER>
<HUMAN_PART_PER m_id="80" comment=""  >
<token_anchor t_id="581"/>
</HUMAN_PART_PER>
<HUMAN_PART_PER m_id="81" comment=""  >
<token_anchor t_id="291"/>
<token_anchor t_id="292"/>
</HUMAN_PART_PER>
<HUMAN_PART_PER m_id="82" comment=""  >
<token_anchor t_id="82"/>
</HUMAN_PART_PER>
<HUMAN_PART_PER m_id="50" comment=""  >
<token_anchor t_id="304"/>
</HUMAN_PART_PER>
<HUMAN_PART_PER m_id="83" comment=""  >
<token_anchor t_id="315"/>
<token_anchor t_id="316"/>
</HUMAN_PART_PER>
<HUMAN_PART_PER m_id="51" comment=""  >
<token_anchor t_id="323"/>
</HUMAN_PART_PER>
<HUMAN_PART_PER m_id="52" comment=""  >
<token_anchor t_id="329"/>
</HUMAN_PART_PER>
<HUMAN_PART_PER m_id="53" comment=""  >
<token_anchor t_id="562"/>
</HUMAN_PART_PER>
<HUMAN_PART_PER m_id="54" comment=""  >
<token_anchor t_id="566"/>
</HUMAN_PART_PER>
<HUMAN_PART_PER m_id="55" comment=""  >
<token_anchor t_id="567"/>
</HUMAN_PART_PER>
<HUMAN_PART_PER m_id="56" comment=""  >
<token_anchor t_id="575"/>
</HUMAN_PART_PER>
<HUMAN_PART_PER m_id="57" comment=""  >
<token_anchor t_id="579"/>
</HUMAN_PART_PER>
<HUMAN_PART_PER m_id="58" comment=""  >
<token_anchor t_id="597"/>
</HUMAN_PART_PER>
<HUMAN_PART_PER m_id="59" comment=""  >
<token_anchor t_id="599"/>
</HUMAN_PART_PER>
<HUMAN_PART_PER m_id="60" comment=""  >
<token_anchor t_id="622"/>
</HUMAN_PART_PER>
<HUMAN_PART_PER m_id="61" comment=""  >
<token_anchor t_id="631"/>
</HUMAN_PART_PER>
<HUMAN_PART_PER m_id="62" comment=""  >
<token_anchor t_id="37"/>
<token_anchor t_id="38"/>
<token_anchor t_id="39"/>
<token_anchor t_id="40"/>
</HUMAN_PART_PER>
<HUMAN_PART_PER m_id="63" comment=""  >
<token_anchor t_id="608"/>
<token_anchor t_id="609"/>
</HUMAN_PART_PER>
<HUMAN_PART_PER m_id="64" comment=""  >
<token_anchor t_id="47"/>
<token_anchor t_id="48"/>
</HUMAN_PART_PER>
<LOC_FAC m_id="84"  >
<token_anchor t_id="129"/>
<token_anchor t_id="130"/>
</LOC_FAC>
<LOC_FAC m_id="85"  >
<token_anchor t_id="305"/>
<token_anchor t_id="306"/>
<token_anchor t_id="307"/>
<token_anchor t_id="308"/>
</LOC_FAC>
<LOC_FAC m_id="86"  >
<token_anchor t_id="85"/>
<token_anchor t_id="86"/>
<token_anchor t_id="87"/>
</LOC_FAC>
<LOC_FAC m_id="87"  >
<token_anchor t_id="602"/>
<token_anchor t_id="603"/>
<token_anchor t_id="604"/>
</LOC_FAC>
<LOC_FAC m_id="88"  >
<token_anchor t_id="591"/>
<token_anchor t_id="592"/>
<token_anchor t_id="593"/>
<token_anchor t_id="594"/>
</LOC_FAC>
<LOC_OTHER m_id="89"  >
<token_anchor t_id="200"/>
<token_anchor t_id="201"/>
<token_anchor t_id="202"/>
</LOC_OTHER>
<LOC_OTHER m_id="90"  >
<token_anchor t_id="177"/>
<token_anchor t_id="178"/>
</LOC_OTHER>
<LOC_OTHER m_id="91"  >
<token_anchor t_id="221"/>
<token_anchor t_id="222"/>
<token_anchor t_id="223"/>
</LOC_OTHER>
<LOC_OTHER m_id="92"  >
<token_anchor t_id="62"/>
<token_anchor t_id="63"/>
<token_anchor t_id="64"/>
<token_anchor t_id="65"/>
<token_anchor t_id="66"/>
</LOC_OTHER>
<NON_HUMAN_PART m_id="97" comment=""  >
<token_anchor t_id="102"/>
</NON_HUMAN_PART>
<NON_HUMAN_PART m_id="98" comment=""  >
<token_anchor t_id="35"/>
</NON_HUMAN_PART>
<NON_HUMAN_PART m_id="99" comment=""  >
<token_anchor t_id="134"/>
</NON_HUMAN_PART>
<NON_HUMAN_PART m_id="100" comment=""  >
<token_anchor t_id="181"/>
<token_anchor t_id="182"/>
<token_anchor t_id="183"/>
</NON_HUMAN_PART>
<NON_HUMAN_PART m_id="101" comment=""  >
<token_anchor t_id="84"/>
</NON_HUMAN_PART>
<NON_HUMAN_PART m_id="102" comment=""  >
<token_anchor t_id="587"/>
</NON_HUMAN_PART>
<NON_HUMAN_PART m_id="103" comment=""  >
<token_anchor t_id="584"/>
</NON_HUMAN_PART>
<NON_HUMAN_PART m_id="104" comment=""  >
<token_anchor t_id="227"/>
</NON_HUMAN_PART>
<NON_HUMAN_PART m_id="93" comment=""  >
<token_anchor t_id="231"/>
</NON_HUMAN_PART>
<NON_HUMAN_PART m_id="94" comment=""  >
<token_anchor t_id="635"/>
</NON_HUMAN_PART>
<NON_HUMAN_PART m_id="95" comment=""  >
<token_anchor t_id="217"/>
</NON_HUMAN_PART>
<NON_HUMAN_PART m_id="96" comment=""  >
<token_anchor t_id="46"/>
</NON_HUMAN_PART>
<TIME_DATE m_id="105" comment="" DCT="FALSE" value="2013-04-15" anchorTimeID="109"  >
<token_anchor t_id="557"/>
</TIME_DATE>
<TIME_DATE m_id="106" comment="" DCT="FALSE" value="2011-10-21" anchorTimeID=""  >
<token_anchor t_id="153"/>
<token_anchor t_id="154"/>
<token_anchor t_id="155"/>
<token_anchor t_id="156"/>
<token_anchor t_id="157"/>
</TIME_DATE>
<TIME_DATE m_id="107" comment="" DCT="FALSE" value="2013-04-11" anchorTimeID="109"  >
<token_anchor t_id="108"/>
</TIME_DATE>
<TIME_DATE m_id="108" comment="" DCT="FALSE" value="2011-10-21" anchorTimeID=""  >
<token_anchor t_id="55"/>
<token_anchor t_id="56"/>
<token_anchor t_id="57"/>
<token_anchor t_id="58"/>
<token_anchor t_id="59"/>
</TIME_DATE>
<TIME_OF_THE_DAY m_id="109" DCT="TRUE" value="2013-04-12T02:53Z" anchorTimeID=""  >
<token_anchor t_id="89"/>
<token_anchor t_id="90"/>
<token_anchor t_id="91"/>
<token_anchor t_id="92"/>
<token_anchor t_id="93"/>
<token_anchor t_id="94"/>
<token_anchor t_id="95"/>
<token_anchor t_id="96"/>
<token_anchor t_id="97"/>
<token_anchor t_id="98"/>
<token_anchor t_id="99"/>
</TIME_OF_THE_DAY>
<TIME_OF_THE_DAY m_id="110" DCT="FALSE" value="2011-10-21T19:18Z" anchorTimeID="106"  >
<token_anchor t_id="160"/>
<token_anchor t_id="161"/>
<token_anchor t_id="162"/>
<token_anchor t_id="163"/>
<token_anchor t_id="164"/>
<token_anchor t_id="165"/>
</TIME_OF_THE_DAY>
<TIME_OF_THE_DAY m_id="111" DCT="FALSE" value="2011-10-21T19:00Z" anchorTimeID="108"  >
<token_anchor t_id="68"/>
<token_anchor t_id="69"/>
<token_anchor t_id="70"/>
<token_anchor t_id="71"/>
</TIME_OF_THE_DAY>


<NON_HUMAN_PART m_id="112" RELATED_TO="" TAG_DESCRIPTOR="t33_video_footage" comment="" />
<ACTION_OCCURRENCE m_id="113" RELATED_TO="" TAG_DESCRIPTOR="t33_spraying_bullets" climaxEvent="FALSE" comment="" />
<ACTION_OCCURRENCE m_id="114" RELATED_TO="" TAG_DESCRIPTOR="t33_killing_mother" climaxEvent="FALSE" comment="" />
<HUMAN_PART_ORG m_id="115" RELATED_TO="" TAG_DESCRIPTOR="t33_rival_gang" />
<ACTION_OCCURRENCE m_id="116" RELATED_TO="" TAG_DESCRIPTOR="t33_charge" climaxEvent="FALSE" comment="" />
<LOC_FAC m_id="117" RELATED_TO="" TAG_DESCRIPTOR="t33_rooftop" />
<ACTION_PERCEPTION m_id="118" RELATED_TO="" TAG_DESCRIPTOR="t33_saw_footage" comment="" climaxEvent="FALSE" />
<HUMAN_PART_PER m_id="119" RELATED_TO="" TAG_DESCRIPTOR="t33_rival_gang_members" comment="" />
<LOC_FAC m_id="120" RELATED_TO="" TAG_DESCRIPTOR="t33_school" />
<ACTION_OCCURRENCE m_id="121" RELATED_TO="" TAG_DESCRIPTOR="t33_showed_footage" climaxEvent="FALSE" comment="" />
<NON_HUMAN_PART m_id="122" RELATED_TO="" TAG_DESCRIPTOR="t33_bullets" comment="" />
<ACTION_OCCURRENCE m_id="123" RELATED_TO="" TAG_DESCRIPTOR="t33_shooting" climaxEvent="FALSE" comment="" />
<HUMAN_PART_ORG m_id="124" RELATED_TO="" TAG_DESCRIPTOR="t33_gang" />
<TIME_DATE m_id="125" RELATED_TO="" TAG_DESCRIPTOR="t33_friday_shooting" comment="" DCT="FALSE" value="" anchorTimeID="" />
<HUMAN_PART_PER m_id="126" RELATED_TO="" TAG_DESCRIPTOR="t33_zurana_horton" comment="" />
<HUMAN_PART_PER m_id="127" RELATED_TO="" TAG_DESCRIPTOR="t33_andrew_lopez" comment="" />
<HUMAN_PART_PER m_id="128" RELATED_TO="" TAG_DESCRIPTOR="t33_horton_child" comment="" />
</Markables>

<Relations>
<TLINK r_id="247149" contextualModality="" relType="AFTER" comment="" >
<source m_id="109" />
<target m_id="17" />
</TLINK>
<TLINK r_id="247150" contextualModality="" relType="AFTER" comment="" >
<source m_id="109" />
<target m_id="20" />
</TLINK>
<TLINK r_id="247151" contextualModality="" relType="AFTER" comment="" >
<source m_id="109" />
<target m_id="22" />
</TLINK>
<TLINK r_id="247152" contextualModality="" relType="AFTER" comment="" >
<source m_id="109" />
<target m_id="23" />
</TLINK>
<TLINK r_id="247153" contextualModality="" relType="AFTER" comment="" >
<source m_id="109" />
<target m_id="25" />
</TLINK>
<TLINK r_id="247154" contextualModality="" relType="AFTER" comment="" >
<source m_id="109" />
<target m_id="26" />
</TLINK>
<TLINK r_id="247155" contextualModality="" relType="AFTER" comment="" >
<source m_id="109" />
<target m_id="27" />
</TLINK>
<TLINK r_id="247156" contextualModality="" relType="AFTER" comment="" >
<source m_id="109" />
<target m_id="3" />
</TLINK>
<TLINK r_id="247157" contextualModality="" relType="AFTER" comment="" >
<source m_id="109" />
<target m_id="40" />
</TLINK>
<TLINK r_id="247158" contextualModality="" relType="AFTER" comment="" >
<source m_id="109" />
<target m_id="6" />
</TLINK>
<TLINK r_id="247159" contextualModality="" relType="AFTER" comment="" >
<source m_id="109" />
<target m_id="9" />
</TLINK>
<TLINK r_id="247160" contextualModality="" relType="AFTER" comment="" >
<source m_id="109" />
<target m_id="15" />
</TLINK>
<TLINK r_id="247161" contextualModality="" relType="AFTER" comment="" >
<source m_id="109" />
<target m_id="12" />
</TLINK>
<TLINK r_id="247162" contextualModality="" relType="OVERLAP" comment="" >
<source m_id="109" />
<target m_id="30" />
</TLINK>
<TLINK r_id="247163" contextualModality="" relType="AFTER" comment="" >
<source m_id="109" />
<target m_id="28" />
</TLINK>
<TLINK r_id="247164" contextualModality="" relType="AFTER" comment="" >
<source m_id="109" />
<target m_id="32" />
</TLINK>
<TLINK r_id="247165" contextualModality="" relType="AFTER" comment="" >
<source m_id="109" />
<target m_id="33" />
</TLINK>
<TLINK r_id="247166" contextualModality="" relType="AFTER" comment="" >
<source m_id="109" />
<target m_id="11" />
</TLINK>
<TLINK r_id="247167" contextualModality="" relType="AFTER" comment="" >
<source m_id="109" />
<target m_id="34" />
</TLINK>
<TLINK r_id="247168" contextualModality="" relType="AFTER" comment="" >
<source m_id="109" />
<target m_id="35" />
</TLINK>
<TLINK r_id="247169" contextualModality="" relType="AFTER" comment="" >
<source m_id="109" />
<target m_id="36" />
</TLINK>
<TLINK r_id="247170" contextualModality="" relType="OVERLAP" comment="" >
<source m_id="109" />
<target m_id="46" />
</TLINK>
<TLINK r_id="247171" contextualModality="" relType="AFTER" comment="" >
<source m_id="109" />
<target m_id="38" />
</TLINK>
<TLINK r_id="247172" contextualModality="" relType="AFTER" comment="" >
<source m_id="109" />
<target m_id="47" />
</TLINK>
<TLINK r_id="247173" contextualModality="" relType="AFTER" comment="" >
<source m_id="109" />
<target m_id="37" />
</TLINK>
<TLINK r_id="247174" contextualModality="" relType="AFTER" comment="" >
<source m_id="109" />
<target m_id="2" />
</TLINK>
<TLINK r_id="247175" contextualModality="" relType="AFTER" comment="" >
<source m_id="109" />
<target m_id="8" />
</TLINK>
<TLINK r_id="247176" contextualModality="" relType="AFTER" comment="" >
<source m_id="109" />
<target m_id="14" />
</TLINK>
<TLINK r_id="247178" contextualModality="" relType="AFTER" comment="" >
<source m_id="109" />
<target m_id="18" />
</TLINK>
<TLINK r_id="247179" contextualModality="" relType="AFTER" comment="" >
<source m_id="109" />
<target m_id="21" />
</TLINK>
<TLINK r_id="247180" contextualModality="" relType="OVERLAP" comment="" >
<source m_id="109" />
<target m_id="43" />
</TLINK>
<TLINK r_id="247181" contextualModality="" relType="OVERLAP" comment="" >
<source m_id="109" />
<target m_id="24" />
</TLINK>
<TLINK r_id="247182" contextualModality="" relType="OVERLAP" comment="" >
<source m_id="109" />
<target m_id="29" />
</TLINK>
<TLINK r_id="247183" contextualModality="" relType="BEFORE" comment="" >
<source m_id="109" />
<target m_id="1" />
</TLINK>
<TLINK r_id="247184" contextualModality="" relType="BEFORE" comment="" >
<source m_id="109" />
<target m_id="31" />
</TLINK>
<TLINK r_id="247185" contextualModality="" relType="AFTER" comment="" >
<source m_id="109" />
<target m_id="19" />
</TLINK>
<TLINK r_id="247186" contextualModality="" relType="AFTER" comment="" >
<source m_id="109" />
<target m_id="16" />
</TLINK>
<TLINK r_id="247187" contextualModality="" relType="AFTER" comment="" >
<source m_id="109" />
<target m_id="7" />
</TLINK>
<TLINK r_id="247188" contextualModality="" relType="AFTER" comment="" >
<source m_id="109" />
<target m_id="39" />
</TLINK>
<TLINK r_id="247189" contextualModality="" relType="AFTER" comment="" >
<source m_id="109" />
<target m_id="10" />
</TLINK>
<TLINK r_id="247190" contextualModality="" relType="AFTER" comment="" >
<source m_id="109" />
<target m_id="13" />
</TLINK>
<TLINK r_id="247191" contextualModality="" relType="AFTER" comment="" >
<source m_id="109" />
<target m_id="44" />
</TLINK>
<TLINK r_id="247193" contextualModality="" relType="CONTAINS" comment="" >
<source m_id="108" />
<target m_id="17" />
</TLINK>
<TLINK r_id="247194" contextualModality="" relType="CONTAINS" comment="" >
<source m_id="108" />
<target m_id="20" />
</TLINK>
<TLINK r_id="247196" contextualModality="" relType="CONTAINS" comment="" >
<source m_id="108" />
<target m_id="23" />
</TLINK>
<TLINK r_id="247197" contextualModality="" relType="SIMULTANEOUS" comment="" >
<source m_id="111" />
<target m_id="25" />
</TLINK>
<TLINK r_id="247198" contextualModality="" relType="CONTAINS" comment="" >
<source m_id="108" />
<target m_id="26" />
</TLINK>
<TLINK r_id="247199" contextualModality="" relType="CONTAINS" comment="" >
<source m_id="108" />
<target m_id="27" />
</TLINK>
<TLINK r_id="247200" contextualModality="" relType="CONTAINS" comment="" >
<source m_id="107" />
<target m_id="3" />
</TLINK>
<TLINK r_id="247201" contextualModality="" relType="CONTAINS" comment="" >
<source m_id="107" />
<target m_id="40" />
</TLINK>
<TLINK r_id="247203" contextualModality="" relType="CONTAINS" comment="" >
<source m_id="108" />
<target m_id="9" />
</TLINK>
<TLINK r_id="247204" contextualModality="" relType="CONTAINS" comment="" >
<source m_id="108" />
<target m_id="15" />
</TLINK>
<TLINK r_id="247205" contextualModality="" relType="BEFORE" comment="" >
<source m_id="106" />
<target m_id="12" />
</TLINK>
<TLINK r_id="247206" contextualModality="" relType="BEFORE" comment="" >
<source m_id="106" />
<target m_id="30" />
</TLINK>
<TLINK r_id="247207" contextualModality="" relType="BEFORE" comment="" >
<source m_id="106" />
<target m_id="28" />
</TLINK>
<TLINK r_id="247208" contextualModality="" relType="CONTAINS" comment="" >
<source m_id="106" />
<target m_id="32" />
</TLINK>
<TLINK r_id="247209" contextualModality="" relType="CONTAINS" comment="" >
<source m_id="106" />
<target m_id="33" />
</TLINK>
<TLINK r_id="247210" contextualModality="" relType="CONTAINS" comment="" >
<source m_id="106" />
<target m_id="11" />
</TLINK>
<TLINK r_id="247211" contextualModality="" relType="CONTAINS" comment="" >
<source m_id="106" />
<target m_id="34" />
</TLINK>
<TLINK r_id="247212" contextualModality="" relType="CONTAINS" comment="" >
<source m_id="106" />
<target m_id="35" />
</TLINK>
<TLINK r_id="247213" contextualModality="" relType="CONTAINS" comment="" >
<source m_id="106" />
<target m_id="46" />
</TLINK>
<TLINK r_id="247214" contextualModality="" relType="CONTAINS" comment="" >
<source m_id="106" />
<target m_id="38" />
</TLINK>
<TLINK r_id="247215" contextualModality="" relType="CONTAINS" comment="" >
<source m_id="106" />
<target m_id="47" />
</TLINK>
<TLINK r_id="247216" contextualModality="" relType="CONTAINS" comment="" >
<source m_id="106" />
<target m_id="37" />
</TLINK>
<TLINK r_id="247217" contextualModality="" relType="CONTAINS" comment="" >
<source m_id="106" />
<target m_id="2" />
</TLINK>
<TLINK r_id="247219" contextualModality="" relType="CONTAINS" comment="" >
<source m_id="106" />
<target m_id="14" />
</TLINK>
<TLINK r_id="247221" contextualModality="" relType="CONTAINS" comment="" >
<source m_id="106" />
<target m_id="18" />
</TLINK>
<TLINK r_id="247222" contextualModality="" relType="CONTAINS" comment="" >
<source m_id="106" />
<target m_id="21" />
</TLINK>
<TLINK r_id="247224" contextualModality="" relType="CONTAINS" comment="" >
<source m_id="106" />
<target m_id="24" />
</TLINK>
<TLINK r_id="247225" contextualModality="" relType="OVERLAP" comment="" >
<source m_id="105" />
<target m_id="29" />
</TLINK>
<TLINK r_id="247226" contextualModality="" relType="CONTAINS" comment="" >
<source m_id="105" />
<target m_id="1" />
</TLINK>
<TLINK r_id="247227" contextualModality="" relType="CONTAINS" comment="" >
<source m_id="105" />
<target m_id="31" />
</TLINK>
<TLINK r_id="247228" contextualModality="" relType="AFTER" comment="" >
<source m_id="105" />
<target m_id="19" />
</TLINK>
<TLINK r_id="247229" contextualModality="" relType="AFTER" comment="" >
<source m_id="105" />
<target m_id="16" />
</TLINK>
<PLOT_LINK r_id="247238" >
<source m_id="62" />
<target m_id="20" />
</PLOT_LINK>
<PLOT_LINK r_id="247239" SIGNAL="" relType="FALLING_ACTION" CAUSES="FALSE" CAUSED_BY="FALSE" >
<source m_id="17" />
<target m_id="20" />
</PLOT_LINK>
<PLOT_LINK r_id="247240" SIGNAL="" relType="FALLING_ACTION" CAUSES="FALSE" CAUSED_BY="FALSE" >
<source m_id="23" />
<target m_id="25" />
</PLOT_LINK>
<PLOT_LINK r_id="247241" SIGNAL="" relType="FALLING_ACTION" CAUSES="FALSE" CAUSED_BY="FALSE" >
<source m_id="26" />
<target m_id="27" />
</PLOT_LINK>
<PLOT_LINK r_id="247242" SIGNAL="" relType="FALLING_ACTION" CAUSES="FALSE" CAUSED_BY="FALSE" >
<source m_id="23" />
<target m_id="27" />
</PLOT_LINK>
<PLOT_LINK r_id="247243" SIGNAL="" relType="FALLING_ACTION" CAUSES="FALSE" CAUSED_BY="FALSE" >
<source m_id="6" />
<target m_id="9" />
</PLOT_LINK>
<PLOT_LINK r_id="247244" SIGNAL="" relType="FALLING_ACTION" CAUSES="FALSE" CAUSED_BY="FALSE" >
<source m_id="6" />
<target m_id="15" />
</PLOT_LINK>
<PLOT_LINK r_id="247245" SIGNAL="" relType="FALLING_ACTION" CAUSES="FALSE" CAUSED_BY="FALSE" >
<source m_id="28" />
<target m_id="32" />
</PLOT_LINK>
<PLOT_LINK r_id="247246" SIGNAL="" relType="FALLING_ACTION" CAUSES="FALSE" CAUSED_BY="FALSE" >
<source m_id="30" />
<target m_id="28" />
</PLOT_LINK>
<PLOT_LINK r_id="247247" SIGNAL="" relType="FALLING_ACTION" CAUSES="FALSE" CAUSED_BY="FALSE" >
<source m_id="37" />
<target m_id="14" />
</PLOT_LINK>
<PLOT_LINK r_id="247248" SIGNAL="" relType="FALLING_ACTION" CAUSES="FALSE" CAUSED_BY="FALSE" >
<source m_id="47" />
<target m_id="14" />
</PLOT_LINK>
<PLOT_LINK r_id="247249" SIGNAL="" relType="FALLING_ACTION" CAUSES="FALSE" CAUSED_BY="FALSE" >
<source m_id="2" />
<target m_id="14" />
</PLOT_LINK>
<PLOT_LINK r_id="247250" SIGNAL="" relType="FALLING_ACTION" CAUSES="FALSE" CAUSED_BY="FALSE" >
<source m_id="43" />
<target m_id="24" />
</PLOT_LINK>
<PLOT_LINK r_id="247251" SIGNAL="" relType="PRECONDITION" CAUSES="FALSE" CAUSED_BY="FALSE" >
<source m_id="31" />
<target m_id="16" />
</PLOT_LINK>
<PLOT_LINK r_id="247252" SIGNAL="" relType="PRECONDITION" CAUSES="FALSE" CAUSED_BY="FALSE" >
<source m_id="16" />
<target m_id="44" />
</PLOT_LINK>
<PLOT_LINK r_id="247254" SIGNAL="" relType="PRECONDITION" CAUSES="FALSE" CAUSED_BY="FALSE" >
<source m_id="16" />
<target m_id="45" />
</PLOT_LINK>
<TLINK r_id="253800" contextualModality="" relType="CONTAINS" comment="" >
<source m_id="108" />
<target m_id="25" />
</TLINK>
<TLINK r_id="253801" contextualModality="" relType="CONTAINS" comment="" >
<source m_id="108" />
<target m_id="6" />
</TLINK>
<TLINK r_id="253802" contextualModality="" relType="CONTAINS" comment="" >
<source m_id="106" />
<target m_id="36" />
</TLINK>
<TLINK r_id="253803" contextualModality="" relType="CONTAINS" comment="" >
<source m_id="106" />
<target m_id="18" />
</TLINK>
<TLINK r_id="253804" contextualModality="" relType="SIMULTANEOUS" comment="" >
<source m_id="110" />
<target m_id="33" />
</TLINK>
<TLINK r_id="253805" contextualModality="" relType="SIMULTANEOUS" comment="" >
<source m_id="110" />
<target m_id="11" />
</TLINK>
</Relations>
</Document>
