<Document doc_name="33_8ecbplus.xml">
<token t_id="1" sentence="0" number="0">http</token>
<token t_id="2" sentence="0" number="1">:</token>
<token t_id="3" sentence="0" number="2">/</token>
<token t_id="4" sentence="0" number="3">/</token>
<token t_id="5" sentence="0" number="4">brooklyn</token>
<token t_id="6" sentence="0" number="5">.</token>
<token t_id="7" sentence="0" number="6">news12</token>
<token t_id="8" sentence="0" number="7">.</token>
<token t_id="9" sentence="0" number="8">com</token>
<token t_id="10" sentence="0" number="9">/</token>
<token t_id="11" sentence="0" number="10">news</token>
<token t_id="12" sentence="0" number="11">/</token>
<token t_id="13" sentence="0" number="12">prosecutors</token>
<token t_id="14" sentence="0" number="13">-</token>
<token t_id="15" sentence="0" number="14">release</token>
<token t_id="16" sentence="0" number="15">-</token>
<token t_id="17" sentence="0" number="16">new</token>
<token t_id="18" sentence="0" number="17">-</token>
<token t_id="19" sentence="0" number="18">video</token>
<token t_id="20" sentence="0" number="19">-</token>
<token t_id="21" sentence="0" number="20">in</token>
<token t_id="22" sentence="0" number="21">-</token>
<token t_id="23" sentence="0" number="22">shooting</token>
<token t_id="24" sentence="0" number="23">-</token>
<token t_id="25" sentence="0" number="24">trial</token>
<token t_id="26" sentence="0" number="25">-</token>
<token t_id="27" sentence="0" number="26">of</token>
<token t_id="28" sentence="0" number="27">-</token>
<token t_id="29" sentence="0" number="28">brownsville</token>
<token t_id="30" sentence="0" number="29">-</token>
<token t_id="31" sentence="0" number="30">mother</token>
<token t_id="32" sentence="0" number="31">-</token>
<token t_id="33" sentence="0" number="32">of</token>
<token t_id="34" sentence="0" number="33">-</token>
<token t_id="35" sentence="0" number="34">12</token>
<token t_id="36" sentence="0" number="35">-</token>
<token t_id="37" sentence="0" number="36">zurana</token>
<token t_id="38" sentence="0" number="37">-</token>
<token t_id="39" sentence="0" number="38">horton</token>
<token t_id="40" sentence="0" number="39">-</token>
<token t_id="41" sentence="0" number="40">1</token>
<token t_id="42" sentence="0" number="41">.</token>
<token t_id="43" sentence="0" number="42">5080720</token>
<token t_id="44" sentence="1" number="0">Prosecutors</token>
<token t_id="45" sentence="1" number="1">release</token>
<token t_id="46" sentence="1" number="2">new</token>
<token t_id="47" sentence="1" number="3">video</token>
<token t_id="48" sentence="1" number="4">in</token>
<token t_id="49" sentence="1" number="5">shooting</token>
<token t_id="50" sentence="1" number="6">trial</token>
<token t_id="51" sentence="1" number="7">of</token>
<token t_id="52" sentence="1" number="8">Brownsville</token>
<token t_id="53" sentence="1" number="9">mother</token>
<token t_id="54" sentence="1" number="10">of</token>
<token t_id="55" sentence="1" number="11">12</token>
<token t_id="56" sentence="1" number="12">,</token>
<token t_id="57" sentence="1" number="13">Zurana</token>
<token t_id="58" sentence="1" number="14">Horton</token>
<token t_id="59" sentence="2" number="0">Published</token>
<token t_id="60" sentence="2" number="1">:</token>
<token t_id="61" sentence="2" number="2">April</token>
<token t_id="62" sentence="2" number="3">16</token>
<token t_id="63" sentence="2" number="4">,</token>
<token t_id="64" sentence="2" number="5">2013</token>
<token t_id="65" sentence="2" number="6">9</token>
<token t_id="66" sentence="2" number="7">:</token>
<token t_id="67" sentence="2" number="8">09</token>
<token t_id="68" sentence="2" number="9">AM</token>
<token t_id="69" sentence="3" number="0">Prosecutors</token>
<token t_id="70" sentence="3" number="1">have</token>
<token t_id="71" sentence="3" number="2">released</token>
<token t_id="72" sentence="3" number="3">new</token>
<token t_id="73" sentence="3" number="4">video</token>
<token t_id="74" sentence="3" number="5">in</token>
<token t_id="75" sentence="3" number="6">the</token>
<token t_id="76" sentence="3" number="7">trial</token>
<token t_id="77" sentence="3" number="8">of</token>
<token t_id="78" sentence="3" number="9">two</token>
<token t_id="79" sentence="3" number="10">men</token>
<token t_id="80" sentence="3" number="11">accused</token>
<token t_id="81" sentence="3" number="12">of</token>
<token t_id="82" sentence="3" number="13">killing</token>
<token t_id="83" sentence="3" number="14">a</token>
<token t_id="84" sentence="3" number="15">Brownsville</token>
<token t_id="85" sentence="3" number="16">mother</token>
<token t_id="86" sentence="3" number="17">of</token>
<token t_id="87" sentence="3" number="18">12</token>
<token t_id="88" sentence="3" number="19">in</token>
<token t_id="89" sentence="3" number="20">Oct</token>
<token t_id="90" sentence="3" number="21">.</token>
<token t_id="91" sentence="3" number="22">2011</token>
<token t_id="92" sentence="3" number="23">.</token>
<token t_id="93" sentence="4" number="0">The</token>
<token t_id="94" sentence="4" number="1">video</token>
<token t_id="95" sentence="4" number="2">shows</token>
<token t_id="96" sentence="4" number="3">Zurana</token>
<token t_id="97" sentence="4" number="4">Horton</token>
<token t_id="98" sentence="4" number="5">falling</token>
<token t_id="99" sentence="4" number="6">to</token>
<token t_id="100" sentence="4" number="7">the</token>
<token t_id="101" sentence="4" number="8">ground</token>
<token t_id="102" sentence="4" number="9">surrounded</token>
<token t_id="103" sentence="4" number="10">by</token>
<token t_id="104" sentence="4" number="11">kids</token>
<token t_id="105" sentence="4" number="12">in</token>
<token t_id="106" sentence="4" number="13">the</token>
<token t_id="107" sentence="4" number="14">moments</token>
<token t_id="108" sentence="4" number="15">after</token>
<token t_id="109" sentence="4" number="16">gunfire</token>
<token t_id="110" sentence="4" number="17">erupted</token>
<token t_id="111" sentence="4" number="18">outside</token>
<token t_id="112" sentence="4" number="19">her</token>
<token t_id="113" sentence="4" number="20">children's</token>
<token t_id="114" sentence="4" number="21">school</token>
<token t_id="115" sentence="4" number="22">.</token>
<token t_id="116" sentence="5" number="0">Witnesses</token>
<token t_id="117" sentence="5" number="1">say</token>
<token t_id="118" sentence="5" number="2">Horton</token>
<token t_id="119" sentence="5" number="3">died</token>
<token t_id="120" sentence="5" number="4">trying</token>
<token t_id="121" sentence="5" number="5">to</token>
<token t_id="122" sentence="5" number="6">shield</token>
<token t_id="123" sentence="5" number="7">several</token>
<token t_id="124" sentence="5" number="8">students</token>
<token t_id="125" sentence="5" number="9">.</token>
<token t_id="126" sentence="6" number="0">Authorities</token>
<token t_id="127" sentence="6" number="1">have</token>
<token t_id="128" sentence="6" number="2">charged</token>
<token t_id="129" sentence="6" number="3">Andrew</token>
<token t_id="130" sentence="6" number="4">Lopez</token>
<token t_id="131" sentence="6" number="5">and</token>
<token t_id="132" sentence="6" number="6">Jonathan</token>
<token t_id="133" sentence="6" number="7">Carrasquillo</token>
<token t_id="134" sentence="6" number="8">with</token>
<token t_id="135" sentence="6" number="9">her</token>
<token t_id="136" sentence="6" number="10">murder</token>
<token t_id="137" sentence="6" number="11">.</token>


<Markables>
<ACTION_OCCURRENCE m_id="1" climaxEvent="FALSE" comment=""  >
<token_anchor t_id="136"/>
</ACTION_OCCURRENCE>
<ACTION_OCCURRENCE m_id="2" climaxEvent="FALSE" comment=""  >
<token_anchor t_id="128"/>
</ACTION_OCCURRENCE>
<ACTION_OCCURRENCE m_id="3" climaxEvent="FALSE" comment=""  >
<token_anchor t_id="119"/>
</ACTION_OCCURRENCE>
<ACTION_OCCURRENCE m_id="4" climaxEvent="FALSE" comment=""  >
<token_anchor t_id="122"/>
</ACTION_OCCURRENCE>
<ACTION_OCCURRENCE m_id="5" climaxEvent="FALSE" comment=""  >
<token_anchor t_id="98"/>
</ACTION_OCCURRENCE>
<ACTION_OCCURRENCE m_id="6" climaxEvent="FALSE" comment=""  >
<token_anchor t_id="120"/>
</ACTION_OCCURRENCE>
<ACTION_OCCURRENCE m_id="7" climaxEvent="FALSE" comment=""  >
<token_anchor t_id="102"/>
</ACTION_OCCURRENCE>
<ACTION_OCCURRENCE m_id="8" climaxEvent="FALSE" comment=""  >
<token_anchor t_id="109"/>
</ACTION_OCCURRENCE>
<ACTION_OCCURRENCE m_id="9" climaxEvent="FALSE" comment=""  >
<token_anchor t_id="110"/>
</ACTION_OCCURRENCE>
<ACTION_OCCURRENCE m_id="10" climaxEvent="FALSE" comment=""  >
<token_anchor t_id="82"/>
</ACTION_OCCURRENCE>
<ACTION_OCCURRENCE m_id="11" climaxEvent="FALSE" comment=""  >
<token_anchor t_id="80"/>
</ACTION_OCCURRENCE>
<ACTION_OCCURRENCE m_id="12" climaxEvent="FALSE" comment=""  >
<token_anchor t_id="71"/>
</ACTION_OCCURRENCE>
<ACTION_OCCURRENCE m_id="13" climaxEvent="TRUE" comment=""  >
<token_anchor t_id="45"/>
</ACTION_OCCURRENCE>
<ACTION_OCCURRENCE m_id="14" climaxEvent="FALSE" comment=""  >
<token_anchor t_id="49"/>
<token_anchor t_id="50"/>
</ACTION_OCCURRENCE>
<ACTION_OCCURRENCE m_id="15" climaxEvent="FALSE" comment=""  >
<token_anchor t_id="76"/>
</ACTION_OCCURRENCE>
<ACTION_PERCEPTION m_id="16" comment="" climaxEvent="FALSE"  >
<token_anchor t_id="95"/>
</ACTION_PERCEPTION>
<HUMAN_PART_PER m_id="17" comment=""  >
<token_anchor t_id="118"/>
</HUMAN_PART_PER>
<HUMAN_PART_PER m_id="18" comment=""  >
<token_anchor t_id="126"/>
</HUMAN_PART_PER>
<HUMAN_PART_PER m_id="19" comment=""  >
<token_anchor t_id="129"/>
<token_anchor t_id="130"/>
</HUMAN_PART_PER>
<HUMAN_PART_PER m_id="20" comment=""  >
<token_anchor t_id="132"/>
<token_anchor t_id="133"/>
</HUMAN_PART_PER>
<HUMAN_PART_PER m_id="21" comment=""  >
<token_anchor t_id="123"/>
<token_anchor t_id="124"/>
</HUMAN_PART_PER>
<HUMAN_PART_PER m_id="22" comment=""  >
<token_anchor t_id="44"/>
</HUMAN_PART_PER>
<HUMAN_PART_PER m_id="23" comment=""  >
<token_anchor t_id="57"/>
<token_anchor t_id="58"/>
</HUMAN_PART_PER>
<HUMAN_PART_PER m_id="24" comment=""  >
<token_anchor t_id="69"/>
</HUMAN_PART_PER>
<HUMAN_PART_PER m_id="25" comment=""  >
<token_anchor t_id="78"/>
<token_anchor t_id="79"/>
</HUMAN_PART_PER>
<HUMAN_PART_PER m_id="26" comment=""  >
<token_anchor t_id="84"/>
<token_anchor t_id="85"/>
<token_anchor t_id="86"/>
<token_anchor t_id="87"/>
</HUMAN_PART_PER>
<HUMAN_PART_PER m_id="27" comment=""  >
<token_anchor t_id="135"/>
</HUMAN_PART_PER>
<HUMAN_PART_PER m_id="28" comment=""  >
<token_anchor t_id="96"/>
<token_anchor t_id="97"/>
</HUMAN_PART_PER>
<HUMAN_PART_PER m_id="29" comment=""  >
<token_anchor t_id="104"/>
</HUMAN_PART_PER>
<HUMAN_PART_PER m_id="30" comment=""  >
<token_anchor t_id="116"/>
</HUMAN_PART_PER>
<LOC_FAC m_id="31"  >
<token_anchor t_id="111"/>
<token_anchor t_id="112"/>
<token_anchor t_id="113"/>
<token_anchor t_id="114"/>
</LOC_FAC>
<NON_HUMAN_PART m_id="33" comment=""  >
<token_anchor t_id="73"/>
</NON_HUMAN_PART>
<NON_HUMAN_PART m_id="34" comment=""  >
<token_anchor t_id="94"/>
</NON_HUMAN_PART>
<NON_HUMAN_PART m_id="35" comment=""  >
<token_anchor t_id="101"/>
</NON_HUMAN_PART>
<NON_HUMAN_PART m_id="36" comment=""  >
<token_anchor t_id="107"/>
</NON_HUMAN_PART>
<NON_HUMAN_PART m_id="32" comment=""  >
<token_anchor t_id="47"/>
</NON_HUMAN_PART>
<TIME_DATE m_id="37" comment="" DCT="FALSE" value="2011-10" anchorTimeID=""  >
<token_anchor t_id="89"/>
<token_anchor t_id="90"/>
<token_anchor t_id="91"/>
</TIME_DATE>
<TIME_OF_THE_DAY m_id="38" DCT="TRUE" value="2013-04-16T14:09Z" anchorTimeID=""  >
<token_anchor t_id="61"/>
<token_anchor t_id="62"/>
<token_anchor t_id="63"/>
<token_anchor t_id="64"/>
<token_anchor t_id="65"/>
<token_anchor t_id="66"/>
<token_anchor t_id="67"/>
<token_anchor t_id="68"/>
</TIME_OF_THE_DAY>


<ACTION_OCCURRENCE m_id="39" RELATED_TO="" TAG_DESCRIPTOR="t33_showed_footage" climaxEvent="FALSE" comment="" />
<HUMAN_PART_PER m_id="40" RELATED_TO="" TAG_DESCRIPTOR="t33_children_protected" comment="" />
<TIME_DATE m_id="41" RELATED_TO="" TAG_DESCRIPTOR="t33_friday_shooting" comment="" DCT="FALSE" value="" anchorTimeID="" />
<HUMAN_PART_PER m_id="42" RELATED_TO="" TAG_DESCRIPTOR="t33_andrew_lopez" comment="" />
<ACTION_OCCURRENCE m_id="43" RELATED_TO="" TAG_DESCRIPTOR="t33_tried_protect" climaxEvent="FALSE" comment="" />
<ACTION_OCCURRENCE m_id="44" RELATED_TO="" TAG_DESCRIPTOR="t33_both_suspects_accused" climaxEvent="FALSE" comment="" />
<HUMAN_PART_PER m_id="45" RELATED_TO="" TAG_DESCRIPTOR="t33_both_suspects" comment="" />
<HUMAN_PART_PER m_id="46" RELATED_TO="" TAG_DESCRIPTOR="t33_brother" comment="" />
<HUMAN_PART_PER m_id="47" RELATED_TO="" TAG_DESCRIPTOR="t33_zurana_horton" comment="" />
<NON_HUMAN_PART m_id="48" RELATED_TO="" TAG_DESCRIPTOR="t33_video_footage" comment="" />
<ACTION_OCCURRENCE m_id="49" RELATED_TO="" TAG_DESCRIPTOR="t33_trial" climaxEvent="FALSE" comment="" />
<ACTION_OCCURRENCE m_id="50" RELATED_TO="" TAG_DESCRIPTOR="t33_shielded_children" climaxEvent="FALSE" comment="" />
<ACTION_OCCURRENCE m_id="51" RELATED_TO="" TAG_DESCRIPTOR="t33_spraying_bullets" climaxEvent="FALSE" comment="" />
<ACTION_OCCURRENCE m_id="52" RELATED_TO="" TAG_DESCRIPTOR="t33_killing_mother" climaxEvent="FALSE" comment="" />
<ACTION_PERCEPTION m_id="53" RELATED_TO="" TAG_DESCRIPTOR="t33_saw_footage" comment="" climaxEvent="FALSE" />
<HUMAN_PART_PER m_id="54" RELATED_TO="" TAG_DESCRIPTOR="t33_prosecutors" comment="" />
<LOC_FAC m_id="55" RELATED_TO="" TAG_DESCRIPTOR="t33_school" />
</Markables>

<Relations>
<TLINK r_id="247255" contextualModality="" relType="CONTAINS" comment="" >
<source m_id="38" />
<target m_id="13" />
</TLINK>
<TLINK r_id="247256" contextualModality="" relType="OVERLAP" comment="" >
<source m_id="38" />
<target m_id="14" />
</TLINK>
<TLINK r_id="247257" contextualModality="" relType="CONTAINS" comment="" >
<source m_id="38" />
<target m_id="12" />
</TLINK>
<TLINK r_id="247258" contextualModality="" relType="OVERLAP" comment="" >
<source m_id="38" />
<target m_id="15" />
</TLINK>
<TLINK r_id="247259" contextualModality="" relType="AFTER" comment="" >
<source m_id="38" />
<target m_id="11" />
</TLINK>
<TLINK r_id="247260" contextualModality="" relType="AFTER" comment="" >
<source m_id="38" />
<target m_id="10" />
</TLINK>
<TLINK r_id="247261" contextualModality="" relType="AFTER" comment="" >
<source m_id="38" />
<target m_id="16" />
</TLINK>
<TLINK r_id="247262" contextualModality="" relType="AFTER" comment="" >
<source m_id="38" />
<target m_id="5" />
</TLINK>
<TLINK r_id="247263" contextualModality="" relType="AFTER" comment="" >
<source m_id="38" />
<target m_id="7" />
</TLINK>
<TLINK r_id="247264" contextualModality="" relType="AFTER" comment="" >
<source m_id="38" />
<target m_id="8" />
</TLINK>
<TLINK r_id="247265" contextualModality="" relType="AFTER" comment="" >
<source m_id="38" />
<target m_id="9" />
</TLINK>
<TLINK r_id="247266" contextualModality="" relType="AFTER" comment="" >
<source m_id="38" />
<target m_id="3" />
</TLINK>
<TLINK r_id="247267" contextualModality="" relType="AFTER" comment="" >
<source m_id="38" />
<target m_id="4" />
</TLINK>
<TLINK r_id="247268" contextualModality="" relType="AFTER" comment="" >
<source m_id="38" />
<target m_id="2" />
</TLINK>
<TLINK r_id="247269" contextualModality="" relType="AFTER" comment="" >
<source m_id="38" />
<target m_id="1" />
</TLINK>
<TLINK r_id="247272" contextualModality="" relType="BEFORE" comment="" >
<source m_id="37" />
<target m_id="12" />
</TLINK>
<TLINK r_id="247273" contextualModality="" relType="BEFORE" comment="" >
<source m_id="37" />
<target m_id="15" />
</TLINK>
<TLINK r_id="247274" contextualModality="" relType="CONTAINS" comment="" >
<source m_id="37" />
<target m_id="11" />
</TLINK>
<TLINK r_id="247275" contextualModality="" relType="CONTAINS" comment="" >
<source m_id="37" />
<target m_id="10" />
</TLINK>
<TLINK r_id="247277" contextualModality="" relType="CONTAINS" comment="" >
<source m_id="37" />
<target m_id="5" />
</TLINK>
<TLINK r_id="247278" contextualModality="" relType="CONTAINS" comment="" >
<source m_id="37" />
<target m_id="7" />
</TLINK>
<TLINK r_id="247279" contextualModality="" relType="CONTAINS" comment="" >
<source m_id="37" />
<target m_id="8" />
</TLINK>
<TLINK r_id="247280" contextualModality="" relType="CONTAINS" comment="" >
<source m_id="37" />
<target m_id="9" />
</TLINK>
<TLINK r_id="247281" contextualModality="" relType="CONTAINS" comment="" >
<source m_id="37" />
<target m_id="3" />
</TLINK>
<TLINK r_id="247282" contextualModality="" relType="CONTAINS" comment="" >
<source m_id="37" />
<target m_id="4" />
</TLINK>
<TLINK r_id="247283" contextualModality="" relType="BEFORE" comment="" >
<source m_id="37" />
<target m_id="2" />
</TLINK>
<TLINK r_id="247284" contextualModality="" relType="CONTAINS" comment="" >
<source m_id="37" />
<target m_id="1" />
</TLINK>
<PLOT_LINK r_id="247285" SIGNAL="" relType="FALLING_ACTION" CAUSES="FALSE" CAUSED_BY="FALSE" >
<source m_id="15" />
<target m_id="11" />
</PLOT_LINK>
<PLOT_LINK r_id="247286" SIGNAL="" relType="FALLING_ACTION" CAUSES="FALSE" CAUSED_BY="FALSE" >
<source m_id="11" />
<target m_id="10" />
</PLOT_LINK>
<PLOT_LINK r_id="247287" SIGNAL="" relType="FALLING_ACTION" CAUSES="FALSE" CAUSED_BY="FALSE" >
<source m_id="5" />
<target m_id="8" />
</PLOT_LINK>
<PLOT_LINK r_id="247288" SIGNAL="" relType="FALLING_ACTION" CAUSES="FALSE" CAUSED_BY="FALSE" >
<source m_id="3" />
<target m_id="4" />
</PLOT_LINK>
<PLOT_LINK r_id="247289" SIGNAL="" relType="PRECONDITION" CAUSES="FALSE" CAUSED_BY="FALSE" >
<source m_id="8" />
<target m_id="4" />
</PLOT_LINK>
<PLOT_LINK r_id="247290" SIGNAL="" relType="FALLING_ACTION" CAUSES="FALSE" CAUSED_BY="FALSE" >
<source m_id="2" />
<target m_id="1" />
</PLOT_LINK>
</Relations>
</Document>
