<Document doc_name="19_10ecbplus.xml">
<token t_id="1" sentence="0" number="0">http</token>
<token t_id="2" sentence="0" number="1">:</token>
<token t_id="3" sentence="0" number="2">/</token>
<token t_id="4" sentence="0" number="3">/</token>
<token t_id="5" sentence="0" number="4">gothamist</token>
<token t_id="6" sentence="0" number="5">.</token>
<token t_id="7" sentence="0" number="6">com</token>
<token t_id="8" sentence="0" number="7">/</token>
<token t_id="9" sentence="0" number="8">2013</token>
<token t_id="10" sentence="0" number="9">/</token>
<token t_id="11" sentence="0" number="10">03</token>
<token t_id="12" sentence="0" number="11">/</token>
<token t_id="13" sentence="0" number="12">11</token>
<token t_id="14" sentence="0" number="13">/</token>
<token t_id="15" sentence="0" number="14">dozens</token>
<token t_id="16" sentence="0" number="15">_</token>
<token t_id="17" sentence="0" number="16">riot</token>
<token t_id="18" sentence="0" number="17">_</token>
<token t_id="19" sentence="0" number="18">over</token>
<token t_id="20" sentence="0" number="19">_</token>
<token t_id="21" sentence="0" number="20">nypds</token>
<token t_id="22" sentence="0" number="21">_</token>
<token t_id="23" sentence="0" number="22">fatal</token>
<token t_id="24" sentence="0" number="23">_</token>
<token t_id="25" sentence="0" number="24">shooti</token>
<token t_id="26" sentence="0" number="25">.</token>
<token t_id="27" sentence="0" number="26">php</token>
<token t_id="28" sentence="1" number="0">Dozens</token>
<token t_id="29" sentence="1" number="1">"Riot"</token>
<token t_id="30" sentence="1" number="2">Over</token>
<token t_id="31" sentence="1" number="3">NYPD's</token>
<token t_id="32" sentence="1" number="4">Fatal</token>
<token t_id="33" sentence="1" number="5">Shooting</token>
<token t_id="34" sentence="1" number="6">Of</token>
<token t_id="35" sentence="1" number="7">Brooklyn</token>
<token t_id="36" sentence="1" number="8">Teen</token>
<token t_id="37" sentence="2" number="0">Yesterday</token>
<token t_id="38" sentence="2" number="1">,</token>
<token t_id="39" sentence="2" number="2">the</token>
<token t_id="40" sentence="2" number="3">police</token>
<token t_id="41" sentence="2" number="4">explained</token>
<token t_id="42" sentence="2" number="5">that</token>
<token t_id="43" sentence="2" number="6">officers</token>
<token t_id="44" sentence="2" number="7">shot</token>
<token t_id="45" sentence="2" number="8">and</token>
<token t_id="46" sentence="2" number="9">killed</token>
<token t_id="47" sentence="2" number="10">a</token>
<token t_id="48" sentence="2" number="11">16</token>
<token t_id="49" sentence="2" number="12">-</token>
<token t_id="50" sentence="2" number="13">year</token>
<token t_id="51" sentence="2" number="14">-</token>
<token t_id="52" sentence="2" number="15">old</token>
<token t_id="53" sentence="2" number="16">Kimani</token>
<token t_id="54" sentence="2" number="17">Gray</token>
<token t_id="55" sentence="2" number="18">in</token>
<token t_id="56" sentence="2" number="19">Brooklyn</token>
<token t_id="57" sentence="2" number="20">because</token>
<token t_id="58" sentence="2" number="21">he</token>
<token t_id="59" sentence="2" number="22">allegedly</token>
<token t_id="60" sentence="2" number="23">pointed</token>
<token t_id="61" sentence="2" number="24">a</token>
<token t_id="62" sentence="2" number="25">gun</token>
<token t_id="63" sentence="2" number="26">at</token>
<token t_id="64" sentence="2" number="27">the</token>
<token t_id="65" sentence="2" number="28">cops</token>
<token t_id="66" sentence="2" number="29">.</token>
<token t_id="67" sentence="3" number="0">However</token>
<token t_id="68" sentence="3" number="1">,</token>
<token t_id="69" sentence="3" number="2">his</token>
<token t_id="70" sentence="3" number="3">relatives</token>
<token t_id="71" sentence="3" number="4">are</token>
<token t_id="72" sentence="3" number="5">skeptical</token>
<token t_id="73" sentence="3" number="6">of</token>
<token t_id="74" sentence="3" number="7">the</token>
<token t_id="75" sentence="3" number="8">police</token>
<token t_id="76" sentence="3" number="9">account—his</token>
<token t_id="77" sentence="3" number="10">sister</token>
<token t_id="78" sentence="3" number="11">Mahnefah</token>
<token t_id="79" sentence="3" number="12">Gray</token>
<token t_id="80" sentence="3" number="13">said</token>
<token t_id="81" sentence="3" number="14">,</token>
<token t_id="82" sentence="3" number="15">"He</token>
<token t_id="83" sentence="3" number="16">has</token>
<token t_id="84" sentence="3" number="17">common</token>
<token t_id="85" sentence="3" number="18">sense</token>
<token t_id="86" sentence="3" number="19">.</token>
<token t_id="87" sentence="3" number="20">.</token>
<token t_id="88" sentence="3" number="21">.</token>
<token t_id="89" sentence="4" number="0">They</token>
<token t_id="90" sentence="4" number="1">killed</token>
<token t_id="91" sentence="4" number="2">my</token>
<token t_id="92" sentence="4" number="3">little</token>
<token t_id="93" sentence="4" number="4">brother</token>
<token t_id="94" sentence="4" number="5">for</token>
<token t_id="95" sentence="4" number="6">no</token>
<token t_id="96" sentence="4" number="7">reason</token>
<token t_id="97" sentence="4" number="8">.</token>
<token t_id="98" sentence="4" number="9">"</token>
<token t_id="99" sentence="5" number="0">Tonight</token>
<token t_id="100" sentence="5" number="1">,</token>
<token t_id="101" sentence="5" number="2">a</token>
<token t_id="102" sentence="5" number="3">crowd</token>
<token t_id="103" sentence="5" number="4">gathered</token>
<token t_id="104" sentence="5" number="5">to</token>
<token t_id="105" sentence="5" number="6">mourn</token>
<token t_id="106" sentence="5" number="7">his</token>
<token t_id="107" sentence="5" number="8">death—and</token>
<token t_id="108" sentence="5" number="9">protest</token>
<token t_id="109" sentence="5" number="10">police</token>
<token t_id="110" sentence="5" number="11">treatment</token>
<token t_id="111" sentence="5" number="12">.</token>
<token t_id="112" sentence="6" number="0">Police</token>
<token t_id="113" sentence="6" number="1">said</token>
<token t_id="114" sentence="6" number="2">two</token>
<token t_id="115" sentence="6" number="3">Brooklyn</token>
<token t_id="116" sentence="6" number="4">South</token>
<token t_id="117" sentence="6" number="5">Anti</token>
<token t_id="118" sentence="6" number="6">Crime</token>
<token t_id="119" sentence="6" number="7">plainclothes</token>
<token t_id="120" sentence="6" number="8">officers</token>
<token t_id="121" sentence="6" number="9">had</token>
<token t_id="122" sentence="6" number="10">been</token>
<token t_id="123" sentence="6" number="11">on</token>
<token t_id="124" sentence="6" number="12">patrol</token>
<token t_id="125" sentence="6" number="13">when</token>
<token t_id="126" sentence="6" number="14">they</token>
<token t_id="127" sentence="6" number="15">noticed</token>
<token t_id="128" sentence="6" number="16">young</token>
<token t_id="129" sentence="6" number="17">males</token>
<token t_id="130" sentence="6" number="18">near</token>
<token t_id="131" sentence="6" number="19">473</token>
<token t_id="132" sentence="6" number="20">East</token>
<token t_id="133" sentence="6" number="21">52nd</token>
<token t_id="134" sentence="6" number="22">Street</token>
<token t_id="135" sentence="6" number="23">.</token>
<token t_id="136" sentence="7" number="0">According</token>
<token t_id="137" sentence="7" number="1">to</token>
<token t_id="138" sentence="7" number="2">the</token>
<token t_id="139" sentence="7" number="3">NYPD's</token>
<token t_id="140" sentence="7" number="4">statement</token>
<token t_id="141" sentence="7" number="5">,</token>
<token t_id="142" sentence="7" number="6">the</token>
<token t_id="143" sentence="7" number="7">cops</token>
<token t_id="144" sentence="7" number="8">noticed</token>
<token t_id="145" sentence="7" number="9">one</token>
<token t_id="146" sentence="7" number="10">"break</token>
<token t_id="147" sentence="7" number="11">away</token>
<token t_id="148" sentence="7" number="12">from</token>
<token t_id="149" sentence="7" number="13">the</token>
<token t_id="150" sentence="7" number="14">group</token>
<token t_id="151" sentence="7" number="15">upon</token>
<token t_id="152" sentence="7" number="16">noticing</token>
<token t_id="153" sentence="7" number="17">the</token>
<token t_id="154" sentence="7" number="18">police</token>
<token t_id="155" sentence="7" number="19">.</token>
<token t_id="156" sentence="8" number="0">The</token>
<token t_id="157" sentence="8" number="1">male</token>
<token t_id="158" sentence="8" number="2">.</token>
<token t_id="159" sentence="8" number="3">.</token>
<token t_id="160" sentence="8" number="4">.</token>
<token t_id="161" sentence="8" number="5">adjusted</token>
<token t_id="162" sentence="8" number="6">his</token>
<token t_id="163" sentence="8" number="7">waistband</token>
<token t_id="164" sentence="8" number="8">and</token>
<token t_id="165" sentence="8" number="9">continued</token>
<token t_id="166" sentence="8" number="10">to</token>
<token t_id="167" sentence="8" number="11">act</token>
<token t_id="168" sentence="8" number="12">in</token>
<token t_id="169" sentence="8" number="13">a</token>
<token t_id="170" sentence="8" number="14">suspicious</token>
<token t_id="171" sentence="8" number="15">manner</token>
<token t_id="172" sentence="8" number="16">.</token>
<token t_id="173" sentence="9" number="0">The</token>
<token t_id="174" sentence="9" number="1">officers</token>
<token t_id="175" sentence="9" number="2">exited</token>
<token t_id="176" sentence="9" number="3">their</token>
<token t_id="177" sentence="9" number="4">unmarked</token>
<token t_id="178" sentence="9" number="5">auto</token>
<token t_id="179" sentence="9" number="6">and</token>
<token t_id="180" sentence="9" number="7">attempted</token>
<token t_id="181" sentence="9" number="8">to</token>
<token t_id="182" sentence="9" number="9">engage</token>
<token t_id="183" sentence="9" number="10">the</token>
<token t_id="184" sentence="9" number="11">suspect</token>
<token t_id="185" sentence="9" number="12">,</token>
<token t_id="186" sentence="9" number="13">who</token>
<token t_id="187" sentence="9" number="14">turned</token>
<token t_id="188" sentence="9" number="15">on</token>
<token t_id="189" sentence="9" number="16">them</token>
<token t_id="190" sentence="9" number="17">,</token>
<token t_id="191" sentence="9" number="18">and</token>
<token t_id="192" sentence="9" number="19">pointed</token>
<token t_id="193" sentence="9" number="20">a</token>
<token t_id="194" sentence="9" number="21">.</token>
<token t_id="195" sentence="9" number="22">38</token>
<token t_id="196" sentence="9" number="23">caliber</token>
<token t_id="197" sentence="9" number="24">revolver</token>
<token t_id="198" sentence="9" number="25">at</token>
<token t_id="199" sentence="9" number="26">the</token>
<token t_id="200" sentence="9" number="27">officers</token>
<token t_id="201" sentence="9" number="28">.</token>
<token t_id="202" sentence="10" number="0">Both</token>
<token t_id="203" sentence="10" number="1">officers</token>
<token t_id="204" sentence="10" number="2">fired</token>
<token t_id="205" sentence="10" number="3">at</token>
<token t_id="206" sentence="10" number="4">the</token>
<token t_id="207" sentence="10" number="5">suspect</token>
<token t_id="208" sentence="10" number="6">,</token>
<token t_id="209" sentence="10" number="7">striking</token>
<token t_id="210" sentence="10" number="8">him</token>
<token t_id="211" sentence="10" number="9">about</token>
<token t_id="212" sentence="10" number="10">the</token>
<token t_id="213" sentence="10" number="11">body</token>
<token t_id="214" sentence="10" number="12">.</token>
<token t_id="215" sentence="10" number="13">"</token>
<token t_id="216" sentence="11" number="0">A</token>
<token t_id="217" sentence="11" number="1">witness</token>
<token t_id="218" sentence="11" number="2">told</token>
<token t_id="219" sentence="11" number="3">the</token>
<token t_id="220" sentence="11" number="4">Daily</token>
<token t_id="221" sentence="11" number="5">News</token>
<token t_id="222" sentence="11" number="6">"The</token>
<token t_id="223" sentence="11" number="7">cops</token>
<token t_id="224" sentence="11" number="8">,</token>
<token t_id="225" sentence="11" number="9">they</token>
<token t_id="226" sentence="11" number="10">just</token>
<token t_id="227" sentence="11" number="11">jumped</token>
<token t_id="228" sentence="11" number="12">out</token>
<token t_id="229" sentence="11" number="13">of</token>
<token t_id="230" sentence="11" number="14">the</token>
<token t_id="231" sentence="11" number="15">car</token>
<token t_id="232" sentence="11" number="16">so</token>
<token t_id="233" sentence="11" number="17">fast</token>
<token t_id="234" sentence="11" number="18">,</token>
<token t_id="235" sentence="11" number="19">.</token>
<token t_id="236" sentence="12" number="0">They</token>
<token t_id="237" sentence="12" number="1">started</token>
<token t_id="238" sentence="12" number="2">shooting</token>
<token t_id="239" sentence="12" number="3">him</token>
<token t_id="240" sentence="12" number="4">and</token>
<token t_id="241" sentence="12" number="5">he</token>
<token t_id="242" sentence="12" number="6">went</token>
<token t_id="243" sentence="12" number="7">down</token>
<token t_id="244" sentence="12" number="8">,</token>
<token t_id="245" sentence="12" number="9">he</token>
<token t_id="246" sentence="12" number="10">was</token>
<token t_id="247" sentence="12" number="11">bleeding</token>
<token t_id="248" sentence="12" number="12">,</token>
<token t_id="249" sentence="12" number="13">holding</token>
<token t_id="250" sentence="12" number="14">his</token>
<token t_id="251" sentence="12" number="15">side</token>
<token t_id="252" sentence="12" number="16">,</token>
<token t_id="253" sentence="12" number="17">screaming</token>
<token t_id="254" sentence="12" number="18">,</token>
<token t_id="255" sentence="12" number="19">'stop</token>
<token t_id="256" sentence="12" number="20">,</token>
<token t_id="257" sentence="12" number="21">stop</token>
<token t_id="258" sentence="12" number="22">.</token>
<token t_id="259" sentence="12" number="23">'"</token>
<token t_id="260" sentence="13" number="0">Another</token>
<token t_id="261" sentence="13" number="1">witness</token>
<token t_id="262" sentence="13" number="2">described</token>
<token t_id="263" sentence="13" number="3">the</token>
<token t_id="264" sentence="13" number="4">scene</token>
<token t_id="265" sentence="13" number="5">to</token>
<token t_id="266" sentence="13" number="6">PIX11</token>
<token t_id="267" sentence="13" number="7">,</token>
<token t_id="268" sentence="13" number="8">"He</token>
<token t_id="269" sentence="13" number="9">was</token>
<token t_id="270" sentence="13" number="10">running</token>
<token t_id="271" sentence="13" number="11">for</token>
<token t_id="272" sentence="13" number="12">his</token>
<token t_id="273" sentence="13" number="13">life</token>
<token t_id="274" sentence="13" number="14">,</token>
<token t_id="275" sentence="13" number="15">telling</token>
<token t_id="276" sentence="13" number="16">the</token>
<token t_id="277" sentence="13" number="17">cops</token>
<token t_id="278" sentence="13" number="18">,</token>
<token t_id="279" sentence="13" number="19">'Stop</token>
<token t_id="280" sentence="13" number="20">.</token>
<token t_id="281" sentence="13" number="21">'</token>
<token t_id="282" sentence="14" number="0">They</token>
<token t_id="283" sentence="14" number="1">really</token>
<token t_id="284" sentence="14" number="2">are</token>
<token t_id="285" sentence="14" number="3">,</token>
<token t_id="286" sentence="14" number="4">seriously</token>
<token t_id="287" sentence="14" number="5">,</token>
<token t_id="288" sentence="14" number="6">walking</token>
<token t_id="289" sentence="14" number="7">around</token>
<token t_id="290" sentence="14" number="8">,</token>
<token t_id="291" sentence="14" number="9">shooting</token>
<token t_id="292" sentence="14" number="10">little</token>
<token t_id="293" sentence="14" number="11">kids</token>
<token t_id="294" sentence="14" number="12">.</token>
<token t_id="295" sentence="14" number="13">”</token>
<token t_id="296" sentence="15" number="0">Tonight</token>
<token t_id="297" sentence="15" number="1">,</token>
<token t_id="298" sentence="15" number="2">a</token>
<token t_id="299" sentence="15" number="3">large</token>
<token t_id="300" sentence="15" number="4">crowd</token>
<token t_id="301" sentence="15" number="5">gathered</token>
<token t_id="302" sentence="15" number="6">to</token>
<token t_id="303" sentence="15" number="7">remember</token>
<token t_id="304" sentence="15" number="8">Gray</token>
<token t_id="305" sentence="15" number="9">,</token>
<token t_id="306" sentence="15" number="10">and</token>
<token t_id="307" sentence="15" number="11">it</token>
<token t_id="308" sentence="15" number="12">apparently</token>
<token t_id="309" sentence="15" number="13">became</token>
<token t_id="310" sentence="15" number="14">unruly</token>
<token t_id="311" sentence="15" number="15">as</token>
<token t_id="312" sentence="15" number="16">the</token>
<token t_id="313" sentence="15" number="17">crowd</token>
<token t_id="314" sentence="15" number="18">walked</token>
<token t_id="315" sentence="15" number="19">between</token>
<token t_id="316" sentence="15" number="20">the</token>
<token t_id="317" sentence="15" number="21">shooting</token>
<token t_id="318" sentence="15" number="22">location</token>
<token t_id="319" sentence="15" number="23">and</token>
<token t_id="320" sentence="15" number="24">the</token>
<token t_id="321" sentence="15" number="25">67th</token>
<token t_id="322" sentence="15" number="26">Precinct</token>
<token t_id="323" sentence="15" number="27">at</token>
<token t_id="324" sentence="15" number="28">Snyder</token>
<token t_id="325" sentence="15" number="29">Avenue</token>
<token t_id="326" sentence="15" number="30">near</token>
<token t_id="327" sentence="15" number="31">Nostrand—there</token>
<token t_id="328" sentence="15" number="32">were</token>
<token t_id="329" sentence="15" number="33">reports</token>
<token t_id="330" sentence="15" number="34">that</token>
<token t_id="331" sentence="15" number="35">bottles</token>
<token t_id="332" sentence="15" number="36">were</token>
<token t_id="333" sentence="15" number="37">thrown</token>
<token t_id="334" sentence="15" number="38">at</token>
<token t_id="335" sentence="15" number="39">police</token>
<token t_id="336" sentence="15" number="40">officers</token>
<token t_id="337" sentence="15" number="41">.</token>
<token t_id="338" sentence="16" number="0">NBC</token>
<token t_id="339" sentence="16" number="1">New</token>
<token t_id="340" sentence="16" number="2">York</token>
<token t_id="341" sentence="16" number="3">estimated</token>
<token t_id="342" sentence="16" number="4">the</token>
<token t_id="343" sentence="16" number="5">crowd</token>
<token t_id="344" sentence="16" number="6">at</token>
<token t_id="345" sentence="16" number="7">70</token>
<token t_id="346" sentence="16" number="8">,</token>
<token t_id="347" sentence="16" number="9">and</token>
<token t_id="348" sentence="16" number="10">the</token>
<token t_id="349" sentence="16" number="11">Post</token>
<token t_id="350" sentence="16" number="12">says</token>
<token t_id="351" sentence="16" number="13">a</token>
<token t_id="352" sentence="16" number="14">crowd</token>
<token t_id="353" sentence="16" number="15">looted</token>
<token t_id="354" sentence="16" number="16">a</token>
<token t_id="355" sentence="16" number="17">Rite</token>
<token t_id="356" sentence="16" number="18">Aid</token>
<token t_id="357" sentence="16" number="19">.</token>
<token t_id="358" sentence="17" number="0">The</token>
<token t_id="359" sentence="17" number="1">manager</token>
<token t_id="360" sentence="17" number="2">said</token>
<token t_id="361" sentence="17" number="3">,</token>
<token t_id="362" sentence="17" number="4">"They</token>
<token t_id="363" sentence="17" number="5">poured</token>
<token t_id="364" sentence="17" number="6">in</token>
<token t_id="365" sentence="17" number="7">here</token>
<token t_id="366" sentence="17" number="8">like</token>
<token t_id="367" sentence="17" number="9">40</token>
<token t_id="368" sentence="17" number="10">or</token>
<token t_id="369" sentence="17" number="11">50</token>
<token t_id="370" sentence="17" number="12">of</token>
<token t_id="371" sentence="17" number="13">them</token>
<token t_id="372" sentence="17" number="14">.</token>
<token t_id="373" sentence="18" number="0">They</token>
<token t_id="374" sentence="18" number="1">pulled</token>
<token t_id="375" sentence="18" number="2">the</token>
<token t_id="376" sentence="18" number="3">registers</token>
<token t_id="377" sentence="18" number="4">off</token>
<token t_id="378" sentence="18" number="5">the</token>
<token t_id="379" sentence="18" number="6">counters</token>
<token t_id="380" sentence="18" number="7">,</token>
<token t_id="381" sentence="18" number="8">they</token>
<token t_id="382" sentence="18" number="9">flipped</token>
<token t_id="383" sentence="18" number="10">over</token>
<token t_id="384" sentence="18" number="11">everything</token>
<token t_id="385" sentence="18" number="12">.</token>
<token t_id="386" sentence="19" number="0">They</token>
<token t_id="387" sentence="19" number="1">punched</token>
<token t_id="388" sentence="19" number="2">me</token>
<token t_id="389" sentence="19" number="3">in</token>
<token t_id="390" sentence="19" number="4">the</token>
<token t_id="391" sentence="19" number="5">face</token>
<token t_id="392" sentence="19" number="6">.</token>
<token t_id="393" sentence="20" number="0">Several</token>
<token t_id="394" sentence="20" number="1">of</token>
<token t_id="395" sentence="20" number="2">them</token>
<token t_id="396" sentence="20" number="3">did</token>
<token t_id="397" sentence="20" number="4">,</token>
<token t_id="398" sentence="20" number="5">not</token>
<token t_id="399" sentence="20" number="6">just</token>
<token t_id="400" sentence="20" number="7">one</token>
<token t_id="401" sentence="20" number="8">[</token>
<token t_id="402" sentence="20" number="9">person</token>
<token t_id="403" sentence="20" number="10">.</token>
<token t_id="404" sentence="20" number="11">]</token>
<token t_id="405" sentence="21" number="0">It</token>
<token t_id="406" sentence="21" number="1">was</token>
<token t_id="407" sentence="21" number="2">insane</token>
<token t_id="408" sentence="21" number="3">.</token>
<token t_id="409" sentence="21" number="4">"</token>
<token t_id="410" sentence="22" number="0">City</token>
<token t_id="411" sentence="22" number="1">Council</token>
<token t_id="412" sentence="22" number="2">Member</token>
<token t_id="413" sentence="22" number="3">Jumaane</token>
<token t_id="414" sentence="22" number="4">Williams</token>
<token t_id="415" sentence="22" number="5">lamented</token>
<token t_id="416" sentence="22" number="6">that</token>
<token t_id="417" sentence="22" number="7">a</token>
<token t_id="418" sentence="22" number="8">"peaceful</token>
<token t_id="419" sentence="22" number="9">vigil</token>
<token t_id="420" sentence="22" number="10">that</token>
<token t_id="421" sentence="22" number="11">devolved</token>
<token t_id="422" sentence="22" number="12">into</token>
<token t_id="423" sentence="22" number="13">a</token>
<token t_id="424" sentence="22" number="14">riot</token>
<token t_id="425" sentence="22" number="15">.</token>
<token t_id="426" sentence="23" number="0">The</token>
<token t_id="427" sentence="23" number="1">youth</token>
<token t_id="428" sentence="23" number="2">in</token>
<token t_id="429" sentence="23" number="3">this</token>
<token t_id="430" sentence="23" number="4">community</token>
<token t_id="431" sentence="23" number="5">have</token>
<token t_id="432" sentence="23" number="6">no</token>
<token t_id="433" sentence="23" number="7">outlets</token>
<token t_id="434" sentence="23" number="8">for</token>
<token t_id="435" sentence="23" number="9">their</token>
<token t_id="436" sentence="23" number="10">anger</token>
<token t_id="437" sentence="23" number="11">,</token>
<token t_id="438" sentence="23" number="12">no</token>
<token t_id="439" sentence="23" number="13">community</token>
<token t_id="440" sentence="23" number="14">center</token>
<token t_id="441" sentence="23" number="15">.</token>
<token t_id="442" sentence="23" number="16">"</token>
<token t_id="443" sentence="24" number="0">NYPD</token>
<token t_id="444" sentence="24" number="1">spokesman</token>
<token t_id="445" sentence="24" number="2">Paul</token>
<token t_id="446" sentence="24" number="3">Browne</token>
<token t_id="447" sentence="24" number="4">had</token>
<token t_id="448" sentence="24" number="5">said</token>
<token t_id="449" sentence="24" number="6">yesterday</token>
<token t_id="450" sentence="24" number="7">,</token>
<token t_id="451" sentence="24" number="8">"After</token>
<token t_id="452" sentence="24" number="9">the</token>
<token t_id="453" sentence="24" number="10">anti</token>
<token t_id="454" sentence="24" number="11">-</token>
<token t_id="455" sentence="24" number="12">crime</token>
<token t_id="456" sentence="24" number="13">sergeant</token>
<token t_id="457" sentence="24" number="14">and</token>
<token t_id="458" sentence="24" number="15">police</token>
<token t_id="459" sentence="24" number="16">officer</token>
<token t_id="460" sentence="24" number="17">told</token>
<token t_id="461" sentence="24" number="18">the</token>
<token t_id="462" sentence="24" number="19">suspect</token>
<token t_id="463" sentence="24" number="20">to</token>
<token t_id="464" sentence="24" number="21">show</token>
<token t_id="465" sentence="24" number="22">his</token>
<token t_id="466" sentence="24" number="23">hands</token>
<token t_id="467" sentence="24" number="24">,</token>
<token t_id="468" sentence="24" number="25">which</token>
<token t_id="469" sentence="24" number="26">was</token>
<token t_id="470" sentence="24" number="27">heard</token>
<token t_id="471" sentence="24" number="28">by</token>
<token t_id="472" sentence="24" number="29">witnesses</token>
<token t_id="473" sentence="24" number="30">,</token>
<token t_id="474" sentence="24" number="31">Gray</token>
<token t_id="475" sentence="24" number="32">produced</token>
<token t_id="476" sentence="24" number="33">a</token>
<token t_id="477" sentence="24" number="34">revolver</token>
<token t_id="478" sentence="24" number="35">and</token>
<token t_id="479" sentence="24" number="36">pointed</token>
<token t_id="480" sentence="24" number="37">it</token>
<token t_id="481" sentence="24" number="38">at</token>
<token t_id="482" sentence="24" number="39">the</token>
<token t_id="483" sentence="24" number="40">officers</token>
<token t_id="484" sentence="24" number="41">,</token>
<token t_id="485" sentence="24" number="42">who</token>
<token t_id="486" sentence="24" number="43">fired</token>
<token t_id="487" sentence="24" number="44">a</token>
<token t_id="488" sentence="24" number="45">total</token>
<token t_id="489" sentence="24" number="46">of</token>
<token t_id="490" sentence="24" number="47">11</token>
<token t_id="491" sentence="24" number="48">rounds</token>
<token t_id="492" sentence="24" number="49">,</token>
<token t_id="493" sentence="24" number="50">striking</token>
<token t_id="494" sentence="24" number="51">Gray</token>
<token t_id="495" sentence="24" number="52">several</token>
<token t_id="496" sentence="24" number="53">times</token>
<token t_id="497" sentence="24" number="54">.</token>
<token t_id="498" sentence="24" number="55">"</token>
<token t_id="499" sentence="25" number="0">Police</token>
<token t_id="500" sentence="25" number="1">sources</token>
<token t_id="501" sentence="25" number="2">also</token>
<token t_id="502" sentence="25" number="3">told</token>
<token t_id="503" sentence="25" number="4">the</token>
<token t_id="504" sentence="25" number="5">News</token>
<token t_id="505" sentence="25" number="6">that</token>
<token t_id="506" sentence="25" number="7">"Gray</token>
<token t_id="507" sentence="25" number="8">has</token>
<token t_id="508" sentence="25" number="9">four</token>
<token t_id="509" sentence="25" number="10">prior</token>
<token t_id="510" sentence="25" number="11">arrests</token>
<token t_id="511" sentence="25" number="12">,</token>
<token t_id="512" sentence="25" number="13">including</token>
<token t_id="513" sentence="25" number="14">charges</token>
<token t_id="514" sentence="25" number="15">of</token>
<token t_id="515" sentence="25" number="16">grand</token>
<token t_id="516" sentence="25" number="17">larceny</token>
<token t_id="517" sentence="25" number="18">,</token>
<token t_id="518" sentence="25" number="19">possession</token>
<token t_id="519" sentence="25" number="20">of</token>
<token t_id="520" sentence="25" number="21">stolen</token>
<token t_id="521" sentence="25" number="22">property</token>
<token t_id="522" sentence="25" number="23">and</token>
<token t_id="523" sentence="25" number="24">inciting</token>
<token t_id="524" sentence="25" number="25">a</token>
<token t_id="525" sentence="25" number="26">riot</token>
<token t_id="526" sentence="25" number="27">.</token>
<token t_id="527" sentence="25" number="28">"</token>
<token t_id="528" sentence="26" number="0">Still</token>
<token t_id="529" sentence="26" number="1">,</token>
<token t_id="530" sentence="26" number="2">Gray's</token>
<token t_id="531" sentence="26" number="3">sister</token>
<token t_id="532" sentence="26" number="4">Mahnefah</token>
<token t_id="533" sentence="26" number="5">Gray</token>
<token t_id="534" sentence="26" number="6">said</token>
<token t_id="535" sentence="26" number="7">that</token>
<token t_id="536" sentence="26" number="8">a</token>
<token t_id="537" sentence="26" number="9">witness</token>
<token t_id="538" sentence="26" number="10">told</token>
<token t_id="539" sentence="26" number="11">her</token>
<token t_id="540" sentence="26" number="12">that</token>
<token t_id="541" sentence="26" number="13">Kimani</token>
<token t_id="542" sentence="26" number="14">was</token>
<token t_id="543" sentence="26" number="15">adjusting</token>
<token t_id="544" sentence="26" number="16">for</token>
<token t_id="545" sentence="26" number="17">his</token>
<token t_id="546" sentence="26" number="18">belt</token>
<token t_id="547" sentence="26" number="19">and</token>
<token t_id="548" sentence="26" number="20">that</token>
<token t_id="549" sentence="26" number="21">even</token>
<token t_id="550" sentence="26" number="22">if</token>
<token t_id="551" sentence="26" number="23">he</token>
<token t_id="552" sentence="26" number="24">had</token>
<token t_id="553" sentence="26" number="25">a</token>
<token t_id="554" sentence="26" number="26">gun</token>
<token t_id="555" sentence="26" number="27">,</token>
<token t_id="556" sentence="26" number="28">he</token>
<token t_id="557" sentence="26" number="29">wouldn't</token>
<token t_id="558" sentence="26" number="30">point</token>
<token t_id="559" sentence="26" number="31">it</token>
<token t_id="560" sentence="26" number="32">at</token>
<token t_id="561" sentence="26" number="33">the</token>
<token t_id="562" sentence="26" number="34">police</token>
<token t_id="563" sentence="26" number="35">.</token>
<token t_id="564" sentence="27" number="0">At</token>
<token t_id="565" sentence="27" number="1">this</token>
<token t_id="566" sentence="27" number="2">point</token>
<token t_id="567" sentence="27" number="3">(</token>
<token t_id="568" sentence="27" number="4">10</token>
<token t_id="569" sentence="27" number="5">:</token>
<token t_id="570" sentence="27" number="6">30</token>
<token t_id="571" sentence="27" number="7">p</token>
<token t_id="572" sentence="27" number="8">.</token>
<token t_id="573" sentence="27" number="9">m</token>
<token t_id="574" sentence="27" number="10">.</token>
<token t_id="575" sentence="27" number="11">)</token>
<token t_id="576" sentence="27" number="12">,</token>
<token t_id="577" sentence="27" number="13">the</token>
<token t_id="578" sentence="27" number="14">police</token>
<token t_id="579" sentence="27" number="15">said</token>
<token t_id="580" sentence="27" number="16">that</token>
<token t_id="581" sentence="27" number="17">the</token>
<token t_id="582" sentence="27" number="18">crowd</token>
<token t_id="583" sentence="27" number="19">has</token>
<token t_id="584" sentence="27" number="20">dispersed</token>
<token t_id="585" sentence="27" number="21">and</token>
<token t_id="586" sentence="27" number="22">that</token>
<token t_id="587" sentence="27" number="23">there</token>
<token t_id="588" sentence="27" number="24">was</token>
<token t_id="589" sentence="27" number="25">one</token>
<token t_id="590" sentence="27" number="26">arrest</token>
<token t_id="591" sentence="27" number="27">,</token>
<token t_id="592" sentence="27" number="28">with</token>
<token t_id="593" sentence="27" number="29">no</token>
<token t_id="594" sentence="27" number="30">injuries</token>
<token t_id="595" sentence="27" number="31">to</token>
<token t_id="596" sentence="27" number="32">police</token>
<token t_id="597" sentence="27" number="33">or</token>
<token t_id="598" sentence="27" number="34">civilians</token>
<token t_id="599" sentence="27" number="35">(</token>
<token t_id="600" sentence="27" number="36">the</token>
<token t_id="601" sentence="27" number="37">Post</token>
<token t_id="602" sentence="27" number="38">says</token>
<token t_id="603" sentence="27" number="39">three</token>
<token t_id="604" sentence="27" number="40">people</token>
<token t_id="605" sentence="27" number="41">were</token>
<token t_id="606" sentence="27" number="42">injured</token>
<token t_id="607" sentence="27" number="43">)</token>
<token t_id="608" sentence="27" number="44">.</token>


<Markables>
<ACTION_OCCURRENCE m_id="1" climaxEvent="TRUE" comment=""  >
<token_anchor t_id="29"/>
</ACTION_OCCURRENCE>
<ACTION_OCCURRENCE m_id="2" climaxEvent="FALSE" comment=""  >
<token_anchor t_id="33"/>
</ACTION_OCCURRENCE>
<ACTION_OCCURRENCE m_id="3" climaxEvent="FALSE" comment=""  >
<token_anchor t_id="44"/>
</ACTION_OCCURRENCE>
<ACTION_OCCURRENCE m_id="4" climaxEvent="FALSE" comment=""  >
<token_anchor t_id="46"/>
</ACTION_OCCURRENCE>
<ACTION_OCCURRENCE m_id="5" climaxEvent="FALSE" comment=""  >
<token_anchor t_id="60"/>
</ACTION_OCCURRENCE>
<ACTION_OCCURRENCE m_id="6" climaxEvent="FALSE" comment=""  >
<token_anchor t_id="90"/>
</ACTION_OCCURRENCE>
<ACTION_OCCURRENCE m_id="7" climaxEvent="FALSE" comment=""  >
<token_anchor t_id="103"/>
</ACTION_OCCURRENCE>
<ACTION_OCCURRENCE m_id="8" climaxEvent="FALSE" comment=""  >
<token_anchor t_id="105"/>
</ACTION_OCCURRENCE>
<ACTION_OCCURRENCE m_id="9" climaxEvent="FALSE" comment=""  >
<token_anchor t_id="108"/>
</ACTION_OCCURRENCE>
<ACTION_OCCURRENCE m_id="10" climaxEvent="FALSE" comment=""  >
<token_anchor t_id="110"/>
</ACTION_OCCURRENCE>
<ACTION_REPORTING m_id="11" comment=""  >
<token_anchor t_id="41"/>
</ACTION_REPORTING>
<ACTION_STATE m_id="12" climaxEvent="FALSE" comment=""  >
<token_anchor t_id="107"/>
</ACTION_STATE>
<HUMAN_PART_PER m_id="13" comment=""  >
<token_anchor t_id="102"/>
</HUMAN_PART_PER>
<HUMAN_PART_PER m_id="14" comment=""  >
<token_anchor t_id="89"/>
</HUMAN_PART_PER>
<HUMAN_PART_PER m_id="15" comment=""  >
<token_anchor t_id="28"/>
</HUMAN_PART_PER>
<HUMAN_PART_PER m_id="16" comment=""  >
<token_anchor t_id="40"/>
</HUMAN_PART_PER>
<HUMAN_PART_PER m_id="17" comment=""  >
<token_anchor t_id="43"/>
</HUMAN_PART_PER>
<HUMAN_PART_PER m_id="18" comment=""  >
<token_anchor t_id="36"/>
</HUMAN_PART_PER>
<HUMAN_PART_PER m_id="19" comment=""  >
<token_anchor t_id="53"/>
<token_anchor t_id="54"/>
</HUMAN_PART_PER>
<HUMAN_PART_PER m_id="20" comment=""  >
<token_anchor t_id="58"/>
</HUMAN_PART_PER>
<HUMAN_PART_PER m_id="21" comment=""  >
<token_anchor t_id="65"/>
</HUMAN_PART_PER>
<HUMAN_PART_PER m_id="22" comment=""  >
<token_anchor t_id="93"/>
</HUMAN_PART_PER>
<HUMAN_PART_PER m_id="23" comment=""  >
<token_anchor t_id="31"/>
</HUMAN_PART_PER>
<LOC_GEO m_id="24" comment=""  >
<token_anchor t_id="55"/>
<token_anchor t_id="56"/>
</LOC_GEO>
<NON_HUMAN_PART m_id="25" comment=""  >
<token_anchor t_id="96"/>
</NON_HUMAN_PART>
<NON_HUMAN_PART m_id="26" comment=""  >
<token_anchor t_id="62"/>
</NON_HUMAN_PART>
<TIME_OF_THE_DAY m_id="27" comment="" DCT="FALSE" value="2013-03-11TNI" anchorTimeID=""  >
<token_anchor t_id="99"/>
</TIME_OF_THE_DAY>
<TIME_DATE m_id="28" comment="" DCT="FALSE" value="2013-03-10" anchorTimeID="42"  >
<token_anchor t_id="37"/>
</TIME_DATE>


<HUMAN_PART_PER m_id="29" RELATED_TO="" TAG_DESCRIPTOR="t19_police" comment="" />
<ACTION_OCCURRENCE m_id="30" RELATED_TO="" TAG_DESCRIPTOR="t19_riot" climaxEvent="FALSE" comment="" />
<ACTION_OCCURRENCE m_id="31" RELATED_TO="" TAG_DESCRIPTOR="t19_killed" climaxEvent="FALSE" comment="" />
<HUMAN_PART_PER m_id="32" RELATED_TO="" TAG_DESCRIPTOR="t19_shooting_officers" comment="" />
<TIME_DATE m_id="33" RELATED_TO="" TAG_DESCRIPTOR="t19_saturday" comment="" DCT="FALSE" value="" anchorTimeID="" />
<HUMAN_PART_PER m_id="34" RELATED_TO="" TAG_DESCRIPTOR="t19_kimani_gray" comment="" />
<ACTION_STATE m_id="35" RELATED_TO="" TAG_DESCRIPTOR="t19_dead" climaxEvent="FALSE" comment="" />
<ACTION_REPORTING m_id="36" RELATED_TO="" TAG_DESCRIPTOR="t19_police_said_about_shooting" comment="" />
<HUMAN_PART_PER m_id="37" RELATED_TO="" TAG_DESCRIPTOR="t19_crowd" comment="" />
<LOC_GEO m_id="38" RELATED_TO="" TAG_DESCRIPTOR="t19_brooklyn" comment="" />
<ACTION_OCCURRENCE m_id="39" RELATED_TO="" TAG_DESCRIPTOR="t19_shot" climaxEvent="FALSE" comment="" />
<NON_HUMAN_PART m_id="40" RELATED_TO="" TAG_DESCRIPTOR="t19_gun" comment="" />
<ACTION_OCCURRENCE m_id="41" RELATED_TO="" TAG_DESCRIPTOR="t19_pointed_gun" climaxEvent="FALSE" comment="" />
<TIME_DATE m_id="42" RELATED_TO="" TAG_DESCRIPTOR="t_2013-03-11" comment="" DCT="TRUE" value="2013-03-11" anchorTimeID="" />
</Markables>

<Relations>
<PLOT_LINK r_id="243685" SIGNAL="" relType="PRECONDITION" CAUSES="FALSE" CAUSED_BY="FALSE" >
<source m_id="3" />
<target m_id="4" />
</PLOT_LINK>
<PLOT_LINK r_id="243686" SIGNAL="" relType="FALLING_ACTION" CAUSES="FALSE" CAUSED_BY="FALSE" >
<source m_id="3" />
<target m_id="5" />
</PLOT_LINK>
<PLOT_LINK r_id="243687" SIGNAL="" relType="FALLING_ACTION" CAUSES="FALSE" CAUSED_BY="TRUE" >
<source m_id="4" />
<target m_id="5" />
</PLOT_LINK>
<PLOT_LINK r_id="243688" SIGNAL="" relType="PRECONDITION" CAUSES="FALSE" CAUSED_BY="FALSE" >
<source m_id="5" />
<target m_id="6" />
</PLOT_LINK>
<PLOT_LINK r_id="243689" SIGNAL="" relType="PRECONDITION" CAUSES="FALSE" CAUSED_BY="FALSE" >
<source m_id="7" />
<target m_id="8" />
</PLOT_LINK>
<PLOT_LINK r_id="243690" SIGNAL="" relType="FALLING_ACTION" CAUSES="FALSE" CAUSED_BY="FALSE" >
<source m_id="8" />
<target m_id="12" />
</PLOT_LINK>
<PLOT_LINK r_id="243691" SIGNAL="" relType="FALLING_ACTION" CAUSES="FALSE" CAUSED_BY="FALSE" >
<source m_id="9" />
<target m_id="10" />
</PLOT_LINK>
<PLOT_LINK r_id="243692" SIGNAL="" relType="FALLING_ACTION" CAUSES="FALSE" CAUSED_BY="FALSE" >
<source m_id="1" />
<target m_id="2" />
</PLOT_LINK>
<PLOT_LINK r_id="243693" SIGNAL="" relType="FALLING_ACTION" CAUSES="FALSE" CAUSED_BY="FALSE" >
<source m_id="7" />
<target m_id="9" />
</PLOT_LINK>
<TLINK r_id="243694" contextualModality="" relType="CONTAINS" comment="" >
<source m_id="27" />
<target m_id="1" />
</TLINK>
<TLINK r_id="243697" contextualModality="" relType="AFTER" comment="" >
<source m_id="28" />
<target m_id="3" />
</TLINK>
<TLINK r_id="243698" contextualModality="" relType="AFTER" comment="" >
<source m_id="28" />
<target m_id="4" />
</TLINK>
<TLINK r_id="243699" contextualModality="" relType="AFTER" comment="" >
<source m_id="28" />
<target m_id="5" />
</TLINK>
<TLINK r_id="243701" contextualModality="" relType="CONTAINS" comment="" >
<source m_id="27" />
<target m_id="7" />
</TLINK>
<TLINK r_id="243702" contextualModality="" relType="CONTAINS" comment="" >
<source m_id="27" />
<target m_id="8" />
</TLINK>
<TLINK r_id="243703" contextualModality="" relType="AFTER" comment="" >
<source m_id="27" />
<target m_id="12" />
</TLINK>
<TLINK r_id="243704" contextualModality="" relType="CONTAINS" comment="" >
<source m_id="27" />
<target m_id="9" />
</TLINK>
<TLINK r_id="243705" contextualModality="" relType="AFTER" comment="" >
<source m_id="27" />
<target m_id="10" />
</TLINK>
<TLINK r_id="243706" contextualModality="" relType="CONTAINS" comment="" >
<source m_id="42" />
<target m_id="1" />
</TLINK>
<TLINK r_id="243707" contextualModality="" relType="AFTER" comment="" >
<source m_id="42" />
<target m_id="2" />
</TLINK>
<TLINK r_id="243708" contextualModality="" relType="AFTER" comment="" >
<source m_id="42" />
<target m_id="3" />
</TLINK>
<TLINK r_id="243709" contextualModality="" relType="AFTER" comment="" >
<source m_id="42" />
<target m_id="4" />
</TLINK>
<TLINK r_id="243710" contextualModality="" relType="AFTER" comment="" >
<source m_id="42" />
<target m_id="5" />
</TLINK>
<TLINK r_id="243711" contextualModality="" relType="AFTER" comment="" >
<source m_id="42" />
<target m_id="6" />
</TLINK>
<TLINK r_id="243712" contextualModality="" relType="CONTAINS" comment="" >
<source m_id="42" />
<target m_id="7" />
</TLINK>
<TLINK r_id="243713" contextualModality="" relType="CONTAINS" comment="" >
<source m_id="42" />
<target m_id="8" />
</TLINK>
<TLINK r_id="243714" contextualModality="" relType="AFTER" comment="" >
<source m_id="42" />
<target m_id="12" />
</TLINK>
<TLINK r_id="243715" contextualModality="" relType="CONTAINS" comment="" >
<source m_id="42" />
<target m_id="9" />
</TLINK>
<TLINK r_id="243716" contextualModality="" relType="AFTER" comment="" >
<source m_id="42" />
<target m_id="10" />
</TLINK>
</Relations>
</Document>
