<Document doc_name="19_4ecbplus.xml">
<token t_id="1" sentence="0" number="0">http</token>
<token t_id="2" sentence="0" number="1">:</token>
<token t_id="3" sentence="0" number="2">/</token>
<token t_id="4" sentence="0" number="3">/</token>
<token t_id="5" sentence="0" number="4">www</token>
<token t_id="6" sentence="0" number="5">.</token>
<token t_id="7" sentence="0" number="6">nydailynews</token>
<token t_id="8" sentence="0" number="7">.</token>
<token t_id="9" sentence="0" number="8">com</token>
<token t_id="10" sentence="0" number="9">/</token>
<token t_id="11" sentence="0" number="10">new</token>
<token t_id="12" sentence="0" number="11">-</token>
<token t_id="13" sentence="0" number="12">york</token>
<token t_id="14" sentence="0" number="13">/</token>
<token t_id="15" sentence="0" number="14">witness</token>
<token t_id="16" sentence="0" number="15">-</token>
<token t_id="17" sentence="0" number="16">claims</token>
<token t_id="18" sentence="0" number="17">-</token>
<token t_id="19" sentence="0" number="18">16</token>
<token t_id="20" sentence="0" number="19">-</token>
<token t_id="21" sentence="0" number="20">year</token>
<token t_id="22" sentence="0" number="21">-</token>
<token t_id="23" sentence="0" number="22">old</token>
<token t_id="24" sentence="0" number="23">-</token>
<token t_id="25" sentence="0" number="24">killed</token>
<token t_id="26" sentence="0" number="25">-</token>
<token t_id="27" sentence="0" number="26">cops</token>
<token t_id="28" sentence="0" number="27">-</token>
<token t_id="29" sentence="0" number="28">hands</token>
<token t_id="30" sentence="0" number="29">-</token>
<token t_id="31" sentence="0" number="30">article</token>
<token t_id="32" sentence="0" number="31">-</token>
<token t_id="33" sentence="0" number="32">1</token>
<token t_id="34" sentence="0" number="33">.</token>
<token t_id="35" sentence="0" number="34">1286981</token>
<token t_id="36" sentence="1" number="0">Brooklyn</token>
<token t_id="37" sentence="1" number="1">riot</token>
<token t_id="38" sentence="1" number="2">over</token>
<token t_id="39" sentence="1" number="3">teen's</token>
<token t_id="40" sentence="1" number="4">death</token>
<token t_id="41" sentence="1" number="5">:</token>
<token t_id="42" sentence="1" number="6">16</token>
<token t_id="43" sentence="1" number="7">-</token>
<token t_id="44" sentence="1" number="8">year</token>
<token t_id="45" sentence="1" number="9">-</token>
<token t_id="46" sentence="1" number="10">old</token>
<token t_id="47" sentence="1" number="11">shot</token>
<token t_id="48" sentence="1" number="12">by</token>
<token t_id="49" sentence="1" number="13">cops</token>
<token t_id="50" sentence="1" number="14">did</token>
<token t_id="51" sentence="1" number="15">not</token>
<token t_id="52" sentence="1" number="16">have</token>
<token t_id="53" sentence="1" number="17">a</token>
<token t_id="54" sentence="1" number="18">gun</token>
<token t_id="55" sentence="1" number="19">,</token>
<token t_id="56" sentence="1" number="20">says</token>
<token t_id="57" sentence="1" number="21">witness</token>
<token t_id="58" sentence="2" number="0">Tishana</token>
<token t_id="59" sentence="2" number="1">King</token>
<token t_id="60" sentence="2" number="2">says</token>
<token t_id="61" sentence="2" number="3">she</token>
<token t_id="62" sentence="2" number="4">saw</token>
<token t_id="63" sentence="2" number="5">the</token>
<token t_id="64" sentence="2" number="6">whole</token>
<token t_id="65" sentence="2" number="7">incident</token>
<token t_id="66" sentence="2" number="8">from</token>
<token t_id="67" sentence="2" number="9">a</token>
<token t_id="68" sentence="2" number="10">bird's</token>
<token t_id="69" sentence="2" number="11">eye</token>
<token t_id="70" sentence="2" number="12">view</token>
<token t_id="71" sentence="2" number="13">in</token>
<token t_id="72" sentence="2" number="14">her</token>
<token t_id="73" sentence="2" number="15">Brooklyn</token>
<token t_id="74" sentence="2" number="16">apartment</token>
<token t_id="75" sentence="2" number="17">.</token>
<token t_id="76" sentence="3" number="0">She</token>
<token t_id="77" sentence="3" number="1">says</token>
<token t_id="78" sentence="3" number="2">she's</token>
<token t_id="79" sentence="3" number="3">'certain'</token>
<token t_id="80" sentence="3" number="4">slain</token>
<token t_id="81" sentence="3" number="5">Kimani</token>
<token t_id="82" sentence="3" number="6">(</token>
<token t_id="83" sentence="3" number="7">Kiki</token>
<token t_id="84" sentence="3" number="8">)</token>
<token t_id="85" sentence="3" number="9">Gray</token>
<token t_id="86" sentence="3" number="10">'didn't</token>
<token t_id="87" sentence="3" number="11">having</token>
<token t_id="88" sentence="3" number="12">anything</token>
<token t_id="89" sentence="3" number="13">in</token>
<token t_id="90" sentence="3" number="14">his</token>
<token t_id="91" sentence="3" number="15">hands</token>
<token t_id="92" sentence="3" number="16">.</token>
<token t_id="93" sentence="3" number="17">'</token>
<token t_id="94" sentence="4" number="0">PUBLISHED</token>
<token t_id="95" sentence="4" number="1">:</token>
<token t_id="96" sentence="4" number="2">WEDNESDAY</token>
<token t_id="97" sentence="4" number="3">,</token>
<token t_id="98" sentence="4" number="4">MARCH</token>
<token t_id="99" sentence="4" number="5">13</token>
<token t_id="100" sentence="4" number="6">,</token>
<token t_id="101" sentence="4" number="7">2013</token>
<token t_id="102" sentence="4" number="8">,</token>
<token t_id="103" sentence="4" number="9">12</token>
<token t_id="104" sentence="4" number="10">:</token>
<token t_id="105" sentence="4" number="11">38</token>
<token t_id="106" sentence="4" number="12">AM</token>
<token t_id="107" sentence="5" number="0">UPDATED</token>
<token t_id="108" sentence="5" number="1">:</token>
<token t_id="109" sentence="5" number="2">WEDNESDAY</token>
<token t_id="110" sentence="5" number="3">,</token>
<token t_id="111" sentence="5" number="4">MARCH</token>
<token t_id="112" sentence="5" number="5">13</token>
<token t_id="113" sentence="5" number="6">,</token>
<token t_id="114" sentence="5" number="7">2013</token>
<token t_id="115" sentence="5" number="8">,</token>
<token t_id="116" sentence="5" number="9">2</token>
<token t_id="117" sentence="5" number="10">:</token>
<token t_id="118" sentence="5" number="11">30</token>
<token t_id="119" sentence="5" number="12">AM</token>
<token t_id="120" sentence="6" number="0">A</token>
<token t_id="121" sentence="6" number="1">Brooklyn</token>
<token t_id="122" sentence="6" number="2">woman</token>
<token t_id="123" sentence="6" number="3">who</token>
<token t_id="124" sentence="6" number="4">claims</token>
<token t_id="125" sentence="6" number="5">she</token>
<token t_id="126" sentence="6" number="6">had</token>
<token t_id="127" sentence="6" number="7">a</token>
<token t_id="128" sentence="6" number="8">“</token>
<token t_id="129" sentence="6" number="9">bird</token>
<token t_id="130" sentence="6" number="10">’</token>
<token t_id="131" sentence="6" number="11">s</token>
<token t_id="132" sentence="6" number="12">-</token>
<token t_id="133" sentence="6" number="13">eye</token>
<token t_id="134" sentence="6" number="14">view</token>
<token t_id="135" sentence="6" number="15">”</token>
<token t_id="136" sentence="6" number="16">of</token>
<token t_id="137" sentence="6" number="17">the</token>
<token t_id="138" sentence="6" number="18">fatal</token>
<token t_id="139" sentence="6" number="19">police</token>
<token t_id="140" sentence="6" number="20">shooting</token>
<token t_id="141" sentence="6" number="21">of</token>
<token t_id="142" sentence="6" number="22">16</token>
<token t_id="143" sentence="6" number="23">-</token>
<token t_id="144" sentence="6" number="24">year</token>
<token t_id="145" sentence="6" number="25">-</token>
<token t_id="146" sentence="6" number="26">old</token>
<token t_id="147" sentence="6" number="27">Kimani</token>
<token t_id="148" sentence="6" number="28">(</token>
<token t_id="149" sentence="6" number="29">Kiki</token>
<token t_id="150" sentence="6" number="30">)</token>
<token t_id="151" sentence="6" number="31">Gray</token>
<token t_id="152" sentence="6" number="32">says</token>
<token t_id="153" sentence="6" number="33">the</token>
<token t_id="154" sentence="6" number="34">youth</token>
<token t_id="155" sentence="6" number="35">did</token>
<token t_id="156" sentence="6" number="36">not</token>
<token t_id="157" sentence="6" number="37">have</token>
<token t_id="158" sentence="6" number="38">a</token>
<token t_id="159" sentence="6" number="39">gun</token>
<token t_id="160" sentence="6" number="40">in</token>
<token t_id="161" sentence="6" number="41">his</token>
<token t_id="162" sentence="6" number="42">hand</token>
<token t_id="163" sentence="6" number="43">.</token>
<token t_id="164" sentence="7" number="0">Tishana</token>
<token t_id="165" sentence="7" number="1">King</token>
<token t_id="166" sentence="7" number="2">is</token>
<token t_id="167" sentence="7" number="3">the</token>
<token t_id="168" sentence="7" number="4">only</token>
<token t_id="169" sentence="7" number="5">civilian</token>
<token t_id="170" sentence="7" number="6">eyewitness</token>
<token t_id="171" sentence="7" number="7">to</token>
<token t_id="172" sentence="7" number="8">come</token>
<token t_id="173" sentence="7" number="9">forward</token>
<token t_id="174" sentence="7" number="10">,</token>
<token t_id="175" sentence="7" number="11">and</token>
<token t_id="176" sentence="7" number="12">her</token>
<token t_id="177" sentence="7" number="13">account</token>
<token t_id="178" sentence="7" number="14">sharply</token>
<token t_id="179" sentence="7" number="15">differs</token>
<token t_id="180" sentence="7" number="16">from</token>
<token t_id="181" sentence="7" number="17">Police</token>
<token t_id="182" sentence="7" number="18">Commissioner</token>
<token t_id="183" sentence="7" number="19">Raymond</token>
<token t_id="184" sentence="7" number="20">Kelly</token>
<token t_id="185" sentence="7" number="21">’</token>
<token t_id="186" sentence="7" number="22">s</token>
<token t_id="187" sentence="7" number="23">assertion</token>
<token t_id="188" sentence="7" number="24">that</token>
<token t_id="189" sentence="7" number="25">Gray</token>
<token t_id="190" sentence="7" number="26">had</token>
<token t_id="191" sentence="7" number="27">pointed</token>
<token t_id="192" sentence="7" number="28">a</token>
<token t_id="193" sentence="7" number="29">.</token>
<token t_id="194" sentence="7" number="30">38</token>
<token t_id="195" sentence="7" number="31">-</token>
<token t_id="196" sentence="7" number="32">caliber</token>
<token t_id="197" sentence="7" number="33">revolver</token>
<token t_id="198" sentence="7" number="34">at</token>
<token t_id="199" sentence="7" number="35">the</token>
<token t_id="200" sentence="7" number="36">cops</token>
<token t_id="201" sentence="7" number="37">before</token>
<token t_id="202" sentence="7" number="38">they</token>
<token t_id="203" sentence="7" number="39">opened</token>
<token t_id="204" sentence="7" number="40">fire</token>
<token t_id="205" sentence="7" number="41">.</token>
<token t_id="206" sentence="8" number="0">“</token>
<token t_id="207" sentence="8" number="1">I</token>
<token t_id="208" sentence="8" number="2">’</token>
<token t_id="209" sentence="8" number="3">m</token>
<token t_id="210" sentence="8" number="4">certain</token>
<token t_id="211" sentence="8" number="5">he</token>
<token t_id="212" sentence="8" number="6">didn</token>
<token t_id="213" sentence="8" number="7">’</token>
<token t_id="214" sentence="8" number="8">t</token>
<token t_id="215" sentence="8" number="9">have</token>
<token t_id="216" sentence="8" number="10">anything</token>
<token t_id="217" sentence="8" number="11">in</token>
<token t_id="218" sentence="8" number="12">his</token>
<token t_id="219" sentence="8" number="13">hands</token>
<token t_id="220" sentence="8" number="14">,</token>
<token t_id="221" sentence="8" number="15">”</token>
<token t_id="222" sentence="8" number="16">King</token>
<token t_id="223" sentence="8" number="17">told</token>
<token t_id="224" sentence="8" number="18">the</token>
<token t_id="225" sentence="8" number="19">Daily</token>
<token t_id="226" sentence="8" number="20">News</token>
<token t_id="227" sentence="8" number="21">.</token>
<token t_id="228" sentence="9" number="0">Moments</token>
<token t_id="229" sentence="9" number="1">after</token>
<token t_id="230" sentence="9" number="2">the</token>
<token t_id="231" sentence="9" number="3">Saturday</token>
<token t_id="232" sentence="9" number="4">shooting</token>
<token t_id="233" sentence="9" number="5">,</token>
<token t_id="234" sentence="9" number="6">one</token>
<token t_id="235" sentence="9" number="7">cop</token>
<token t_id="236" sentence="9" number="8">put</token>
<token t_id="237" sentence="9" number="9">both</token>
<token t_id="238" sentence="9" number="10">hands</token>
<token t_id="239" sentence="9" number="11">on</token>
<token t_id="240" sentence="9" number="12">his</token>
<token t_id="241" sentence="9" number="13">head</token>
<token t_id="242" sentence="9" number="14">and</token>
<token t_id="243" sentence="9" number="15">said</token>
<token t_id="244" sentence="9" number="16">,</token>
<token t_id="245" sentence="9" number="17">“</token>
<token t_id="246" sentence="9" number="18">‘</token>
<token t_id="247" sentence="9" number="19">Oh</token>
<token t_id="248" sentence="9" number="20">,</token>
<token t_id="249" sentence="9" number="21">God</token>
<token t_id="250" sentence="9" number="22">!</token>
<token t_id="251" sentence="9" number="23">’</token>
<token t_id="252" sentence="9" number="24">”</token>
<token t_id="253" sentence="9" number="25">King</token>
<token t_id="254" sentence="9" number="26">recalled</token>
<token t_id="255" sentence="9" number="27">.</token>
<token t_id="256" sentence="10" number="0">“</token>
<token t_id="257" sentence="10" number="1">His</token>
<token t_id="258" sentence="10" number="2">partner</token>
<token t_id="259" sentence="10" number="3">went</token>
<token t_id="260" sentence="10" number="4">over</token>
<token t_id="261" sentence="10" number="5">to</token>
<token t_id="262" sentence="10" number="6">him</token>
<token t_id="263" sentence="10" number="7">and</token>
<token t_id="264" sentence="10" number="8">put</token>
<token t_id="265" sentence="10" number="9">his</token>
<token t_id="266" sentence="10" number="10">hand</token>
<token t_id="267" sentence="10" number="11">on</token>
<token t_id="268" sentence="10" number="12">his</token>
<token t_id="269" sentence="10" number="13">shoulder</token>
<token t_id="270" sentence="10" number="14">and</token>
<token t_id="271" sentence="10" number="15">said</token>
<token t_id="272" sentence="10" number="16">,</token>
<token t_id="273" sentence="10" number="17">‘</token>
<token t_id="274" sentence="10" number="18">Are</token>
<token t_id="275" sentence="10" number="19">you</token>
<token t_id="276" sentence="10" number="20">okay</token>
<token t_id="277" sentence="10" number="21">,</token>
<token t_id="278" sentence="10" number="22">buddy</token>
<token t_id="279" sentence="10" number="23">?</token>
<token t_id="280" sentence="10" number="24">’</token>
<token t_id="281" sentence="10" number="25">”</token>
<token t_id="282" sentence="11" number="0">King</token>
<token t_id="283" sentence="11" number="1">,</token>
<token t_id="284" sentence="11" number="2">39</token>
<token t_id="285" sentence="11" number="3">,</token>
<token t_id="286" sentence="11" number="4">a</token>
<token t_id="287" sentence="11" number="5">medical</token>
<token t_id="288" sentence="11" number="6">records</token>
<token t_id="289" sentence="11" number="7">clerk</token>
<token t_id="290" sentence="11" number="8">at</token>
<token t_id="291" sentence="11" number="9">Kings</token>
<token t_id="292" sentence="11" number="10">County</token>
<token t_id="293" sentence="11" number="11">Hospital</token>
<token t_id="294" sentence="11" number="12">,</token>
<token t_id="295" sentence="11" number="13">said</token>
<token t_id="296" sentence="11" number="14">she</token>
<token t_id="297" sentence="11" number="15">gave</token>
<token t_id="298" sentence="11" number="16">a</token>
<token t_id="299" sentence="11" number="17">tape</token>
<token t_id="300" sentence="11" number="18">-</token>
<token t_id="301" sentence="11" number="19">recorded</token>
<token t_id="302" sentence="11" number="20">interview</token>
<token t_id="303" sentence="11" number="21">to</token>
<token t_id="304" sentence="11" number="22">detectives</token>
<token t_id="305" sentence="11" number="23">several</token>
<token t_id="306" sentence="11" number="24">hours</token>
<token t_id="307" sentence="11" number="25">after</token>
<token t_id="308" sentence="11" number="26">the</token>
<token t_id="309" sentence="11" number="27">shooting</token>
<token t_id="310" sentence="11" number="28">.</token>
<token t_id="311" sentence="12" number="0">The</token>
<token t_id="312" sentence="12" number="1">detectives</token>
<token t_id="313" sentence="12" number="2">were</token>
<token t_id="314" sentence="12" number="3">aware</token>
<token t_id="315" sentence="12" number="4">her</token>
<token t_id="316" sentence="12" number="5">14</token>
<token t_id="317" sentence="12" number="6">-</token>
<token t_id="318" sentence="12" number="7">year</token>
<token t_id="319" sentence="12" number="8">-</token>
<token t_id="320" sentence="12" number="9">old</token>
<token t_id="321" sentence="12" number="10">son</token>
<token t_id="322" sentence="12" number="11">dialed</token>
<token t_id="323" sentence="12" number="12">911</token>
<token t_id="324" sentence="12" number="13">from</token>
<token t_id="325" sentence="12" number="14">their</token>
<token t_id="326" sentence="12" number="15">apartment</token>
<token t_id="327" sentence="12" number="16">after</token>
<token t_id="328" sentence="12" number="17">the</token>
<token t_id="329" sentence="12" number="18">gunfire</token>
<token t_id="330" sentence="12" number="19">.</token>
<token t_id="331" sentence="13" number="0">But</token>
<token t_id="332" sentence="13" number="1">King</token>
<token t_id="333" sentence="13" number="2">,</token>
<token t_id="334" sentence="13" number="3">in</token>
<token t_id="335" sentence="13" number="4">her</token>
<token t_id="336" sentence="13" number="5">nearly</token>
<token t_id="337" sentence="13" number="6">eight</token>
<token t_id="338" sentence="13" number="7">-</token>
<token t_id="339" sentence="13" number="8">minute</token>
<token t_id="340" sentence="13" number="9">interview</token>
<token t_id="341" sentence="13" number="10">with</token>
<token t_id="342" sentence="13" number="11">NYPD</token>
<token t_id="343" sentence="13" number="12">investigators</token>
<token t_id="344" sentence="13" number="13">at</token>
<token t_id="345" sentence="13" number="14">3</token>
<token t_id="346" sentence="13" number="15">a</token>
<token t_id="347" sentence="13" number="16">.</token>
<token t_id="348" sentence="13" number="17">m</token>
<token t_id="349" sentence="13" number="18">.</token>
<token t_id="350" sentence="13" number="19">on</token>
<token t_id="351" sentence="13" number="20">Sunday</token>
<token t_id="352" sentence="13" number="21">,</token>
<token t_id="353" sentence="13" number="22">never</token>
<token t_id="354" sentence="13" number="23">said</token>
<token t_id="355" sentence="13" number="24">a</token>
<token t_id="356" sentence="13" number="25">word</token>
<token t_id="357" sentence="13" number="26">about</token>
<token t_id="358" sentence="13" number="27">whether</token>
<token t_id="359" sentence="13" number="28">Gray</token>
<token t_id="360" sentence="13" number="29">was</token>
<token t_id="361" sentence="13" number="30">carrying</token>
<token t_id="362" sentence="13" number="31">a</token>
<token t_id="363" sentence="13" number="32">gun</token>
<token t_id="364" sentence="13" number="33">.</token>
<token t_id="365" sentence="14" number="0">King</token>
<token t_id="366" sentence="14" number="1">emphatically</token>
<token t_id="367" sentence="14" number="2">told</token>
<token t_id="368" sentence="14" number="3">The</token>
<token t_id="369" sentence="14" number="4">News</token>
<token t_id="370" sentence="14" number="5">that</token>
<token t_id="371" sentence="14" number="6">Gray</token>
<token t_id="372" sentence="14" number="7">didn</token>
<token t_id="373" sentence="14" number="8">’</token>
<token t_id="374" sentence="14" number="9">t</token>
<token t_id="375" sentence="14" number="10">have</token>
<token t_id="376" sentence="14" number="11">a</token>
<token t_id="377" sentence="14" number="12">weapon</token>
<token t_id="378" sentence="14" number="13">in</token>
<token t_id="379" sentence="14" number="14">his</token>
<token t_id="380" sentence="14" number="15">hands</token>
<token t_id="381" sentence="14" number="16">.</token>
<token t_id="382" sentence="15" number="0">But</token>
<token t_id="383" sentence="15" number="1">the</token>
<token t_id="384" sentence="15" number="2">newspaper</token>
<token t_id="385" sentence="15" number="3">’</token>
<token t_id="386" sentence="15" number="4">s</token>
<token t_id="387" sentence="15" number="5">review</token>
<token t_id="388" sentence="15" number="6">of</token>
<token t_id="389" sentence="15" number="7">her</token>
<token t_id="390" sentence="15" number="8">nearly</token>
<token t_id="391" sentence="15" number="9">eight</token>
<token t_id="392" sentence="15" number="10">-</token>
<token t_id="393" sentence="15" number="11">minute</token>
<token t_id="394" sentence="15" number="12">interview</token>
<token t_id="395" sentence="15" number="13">with</token>
<token t_id="396" sentence="15" number="14">NYPD</token>
<token t_id="397" sentence="15" number="15">investigators</token>
<token t_id="398" sentence="15" number="16">hours</token>
<token t_id="399" sentence="15" number="17">after</token>
<token t_id="400" sentence="15" number="18">the</token>
<token t_id="401" sentence="15" number="19">shooting</token>
<token t_id="402" sentence="15" number="20">shows</token>
<token t_id="403" sentence="15" number="21">she</token>
<token t_id="404" sentence="15" number="22">never</token>
<token t_id="405" sentence="15" number="23">mentioned</token>
<token t_id="406" sentence="15" number="24">whether</token>
<token t_id="407" sentence="15" number="25">the</token>
<token t_id="408" sentence="15" number="26">teen</token>
<token t_id="409" sentence="15" number="27">was</token>
<token t_id="410" sentence="15" number="28">carrying</token>
<token t_id="411" sentence="15" number="29">a</token>
<token t_id="412" sentence="15" number="30">gun</token>
<token t_id="413" sentence="15" number="31">.</token>
<token t_id="414" sentence="16" number="0">“</token>
<token t_id="415" sentence="16" number="1">I</token>
<token t_id="416" sentence="16" number="2">couldn</token>
<token t_id="417" sentence="16" number="3">’</token>
<token t_id="418" sentence="16" number="4">t</token>
<token t_id="419" sentence="16" number="5">see</token>
<token t_id="420" sentence="16" number="6">what</token>
<token t_id="421" sentence="16" number="7">the</token>
<token t_id="422" sentence="16" number="8">kids</token>
<token t_id="423" sentence="16" number="9">were</token>
<token t_id="424" sentence="16" number="10">doing</token>
<token t_id="425" sentence="16" number="11">,</token>
<token t_id="426" sentence="16" number="12">”</token>
<token t_id="427" sentence="16" number="13">she</token>
<token t_id="428" sentence="16" number="14">said</token>
<token t_id="429" sentence="16" number="15">during</token>
<token t_id="430" sentence="16" number="16">the</token>
<token t_id="431" sentence="16" number="17">session</token>
<token t_id="432" sentence="16" number="18">.</token>
<token t_id="433" sentence="17" number="0">The</token>
<token t_id="434" sentence="17" number="1">News</token>
<token t_id="435" sentence="17" number="2">reviewed</token>
<token t_id="436" sentence="17" number="3">the</token>
<token t_id="437" sentence="17" number="4">tape</token>
<token t_id="438" sentence="17" number="5">of</token>
<token t_id="439" sentence="17" number="6">the</token>
<token t_id="440" sentence="17" number="7">Q&amp;A</token>
<token t_id="441" sentence="17" number="8">conducted</token>
<token t_id="442" sentence="17" number="9">in</token>
<token t_id="443" sentence="17" number="10">her</token>
<token t_id="444" sentence="17" number="11">apartment</token>
<token t_id="445" sentence="17" number="12">after</token>
<token t_id="446" sentence="17" number="13">the</token>
<token t_id="447" sentence="17" number="14">fatal</token>
<token t_id="448" sentence="17" number="15">shooting</token>
<token t_id="449" sentence="17" number="16">.</token>
<token t_id="450" sentence="18" number="0">Detectives</token>
<token t_id="451" sentence="18" number="1">and</token>
<token t_id="452" sentence="18" number="2">Internal</token>
<token t_id="453" sentence="18" number="3">Affairs</token>
<token t_id="454" sentence="18" number="4">Bureau</token>
<token t_id="455" sentence="18" number="5">investigators</token>
<token t_id="456" sentence="18" number="6">never</token>
<token t_id="457" sentence="18" number="7">asked</token>
<token t_id="458" sentence="18" number="8">directly</token>
<token t_id="459" sentence="18" number="9">if</token>
<token t_id="460" sentence="18" number="10">King</token>
<token t_id="461" sentence="18" number="11">saw</token>
<token t_id="462" sentence="18" number="12">Gray</token>
<token t_id="463" sentence="18" number="13">with</token>
<token t_id="464" sentence="18" number="14">a</token>
<token t_id="465" sentence="18" number="15">gun</token>
<token t_id="466" sentence="18" number="16">,</token>
<token t_id="467" sentence="18" number="17">and</token>
<token t_id="468" sentence="18" number="18">a</token>
<token t_id="469" sentence="18" number="19">police</token>
<token t_id="470" sentence="18" number="20">source</token>
<token t_id="471" sentence="18" number="21">said</token>
<token t_id="472" sentence="18" number="22">NYPD</token>
<token t_id="473" sentence="18" number="23">policy</token>
<token t_id="474" sentence="18" number="24">precludes</token>
<token t_id="475" sentence="18" number="25">asking</token>
<token t_id="476" sentence="18" number="26">such</token>
<token t_id="477" sentence="18" number="27">leading</token>
<token t_id="478" sentence="18" number="28">questions</token>
<token t_id="479" sentence="18" number="29">.</token>
<token t_id="480" sentence="19" number="0">“</token>
<token t_id="481" sentence="19" number="1">They</token>
<token t_id="482" sentence="19" number="2">’</token>
<token t_id="483" sentence="19" number="3">re</token>
<token t_id="484" sentence="19" number="4">just</token>
<token t_id="485" sentence="19" number="5">asked</token>
<token t_id="486" sentence="19" number="6">to</token>
<token t_id="487" sentence="19" number="7">say</token>
<token t_id="488" sentence="19" number="8">what</token>
<token t_id="489" sentence="19" number="9">happened</token>
<token t_id="490" sentence="19" number="10">in</token>
<token t_id="491" sentence="19" number="11">as</token>
<token t_id="492" sentence="19" number="12">much</token>
<token t_id="493" sentence="19" number="13">detail</token>
<token t_id="494" sentence="19" number="14">as</token>
<token t_id="495" sentence="19" number="15">they</token>
<token t_id="496" sentence="19" number="16">can</token>
<token t_id="497" sentence="19" number="17">remember</token>
<token t_id="498" sentence="19" number="18">,</token>
<token t_id="499" sentence="19" number="19">”</token>
<token t_id="500" sentence="19" number="20">the</token>
<token t_id="501" sentence="19" number="21">source</token>
<token t_id="502" sentence="19" number="22">said</token>
<token t_id="503" sentence="19" number="23">.</token>
<token t_id="504" sentence="20" number="0">A</token>
<token t_id="505" sentence="20" number="1">police</token>
<token t_id="506" sentence="20" number="2">spokesman</token>
<token t_id="507" sentence="20" number="3">said</token>
<token t_id="508" sentence="20" number="4">that</token>
<token t_id="509" sentence="20" number="5">when</token>
<token t_id="510" sentence="20" number="6">King</token>
<token t_id="511" sentence="20" number="7">was</token>
<token t_id="512" sentence="20" number="8">asked</token>
<token t_id="513" sentence="20" number="9">what</token>
<token t_id="514" sentence="20" number="10">she</token>
<token t_id="515" sentence="20" number="11">saw</token>
<token t_id="516" sentence="20" number="12">by</token>
<token t_id="517" sentence="20" number="13">detectives</token>
<token t_id="518" sentence="20" number="14">,</token>
<token t_id="519" sentence="20" number="15">she</token>
<token t_id="520" sentence="20" number="16">told</token>
<token t_id="521" sentence="20" number="17">them</token>
<token t_id="522" sentence="20" number="18">she</token>
<token t_id="523" sentence="20" number="19">couldn't</token>
<token t_id="524" sentence="20" number="20">see</token>
<token t_id="525" sentence="20" number="21">what</token>
<token t_id="526" sentence="20" number="22">the</token>
<token t_id="527" sentence="20" number="23">boys</token>
<token t_id="528" sentence="20" number="24">were</token>
<token t_id="529" sentence="20" number="25">doing</token>
<token t_id="530" sentence="20" number="26">"from</token>
<token t_id="531" sentence="20" number="27">the</token>
<token t_id="532" sentence="20" number="28">angle</token>
<token t_id="533" sentence="20" number="29">I</token>
<token t_id="534" sentence="20" number="30">was</token>
<token t_id="535" sentence="20" number="31">at</token>
<token t_id="536" sentence="20" number="32">.</token>
<token t_id="537" sentence="20" number="33">"</token>
<token t_id="538" sentence="21" number="0">But</token>
<token t_id="539" sentence="21" number="1">King</token>
<token t_id="540" sentence="21" number="2">told</token>
<token t_id="541" sentence="21" number="3">The</token>
<token t_id="542" sentence="21" number="4">News</token>
<token t_id="543" sentence="21" number="5">that</token>
<token t_id="544" sentence="21" number="6">,</token>
<token t_id="545" sentence="21" number="7">at</token>
<token t_id="546" sentence="21" number="8">first</token>
<token t_id="547" sentence="21" number="9">,</token>
<token t_id="548" sentence="21" number="10">the</token>
<token t_id="549" sentence="21" number="11">boys</token>
<token t_id="550" sentence="21" number="12">were</token>
<token t_id="551" sentence="21" number="13">under</token>
<token t_id="552" sentence="21" number="14">her</token>
<token t_id="553" sentence="21" number="15">window</token>
<token t_id="554" sentence="21" number="16">and</token>
<token t_id="555" sentence="21" number="17">that</token>
<token t_id="556" sentence="21" number="18">they</token>
<token t_id="557" sentence="21" number="19">moved</token>
<token t_id="558" sentence="21" number="20">into</token>
<token t_id="559" sentence="21" number="21">view</token>
<token t_id="560" sentence="21" number="22">when</token>
<token t_id="561" sentence="21" number="23">police</token>
<token t_id="562" sentence="21" number="24">got</token>
<token t_id="563" sentence="21" number="25">out</token>
<token t_id="564" sentence="21" number="26">of</token>
<token t_id="565" sentence="21" number="27">their</token>
<token t_id="566" sentence="21" number="28">car</token>
<token t_id="567" sentence="21" number="29">and</token>
<token t_id="568" sentence="21" number="30">approached</token>
<token t_id="569" sentence="21" number="31">them</token>
<token t_id="570" sentence="21" number="32">.</token>
<token t_id="571" sentence="22" number="0">The</token>
<token t_id="572" sentence="22" number="1">NYPD</token>
<token t_id="573" sentence="22" number="2">has</token>
<token t_id="574" sentence="22" number="3">not</token>
<token t_id="575" sentence="22" number="4">released</token>
<token t_id="576" sentence="22" number="5">the</token>
<token t_id="577" sentence="22" number="6">names</token>
<token t_id="578" sentence="22" number="7">of</token>
<token t_id="579" sentence="22" number="8">the</token>
<token t_id="580" sentence="22" number="9">sergeant</token>
<token t_id="581" sentence="22" number="10">and</token>
<token t_id="582" sentence="22" number="11">cop</token>
<token t_id="583" sentence="22" number="12">who</token>
<token t_id="584" sentence="22" number="13">fired</token>
<token t_id="585" sentence="22" number="14">11</token>
<token t_id="586" sentence="22" number="15">shots</token>
<token t_id="587" sentence="22" number="16">.</token>
<token t_id="588" sentence="23" number="0">A</token>
<token t_id="589" sentence="23" number="1">police</token>
<token t_id="590" sentence="23" number="2">source</token>
<token t_id="591" sentence="23" number="3">said</token>
<token t_id="592" sentence="23" number="4">the</token>
<token t_id="593" sentence="23" number="5">pair</token>
<token t_id="594" sentence="23" number="6">initially</token>
<token t_id="595" sentence="23" number="7">reported</token>
<token t_id="596" sentence="23" number="8">to</token>
<token t_id="597" sentence="23" number="9">supervisors</token>
<token t_id="598" sentence="23" number="10">that</token>
<token t_id="599" sentence="23" number="11">the</token>
<token t_id="600" sentence="23" number="12">teen</token>
<token t_id="601" sentence="23" number="13">had</token>
<token t_id="602" sentence="23" number="14">pulled</token>
<token t_id="603" sentence="23" number="15">a</token>
<token t_id="604" sentence="23" number="16">gun</token>
<token t_id="605" sentence="23" number="17">—</token>
<token t_id="606" sentence="23" number="18">and</token>
<token t_id="607" sentence="23" number="19">a</token>
<token t_id="608" sentence="23" number="20">loaded</token>
<token t_id="609" sentence="23" number="21">weapon</token>
<token t_id="610" sentence="23" number="22">was</token>
<token t_id="611" sentence="23" number="23">recovered</token>
<token t_id="612" sentence="23" number="24">at</token>
<token t_id="613" sentence="23" number="25">the</token>
<token t_id="614" sentence="23" number="26">scene</token>
<token t_id="615" sentence="23" number="27">.</token>
<token t_id="616" sentence="24" number="0">King</token>
<token t_id="617" sentence="24" number="1">told</token>
<token t_id="618" sentence="24" number="2">The</token>
<token t_id="619" sentence="24" number="3">News</token>
<token t_id="620" sentence="24" number="4">she</token>
<token t_id="621" sentence="24" number="5">was</token>
<token t_id="622" sentence="24" number="6">drawn</token>
<token t_id="623" sentence="24" number="7">to</token>
<token t_id="624" sentence="24" number="8">her</token>
<token t_id="625" sentence="24" number="9">third</token>
<token t_id="626" sentence="24" number="10">-</token>
<token t_id="627" sentence="24" number="11">floor</token>
<token t_id="628" sentence="24" number="12">East</token>
<token t_id="629" sentence="24" number="13">Flatbush</token>
<token t_id="630" sentence="24" number="14">window</token>
<token t_id="631" sentence="24" number="15">late</token>
<token t_id="632" sentence="24" number="16">Saturday</token>
<token t_id="633" sentence="24" number="17">night</token>
<token t_id="634" sentence="24" number="18">by</token>
<token t_id="635" sentence="24" number="19">the</token>
<token t_id="636" sentence="24" number="20">sound</token>
<token t_id="637" sentence="24" number="21">of</token>
<token t_id="638" sentence="24" number="22">loud</token>
<token t_id="639" sentence="24" number="23">laughing</token>
<token t_id="640" sentence="24" number="24">and</token>
<token t_id="641" sentence="24" number="25">talking</token>
<token t_id="642" sentence="24" number="26">outside</token>
<token t_id="643" sentence="24" number="27">on</token>
<token t_id="644" sentence="24" number="28">E</token>
<token t_id="645" sentence="24" number="29">.</token>
<token t_id="646" sentence="24" number="30">52nd</token>
<token t_id="647" sentence="24" number="31">St</token>
<token t_id="648" sentence="24" number="32">.</token>
<token t_id="649" sentence="25" number="0">She</token>
<token t_id="650" sentence="25" number="1">said</token>
<token t_id="651" sentence="25" number="2">she</token>
<token t_id="652" sentence="25" number="3">watched</token>
<token t_id="653" sentence="25" number="4">as</token>
<token t_id="654" sentence="25" number="5">a</token>
<token t_id="655" sentence="25" number="6">burgundy</token>
<token t_id="656" sentence="25" number="7">-</token>
<token t_id="657" sentence="25" number="8">colored</token>
<token t_id="658" sentence="25" number="9">sedan</token>
<token t_id="659" sentence="25" number="10">pulled</token>
<token t_id="660" sentence="25" number="11">up</token>
<token t_id="661" sentence="25" number="12">and</token>
<token t_id="662" sentence="25" number="13">a</token>
<token t_id="663" sentence="25" number="14">man</token>
<token t_id="664" sentence="25" number="15">jumped</token>
<token t_id="665" sentence="25" number="16">out</token>
<token t_id="666" sentence="25" number="17">of</token>
<token t_id="667" sentence="25" number="18">the</token>
<token t_id="668" sentence="25" number="19">passenger</token>
<token t_id="669" sentence="25" number="20">side</token>
<token t_id="670" sentence="25" number="21">,</token>
<token t_id="671" sentence="25" number="22">followed</token>
<token t_id="672" sentence="25" number="23">by</token>
<token t_id="673" sentence="25" number="24">the</token>
<token t_id="674" sentence="25" number="25">driver</token>
<token t_id="675" sentence="25" number="26">.</token>
<token t_id="676" sentence="26" number="0">King</token>
<token t_id="677" sentence="26" number="1">initially</token>
<token t_id="678" sentence="26" number="2">thought</token>
<token t_id="679" sentence="26" number="3">the</token>
<token t_id="680" sentence="26" number="4">duo</token>
<token t_id="681" sentence="26" number="5">intended</token>
<token t_id="682" sentence="26" number="6">to</token>
<token t_id="683" sentence="26" number="7">fight</token>
<token t_id="684" sentence="26" number="8">with</token>
<token t_id="685" sentence="26" number="9">the</token>
<token t_id="686" sentence="26" number="10">youths</token>
<token t_id="687" sentence="26" number="11">.</token>
<token t_id="688" sentence="27" number="0">When</token>
<token t_id="689" sentence="27" number="1">the</token>
<token t_id="690" sentence="27" number="2">driver</token>
<token t_id="691" sentence="27" number="3">yelled</token>
<token t_id="692" sentence="27" number="4">,</token>
<token t_id="693" sentence="27" number="5">“</token>
<token t_id="694" sentence="27" number="6">Don</token>
<token t_id="695" sentence="27" number="7">’</token>
<token t_id="696" sentence="27" number="8">t</token>
<token t_id="697" sentence="27" number="9">move</token>
<token t_id="698" sentence="27" number="10">!</token>
<token t_id="699" sentence="27" number="11">”</token>
<token t_id="700" sentence="27" number="12">it</token>
<token t_id="701" sentence="27" number="13">clicked</token>
<token t_id="702" sentence="27" number="14">that</token>
<token t_id="703" sentence="27" number="15">they</token>
<token t_id="704" sentence="27" number="16">were</token>
<token t_id="705" sentence="27" number="17">cops</token>
<token t_id="706" sentence="27" number="18">,</token>
<token t_id="707" sentence="27" number="19">she</token>
<token t_id="708" sentence="27" number="20">said</token>
<token t_id="709" sentence="27" number="21">.</token>
<token t_id="710" sentence="28" number="0">“</token>
<token t_id="711" sentence="28" number="1">Kimani</token>
<token t_id="712" sentence="28" number="2">started</token>
<token t_id="713" sentence="28" number="3">backing</token>
<token t_id="714" sentence="28" number="4">up</token>
<token t_id="715" sentence="28" number="5">,</token>
<token t_id="716" sentence="28" number="6">”</token>
<token t_id="717" sentence="28" number="7">King</token>
<token t_id="718" sentence="28" number="8">said</token>
<token t_id="719" sentence="28" number="9">.</token>
<token t_id="720" sentence="29" number="0">“</token>
<token t_id="721" sentence="29" number="1">The</token>
<token t_id="722" sentence="29" number="2">cop</token>
<token t_id="723" sentence="29" number="3">took</token>
<token t_id="724" sentence="29" number="4">out</token>
<token t_id="725" sentence="29" number="5">his</token>
<token t_id="726" sentence="29" number="6">gun</token>
<token t_id="727" sentence="29" number="7">and</token>
<token t_id="728" sentence="29" number="8">started</token>
<token t_id="729" sentence="29" number="9">firing</token>
<token t_id="730" sentence="29" number="10">at</token>
<token t_id="731" sentence="29" number="11">Kimani</token>
<token t_id="732" sentence="29" number="12">.</token>
<token t_id="733" sentence="29" number="13">”</token>
<token t_id="734" sentence="30" number="0">King</token>
<token t_id="735" sentence="30" number="1">said</token>
<token t_id="736" sentence="30" number="2">the</token>
<token t_id="737" sentence="30" number="3">area</token>
<token t_id="738" sentence="30" number="4">was</token>
<token t_id="739" sentence="30" number="5">illuminated</token>
<token t_id="740" sentence="30" number="6">by</token>
<token t_id="741" sentence="30" number="7">a</token>
<token t_id="742" sentence="30" number="8">streetlight</token>
<token t_id="743" sentence="30" number="9">and</token>
<token t_id="744" sentence="30" number="10">Gray</token>
<token t_id="745" sentence="30" number="11">appeared</token>
<token t_id="746" sentence="30" number="12">to</token>
<token t_id="747" sentence="30" number="13">be</token>
<token t_id="748" sentence="30" number="14">cornered</token>
<token t_id="749" sentence="30" number="15">by</token>
<token t_id="750" sentence="30" number="16">the</token>
<token t_id="751" sentence="30" number="17">cops</token>
<token t_id="752" sentence="30" number="18">.</token>
<token t_id="753" sentence="31" number="0">“</token>
<token t_id="754" sentence="31" number="1">His</token>
<token t_id="755" sentence="31" number="2">(</token>
<token t_id="756" sentence="31" number="3">Gray</token>
<token t_id="757" sentence="31" number="4">’</token>
<token t_id="758" sentence="31" number="5">s</token>
<token t_id="759" sentence="31" number="6">)</token>
<token t_id="760" sentence="31" number="7">hands</token>
<token t_id="761" sentence="31" number="8">were</token>
<token t_id="762" sentence="31" number="9">down</token>
<token t_id="763" sentence="31" number="10">,</token>
<token t_id="764" sentence="31" number="11">”</token>
<token t_id="765" sentence="31" number="12">she</token>
<token t_id="766" sentence="31" number="13">said</token>
<token t_id="767" sentence="31" number="14">.</token>
<token t_id="768" sentence="32" number="0">“</token>
<token t_id="769" sentence="32" number="1">I</token>
<token t_id="770" sentence="32" number="2">couldn</token>
<token t_id="771" sentence="32" number="3">’</token>
<token t_id="772" sentence="32" number="4">t</token>
<token t_id="773" sentence="32" number="5">believe</token>
<token t_id="774" sentence="32" number="6">he</token>
<token t_id="775" sentence="32" number="7">let</token>
<token t_id="776" sentence="32" number="8">off</token>
<token t_id="777" sentence="32" number="9">(</token>
<token t_id="778" sentence="32" number="10">fired</token>
<token t_id="779" sentence="32" number="11">)</token>
<token t_id="780" sentence="32" number="12">his</token>
<token t_id="781" sentence="32" number="13">gun</token>
<token t_id="782" sentence="32" number="14">.</token>
<token t_id="783" sentence="33" number="0">There</token>
<token t_id="784" sentence="33" number="1">was</token>
<token t_id="785" sentence="33" number="2">no</token>
<token t_id="786" sentence="33" number="3">reason</token>
<token t_id="787" sentence="33" number="4">.</token>
<token t_id="788" sentence="34" number="0">No</token>
<token t_id="789" sentence="34" number="1">false</token>
<token t_id="790" sentence="34" number="2">move</token>
<token t_id="791" sentence="34" number="3">.</token>
<token t_id="792" sentence="34" number="4">”</token>
<token t_id="793" sentence="35" number="0">A</token>
<token t_id="794" sentence="35" number="1">police</token>
<token t_id="795" sentence="35" number="2">source</token>
<token t_id="796" sentence="35" number="3">said</token>
<token t_id="797" sentence="35" number="4">King</token>
<token t_id="798" sentence="35" number="5">never</token>
<token t_id="799" sentence="35" number="6">told</token>
<token t_id="800" sentence="35" number="7">detectives</token>
<token t_id="801" sentence="35" number="8">that</token>
<token t_id="802" sentence="35" number="9">Gray</token>
<token t_id="803" sentence="35" number="10">was</token>
<token t_id="804" sentence="35" number="11">backing</token>
<token t_id="805" sentence="35" number="12">up</token>
<token t_id="806" sentence="35" number="13">with</token>
<token t_id="807" sentence="35" number="14">his</token>
<token t_id="808" sentence="35" number="15">hands</token>
<token t_id="809" sentence="35" number="16">down</token>
<token t_id="810" sentence="35" number="17">.</token>
<token t_id="811" sentence="36" number="0">Kelly</token>
<token t_id="812" sentence="36" number="1">said</token>
<token t_id="813" sentence="36" number="2">an</token>
<token t_id="814" sentence="36" number="3">“</token>
<token t_id="815" sentence="36" number="4">earwitness</token>
<token t_id="816" sentence="36" number="5">”</token>
<token t_id="817" sentence="36" number="6">heard</token>
<token t_id="818" sentence="36" number="7">a</token>
<token t_id="819" sentence="36" number="8">cop</token>
<token t_id="820" sentence="36" number="9">yell</token>
<token t_id="821" sentence="36" number="10">,</token>
<token t_id="822" sentence="36" number="11">“</token>
<token t_id="823" sentence="36" number="12">What</token>
<token t_id="824" sentence="36" number="13">do</token>
<token t_id="825" sentence="36" number="14">you</token>
<token t_id="826" sentence="36" number="15">have</token>
<token t_id="827" sentence="36" number="16">in</token>
<token t_id="828" sentence="36" number="17">your</token>
<token t_id="829" sentence="36" number="18">hands</token>
<token t_id="830" sentence="36" number="19">?</token>
<token t_id="831" sentence="36" number="20">”</token>
<token t_id="832" sentence="36" number="21">but</token>
<token t_id="833" sentence="36" number="22">a</token>
<token t_id="834" sentence="36" number="23">source</token>
<token t_id="835" sentence="36" number="24">said</token>
<token t_id="836" sentence="36" number="25">the</token>
<token t_id="837" sentence="36" number="26">man</token>
<token t_id="838" sentence="36" number="27">was</token>
<token t_id="839" sentence="36" number="28">too</token>
<token t_id="840" sentence="36" number="29">far</token>
<token t_id="841" sentence="36" number="30">away</token>
<token t_id="842" sentence="36" number="31">to</token>
<token t_id="843" sentence="36" number="32">see</token>
<token t_id="844" sentence="36" number="33">the</token>
<token t_id="845" sentence="36" number="34">confrontation</token>
<token t_id="846" sentence="36" number="35">.</token>
<token t_id="847" sentence="37" number="0">The</token>
<token t_id="848" sentence="37" number="1">shooting</token>
<token t_id="849" sentence="37" number="2">appeared</token>
<token t_id="850" sentence="37" number="3">to</token>
<token t_id="851" sentence="37" number="4">be</token>
<token t_id="852" sentence="37" number="5">within</token>
<token t_id="853" sentence="37" number="6">NYPD</token>
<token t_id="854" sentence="37" number="7">guidelines</token>
<token t_id="855" sentence="37" number="8">,</token>
<token t_id="856" sentence="37" number="9">he</token>
<token t_id="857" sentence="37" number="10">added</token>
<token t_id="858" sentence="37" number="11">.</token>


<Markables>
<ACTION_OCCURRENCE m_id="1" climaxEvent="FALSE" comment=""  >
<token_anchor t_id="440"/>
</ACTION_OCCURRENCE>
<ACTION_OCCURRENCE m_id="2" climaxEvent="FALSE" comment=""  >
<token_anchor t_id="37"/>
</ACTION_OCCURRENCE>
<ACTION_OCCURRENCE m_id="3" climaxEvent="FALSE" comment=""  >
<token_anchor t_id="40"/>
</ACTION_OCCURRENCE>
<ACTION_OCCURRENCE m_id="4" climaxEvent="TRUE" comment=""  >
<token_anchor t_id="47"/>
</ACTION_OCCURRENCE>
<ACTION_OCCURRENCE m_id="5" climaxEvent="FALSE" comment=""  >
<token_anchor t_id="140"/>
</ACTION_OCCURRENCE>
<ACTION_OCCURRENCE m_id="6" climaxEvent="FALSE" comment=""  >
<token_anchor t_id="448"/>
</ACTION_OCCURRENCE>
<ACTION_OCCURRENCE m_id="7" climaxEvent="FALSE" comment=""  >
<token_anchor t_id="435"/>
</ACTION_OCCURRENCE>
<ACTION_OCCURRENCE m_id="8" climaxEvent="FALSE" comment=""  >
<token_anchor t_id="441"/>
</ACTION_OCCURRENCE>
<ACTION_REPORTING m_id="9" comment=""  >
<token_anchor t_id="56"/>
</ACTION_REPORTING>
<ACTION_REPORTING m_id="10" comment=""  >
<token_anchor t_id="152"/>
</ACTION_REPORTING>
<ACTION_REPORTING m_id="11" comment=""  >
<token_anchor t_id="124"/>
</ACTION_REPORTING>
<HUMAN_PART_ORG m_id="12"  >
<token_anchor t_id="433"/>
<token_anchor t_id="434"/>
</HUMAN_PART_ORG>
<HUMAN_PART_PER m_id="13" comment=""  >
<token_anchor t_id="39"/>
</HUMAN_PART_PER>
<HUMAN_PART_PER m_id="14" comment=""  >
<token_anchor t_id="42"/>
<token_anchor t_id="43"/>
<token_anchor t_id="44"/>
<token_anchor t_id="45"/>
<token_anchor t_id="46"/>
</HUMAN_PART_PER>
<HUMAN_PART_PER m_id="15" comment=""  >
<token_anchor t_id="49"/>
</HUMAN_PART_PER>
<HUMAN_PART_PER m_id="16" comment=""  >
<token_anchor t_id="57"/>
</HUMAN_PART_PER>
<HUMAN_PART_PER m_id="17" comment=""  >
<token_anchor t_id="122"/>
</HUMAN_PART_PER>
<HUMAN_PART_PER m_id="18" comment=""  >
<token_anchor t_id="125"/>
</HUMAN_PART_PER>
<HUMAN_PART_PER m_id="19" comment=""  >
<token_anchor t_id="139"/>
</HUMAN_PART_PER>
<HUMAN_PART_PER m_id="20" comment=""  >
<token_anchor t_id="147"/>
<token_anchor t_id="148"/>
<token_anchor t_id="149"/>
<token_anchor t_id="150"/>
<token_anchor t_id="151"/>
</HUMAN_PART_PER>
<HUMAN_PART_PER m_id="21" comment=""  >
<token_anchor t_id="154"/>
</HUMAN_PART_PER>
<LOC_FAC m_id="22"  >
<token_anchor t_id="442"/>
<token_anchor t_id="443"/>
<token_anchor t_id="444"/>
</LOC_FAC>
<LOC_OTHER m_id="23"  >
<token_anchor t_id="160"/>
<token_anchor t_id="161"/>
<token_anchor t_id="162"/>
</LOC_OTHER>
<NEG_ACTION_STATE m_id="24" climaxEvent="FALSE" comment=""  >
<token_anchor t_id="157"/>
</NEG_ACTION_STATE>
<NEG_ACTION_STATE m_id="25" climaxEvent="FALSE" comment=""  >
<token_anchor t_id="52"/>
</NEG_ACTION_STATE>
<NON_HUMAN_PART m_id="26" comment=""  >
<token_anchor t_id="134"/>
</NON_HUMAN_PART>
<NON_HUMAN_PART m_id="27" comment=""  >
<token_anchor t_id="437"/>
</NON_HUMAN_PART>
<NON_HUMAN_PART m_id="28" comment=""  >
<token_anchor t_id="54"/>
</NON_HUMAN_PART>
<NON_HUMAN_PART m_id="29" comment=""  >
<token_anchor t_id="159"/>
</NON_HUMAN_PART>
<TIME_OF_THE_DAY m_id="30" DCT="TRUE" value="2013-03-14T07:38Z" anchorTimeID=""  >
<token_anchor t_id="96"/>
<token_anchor t_id="97"/>
<token_anchor t_id="98"/>
<token_anchor t_id="99"/>
<token_anchor t_id="100"/>
<token_anchor t_id="101"/>
<token_anchor t_id="102"/>
<token_anchor t_id="103"/>
<token_anchor t_id="104"/>
<token_anchor t_id="105"/>
<token_anchor t_id="106"/>
</TIME_OF_THE_DAY>
<TIME_OF_THE_DAY m_id="31" DCT="FALSE" value="2013-03-14T07:30Z" anchorTimeID="31"  >
<token_anchor t_id="109"/>
<token_anchor t_id="110"/>
<token_anchor t_id="111"/>
<token_anchor t_id="112"/>
<token_anchor t_id="113"/>
<token_anchor t_id="114"/>
<token_anchor t_id="115"/>
<token_anchor t_id="116"/>
<token_anchor t_id="117"/>
<token_anchor t_id="118"/>
<token_anchor t_id="119"/>
</TIME_OF_THE_DAY>


<HUMAN_PART_PER m_id="32" RELATED_TO="" TAG_DESCRIPTOR="witness" comment="" />
<ACTION_OCCURRENCE m_id="33" RELATED_TO="" TAG_DESCRIPTOR="t19_shot" climaxEvent="FALSE" comment="" />
<HUMAN_PART_PER m_id="34" RELATED_TO="" TAG_DESCRIPTOR="t19_kimani_gray" comment="" />
<NON_HUMAN_PART m_id="35" RELATED_TO="" TAG_DESCRIPTOR="t19_gun" comment="" />
<ACTION_OCCURRENCE m_id="36" RELATED_TO="" TAG_DESCRIPTOR="t19_riot" climaxEvent="FALSE" comment="" />
<ACTION_OCCURRENCE m_id="37" RELATED_TO="" TAG_DESCRIPTOR="t19_killed" climaxEvent="FALSE" comment="" />
<HUMAN_PART_PER m_id="38" RELATED_TO="" TAG_DESCRIPTOR="t19_shooting_officers" comment="" />
<TIME_DATE m_id="39" RELATED_TO="" TAG_DESCRIPTOR="t_2013-03-13" comment="" DCT="FALSE" value="" anchorTimeID="" />
</Markables>

<Relations>
<PLOT_LINK r_id="243382" SIGNAL="" relType="FALLING_ACTION" CAUSES="FALSE" CAUSED_BY="FALSE" >
<source m_id="2" />
<target m_id="3" />
</PLOT_LINK>
<PLOT_LINK r_id="243383" SIGNAL="" relType="FALLING_ACTION" CAUSES="FALSE" CAUSED_BY="FALSE" >
<source m_id="2" />
<target m_id="4" />
</PLOT_LINK>
<PLOT_LINK r_id="243384" SIGNAL="" relType="FALLING_ACTION" CAUSES="FALSE" CAUSED_BY="FALSE" >
<source m_id="4" />
<target m_id="25" />
</PLOT_LINK>
<PLOT_LINK r_id="243385" SIGNAL="" relType="FALLING_ACTION" CAUSES="FALSE" CAUSED_BY="FALSE" >
<source m_id="5" />
<target m_id="24" />
</PLOT_LINK>
<PLOT_LINK r_id="243386" SIGNAL="" relType="FALLING_ACTION" CAUSES="FALSE" CAUSED_BY="FALSE" >
<source m_id="2" />
<target m_id="25" />
</PLOT_LINK>
<PLOT_LINK r_id="243387" SIGNAL="" relType="FALLING_ACTION" CAUSES="FALSE" CAUSED_BY="FALSE" >
<source m_id="1" />
<target m_id="6" />
</PLOT_LINK>
<TLINK r_id="243392" contextualModality="" relType="CONTAINS" comment="" >
<source m_id="39" />
<target m_id="1" />
</TLINK>
<TLINK r_id="243393" contextualModality="" relType="CONTAINS" comment="" >
<source m_id="39" />
<target m_id="8" />
</TLINK>
<TLINK r_id="243395" contextualModality="" relType="AFTER" comment="" >
<source m_id="30" />
<target m_id="2" />
</TLINK>
<TLINK r_id="243396" contextualModality="" relType="AFTER" comment="" >
<source m_id="30" />
<target m_id="3" />
</TLINK>
<TLINK r_id="243397" contextualModality="" relType="AFTER" comment="" >
<source m_id="30" />
<target m_id="4" />
</TLINK>
<TLINK r_id="243398" contextualModality="" relType="AFTER" comment="" >
<source m_id="30" />
<target m_id="25" />
</TLINK>
<TLINK r_id="243399" contextualModality="" relType="AFTER" comment="" >
<source m_id="30" />
<target m_id="5" />
</TLINK>
<TLINK r_id="243400" contextualModality="" relType="AFTER" comment="" >
<source m_id="30" />
<target m_id="24" />
</TLINK>
<TLINK r_id="243401" contextualModality="" relType="AFTER" comment="" >
<source m_id="30" />
<target m_id="7" />
</TLINK>
<TLINK r_id="243402" contextualModality="" relType="AFTER" comment="" >
<source m_id="30" />
<target m_id="1" />
</TLINK>
<TLINK r_id="243403" contextualModality="" relType="AFTER" comment="" >
<source m_id="30" />
<target m_id="8" />
</TLINK>
<TLINK r_id="243404" contextualModality="" relType="AFTER" comment="" >
<source m_id="30" />
<target m_id="6" />
</TLINK>
<PLOT_LINK r_id="243405" SIGNAL="" relType="FALLING_ACTION" CAUSES="FALSE" CAUSED_BY="FALSE" >
<source m_id="3" />
<target m_id="4" />
</PLOT_LINK>
</Relations>
</Document>
