<Document doc_name="19_8ecbplus.xml">
<token t_id="1" sentence="0" number="0">http</token>
<token t_id="2" sentence="0" number="1">:</token>
<token t_id="3" sentence="0" number="2">/</token>
<token t_id="4" sentence="0" number="3">/</token>
<token t_id="5" sentence="0" number="4">www</token>
<token t_id="6" sentence="0" number="5">.</token>
<token t_id="7" sentence="0" number="6">dailymail</token>
<token t_id="8" sentence="0" number="7">.</token>
<token t_id="9" sentence="0" number="8">co</token>
<token t_id="10" sentence="0" number="9">.</token>
<token t_id="11" sentence="0" number="10">uk</token>
<token t_id="12" sentence="0" number="11">/</token>
<token t_id="13" sentence="0" number="12">news</token>
<token t_id="14" sentence="0" number="13">/</token>
<token t_id="15" sentence="0" number="14">article</token>
<token t_id="16" sentence="0" number="15">-</token>
<token t_id="17" sentence="0" number="16">2291941</token>
<token t_id="18" sentence="0" number="17">/</token>
<token t_id="19" sentence="0" number="18">Brooklyn</token>
<token t_id="20" sentence="0" number="19">-</token>
<token t_id="21" sentence="0" number="20">riot</token>
<token t_id="22" sentence="0" number="21">-</token>
<token t_id="23" sentence="0" number="22">Teens</token>
<token t_id="24" sentence="0" number="23">-</token>
<token t_id="25" sentence="0" number="24">protest</token>
<token t_id="26" sentence="0" number="25">-</token>
<token t_id="27" sentence="0" number="26">death</token>
<token t_id="28" sentence="0" number="27">-</token>
<token t_id="29" sentence="0" number="28">Kimani</token>
<token t_id="30" sentence="0" number="29">-</token>
<token t_id="31" sentence="0" number="30">Gray</token>
<token t_id="32" sentence="0" number="31">-</token>
<token t_id="33" sentence="0" number="32">Flatbush</token>
<token t_id="34" sentence="0" number="33">.</token>
<token t_id="35" sentence="0" number="34">html</token>
<token t_id="36" sentence="1" number="0">'It</token>
<token t_id="37" sentence="1" number="1">sounds</token>
<token t_id="38" sentence="1" number="2">like</token>
<token t_id="39" sentence="1" number="3">a</token>
<token t_id="40" sentence="1" number="4">war</token>
<token t_id="41" sentence="1" number="5">zone'</token>
<token t_id="42" sentence="1" number="6">:</token>
<token t_id="43" sentence="1" number="7">Chaos</token>
<token t_id="44" sentence="1" number="8">in</token>
<token t_id="45" sentence="1" number="9">Brooklyn</token>
<token t_id="46" sentence="1" number="10">as</token>
<token t_id="47" sentence="1" number="11">100</token>
<token t_id="48" sentence="1" number="12">teenagers</token>
<token t_id="49" sentence="1" number="13">'riot'</token>
<token t_id="50" sentence="1" number="14">on</token>
<token t_id="51" sentence="1" number="15">the</token>
<token t_id="52" sentence="1" number="16">streets</token>
<token t_id="53" sentence="1" number="17">following</token>
<token t_id="54" sentence="1" number="18">vigil</token>
<token t_id="55" sentence="1" number="19">of</token>
<token t_id="56" sentence="1" number="20">16</token>
<token t_id="57" sentence="1" number="21">-</token>
<token t_id="58" sentence="1" number="22">year</token>
<token t_id="59" sentence="1" number="23">-</token>
<token t_id="60" sentence="1" number="24">old</token>
<token t_id="61" sentence="1" number="25">who</token>
<token t_id="62" sentence="1" number="26">was</token>
<token t_id="63" sentence="1" number="27">shot</token>
<token t_id="64" sentence="1" number="28">dead</token>
<token t_id="65" sentence="1" number="29">by</token>
<token t_id="66" sentence="1" number="30">NYPD</token>
<token t_id="67" sentence="1" number="31">plainclothes</token>
<token t_id="68" sentence="1" number="32">cops</token>
<token t_id="69" sentence="2" number="0">Two</token>
<token t_id="70" sentence="2" number="1">plainclothes</token>
<token t_id="71" sentence="2" number="2">NYPD</token>
<token t_id="72" sentence="2" number="3">officers</token>
<token t_id="73" sentence="2" number="4">shot</token>
<token t_id="74" sentence="2" number="5">and</token>
<token t_id="75" sentence="2" number="6">killed</token>
<token t_id="76" sentence="2" number="7">a</token>
<token t_id="77" sentence="2" number="8">16</token>
<token t_id="78" sentence="2" number="9">-</token>
<token t_id="79" sentence="2" number="10">year</token>
<token t_id="80" sentence="2" number="11">-</token>
<token t_id="81" sentence="2" number="12">old</token>
<token t_id="82" sentence="2" number="13">Brooklyn</token>
<token t_id="83" sentence="2" number="14">resident</token>
<token t_id="84" sentence="2" number="15">after</token>
<token t_id="85" sentence="2" number="16">police</token>
<token t_id="86" sentence="2" number="17">say</token>
<token t_id="87" sentence="2" number="18">he</token>
<token t_id="88" sentence="2" number="19">pointed</token>
<token t_id="89" sentence="2" number="20">a</token>
<token t_id="90" sentence="2" number="21">gun</token>
<token t_id="91" sentence="2" number="22">at</token>
<token t_id="92" sentence="2" number="23">officers</token>
<token t_id="93" sentence="2" number="24">on</token>
<token t_id="94" sentence="2" number="25">Saturday</token>
<token t_id="95" sentence="3" number="0">When</token>
<token t_id="96" sentence="3" number="1">police</token>
<token t_id="97" sentence="3" number="2">approached</token>
<token t_id="98" sentence="3" number="3">to</token>
<token t_id="99" sentence="3" number="4">speak</token>
<token t_id="100" sentence="3" number="5">with</token>
<token t_id="101" sentence="3" number="6">the</token>
<token t_id="102" sentence="3" number="7">young</token>
<token t_id="103" sentence="3" number="8">man</token>
<token t_id="104" sentence="3" number="9">,</token>
<token t_id="105" sentence="3" number="10">cops</token>
<token t_id="106" sentence="3" number="11">say</token>
<token t_id="107" sentence="3" number="12">he</token>
<token t_id="108" sentence="3" number="13">turned</token>
<token t_id="109" sentence="3" number="14">on</token>
<token t_id="110" sentence="3" number="15">them</token>
<token t_id="111" sentence="3" number="16">and</token>
<token t_id="112" sentence="3" number="17">aimed</token>
<token t_id="113" sentence="3" number="18">a</token>
<token t_id="114" sentence="3" number="19">.</token>
<token t_id="115" sentence="3" number="20">357</token>
<token t_id="116" sentence="3" number="21">caliber</token>
<token t_id="117" sentence="3" number="22">revolver</token>
<token t_id="118" sentence="3" number="23">at</token>
<token t_id="119" sentence="3" number="24">them</token>
<token t_id="120" sentence="4" number="0">Peaceful</token>
<token t_id="121" sentence="4" number="1">protest</token>
<token t_id="122" sentence="4" number="2">for</token>
<token t_id="123" sentence="4" number="3">Kimani</token>
<token t_id="124" sentence="4" number="4">Gray</token>
<token t_id="125" sentence="4" number="5">turned</token>
<token t_id="126" sentence="4" number="6">chaotic</token>
<token t_id="127" sentence="4" number="7">tonight</token>
<token t_id="128" sentence="4" number="8">as</token>
<token t_id="129" sentence="4" number="9">100</token>
<token t_id="130" sentence="4" number="10">people</token>
<token t_id="131" sentence="4" number="11">rioted</token>
<token t_id="132" sentence="4" number="12">and</token>
<token t_id="133" sentence="4" number="13">threw</token>
<token t_id="134" sentence="4" number="14">bottles</token>
<token t_id="135" sentence="4" number="15">at</token>
<token t_id="136" sentence="4" number="16">officers</token>
<token t_id="137" sentence="5" number="0">PUBLISHED</token>
<token t_id="138" sentence="5" number="1">:</token>
<token t_id="139" sentence="5" number="2">02</token>
<token t_id="140" sentence="5" number="3">:</token>
<token t_id="141" sentence="5" number="4">31</token>
<token t_id="142" sentence="5" number="5">GMT</token>
<token t_id="143" sentence="5" number="6">,</token>
<token t_id="144" sentence="5" number="7">12</token>
<token t_id="145" sentence="5" number="8">March</token>
<token t_id="146" sentence="5" number="9">2013</token>
<token t_id="147" sentence="5" number="10">|</token>
<token t_id="148" sentence="5" number="11">UPDATED</token>
<token t_id="149" sentence="5" number="12">:</token>
<token t_id="150" sentence="5" number="13">22</token>
<token t_id="151" sentence="5" number="14">:</token>
<token t_id="152" sentence="5" number="15">19</token>
<token t_id="153" sentence="5" number="16">GMT</token>
<token t_id="154" sentence="5" number="17">,</token>
<token t_id="155" sentence="5" number="18">12</token>
<token t_id="156" sentence="5" number="19">March</token>
<token t_id="157" sentence="5" number="20">2013</token>
<token t_id="158" sentence="6" number="0">An</token>
<token t_id="159" sentence="6" number="1">orderly</token>
<token t_id="160" sentence="6" number="2">protest</token>
<token t_id="161" sentence="6" number="3">over</token>
<token t_id="162" sentence="6" number="4">the</token>
<token t_id="163" sentence="6" number="5">death</token>
<token t_id="164" sentence="6" number="6">of</token>
<token t_id="165" sentence="6" number="7">an</token>
<token t_id="166" sentence="6" number="8">armed</token>
<token t_id="167" sentence="6" number="9">16</token>
<token t_id="168" sentence="6" number="10">-</token>
<token t_id="169" sentence="6" number="11">year</token>
<token t_id="170" sentence="6" number="12">-</token>
<token t_id="171" sentence="6" number="13">old</token>
<token t_id="172" sentence="6" number="14">turned</token>
<token t_id="173" sentence="6" number="15">into</token>
<token t_id="174" sentence="6" number="16">a</token>
<token t_id="175" sentence="6" number="17">riot</token>
<token t_id="176" sentence="6" number="18">in</token>
<token t_id="177" sentence="6" number="19">Brooklyn</token>
<token t_id="178" sentence="6" number="20">tonight</token>
<token t_id="179" sentence="6" number="21">after</token>
<token t_id="180" sentence="6" number="22">young</token>
<token t_id="181" sentence="6" number="23">people</token>
<token t_id="182" sentence="6" number="24">started</token>
<token t_id="183" sentence="6" number="25">lashing</token>
<token t_id="184" sentence="6" number="26">out</token>
<token t_id="185" sentence="6" number="27">at</token>
<token t_id="186" sentence="6" number="28">NYPD</token>
<token t_id="187" sentence="6" number="29">officers</token>
<token t_id="188" sentence="6" number="30">.</token>
<token t_id="189" sentence="7" number="0">Between</token>
<token t_id="190" sentence="7" number="1">60</token>
<token t_id="191" sentence="7" number="2">and</token>
<token t_id="192" sentence="7" number="3">100</token>
<token t_id="193" sentence="7" number="4">rioters</token>
<token t_id="194" sentence="7" number="5">gathered</token>
<token t_id="195" sentence="7" number="6">around</token>
<token t_id="196" sentence="7" number="7">Church</token>
<token t_id="197" sentence="7" number="8">and</token>
<token t_id="198" sentence="7" number="9">Snyder</token>
<token t_id="199" sentence="7" number="10">Ave</token>
<token t_id="200" sentence="7" number="11">.</token>
<token t_id="201" sentence="7" number="12">in</token>
<token t_id="202" sentence="7" number="13">East</token>
<token t_id="203" sentence="7" number="14">Flatbush</token>
<token t_id="204" sentence="7" number="15">and</token>
<token t_id="205" sentence="7" number="16">threw</token>
<token t_id="206" sentence="7" number="17">bottles</token>
<token t_id="207" sentence="7" number="18">and</token>
<token t_id="208" sentence="7" number="19">other</token>
<token t_id="209" sentence="7" number="20">debris</token>
<token t_id="210" sentence="7" number="21">at</token>
<token t_id="211" sentence="7" number="22">police</token>
<token t_id="212" sentence="7" number="23">,</token>
<token t_id="213" sentence="7" number="24">witnesses</token>
<token t_id="214" sentence="7" number="25">said</token>
<token t_id="215" sentence="7" number="26">,</token>
<token t_id="216" sentence="7" number="27">following</token>
<token t_id="217" sentence="7" number="28">a</token>
<token t_id="218" sentence="7" number="29">vigil</token>
<token t_id="219" sentence="7" number="30">for</token>
<token t_id="220" sentence="7" number="31">Kimani</token>
<token t_id="221" sentence="7" number="32">Gray</token>
<token t_id="222" sentence="7" number="33">,</token>
<token t_id="223" sentence="7" number="34">16</token>
<token t_id="224" sentence="7" number="35">,</token>
<token t_id="225" sentence="7" number="36">who</token>
<token t_id="226" sentence="7" number="37">was</token>
<token t_id="227" sentence="7" number="38">shot</token>
<token t_id="228" sentence="7" number="39">dead</token>
<token t_id="229" sentence="7" number="40">by</token>
<token t_id="230" sentence="7" number="41">two</token>
<token t_id="231" sentence="7" number="42">plainclothes</token>
<token t_id="232" sentence="7" number="43">officers</token>
<token t_id="233" sentence="7" number="44">over</token>
<token t_id="234" sentence="7" number="45">the</token>
<token t_id="235" sentence="7" number="46">weekend</token>
<token t_id="236" sentence="7" number="47">.</token>
<token t_id="237" sentence="8" number="0">One</token>
<token t_id="238" sentence="8" number="1">person</token>
<token t_id="239" sentence="8" number="2">has</token>
<token t_id="240" sentence="8" number="3">been</token>
<token t_id="241" sentence="8" number="4">arrested</token>
<token t_id="242" sentence="8" number="5">,</token>
<token t_id="243" sentence="8" number="6">though</token>
<token t_id="244" sentence="8" number="7">no</token>
<token t_id="245" sentence="8" number="8">injuries</token>
<token t_id="246" sentence="8" number="9">have</token>
<token t_id="247" sentence="8" number="10">been</token>
<token t_id="248" sentence="8" number="11">reported</token>
<token t_id="249" sentence="8" number="12">.</token>
<token t_id="250" sentence="9" number="0">They</token>
<token t_id="251" sentence="9" number="1">were</token>
<token t_id="252" sentence="9" number="2">lashing</token>
<token t_id="253" sentence="9" number="3">out</token>
<token t_id="254" sentence="9" number="4">at</token>
<token t_id="255" sentence="9" number="5">the</token>
<token t_id="256" sentence="9" number="6">NYPD</token>
<token t_id="257" sentence="9" number="7">,</token>
<token t_id="258" sentence="9" number="8">who</token>
<token t_id="259" sentence="9" number="9">they</token>
<token t_id="260" sentence="9" number="10">believe</token>
<token t_id="261" sentence="9" number="11">are</token>
<token t_id="262" sentence="9" number="12">responsible</token>
<token t_id="263" sentence="9" number="13">for</token>
<token t_id="264" sentence="9" number="14">the</token>
<token t_id="265" sentence="9" number="15">teen</token>
<token t_id="266" sentence="9" number="16">’</token>
<token t_id="267" sentence="9" number="17">s</token>
<token t_id="268" sentence="9" number="18">death</token>
<token t_id="269" sentence="9" number="19">.</token>
<token t_id="270" sentence="10" number="0">An</token>
<token t_id="271" sentence="10" number="1">NYPD</token>
<token t_id="272" sentence="10" number="2">spokesperson</token>
<token t_id="273" sentence="10" number="3">confirmed</token>
<token t_id="274" sentence="10" number="4">to</token>
<token t_id="275" sentence="10" number="5">MailOnline</token>
<token t_id="276" sentence="10" number="6">that</token>
<token t_id="277" sentence="10" number="7">there</token>
<token t_id="278" sentence="10" number="8">was</token>
<token t_id="279" sentence="10" number="9">a</token>
<token t_id="280" sentence="10" number="10">‘</token>
<token t_id="281" sentence="10" number="11">large</token>
<token t_id="282" sentence="10" number="12">disorderly</token>
<token t_id="283" sentence="10" number="13">group</token>
<token t_id="284" sentence="10" number="14">throwing</token>
<token t_id="285" sentence="10" number="15">bottles</token>
<token t_id="286" sentence="10" number="16">at</token>
<token t_id="287" sentence="10" number="17">police</token>
<token t_id="288" sentence="10" number="18">.</token>
<token t_id="289" sentence="10" number="19">’</token>
<token t_id="290" sentence="11" number="0">They</token>
<token t_id="291" sentence="11" number="1">said</token>
<token t_id="292" sentence="11" number="2">the</token>
<token t_id="293" sentence="11" number="3">protest</token>
<token t_id="294" sentence="11" number="4">began</token>
<token t_id="295" sentence="11" number="5">around</token>
<token t_id="296" sentence="11" number="6">8</token>
<token t_id="297" sentence="11" number="7">:</token>
<token t_id="298" sentence="11" number="8">30pm</token>
<token t_id="299" sentence="11" number="9">tonight</token>
<token t_id="300" sentence="11" number="10">but</token>
<token t_id="301" sentence="11" number="11">the</token>
<token t_id="302" sentence="11" number="12">crowd</token>
<token t_id="303" sentence="11" number="13">is</token>
<token t_id="304" sentence="11" number="14">being</token>
<token t_id="305" sentence="11" number="15">dispersed</token>
<token t_id="306" sentence="11" number="16">by</token>
<token t_id="307" sentence="11" number="17">police</token>
<token t_id="308" sentence="11" number="18">.</token>
<token t_id="309" sentence="12" number="0">New</token>
<token t_id="310" sentence="12" number="1">York</token>
<token t_id="311" sentence="12" number="2">City</token>
<token t_id="312" sentence="12" number="3">Councilman</token>
<token t_id="313" sentence="12" number="4">Jumaane</token>
<token t_id="314" sentence="12" number="5">D</token>
<token t_id="315" sentence="12" number="6">.</token>
<token t_id="316" sentence="12" number="7">Williams</token>
<token t_id="317" sentence="12" number="8">,</token>
<token t_id="318" sentence="12" number="9">who</token>
<token t_id="319" sentence="12" number="10">represents</token>
<token t_id="320" sentence="12" number="11">the</token>
<token t_id="321" sentence="12" number="12">area</token>
<token t_id="322" sentence="12" number="13">of</token>
<token t_id="323" sentence="12" number="14">Flatbush</token>
<token t_id="324" sentence="12" number="15">,</token>
<token t_id="325" sentence="12" number="16">has</token>
<token t_id="326" sentence="12" number="17">been</token>
<token t_id="327" sentence="12" number="18">tweeting</token>
<token t_id="328" sentence="12" number="19">live</token>
<token t_id="329" sentence="12" number="20">updates</token>
<token t_id="330" sentence="12" number="21">,</token>
<token t_id="331" sentence="12" number="22">and</token>
<token t_id="332" sentence="12" number="23">said</token>
<token t_id="333" sentence="12" number="24">:</token>
<token t_id="334" sentence="12" number="25">‘</token>
<token t_id="335" sentence="12" number="26">I</token>
<token t_id="336" sentence="12" number="27">’</token>
<token t_id="337" sentence="12" number="28">m</token>
<token t_id="338" sentence="12" number="29">in</token>
<token t_id="339" sentence="12" number="30">the</token>
<token t_id="340" sentence="12" number="31">middle</token>
<token t_id="341" sentence="12" number="32">of</token>
<token t_id="342" sentence="12" number="33">the</token>
<token t_id="343" sentence="12" number="34">riot</token>
<token t_id="344" sentence="12" number="35">action</token>
<token t_id="345" sentence="12" number="36">at</token>
<token t_id="346" sentence="12" number="37">Church</token>
<token t_id="347" sentence="12" number="38">and</token>
<token t_id="348" sentence="12" number="39">Snyder</token>
<token t_id="349" sentence="12" number="40">in</token>
<token t_id="350" sentence="12" number="41">my</token>
<token t_id="351" sentence="12" number="42">district</token>
<token t_id="352" sentence="12" number="43">.</token>
<token t_id="353" sentence="13" number="0">Right</token>
<token t_id="354" sentence="13" number="1">now</token>
<token t_id="355" sentence="13" number="2">,</token>
<token t_id="356" sentence="13" number="3">things</token>
<token t_id="357" sentence="13" number="4">are</token>
<token t_id="358" sentence="13" number="5">tense</token>
<token t_id="359" sentence="13" number="6">.</token>
<token t_id="360" sentence="14" number="0">Young</token>
<token t_id="361" sentence="14" number="1">people</token>
<token t_id="362" sentence="14" number="2">have</token>
<token t_id="363" sentence="14" number="3">expressed</token>
<token t_id="364" sentence="14" number="4">anger</token>
<token t_id="365" sentence="14" number="5">.</token>
<token t_id="366" sentence="14" number="6">’</token>
<token t_id="367" sentence="15" number="0">Mr</token>
<token t_id="368" sentence="15" number="1">Williams</token>
<token t_id="369" sentence="15" number="2">later</token>
<token t_id="370" sentence="15" number="3">described</token>
<token t_id="371" sentence="15" number="4">the</token>
<token t_id="372" sentence="15" number="5">scene</token>
<token t_id="373" sentence="15" number="6">of</token>
<token t_id="374" sentence="15" number="7">chaos</token>
<token t_id="375" sentence="15" number="8">in</token>
<token t_id="376" sentence="15" number="9">Flatbush</token>
<token t_id="377" sentence="15" number="10">,</token>
<token t_id="378" sentence="15" number="11">saying</token>
<token t_id="379" sentence="15" number="12">that</token>
<token t_id="380" sentence="15" number="13">garbage</token>
<token t_id="381" sentence="15" number="14">cans</token>
<token t_id="382" sentence="15" number="15">had</token>
<token t_id="383" sentence="15" number="16">been</token>
<token t_id="384" sentence="15" number="17">overturned</token>
<token t_id="385" sentence="15" number="18">and</token>
<token t_id="386" sentence="15" number="19">people</token>
<token t_id="387" sentence="15" number="20">smashed</token>
<token t_id="388" sentence="15" number="21">out</token>
<token t_id="389" sentence="15" number="22">windows</token>
<token t_id="390" sentence="15" number="23">.</token>
<token t_id="391" sentence="16" number="0">He</token>
<token t_id="392" sentence="16" number="1">added</token>
<token t_id="393" sentence="16" number="2">that</token>
<token t_id="394" sentence="16" number="3">one</token>
<token t_id="395" sentence="16" number="4">person</token>
<token t_id="396" sentence="16" number="5">had</token>
<token t_id="397" sentence="16" number="6">been</token>
<token t_id="398" sentence="16" number="7">attacked</token>
<token t_id="399" sentence="16" number="8">outside</token>
<token t_id="400" sentence="16" number="9">of</token>
<token t_id="401" sentence="16" number="10">a</token>
<token t_id="402" sentence="16" number="11">local</token>
<token t_id="403" sentence="16" number="12">Rite</token>
<token t_id="404" sentence="16" number="13">Aid</token>
<token t_id="405" sentence="16" number="14">.</token>
<token t_id="406" sentence="17" number="0">‘</token>
<token t_id="407" sentence="17" number="1">Tonight</token>
<token t_id="408" sentence="17" number="2">was</token>
<token t_id="409" sentence="17" number="3">a</token>
<token t_id="410" sentence="17" number="4">peaceful</token>
<token t_id="411" sentence="17" number="5">vigil</token>
<token t_id="412" sentence="17" number="6">that</token>
<token t_id="413" sentence="17" number="7">devolved</token>
<token t_id="414" sentence="17" number="8">into</token>
<token t_id="415" sentence="17" number="9">a</token>
<token t_id="416" sentence="17" number="10">riot</token>
<token t_id="417" sentence="17" number="11">,</token>
<token t_id="418" sentence="17" number="12">’</token>
<token t_id="419" sentence="17" number="13">he</token>
<token t_id="420" sentence="17" number="14">wrote</token>
<token t_id="421" sentence="17" number="15">.</token>
<token t_id="422" sentence="18" number="0">‘</token>
<token t_id="423" sentence="18" number="1">The</token>
<token t_id="424" sentence="18" number="2">youth</token>
<token t_id="425" sentence="18" number="3">in</token>
<token t_id="426" sentence="18" number="4">this</token>
<token t_id="427" sentence="18" number="5">community</token>
<token t_id="428" sentence="18" number="6">have</token>
<token t_id="429" sentence="18" number="7">no</token>
<token t_id="430" sentence="18" number="8">outlets</token>
<token t_id="431" sentence="18" number="9">for</token>
<token t_id="432" sentence="18" number="10">their</token>
<token t_id="433" sentence="18" number="11">anger</token>
<token t_id="434" sentence="18" number="12">,</token>
<token t_id="435" sentence="18" number="13">no</token>
<token t_id="436" sentence="18" number="14">community</token>
<token t_id="437" sentence="18" number="15">.</token>
<token t_id="438" sentence="18" number="16">’</token>
<token t_id="439" sentence="19" number="0">Another</token>
<token t_id="440" sentence="19" number="1">Twitter</token>
<token t_id="441" sentence="19" number="2">user</token>
<token t_id="442" sentence="19" number="3">who</token>
<token t_id="443" sentence="19" number="4">is</token>
<token t_id="444" sentence="19" number="5">apparently</token>
<token t_id="445" sentence="19" number="6">at</token>
<token t_id="446" sentence="19" number="7">the</token>
<token t_id="447" sentence="19" number="8">site</token>
<token t_id="448" sentence="19" number="9">said</token>
<token t_id="449" sentence="19" number="10">that</token>
<token t_id="450" sentence="19" number="11">the</token>
<token t_id="451" sentence="19" number="12">riot</token>
<token t_id="452" sentence="19" number="13">'sounds</token>
<token t_id="453" sentence="19" number="14">like</token>
<token t_id="454" sentence="19" number="15">a</token>
<token t_id="455" sentence="19" number="16">war</token>
<token t_id="456" sentence="19" number="17">zone</token>
<token t_id="457" sentence="19" number="18">.</token>
<token t_id="458" sentence="19" number="19">'</token>
<token t_id="459" sentence="20" number="0">A</token>
<token t_id="460" sentence="20" number="1">source</token>
<token t_id="461" sentence="20" number="2">told</token>
<token t_id="462" sentence="20" number="3">the</token>
<token t_id="463" sentence="20" number="4">New</token>
<token t_id="464" sentence="20" number="5">York</token>
<token t_id="465" sentence="20" number="6">Daily</token>
<token t_id="466" sentence="20" number="7">News</token>
<token t_id="467" sentence="20" number="8">that</token>
<token t_id="468" sentence="20" number="9">the</token>
<token t_id="469" sentence="20" number="10">protest</token>
<token t_id="470" sentence="20" number="11">began</token>
<token t_id="471" sentence="20" number="12">some</token>
<token t_id="472" sentence="20" number="13">20</token>
<token t_id="473" sentence="20" number="14">blocks</token>
<token t_id="474" sentence="20" number="15">from</token>
<token t_id="475" sentence="20" number="16">where</token>
<token t_id="476" sentence="20" number="17">Gray</token>
<token t_id="477" sentence="20" number="18">was</token>
<token t_id="478" sentence="20" number="19">fatally</token>
<token t_id="479" sentence="20" number="20">shot</token>
<token t_id="480" sentence="20" number="21">.</token>
<token t_id="481" sentence="21" number="0">The</token>
<token t_id="482" sentence="21" number="1">march</token>
<token t_id="483" sentence="21" number="2">went</token>
<token t_id="484" sentence="21" number="3">past</token>
<token t_id="485" sentence="21" number="4">the</token>
<token t_id="486" sentence="21" number="5">67th</token>
<token t_id="487" sentence="21" number="6">Presinct</token>
<token t_id="488" sentence="21" number="7">station</token>
<token t_id="489" sentence="21" number="8">,</token>
<token t_id="490" sentence="21" number="9">where</token>
<token t_id="491" sentence="21" number="10">officers</token>
<token t_id="492" sentence="21" number="11">impeded</token>
<token t_id="493" sentence="21" number="12">the</token>
<token t_id="494" sentence="21" number="13">protest</token>
<token t_id="495" sentence="21" number="14">’</token>
<token t_id="496" sentence="21" number="15">s</token>
<token t_id="497" sentence="21" number="16">progress</token>
<token t_id="498" sentence="21" number="17">.</token>
<token t_id="499" sentence="22" number="0">That</token>
<token t_id="500" sentence="22" number="1">’</token>
<token t_id="501" sentence="22" number="2">s</token>
<token t_id="502" sentence="22" number="3">when</token>
<token t_id="503" sentence="22" number="4">the</token>
<token t_id="504" sentence="22" number="5">peaceful</token>
<token t_id="505" sentence="22" number="6">protest</token>
<token t_id="506" sentence="22" number="7">got</token>
<token t_id="507" sentence="22" number="8">out</token>
<token t_id="508" sentence="22" number="9">of</token>
<token t_id="509" sentence="22" number="10">hand</token>
<token t_id="510" sentence="22" number="11">.</token>
<token t_id="511" sentence="23" number="0">The</token>
<token t_id="512" sentence="23" number="1">unnamed</token>
<token t_id="513" sentence="23" number="2">NYPD</token>
<token t_id="514" sentence="23" number="3">officer</token>
<token t_id="515" sentence="23" number="4">told</token>
<token t_id="516" sentence="23" number="5">the</token>
<token t_id="517" sentence="23" number="6">Daily</token>
<token t_id="518" sentence="23" number="7">News</token>
<token t_id="519" sentence="23" number="8">that</token>
<token t_id="520" sentence="23" number="9">they</token>
<token t_id="521" sentence="23" number="10">saw</token>
<token t_id="522" sentence="23" number="11">teens</token>
<token t_id="523" sentence="23" number="12">jumping</token>
<token t_id="524" sentence="23" number="13">on</token>
<token t_id="525" sentence="23" number="14">cars</token>
<token t_id="526" sentence="23" number="15">and</token>
<token t_id="527" sentence="23" number="16">throwing</token>
<token t_id="528" sentence="23" number="17">bottles</token>
<token t_id="529" sentence="23" number="18">at</token>
<token t_id="530" sentence="23" number="19">officers</token>
<token t_id="531" sentence="23" number="20">.</token>
<token t_id="532" sentence="24" number="0">Gray</token>
<token t_id="533" sentence="24" number="1">,</token>
<token t_id="534" sentence="24" number="2">16</token>
<token t_id="535" sentence="24" number="3">,</token>
<token t_id="536" sentence="24" number="4">was</token>
<token t_id="537" sentence="24" number="5">shot</token>
<token t_id="538" sentence="24" number="6">eleven</token>
<token t_id="539" sentence="24" number="7">times</token>
<token t_id="540" sentence="24" number="8">after</token>
<token t_id="541" sentence="24" number="9">police</token>
<token t_id="542" sentence="24" number="10">said</token>
<token t_id="543" sentence="24" number="11">he</token>
<token t_id="544" sentence="24" number="12">pulled</token>
<token t_id="545" sentence="24" number="13">out</token>
<token t_id="546" sentence="24" number="14">a</token>
<token t_id="547" sentence="24" number="15">.</token>
<token t_id="548" sentence="24" number="16">357</token>
<token t_id="549" sentence="24" number="17">revolver</token>
<token t_id="550" sentence="24" number="18">in</token>
<token t_id="551" sentence="24" number="19">East</token>
<token t_id="552" sentence="24" number="20">Flatbush</token>
<token t_id="553" sentence="24" number="21">,</token>
<token t_id="554" sentence="24" number="22">Brooklyn</token>
<token t_id="555" sentence="24" number="23">over</token>
<token t_id="556" sentence="24" number="24">the</token>
<token t_id="557" sentence="24" number="25">weekend</token>
<token t_id="558" sentence="24" number="26">.</token>
<token t_id="559" sentence="25" number="0">Police</token>
<token t_id="560" sentence="25" number="1">say</token>
<token t_id="561" sentence="25" number="2">they</token>
<token t_id="562" sentence="25" number="3">came</token>
<token t_id="563" sentence="25" number="4">across</token>
<token t_id="564" sentence="25" number="5">a</token>
<token t_id="565" sentence="25" number="6">group</token>
<token t_id="566" sentence="25" number="7">of</token>
<token t_id="567" sentence="25" number="8">young</token>
<token t_id="568" sentence="25" number="9">men</token>
<token t_id="569" sentence="25" number="10">on</token>
<token t_id="570" sentence="25" number="11">Saturday</token>
<token t_id="571" sentence="25" number="12">evening</token>
<token t_id="572" sentence="25" number="13">and</token>
<token t_id="573" sentence="25" number="14">saw</token>
<token t_id="574" sentence="25" number="15">Gray</token>
<token t_id="575" sentence="25" number="16">acting</token>
<token t_id="576" sentence="25" number="17">suspiciously</token>
<token t_id="577" sentence="25" number="18">,</token>
<token t_id="578" sentence="25" number="19">walking</token>
<token t_id="579" sentence="25" number="20">away</token>
<token t_id="580" sentence="25" number="21">from</token>
<token t_id="581" sentence="25" number="22">his</token>
<token t_id="582" sentence="25" number="23">friends</token>
<token t_id="583" sentence="25" number="24">when</token>
<token t_id="584" sentence="25" number="25">he</token>
<token t_id="585" sentence="25" number="26">saw</token>
<token t_id="586" sentence="25" number="27">the</token>
<token t_id="587" sentence="25" number="28">officers</token>
<token t_id="588" sentence="25" number="29">approach</token>
<token t_id="589" sentence="25" number="30">.</token>
<token t_id="590" sentence="26" number="0">Officers</token>
<token t_id="591" sentence="26" number="1">say</token>
<token t_id="592" sentence="26" number="2">the</token>
<token t_id="593" sentence="26" number="3">16</token>
<token t_id="594" sentence="26" number="4">-</token>
<token t_id="595" sentence="26" number="5">year</token>
<token t_id="596" sentence="26" number="6">old</token>
<token t_id="597" sentence="26" number="7">began</token>
<token t_id="598" sentence="26" number="8">to</token>
<token t_id="599" sentence="26" number="9">adjust</token>
<token t_id="600" sentence="26" number="10">his</token>
<token t_id="601" sentence="26" number="11">waistband</token>
<token t_id="602" sentence="26" number="12">and</token>
<token t_id="603" sentence="26" number="13">started</token>
<token t_id="604" sentence="26" number="14">to</token>
<token t_id="605" sentence="26" number="15">act</token>
<token t_id="606" sentence="26" number="16">suspiciously</token>
<token t_id="607" sentence="26" number="17">.</token>
<token t_id="608" sentence="27" number="0">Gray</token>
<token t_id="609" sentence="27" number="1">then</token>
<token t_id="610" sentence="27" number="2">turned</token>
<token t_id="611" sentence="27" number="3">around</token>
<token t_id="612" sentence="27" number="4">and</token>
<token t_id="613" sentence="27" number="5">pointed</token>
<token t_id="614" sentence="27" number="6">a</token>
<token t_id="615" sentence="27" number="7">.</token>
<token t_id="616" sentence="27" number="8">357</token>
<token t_id="617" sentence="27" number="9">caliber</token>
<token t_id="618" sentence="27" number="10">gun</token>
<token t_id="619" sentence="27" number="11">at</token>
<token t_id="620" sentence="27" number="12">them</token>
<token t_id="621" sentence="27" number="13">,</token>
<token t_id="622" sentence="27" number="14">according</token>
<token t_id="623" sentence="27" number="15">to</token>
<token t_id="624" sentence="27" number="16">police</token>
<token t_id="625" sentence="27" number="17">accounts</token>
<token t_id="626" sentence="27" number="18">.</token>
<token t_id="627" sentence="28" number="0">When</token>
<token t_id="628" sentence="28" number="1">the</token>
<token t_id="629" sentence="28" number="2">two</token>
<token t_id="630" sentence="28" number="3">plainclothes</token>
<token t_id="631" sentence="28" number="4">officers</token>
<token t_id="632" sentence="28" number="5">saw</token>
<token t_id="633" sentence="28" number="6">the</token>
<token t_id="634" sentence="28" number="7">weapon</token>
<token t_id="635" sentence="28" number="8">they</token>
<token t_id="636" sentence="28" number="9">responded</token>
<token t_id="637" sentence="28" number="10">by</token>
<token t_id="638" sentence="28" number="11">opening</token>
<token t_id="639" sentence="28" number="12">fire</token>
<token t_id="640" sentence="28" number="13">.</token>
<token t_id="641" sentence="29" number="0">The</token>
<token t_id="642" sentence="29" number="1">teen</token>
<token t_id="643" sentence="29" number="2">was</token>
<token t_id="644" sentence="29" number="3">rushed</token>
<token t_id="645" sentence="29" number="4">to</token>
<token t_id="646" sentence="29" number="5">Kings</token>
<token t_id="647" sentence="29" number="6">County</token>
<token t_id="648" sentence="29" number="7">Hospital</token>
<token t_id="649" sentence="29" number="8">but</token>
<token t_id="650" sentence="29" number="9">he</token>
<token t_id="651" sentence="29" number="10">later</token>
<token t_id="652" sentence="29" number="11">died</token>
<token t_id="653" sentence="29" number="12">.</token>
<token t_id="654" sentence="30" number="0">However</token>
<token t_id="655" sentence="30" number="1">,</token>
<token t_id="656" sentence="30" number="2">witnesses</token>
<token t_id="657" sentence="30" number="3">to</token>
<token t_id="658" sentence="30" number="4">the</token>
<token t_id="659" sentence="30" number="5">shooting</token>
<token t_id="660" sentence="30" number="6">say</token>
<token t_id="661" sentence="30" number="7">that</token>
<token t_id="662" sentence="30" number="8">the</token>
<token t_id="663" sentence="30" number="9">NYPD's</token>
<token t_id="664" sentence="30" number="10">account</token>
<token t_id="665" sentence="30" number="11">is</token>
<token t_id="666" sentence="30" number="12">wrong</token>
<token t_id="667" sentence="30" number="13">.</token>
<token t_id="668" sentence="31" number="0">Gray</token>
<token t_id="669" sentence="31" number="1">’</token>
<token t_id="670" sentence="31" number="2">s</token>
<token t_id="671" sentence="31" number="3">older</token>
<token t_id="672" sentence="31" number="4">sister</token>
<token t_id="673" sentence="31" number="5">,</token>
<token t_id="674" sentence="31" number="6">Mahnefah</token>
<token t_id="675" sentence="31" number="7">Gray</token>
<token t_id="676" sentence="31" number="8">,</token>
<token t_id="677" sentence="31" number="9">19</token>
<token t_id="678" sentence="31" number="10">,</token>
<token t_id="679" sentence="31" number="11">told</token>
<token t_id="680" sentence="31" number="12">the</token>
<token t_id="681" sentence="31" number="13">New</token>
<token t_id="682" sentence="31" number="14">York</token>
<token t_id="683" sentence="31" number="15">Times</token>
<token t_id="684" sentence="31" number="16">that</token>
<token t_id="685" sentence="31" number="17">one</token>
<token t_id="686" sentence="31" number="18">of</token>
<token t_id="687" sentence="31" number="19">the</token>
<token t_id="688" sentence="31" number="20">witnesses</token>
<token t_id="689" sentence="31" number="21">of</token>
<token t_id="690" sentence="31" number="22">the</token>
<token t_id="691" sentence="31" number="23">shooting</token>
<token t_id="692" sentence="31" number="24">told</token>
<token t_id="693" sentence="31" number="25">her</token>
<token t_id="694" sentence="31" number="26">that</token>
<token t_id="695" sentence="31" number="27">her</token>
<token t_id="696" sentence="31" number="28">brother</token>
<token t_id="697" sentence="31" number="29">was</token>
<token t_id="698" sentence="31" number="30">only</token>
<token t_id="699" sentence="31" number="31">fixing</token>
<token t_id="700" sentence="31" number="32">his</token>
<token t_id="701" sentence="31" number="33">belt</token>
<token t_id="702" sentence="31" number="34">.</token>
<token t_id="703" sentence="32" number="0">She</token>
<token t_id="704" sentence="32" number="1">added</token>
<token t_id="705" sentence="32" number="2">that</token>
<token t_id="706" sentence="32" number="3">her</token>
<token t_id="707" sentence="32" number="4">brother</token>
<token t_id="708" sentence="32" number="5">had</token>
<token t_id="709" sentence="32" number="6">too</token>
<token t_id="710" sentence="32" number="7">much</token>
<token t_id="711" sentence="32" number="8">‘</token>
<token t_id="712" sentence="32" number="9">common</token>
<token t_id="713" sentence="32" number="10">sense</token>
<token t_id="714" sentence="32" number="11">’</token>
<token t_id="715" sentence="32" number="12">to</token>
<token t_id="716" sentence="32" number="13">point</token>
<token t_id="717" sentence="32" number="14">a</token>
<token t_id="718" sentence="32" number="15">loaded</token>
<token t_id="719" sentence="32" number="16">gun</token>
<token t_id="720" sentence="32" number="17">at</token>
<token t_id="721" sentence="32" number="18">an</token>
<token t_id="722" sentence="32" number="19">officer</token>
<token t_id="723" sentence="32" number="20">,</token>
<token t_id="724" sentence="32" number="21">and</token>
<token t_id="725" sentence="32" number="22">doubted</token>
<token t_id="726" sentence="32" number="23">that</token>
<token t_id="727" sentence="32" number="24">he</token>
<token t_id="728" sentence="32" number="25">was</token>
<token t_id="729" sentence="32" number="26">even</token>
<token t_id="730" sentence="32" number="27">carrying</token>
<token t_id="731" sentence="32" number="28">a</token>
<token t_id="732" sentence="32" number="29">gun</token>
<token t_id="733" sentence="32" number="30">at</token>
<token t_id="734" sentence="32" number="31">all</token>
<token t_id="735" sentence="32" number="32">.</token>
<token t_id="736" sentence="33" number="0">A</token>
<token t_id="737" sentence="33" number="1">woman</token>
<token t_id="738" sentence="33" number="2">who</token>
<token t_id="739" sentence="33" number="3">lives</token>
<token t_id="740" sentence="33" number="4">across</token>
<token t_id="741" sentence="33" number="5">the</token>
<token t_id="742" sentence="33" number="6">street</token>
<token t_id="743" sentence="33" number="7">from</token>
<token t_id="744" sentence="33" number="8">the</token>
<token t_id="745" sentence="33" number="9">scene</token>
<token t_id="746" sentence="33" number="10">of</token>
<token t_id="747" sentence="33" number="11">the</token>
<token t_id="748" sentence="33" number="12">shooting</token>
<token t_id="749" sentence="33" number="13">told</token>
<token t_id="750" sentence="33" number="14">the</token>
<token t_id="751" sentence="33" number="15">Times</token>
<token t_id="752" sentence="33" number="16">that</token>
<token t_id="753" sentence="33" number="17">Gray</token>
<token t_id="754" sentence="33" number="18">was</token>
<token t_id="755" sentence="33" number="19">calling</token>
<token t_id="756" sentence="33" number="20">out</token>
<token t_id="757" sentence="33" number="21">:</token>
<token t_id="758" sentence="33" number="22">‘</token>
<token t_id="759" sentence="33" number="23">Please</token>
<token t_id="760" sentence="33" number="24">don</token>
<token t_id="761" sentence="33" number="25">’</token>
<token t_id="762" sentence="33" number="26">t</token>
<token t_id="763" sentence="33" number="27">let</token>
<token t_id="764" sentence="33" number="28">me</token>
<token t_id="765" sentence="33" number="29">die</token>
<token t_id="766" sentence="33" number="30">!</token>
<token t_id="767" sentence="33" number="31">’</token>
<token t_id="768" sentence="33" number="32">and</token>
<token t_id="769" sentence="33" number="33">said</token>
<token t_id="770" sentence="33" number="34">the</token>
<token t_id="771" sentence="33" number="35">officers</token>
<token t_id="772" sentence="33" number="36">yelled</token>
<token t_id="773" sentence="33" number="37">back</token>
<token t_id="774" sentence="33" number="38">:</token>
<token t_id="775" sentence="33" number="39">‘</token>
<token t_id="776" sentence="33" number="40">Stay</token>
<token t_id="777" sentence="33" number="41">down</token>
<token t_id="778" sentence="33" number="42">,</token>
<token t_id="779" sentence="33" number="43">or</token>
<token t_id="780" sentence="33" number="44">we</token>
<token t_id="781" sentence="33" number="45">’</token>
<token t_id="782" sentence="33" number="46">ll</token>
<token t_id="783" sentence="33" number="47">shoot</token>
<token t_id="784" sentence="33" number="48">you</token>
<token t_id="785" sentence="33" number="49">again</token>
<token t_id="786" sentence="33" number="50">.</token>
<token t_id="787" sentence="33" number="51">’</token>
<token t_id="788" sentence="34" number="0">Grey</token>
<token t_id="789" sentence="34" number="1">lived</token>
<token t_id="790" sentence="34" number="2">in</token>
<token t_id="791" sentence="34" number="3">nearby</token>
<token t_id="792" sentence="34" number="4">Crown</token>
<token t_id="793" sentence="34" number="5">Heights</token>
<token t_id="794" sentence="34" number="6">,</token>
<token t_id="795" sentence="34" number="7">but</token>
<token t_id="796" sentence="34" number="8">had</token>
<token t_id="797" sentence="34" number="9">grown</token>
<token t_id="798" sentence="34" number="10">up</token>
<token t_id="799" sentence="34" number="11">in</token>
<token t_id="800" sentence="34" number="12">East</token>
<token t_id="801" sentence="34" number="13">Flatbush</token>
<token t_id="802" sentence="34" number="14">and</token>
<token t_id="803" sentence="34" number="15">returned</token>
<token t_id="804" sentence="34" number="16">there</token>
<token t_id="805" sentence="34" number="17">to</token>
<token t_id="806" sentence="34" number="18">visit</token>
<token t_id="807" sentence="34" number="19">friends</token>
<token t_id="808" sentence="34" number="20">.</token>
<token t_id="809" sentence="35" number="0">His</token>
<token t_id="810" sentence="35" number="1">older</token>
<token t_id="811" sentence="35" number="2">brother</token>
<token t_id="812" sentence="35" number="3">,</token>
<token t_id="813" sentence="35" number="4">Jamar</token>
<token t_id="814" sentence="35" number="5">,</token>
<token t_id="815" sentence="35" number="6">was</token>
<token t_id="816" sentence="35" number="7">killed</token>
<token t_id="817" sentence="35" number="8">in</token>
<token t_id="818" sentence="35" number="9">a</token>
<token t_id="819" sentence="35" number="10">car</token>
<token t_id="820" sentence="35" number="11">accident</token>
<token t_id="821" sentence="35" number="12">two</token>
<token t_id="822" sentence="35" number="13">years</token>
<token t_id="823" sentence="35" number="14">ago</token>
<token t_id="824" sentence="35" number="15">.</token>
<token t_id="825" sentence="36" number="0">According</token>
<token t_id="826" sentence="36" number="1">to</token>
<token t_id="827" sentence="36" number="2">witnesses</token>
<token t_id="828" sentence="36" number="3">,</token>
<token t_id="829" sentence="36" number="4">when</token>
<token t_id="830" sentence="36" number="5">the</token>
<token t_id="831" sentence="36" number="6">two</token>
<token t_id="832" sentence="36" number="7">cops</token>
<token t_id="833" sentence="36" number="8">arrived</token>
<token t_id="834" sentence="36" number="9">on</token>
<token t_id="835" sentence="36" number="10">the</token>
<token t_id="836" sentence="36" number="11">scene</token>
<token t_id="837" sentence="36" number="12">in</token>
<token t_id="838" sentence="36" number="13">an</token>
<token t_id="839" sentence="36" number="14">unmarked</token>
<token t_id="840" sentence="36" number="15">car</token>
<token t_id="841" sentence="36" number="16">,</token>
<token t_id="842" sentence="36" number="17">Gray</token>
<token t_id="843" sentence="36" number="18">was</token>
<token t_id="844" sentence="36" number="19">part</token>
<token t_id="845" sentence="36" number="20">of</token>
<token t_id="846" sentence="36" number="21">a</token>
<token t_id="847" sentence="36" number="22">group</token>
<token t_id="848" sentence="36" number="23">of</token>
<token t_id="849" sentence="36" number="24">six</token>
<token t_id="850" sentence="36" number="25">teenagers</token>
<token t_id="851" sentence="36" number="26">standing</token>
<token t_id="852" sentence="36" number="27">by</token>
<token t_id="853" sentence="36" number="28">the</token>
<token t_id="854" sentence="36" number="29">side</token>
<token t_id="855" sentence="36" number="30">of</token>
<token t_id="856" sentence="36" number="31">the</token>
<token t_id="857" sentence="36" number="32">road</token>
<token t_id="858" sentence="36" number="33">.</token>
<token t_id="859" sentence="37" number="0">One</token>
<token t_id="860" sentence="37" number="1">of</token>
<token t_id="861" sentence="37" number="2">Gray's</token>
<token t_id="862" sentence="37" number="3">friends</token>
<token t_id="863" sentence="37" number="4">,</token>
<token t_id="864" sentence="37" number="5">Devonte</token>
<token t_id="865" sentence="37" number="6">Brown</token>
<token t_id="866" sentence="37" number="7">told</token>
<token t_id="867" sentence="37" number="8">the</token>
<token t_id="868" sentence="37" number="9">New</token>
<token t_id="869" sentence="37" number="10">York</token>
<token t_id="870" sentence="37" number="11">Post</token>
<token t_id="871" sentence="37" number="12">:</token>
<token t_id="872" sentence="37" number="13">'As</token>
<token t_id="873" sentence="37" number="14">the</token>
<token t_id="874" sentence="37" number="15">cops</token>
<token t_id="875" sentence="37" number="16">opened</token>
<token t_id="876" sentence="37" number="17">fire</token>
<token t_id="877" sentence="37" number="18">,</token>
<token t_id="878" sentence="37" number="19">he</token>
<token t_id="879" sentence="37" number="20">was</token>
<token t_id="880" sentence="37" number="21">screaming</token>
<token t_id="881" sentence="37" number="22">,</token>
<token t_id="882" sentence="37" number="23">‘</token>
<token t_id="883" sentence="37" number="24">Stop</token>
<token t_id="884" sentence="37" number="25">!</token>
<token t_id="885" sentence="38" number="0">I</token>
<token t_id="886" sentence="38" number="1">’</token>
<token t_id="887" sentence="38" number="2">m</token>
<token t_id="888" sentence="38" number="3">not</token>
<token t_id="889" sentence="38" number="4">running</token>
<token t_id="890" sentence="38" number="5">!</token>
<token t_id="891" sentence="38" number="6">’</token>
<token t_id="892" sentence="39" number="0">His</token>
<token t_id="893" sentence="39" number="1">friends</token>
<token t_id="894" sentence="39" number="2">have</token>
<token t_id="895" sentence="39" number="3">not</token>
<token t_id="896" sentence="39" number="4">explained</token>
<token t_id="897" sentence="39" number="5">exactly</token>
<token t_id="898" sentence="39" number="6">what</token>
<token t_id="899" sentence="39" number="7">caused</token>
<token t_id="900" sentence="39" number="8">the</token>
<token t_id="901" sentence="39" number="9">police</token>
<token t_id="902" sentence="39" number="10">officers</token>
<token t_id="903" sentence="39" number="11">to</token>
<token t_id="904" sentence="39" number="12">shoot</token>
<token t_id="905" sentence="39" number="13">.</token>
<token t_id="906" sentence="40" number="0">Police</token>
<token t_id="907" sentence="40" number="1">say</token>
<token t_id="908" sentence="40" number="2">Gray's</token>
<token t_id="909" sentence="40" number="3">gun</token>
<token t_id="910" sentence="40" number="4">was</token>
<token t_id="911" sentence="40" number="5">loaded</token>
<token t_id="912" sentence="40" number="6">with</token>
<token t_id="913" sentence="40" number="7">four</token>
<token t_id="914" sentence="40" number="8">bullets</token>
<token t_id="915" sentence="40" number="9">but</token>
<token t_id="916" sentence="40" number="10">have</token>
<token t_id="917" sentence="40" number="11">not</token>
<token t_id="918" sentence="40" number="12">yet</token>
<token t_id="919" sentence="40" number="13">determined</token>
<token t_id="920" sentence="40" number="14">whether</token>
<token t_id="921" sentence="40" number="15">the</token>
<token t_id="922" sentence="40" number="16">teenager</token>
<token t_id="923" sentence="40" number="17">fired</token>
<token t_id="924" sentence="40" number="18">his</token>
<token t_id="925" sentence="40" number="19">weapon</token>
<token t_id="926" sentence="40" number="20">.</token>
<token t_id="927" sentence="41" number="0">Gray</token>
<token t_id="928" sentence="41" number="1">had</token>
<token t_id="929" sentence="41" number="2">been</token>
<token t_id="930" sentence="41" number="3">in</token>
<token t_id="931" sentence="41" number="4">trouble</token>
<token t_id="932" sentence="41" number="5">with</token>
<token t_id="933" sentence="41" number="6">the</token>
<token t_id="934" sentence="41" number="7">law</token>
<token t_id="935" sentence="41" number="8">before</token>
<token t_id="936" sentence="41" number="9">,</token>
<token t_id="937" sentence="41" number="10">having</token>
<token t_id="938" sentence="41" number="11">been</token>
<token t_id="939" sentence="41" number="12">arrested</token>
<token t_id="940" sentence="41" number="13">three</token>
<token t_id="941" sentence="41" number="14">times</token>
<token t_id="942" sentence="41" number="15">since</token>
<token t_id="943" sentence="41" number="16">October</token>
<token t_id="944" sentence="41" number="17">and</token>
<token t_id="945" sentence="41" number="18">had</token>
<token t_id="946" sentence="41" number="19">previously</token>
<token t_id="947" sentence="41" number="20">been</token>
<token t_id="948" sentence="41" number="21">charged</token>
<token t_id="949" sentence="41" number="22">with</token>
<token t_id="950" sentence="41" number="23">grand</token>
<token t_id="951" sentence="41" number="24">larceny</token>
<token t_id="952" sentence="41" number="25">and</token>
<token t_id="953" sentence="41" number="26">inciting</token>
<token t_id="954" sentence="41" number="27">a</token>
<token t_id="955" sentence="41" number="28">riot</token>
<token t_id="956" sentence="41" number="29">.</token>


<Markables>
<ACTION_OCCURRENCE m_id="1" climaxEvent="FALSE" comment=""  >
<token_anchor t_id="125"/>
</ACTION_OCCURRENCE>
<ACTION_OCCURRENCE m_id="2" climaxEvent="FALSE" comment=""  >
<token_anchor t_id="40"/>
<token_anchor t_id="41"/>
</ACTION_OCCURRENCE>
<ACTION_OCCURRENCE m_id="3" climaxEvent="FALSE" comment=""  >
<token_anchor t_id="88"/>
</ACTION_OCCURRENCE>
<ACTION_OCCURRENCE m_id="4" climaxEvent="FALSE" comment=""  >
<token_anchor t_id="131"/>
</ACTION_OCCURRENCE>
<ACTION_OCCURRENCE m_id="5" climaxEvent="FALSE" comment=""  >
<token_anchor t_id="133"/>
</ACTION_OCCURRENCE>
<ACTION_OCCURRENCE m_id="6" climaxEvent="FALSE" comment=""  >
<token_anchor t_id="163"/>
</ACTION_OCCURRENCE>
<ACTION_OCCURRENCE m_id="7" climaxEvent="FALSE" comment=""  >
<token_anchor t_id="172"/>
</ACTION_OCCURRENCE>
<ACTION_OCCURRENCE m_id="8" climaxEvent="FALSE" comment=""  >
<token_anchor t_id="175"/>
</ACTION_OCCURRENCE>
<ACTION_OCCURRENCE m_id="9" climaxEvent="FALSE" comment=""  >
<token_anchor t_id="183"/>
<token_anchor t_id="184"/>
</ACTION_OCCURRENCE>
<ACTION_OCCURRENCE m_id="10" climaxEvent="FALSE" comment=""  >
<token_anchor t_id="43"/>
</ACTION_OCCURRENCE>
<ACTION_OCCURRENCE m_id="11" climaxEvent="FALSE" comment=""  >
<token_anchor t_id="73"/>
</ACTION_OCCURRENCE>
<ACTION_OCCURRENCE m_id="12" climaxEvent="FALSE" comment=""  >
<token_anchor t_id="121"/>
</ACTION_OCCURRENCE>
<ACTION_OCCURRENCE m_id="13" climaxEvent="FALSE" comment=""  >
<token_anchor t_id="160"/>
</ACTION_OCCURRENCE>
<ACTION_OCCURRENCE m_id="14" climaxEvent="TRUE" comment=""  >
<token_anchor t_id="49"/>
</ACTION_OCCURRENCE>
<ACTION_OCCURRENCE m_id="15" climaxEvent="FALSE" comment=""  >
<token_anchor t_id="54"/>
</ACTION_OCCURRENCE>
<ACTION_OCCURRENCE m_id="16" climaxEvent="TRUE" comment=""  >
<token_anchor t_id="63"/>
</ACTION_OCCURRENCE>
<ACTION_OCCURRENCE m_id="17" climaxEvent="FALSE" comment=""  >
<token_anchor t_id="75"/>
</ACTION_OCCURRENCE>
<ACTION_PERCEPTION m_id="18" comment="" climaxEvent="FALSE"  >
<token_anchor t_id="37"/>
</ACTION_PERCEPTION>
<ACTION_REPORTING m_id="19" comment=""  >
<token_anchor t_id="86"/>
</ACTION_REPORTING>
<ACTION_STATE m_id="20" climaxEvent="FALSE" comment=""  >
<token_anchor t_id="64"/>
</ACTION_STATE>
<ACTION_STATE m_id="21" climaxEvent="FALSE" comment=""  >
<token_anchor t_id="126"/>
</ACTION_STATE>
<HUMAN_PART_PER m_id="33" comment=""  >
<token_anchor t_id="83"/>
</HUMAN_PART_PER>
<HUMAN_PART_PER m_id="34" comment=""  >
<token_anchor t_id="87"/>
</HUMAN_PART_PER>
<HUMAN_PART_PER m_id="35" comment=""  >
<token_anchor t_id="92"/>
</HUMAN_PART_PER>
<HUMAN_PART_PER m_id="22" comment=""  >
<token_anchor t_id="85"/>
</HUMAN_PART_PER>
<HUMAN_PART_PER m_id="23" comment=""  >
<token_anchor t_id="123"/>
<token_anchor t_id="124"/>
</HUMAN_PART_PER>
<HUMAN_PART_PER m_id="24" comment=""  >
<token_anchor t_id="130"/>
</HUMAN_PART_PER>
<HUMAN_PART_PER m_id="25" comment=""  >
<token_anchor t_id="136"/>
</HUMAN_PART_PER>
<HUMAN_PART_PER m_id="26" comment=""  >
<token_anchor t_id="167"/>
<token_anchor t_id="168"/>
<token_anchor t_id="169"/>
<token_anchor t_id="170"/>
<token_anchor t_id="171"/>
</HUMAN_PART_PER>
<HUMAN_PART_PER m_id="27" comment=""  >
<token_anchor t_id="181"/>
</HUMAN_PART_PER>
<HUMAN_PART_PER m_id="28" comment=""  >
<token_anchor t_id="187"/>
</HUMAN_PART_PER>
<HUMAN_PART_PER m_id="29" comment=""  >
<token_anchor t_id="48"/>
</HUMAN_PART_PER>
<HUMAN_PART_PER m_id="30" comment=""  >
<token_anchor t_id="56"/>
<token_anchor t_id="57"/>
<token_anchor t_id="58"/>
<token_anchor t_id="59"/>
<token_anchor t_id="60"/>
</HUMAN_PART_PER>
<HUMAN_PART_PER m_id="31" comment=""  >
<token_anchor t_id="68"/>
</HUMAN_PART_PER>
<HUMAN_PART_PER m_id="32" comment=""  >
<token_anchor t_id="72"/>
</HUMAN_PART_PER>
<LOC_GEO m_id="36" comment=""  >
<token_anchor t_id="44"/>
<token_anchor t_id="45"/>
</LOC_GEO>
<LOC_GEO m_id="37" comment=""  >
<token_anchor t_id="50"/>
<token_anchor t_id="51"/>
<token_anchor t_id="52"/>
</LOC_GEO>
<LOC_GEO m_id="38" comment=""  >
<token_anchor t_id="176"/>
<token_anchor t_id="177"/>
</LOC_GEO>
<NON_HUMAN_PART m_id="39" comment=""  >
<token_anchor t_id="134"/>
</NON_HUMAN_PART>
<NON_HUMAN_PART m_id="40" comment=""  >
<token_anchor t_id="90"/>
</NON_HUMAN_PART>
<TIME_DATE m_id="41" comment="" DCT="FALSE" value="2013-03-09" anchorTimeID="42"  >
<token_anchor t_id="94"/>
</TIME_DATE>
<TIME_OF_THE_DAY m_id="42" DCT="TRUE" value="2013-03-12T02:31Z" anchorTimeID=""  >
<token_anchor t_id="139"/>
<token_anchor t_id="140"/>
<token_anchor t_id="141"/>
<token_anchor t_id="142"/>
<token_anchor t_id="143"/>
<token_anchor t_id="144"/>
<token_anchor t_id="145"/>
<token_anchor t_id="146"/>
</TIME_OF_THE_DAY>
<TIME_OF_THE_DAY m_id="43" DCT="FALSE" value="2013-03-12T22:19Z" anchorTimeID=""  >
<token_anchor t_id="150"/>
<token_anchor t_id="151"/>
<token_anchor t_id="152"/>
<token_anchor t_id="153"/>
<token_anchor t_id="154"/>
<token_anchor t_id="155"/>
<token_anchor t_id="156"/>
<token_anchor t_id="157"/>
</TIME_OF_THE_DAY>
<TIME_OF_THE_DAY m_id="44" DCT="FALSE" value="2013-03-12TNI" anchorTimeID="42"  >
<token_anchor t_id="178"/>
</TIME_OF_THE_DAY>
<TIME_OF_THE_DAY m_id="45" DCT="FALSE" value="2013-03-12TNI" anchorTimeID="42"  >
<token_anchor t_id="127"/>
</TIME_OF_THE_DAY>


<NON_HUMAN_PART m_id="46" RELATED_TO="" TAG_DESCRIPTOR="t19_bottles" comment="" />
<ACTION_OCCURRENCE m_id="47" RELATED_TO="" TAG_DESCRIPTOR="t19_march" climaxEvent="FALSE" comment="" />
<ACTION_STATE m_id="48" RELATED_TO="" TAG_DESCRIPTOR="t19_choatic" climaxEvent="FALSE" comment="" />
<HUMAN_PART_PER m_id="49" RELATED_TO="" TAG_DESCRIPTOR="t19_crowd" comment="" />
<ACTION_OCCURRENCE m_id="50" RELATED_TO="" TAG_DESCRIPTOR="t19_turned_unpeaceful" climaxEvent="FALSE" comment="" />
<LOC_GEO m_id="51" RELATED_TO="" TAG_DESCRIPTOR="t19_brooklyn" comment="" />
<ACTION_REPORTING m_id="52" RELATED_TO="" TAG_DESCRIPTOR="t19_police_said" comment="" />
<ACTION_OCCURRENCE m_id="53" RELATED_TO="" TAG_DESCRIPTOR="t19_shot" climaxEvent="FALSE" comment="" />
<ACTION_ASPECTUAL m_id="54" RELATED_TO="" TAG_DESCRIPTOR="t19_following_vigil" comment="" />
<NON_HUMAN_PART m_id="55" RELATED_TO="" TAG_DESCRIPTOR="t19_gun" comment="" />
<TIME_DATE m_id="56" RELATED_TO="" TAG_DESCRIPTOR="t19_saturday" comment="" DCT="FALSE" value="" anchorTimeID="" />
<ACTION_OCCURRENCE m_id="57" RELATED_TO="" TAG_DESCRIPTOR="t19_vigil" climaxEvent="FALSE" comment="" />
<HUMAN_PART_PER m_id="58" RELATED_TO="" TAG_DESCRIPTOR="t19_kimani_gray" comment="" />
<ACTION_STATE m_id="59" RELATED_TO="" TAG_DESCRIPTOR="t19_dead" climaxEvent="FALSE" comment="" />
<ACTION_OCCURRENCE m_id="60" RELATED_TO="" TAG_DESCRIPTOR="t19_riot" climaxEvent="FALSE" comment="" />
<HUMAN_PART_PER m_id="61" RELATED_TO="" TAG_DESCRIPTOR="t19_police" comment="" />
<ACTION_OCCURRENCE m_id="62" RELATED_TO="" TAG_DESCRIPTOR="t19_killed" climaxEvent="FALSE" comment="" />
<ACTION_OCCURRENCE m_id="63" RELATED_TO="" TAG_DESCRIPTOR="t19_pointed_gun" climaxEvent="FALSE" comment="" />
<ACTION_OCCURRENCE m_id="64" RELATED_TO="" TAG_DESCRIPTOR="t19_throwing_bottles" climaxEvent="FALSE" comment="" />
<HUMAN_PART_PER m_id="65" RELATED_TO="" TAG_DESCRIPTOR="t19_shooting_officers" comment="" />
</Markables>

<Relations>
<PLOT_LINK r_id="243578" SIGNAL="" relType="FALLING_ACTION" CAUSES="FALSE" CAUSED_BY="FALSE" >
<source m_id="15" />
<target m_id="16" />
</PLOT_LINK>
<PLOT_LINK r_id="243579" SIGNAL="" relType="FALLING_ACTION" CAUSES="FALSE" CAUSED_BY="FALSE" >
<source m_id="15" />
<target m_id="20" />
</PLOT_LINK>
<PLOT_LINK r_id="243580" SIGNAL="" relType="FALLING_ACTION" CAUSES="FALSE" CAUSED_BY="FALSE" >
<source m_id="14" />
<target m_id="16" />
</PLOT_LINK>
<PLOT_LINK r_id="243581" SIGNAL="" relType="FALLING_ACTION" CAUSES="FALSE" CAUSED_BY="FALSE" >
<source m_id="14" />
<target m_id="20" />
</PLOT_LINK>
<PLOT_LINK r_id="243582" SIGNAL="" relType="PRECONDITION" CAUSES="FALSE" CAUSED_BY="FALSE" >
<source m_id="16" />
<target m_id="20" />
</PLOT_LINK>
<PLOT_LINK r_id="243583" SIGNAL="" relType="FALLING_ACTION" CAUSES="FALSE" CAUSED_BY="FALSE" >
<source m_id="10" />
<target m_id="16" />
</PLOT_LINK>
<PLOT_LINK r_id="243584" SIGNAL="" relType="FALLING_ACTION" CAUSES="FALSE" CAUSED_BY="FALSE" >
<source m_id="10" />
<target m_id="20" />
</PLOT_LINK>
<PLOT_LINK r_id="243585" SIGNAL="" relType="PRECONDITION" CAUSES="FALSE" CAUSED_BY="FALSE" >
<source m_id="11" />
<target m_id="17" />
</PLOT_LINK>
<PLOT_LINK r_id="243586" SIGNAL="" relType="PRECONDITION" CAUSES="FALSE" CAUSED_BY="FALSE" >
<source m_id="11" />
<target m_id="3" />
</PLOT_LINK>
<PLOT_LINK r_id="243587" SIGNAL="" relType="PRECONDITION" CAUSES="FALSE" CAUSED_BY="FALSE" >
<source m_id="17" />
<target m_id="3" />
</PLOT_LINK>
<PLOT_LINK r_id="243588" SIGNAL="" relType="FALLING_ACTION" CAUSES="FALSE" CAUSED_BY="FALSE" >
<source m_id="21" />
<target m_id="4" />
</PLOT_LINK>
<PLOT_LINK r_id="243589" SIGNAL="" relType="FALLING_ACTION" CAUSES="FALSE" CAUSED_BY="FALSE" >
<source m_id="21" />
<target m_id="5" />
</PLOT_LINK>
<PLOT_LINK r_id="243590" SIGNAL="" relType="FALLING_ACTION" CAUSES="FALSE" CAUSED_BY="FALSE" >
<source m_id="13" />
<target m_id="6" />
</PLOT_LINK>
<PLOT_LINK r_id="243591" SIGNAL="" relType="FALLING_ACTION" CAUSES="FALSE" CAUSED_BY="FALSE" >
<source m_id="8" />
<target m_id="9" />
</PLOT_LINK>
<PLOT_LINK r_id="243592" SIGNAL="" relType="FALLING_ACTION" CAUSES="FALSE" CAUSED_BY="FALSE" >
<source m_id="2" />
<target m_id="16" />
</PLOT_LINK>
<PLOT_LINK r_id="243593" SIGNAL="" relType="FALLING_ACTION" CAUSES="FALSE" CAUSED_BY="FALSE" >
<source m_id="2" />
<target m_id="20" />
</PLOT_LINK>
<PLOT_LINK r_id="243594" SIGNAL="" relType="FALLING_ACTION" CAUSES="FALSE" CAUSED_BY="FALSE" >
<source m_id="2" />
<target m_id="10" />
</PLOT_LINK>
<PLOT_LINK r_id="243595" SIGNAL="" relType="FALLING_ACTION" CAUSES="FALSE" CAUSED_BY="FALSE" >
<source m_id="2" />
<target m_id="14" />
</PLOT_LINK>
<PLOT_LINK r_id="243596" SIGNAL="" relType="PRECONDITION" CAUSES="FALSE" CAUSED_BY="FALSE" >
<source m_id="11" />
<target m_id="12" />
</PLOT_LINK>
<PLOT_LINK r_id="243597" SIGNAL="" relType="PRECONDITION" CAUSES="FALSE" CAUSED_BY="FALSE" >
<source m_id="17" />
<target m_id="12" />
</PLOT_LINK>
<TLINK r_id="243602" contextualModality="" relType="CONTAINS" comment="" >
<source m_id="41" />
<target m_id="16" />
</TLINK>
<TLINK r_id="243603" contextualModality="" relType="CONTAINS" comment="" >
<source m_id="41" />
<target m_id="20" />
</TLINK>
<TLINK r_id="243604" contextualModality="" relType="CONTAINS" comment="" >
<source m_id="41" />
<target m_id="11" />
</TLINK>
<TLINK r_id="243605" contextualModality="" relType="CONTAINS" comment="" >
<source m_id="41" />
<target m_id="17" />
</TLINK>
<TLINK r_id="243606" contextualModality="" relType="CONTAINS" comment="" >
<source m_id="41" />
<target m_id="3" />
</TLINK>
<TLINK r_id="243607" contextualModality="" relType="CONTAINS" comment="" >
<source m_id="45" />
<target m_id="12" />
</TLINK>
<TLINK r_id="243608" contextualModality="" relType="CONTAINS" comment="" >
<source m_id="45" />
<target m_id="1" />
</TLINK>
<TLINK r_id="243609" contextualModality="" relType="CONTAINS" comment="" >
<source m_id="45" />
<target m_id="21" />
</TLINK>
<TLINK r_id="243610" contextualModality="" relType="CONTAINS" comment="" >
<source m_id="45" />
<target m_id="4" />
</TLINK>
<TLINK r_id="243611" contextualModality="" relType="CONTAINS" comment="" >
<source m_id="45" />
<target m_id="5" />
</TLINK>
<TLINK r_id="243612" contextualModality="" relType="CONTAINS" comment="" >
<source m_id="44" />
<target m_id="13" />
</TLINK>
<TLINK r_id="243613" contextualModality="" relType="AFTER" comment="" >
<source m_id="44" />
<target m_id="6" />
</TLINK>
<TLINK r_id="243614" contextualModality="" relType="CONTAINS" comment="" >
<source m_id="44" />
<target m_id="7" />
</TLINK>
<TLINK r_id="243615" contextualModality="" relType="CONTAINS" comment="" >
<source m_id="44" />
<target m_id="8" />
</TLINK>
<TLINK r_id="243616" contextualModality="" relType="CONTAINS" comment="" >
<source m_id="44" />
<target m_id="9" />
</TLINK>
<TLINK r_id="243617" contextualModality="" relType="AFTER" comment="" >
<source m_id="42" />
<target m_id="2" />
</TLINK>
<TLINK r_id="243618" contextualModality="" relType="AFTER" comment="" >
<source m_id="42" />
<target m_id="10" />
</TLINK>
<TLINK r_id="243619" contextualModality="" relType="AFTER" comment="" >
<source m_id="42" />
<target m_id="14" />
</TLINK>
<TLINK r_id="243620" contextualModality="" relType="AFTER" comment="" >
<source m_id="42" />
<target m_id="15" />
</TLINK>
<TLINK r_id="243621" contextualModality="" relType="AFTER" comment="" >
<source m_id="42" />
<target m_id="16" />
</TLINK>
<TLINK r_id="243622" contextualModality="" relType="AFTER" comment="" >
<source m_id="42" />
<target m_id="20" />
</TLINK>
<TLINK r_id="243623" contextualModality="" relType="AFTER" comment="" >
<source m_id="42" />
<target m_id="11" />
</TLINK>
<TLINK r_id="243624" contextualModality="" relType="AFTER" comment="" >
<source m_id="42" />
<target m_id="17" />
</TLINK>
<TLINK r_id="243625" contextualModality="" relType="AFTER" comment="" >
<source m_id="42" />
<target m_id="3" />
</TLINK>
<TLINK r_id="243626" contextualModality="" relType="AFTER" comment="" >
<source m_id="42" />
<target m_id="12" />
</TLINK>
<TLINK r_id="243627" contextualModality="" relType="AFTER" comment="" >
<source m_id="42" />
<target m_id="21" />
</TLINK>
<TLINK r_id="243628" contextualModality="" relType="AFTER" comment="" >
<source m_id="42" />
<target m_id="4" />
</TLINK>
<TLINK r_id="243629" contextualModality="" relType="AFTER" comment="" >
<source m_id="42" />
<target m_id="5" />
</TLINK>
<TLINK r_id="243630" contextualModality="" relType="AFTER" comment="" >
<source m_id="42" />
<target m_id="13" />
</TLINK>
<TLINK r_id="243631" contextualModality="" relType="AFTER" comment="" >
<source m_id="42" />
<target m_id="6" />
</TLINK>
<TLINK r_id="243632" contextualModality="" relType="AFTER" comment="" >
<source m_id="42" />
<target m_id="7" />
</TLINK>
<TLINK r_id="243633" contextualModality="" relType="AFTER" comment="" >
<source m_id="42" />
<target m_id="8" />
</TLINK>
<TLINK r_id="243634" contextualModality="" relType="AFTER" comment="" >
<source m_id="42" />
<target m_id="9" />
</TLINK>
</Relations>
</Document>
