<Document doc_name="30_11ecbplus.xml">
<token t_id="1" sentence="0" number="0">http</token>
<token t_id="2" sentence="0" number="1">:</token>
<token t_id="3" sentence="0" number="2">/</token>
<token t_id="4" sentence="0" number="3">/</token>
<token t_id="5" sentence="0" number="4">mygaming</token>
<token t_id="6" sentence="0" number="5">.</token>
<token t_id="7" sentence="0" number="6">co</token>
<token t_id="8" sentence="0" number="7">.</token>
<token t_id="9" sentence="0" number="8">za</token>
<token t_id="10" sentence="0" number="9">/</token>
<token t_id="11" sentence="0" number="10">news</token>
<token t_id="12" sentence="0" number="11">/</token>
<token t_id="13" sentence="0" number="12">news</token>
<token t_id="14" sentence="0" number="13">/</token>
<token t_id="15" sentence="0" number="14">14642</token>
<token t_id="16" sentence="0" number="15">-</token>
<token t_id="17" sentence="0" number="16">seacom</token>
<token t_id="18" sentence="0" number="17">-</token>
<token t_id="19" sentence="0" number="18">cable</token>
<token t_id="20" sentence="0" number="19">-</token>
<token t_id="21" sentence="0" number="20">problems</token>
<token t_id="22" sentence="0" number="21">-</token>
<token t_id="23" sentence="0" number="22">may</token>
<token t_id="24" sentence="0" number="23">-</token>
<token t_id="25" sentence="0" number="24">only</token>
<token t_id="26" sentence="0" number="25">-</token>
<token t_id="27" sentence="0" number="26">be</token>
<token t_id="28" sentence="0" number="27">-</token>
<token t_id="29" sentence="0" number="28">resolved</token>
<token t_id="30" sentence="0" number="29">-</token>
<token t_id="31" sentence="0" number="30">next</token>
<token t_id="32" sentence="0" number="31">-</token>
<token t_id="33" sentence="0" number="32">week</token>
<token t_id="34" sentence="0" number="33">.</token>
<token t_id="35" sentence="0" number="34">html</token>
<token t_id="36" sentence="1" number="0">SEACOM</token>
<token t_id="37" sentence="1" number="1">cable</token>
<token t_id="38" sentence="1" number="2">problems</token>
<token t_id="39" sentence="1" number="3">may</token>
<token t_id="40" sentence="1" number="4">only</token>
<token t_id="41" sentence="1" number="5">be</token>
<token t_id="42" sentence="1" number="6">resolved</token>
<token t_id="43" sentence="1" number="7">next</token>
<token t_id="44" sentence="1" number="8">week</token>
<token t_id="45" sentence="2" number="0">Initial</token>
<token t_id="46" sentence="2" number="1">estimates</token>
<token t_id="47" sentence="2" number="2">indicate</token>
<token t_id="48" sentence="2" number="3">that</token>
<token t_id="49" sentence="2" number="4">the</token>
<token t_id="50" sentence="2" number="5">total</token>
<token t_id="51" sentence="2" number="6">SEACOM</token>
<token t_id="52" sentence="2" number="7">repair</token>
<token t_id="53" sentence="2" number="8">time</token>
<token t_id="54" sentence="2" number="9">will</token>
<token t_id="55" sentence="2" number="10">be</token>
<token t_id="56" sentence="2" number="11">around</token>
<token t_id="57" sentence="2" number="12">twelve</token>
<token t_id="58" sentence="2" number="13">days</token>
<token t_id="59" sentence="3" number="0">October</token>
<token t_id="60" sentence="3" number="1">11</token>
<token t_id="61" sentence="3" number="2">,</token>
<token t_id="62" sentence="3" number="3">2011</token>
<token t_id="63" sentence="4" number="0">As</token>
<token t_id="64" sentence="4" number="1">many</token>
<token t_id="65" sentence="4" number="2">SA</token>
<token t_id="66" sentence="4" number="3">gamers</token>
<token t_id="67" sentence="4" number="4">may</token>
<token t_id="68" sentence="4" number="5">have</token>
<token t_id="69" sentence="4" number="6">noticed</token>
<token t_id="70" sentence="4" number="7">,</token>
<token t_id="71" sentence="4" number="8">SEACOM</token>
<token t_id="72" sentence="4" number="9">is</token>
<token t_id="73" sentence="4" number="10">experiencing</token>
<token t_id="74" sentence="4" number="11">downtime</token>
<token t_id="75" sentence="4" number="12">again</token>
<token t_id="76" sentence="4" number="13">.</token>
<token t_id="77" sentence="5" number="0">The</token>
<token t_id="78" sentence="5" number="1">cable</token>
<token t_id="79" sentence="5" number="2">system</token>
<token t_id="80" sentence="5" number="3">went</token>
<token t_id="81" sentence="5" number="4">down</token>
<token t_id="82" sentence="5" number="5">on</token>
<token t_id="83" sentence="5" number="6">Saturday</token>
<token t_id="84" sentence="5" number="7">8</token>
<token t_id="85" sentence="5" number="8">October</token>
<token t_id="86" sentence="5" number="9">2011</token>
<token t_id="87" sentence="5" number="10">,</token>
<token t_id="88" sentence="5" number="11">and</token>
<token t_id="89" sentence="5" number="12">initial</token>
<token t_id="90" sentence="5" number="13">feedback</token>
<token t_id="91" sentence="5" number="14">suggests</token>
<token t_id="92" sentence="5" number="15">that</token>
<token t_id="93" sentence="5" number="16">the</token>
<token t_id="94" sentence="5" number="17">downtime</token>
<token t_id="95" sentence="5" number="18">may</token>
<token t_id="96" sentence="5" number="19">last</token>
<token t_id="97" sentence="5" number="20">for</token>
<token t_id="98" sentence="5" number="21">a</token>
<token t_id="99" sentence="5" number="22">few</token>
<token t_id="100" sentence="5" number="23">days</token>
<token t_id="101" sentence="5" number="24">.</token>
<token t_id="102" sentence="6" number="0">SEACOM</token>
<token t_id="103" sentence="6" number="1">said</token>
<token t_id="104" sentence="6" number="2">that</token>
<token t_id="105" sentence="6" number="3">their</token>
<token t_id="106" sentence="6" number="4">Mediterranean</token>
<token t_id="107" sentence="6" number="5">backhaul</token>
<token t_id="108" sentence="6" number="6">service</token>
<token t_id="109" sentence="6" number="7">provider</token>
<token t_id="110" sentence="6" number="8">is</token>
<token t_id="111" sentence="6" number="9">experiencing</token>
<token t_id="112" sentence="6" number="10">a</token>
<token t_id="113" sentence="6" number="11">service</token>
<token t_id="114" sentence="6" number="12">affecting</token>
<token t_id="115" sentence="6" number="13">outage</token>
<token t_id="116" sentence="6" number="14">between</token>
<token t_id="117" sentence="6" number="15">Abu</token>
<token t_id="118" sentence="6" number="16">Talat</token>
<token t_id="119" sentence="6" number="17">and</token>
<token t_id="120" sentence="6" number="18">Marseilles</token>
<token t_id="121" sentence="6" number="19">.</token>
<token t_id="122" sentence="7" number="0">This</token>
<token t_id="123" sentence="7" number="1">is</token>
<token t_id="124" sentence="7" number="2">affecting</token>
<token t_id="125" sentence="7" number="3">all</token>
<token t_id="126" sentence="7" number="4">SEACOM</token>
<token t_id="127" sentence="7" number="5">traffic</token>
<token t_id="128" sentence="7" number="6">to</token>
<token t_id="129" sentence="7" number="7">Europe</token>
<token t_id="130" sentence="7" number="8">.</token>
<token t_id="131" sentence="8" number="0">TENET</token>
<token t_id="132" sentence="8" number="1">CTO</token>
<token t_id="133" sentence="8" number="2">Andrew</token>
<token t_id="134" sentence="8" number="3">Alston</token>
<token t_id="135" sentence="8" number="4">said</token>
<token t_id="136" sentence="8" number="5">that</token>
<token t_id="137" sentence="8" number="6">they</token>
<token t_id="138" sentence="8" number="7">have</token>
<token t_id="139" sentence="8" number="8">had</token>
<token t_id="140" sentence="8" number="9">confirmation</token>
<token t_id="141" sentence="8" number="10">that</token>
<token t_id="142" sentence="8" number="11">SEACOM</token>
<token t_id="143" sentence="8" number="12">is</token>
<token t_id="144" sentence="8" number="13">offline</token>
<token t_id="145" sentence="8" number="14">and</token>
<token t_id="146" sentence="8" number="15">is</token>
<token t_id="147" sentence="8" number="16">unlikely</token>
<token t_id="148" sentence="8" number="17">to</token>
<token t_id="149" sentence="8" number="18">come</token>
<token t_id="150" sentence="8" number="19">back</token>
<token t_id="151" sentence="8" number="20">online</token>
<token t_id="152" sentence="8" number="21">for</token>
<token t_id="153" sentence="8" number="22">a</token>
<token t_id="154" sentence="8" number="23">few</token>
<token t_id="155" sentence="8" number="24">days</token>
<token t_id="156" sentence="8" number="25">.</token>
<token t_id="157" sentence="9" number="0">The</token>
<token t_id="158" sentence="9" number="1">SEACOM</token>
<token t_id="159" sentence="9" number="2">downtime</token>
<token t_id="160" sentence="9" number="3">seems</token>
<token t_id="161" sentence="9" number="4">to</token>
<token t_id="162" sentence="9" number="5">be</token>
<token t_id="163" sentence="9" number="6">related</token>
<token t_id="164" sentence="9" number="7">to</token>
<token t_id="165" sentence="9" number="8">a</token>
<token t_id="166" sentence="9" number="9">failure</token>
<token t_id="167" sentence="9" number="10">on</token>
<token t_id="168" sentence="9" number="11">the</token>
<token t_id="169" sentence="9" number="12">Telecom</token>
<token t_id="170" sentence="9" number="13">Egypt</token>
<token t_id="171" sentence="9" number="14">North</token>
<token t_id="172" sentence="9" number="15">(</token>
<token t_id="173" sentence="9" number="16">TE</token>
<token t_id="174" sentence="9" number="17">North</token>
<token t_id="175" sentence="9" number="18">)</token>
<token t_id="176" sentence="9" number="19">submarine</token>
<token t_id="177" sentence="9" number="20">telecommunications</token>
<token t_id="178" sentence="9" number="21">cable</token>
<token t_id="179" sentence="9" number="22">linking</token>
<token t_id="180" sentence="9" number="23">France</token>
<token t_id="181" sentence="9" number="24">and</token>
<token t_id="182" sentence="9" number="25">Egypt</token>
<token t_id="183" sentence="9" number="26">.</token>
<token t_id="184" sentence="10" number="0">SEACOM</token>
<token t_id="185" sentence="10" number="1">has</token>
<token t_id="186" sentence="10" number="2">stated</token>
<token t_id="187" sentence="10" number="3">that</token>
<token t_id="188" sentence="10" number="4">the</token>
<token t_id="189" sentence="10" number="5">total</token>
<token t_id="190" sentence="10" number="6">repair</token>
<token t_id="191" sentence="10" number="7">time</token>
<token t_id="192" sentence="10" number="8">of</token>
<token t_id="193" sentence="10" number="9">the</token>
<token t_id="194" sentence="10" number="10">current</token>
<token t_id="195" sentence="10" number="11">problems</token>
<token t_id="196" sentence="10" number="12">they</token>
<token t_id="197" sentence="10" number="13">experience</token>
<token t_id="198" sentence="10" number="14">will</token>
<token t_id="199" sentence="10" number="15">be</token>
<token t_id="200" sentence="10" number="16">around</token>
<token t_id="201" sentence="10" number="17">twelve</token>
<token t_id="202" sentence="10" number="18">days</token>
<token t_id="203" sentence="10" number="19">depending</token>
<token t_id="204" sentence="10" number="20">on</token>
<token t_id="205" sentence="10" number="21">weather</token>
<token t_id="206" sentence="10" number="22">conditions</token>
<token t_id="207" sentence="10" number="23">.</token>
<token t_id="208" sentence="11" number="0">"Initial</token>
<token t_id="209" sentence="11" number="1">estimates</token>
<token t_id="210" sentence="11" number="2">indicate</token>
<token t_id="211" sentence="11" number="3">that</token>
<token t_id="212" sentence="11" number="4">the</token>
<token t_id="213" sentence="11" number="5">total</token>
<token t_id="214" sentence="11" number="6">repair</token>
<token t_id="215" sentence="11" number="7">time</token>
<token t_id="216" sentence="11" number="8">will</token>
<token t_id="217" sentence="11" number="9">be</token>
<token t_id="218" sentence="11" number="10">around</token>
<token t_id="219" sentence="11" number="11">twelve</token>
<token t_id="220" sentence="11" number="12">days</token>
<token t_id="221" sentence="11" number="13">depending</token>
<token t_id="222" sentence="11" number="14">on</token>
<token t_id="223" sentence="11" number="15">weather</token>
<token t_id="224" sentence="11" number="16">conditions</token>
<token t_id="225" sentence="11" number="17">.</token>
<token t_id="226" sentence="12" number="0">This</token>
<token t_id="227" sentence="12" number="1">entails</token>
<token t_id="228" sentence="12" number="2">gaining</token>
<token t_id="229" sentence="12" number="3">the</token>
<token t_id="230" sentence="12" number="4">necessary</token>
<token t_id="231" sentence="12" number="5">permits</token>
<token t_id="232" sentence="12" number="6">and</token>
<token t_id="233" sentence="12" number="7">the</token>
<token t_id="234" sentence="12" number="8">actual</token>
<token t_id="235" sentence="12" number="9">repair</token>
<token t_id="236" sentence="12" number="10">time</token>
<token t_id="237" sentence="12" number="11">.</token>
<token t_id="238" sentence="13" number="0">A</token>
<token t_id="239" sentence="13" number="1">repair</token>
<token t_id="240" sentence="13" number="2">vessel</token>
<token t_id="241" sentence="13" number="3">has</token>
<token t_id="242" sentence="13" number="4">been</token>
<token t_id="243" sentence="13" number="5">notified</token>
<token t_id="244" sentence="13" number="6">of</token>
<token t_id="245" sentence="13" number="7">the</token>
<token t_id="246" sentence="13" number="8">call</token>
<token t_id="247" sentence="13" number="9">-</token>
<token t_id="248" sentence="13" number="10">out</token>
<token t_id="249" sentence="13" number="11">and</token>
<token t_id="250" sentence="13" number="12">mobilization</token>
<token t_id="251" sentence="13" number="13">will</token>
<token t_id="252" sentence="13" number="14">occur</token>
<token t_id="253" sentence="13" number="15">immediately</token>
<token t_id="254" sentence="13" number="16">once</token>
<token t_id="255" sentence="13" number="17">permits</token>
<token t_id="256" sentence="13" number="18">are</token>
<token t_id="257" sentence="13" number="19">received</token>
<token t_id="258" sentence="13" number="20">,</token>
<token t_id="259" sentence="13" number="21">"</token>
<token t_id="260" sentence="13" number="22">SEACOM</token>
<token t_id="261" sentence="13" number="23">said</token>
<token t_id="262" sentence="13" number="24">in</token>
<token t_id="263" sentence="13" number="25">an</token>
<token t_id="264" sentence="13" number="26">official</token>
<token t_id="265" sentence="13" number="27">statement</token>
<token t_id="266" sentence="13" number="28">.</token>
<token t_id="267" sentence="14" number="0">"The</token>
<token t_id="268" sentence="14" number="1">outage</token>
<token t_id="269" sentence="14" number="2">initially</token>
<token t_id="270" sentence="14" number="3">affected</token>
<token t_id="271" sentence="14" number="4">all</token>
<token t_id="272" sentence="14" number="5">SEACOM</token>
<token t_id="273" sentence="14" number="6">traffic</token>
<token t_id="274" sentence="14" number="7">to</token>
<token t_id="275" sentence="14" number="8">Europe</token>
<token t_id="276" sentence="14" number="9">,</token>
<token t_id="277" sentence="14" number="10">however</token>
<token t_id="278" sentence="14" number="11">SEACOM</token>
<token t_id="279" sentence="14" number="12">was</token>
<token t_id="280" sentence="14" number="13">able</token>
<token t_id="281" sentence="14" number="14">to</token>
<token t_id="282" sentence="14" number="15">restore</token>
<token t_id="283" sentence="14" number="16">some</token>
<token t_id="284" sentence="14" number="17">services</token>
<token t_id="285" sentence="14" number="18">by</token>
<token t_id="286" sentence="14" number="19">Saturday</token>
<token t_id="287" sentence="14" number="20">afternoon</token>
<token t_id="288" sentence="14" number="21">.</token>
<token t_id="289" sentence="14" number="22">"</token>
<token t_id="290" sentence="15" number="0">"Further</token>
<token t_id="291" sentence="15" number="1">restoration</token>
<token t_id="292" sentence="15" number="2">has</token>
<token t_id="293" sentence="15" number="3">continued</token>
<token t_id="294" sentence="15" number="4">throughout</token>
<token t_id="295" sentence="15" number="5">the</token>
<token t_id="296" sentence="15" number="6">weekend</token>
<token t_id="297" sentence="15" number="7">in</token>
<token t_id="298" sentence="15" number="8">cooperation</token>
<token t_id="299" sentence="15" number="9">with</token>
<token t_id="300" sentence="15" number="10">customers</token>
<token t_id="301" sentence="15" number="11">and</token>
<token t_id="302" sentence="15" number="12">partners</token>
<token t_id="303" sentence="15" number="13">and</token>
<token t_id="304" sentence="15" number="14">SEACOM</token>
<token t_id="305" sentence="15" number="15">will</token>
<token t_id="306" sentence="15" number="16">continue</token>
<token t_id="307" sentence="15" number="17">to</token>
<token t_id="308" sentence="15" number="18">actively</token>
<token t_id="309" sentence="15" number="19">work</token>
<token t_id="310" sentence="15" number="20">on</token>
<token t_id="311" sentence="15" number="21">securing</token>
<token t_id="312" sentence="15" number="22">additional</token>
<token t_id="313" sentence="15" number="23">capacity</token>
<token t_id="314" sentence="15" number="24">for</token>
<token t_id="315" sentence="15" number="25">all</token>
<token t_id="316" sentence="15" number="26">necessary</token>
<token t_id="317" sentence="15" number="27">services</token>
<token t_id="318" sentence="15" number="28">over</token>
<token t_id="319" sentence="15" number="29">the</token>
<token t_id="320" sentence="15" number="30">next</token>
<token t_id="321" sentence="15" number="31">day</token>
<token t_id="322" sentence="15" number="32">or</token>
<token t_id="323" sentence="15" number="33">two</token>
<token t_id="324" sentence="15" number="34">.</token>
<token t_id="325" sentence="15" number="35">"</token>


<Markables>
<ACTION_OCCURRENCE m_id="1" climaxEvent="FALSE" comment=""  >
<token_anchor t_id="243"/>
</ACTION_OCCURRENCE>
<ACTION_OCCURRENCE m_id="2" climaxEvent="FALSE" comment=""  >
<token_anchor t_id="246"/>
<token_anchor t_id="247"/>
<token_anchor t_id="248"/>
</ACTION_OCCURRENCE>
<ACTION_OCCURRENCE m_id="3" climaxEvent="FALSE" comment=""  >
<token_anchor t_id="257"/>
</ACTION_OCCURRENCE>
<ACTION_OCCURRENCE m_id="4" climaxEvent="TRUE" comment=""  >
<token_anchor t_id="42"/>
</ACTION_OCCURRENCE>
<ACTION_OCCURRENCE m_id="5" climaxEvent="FALSE" comment=""  >
<token_anchor t_id="47"/>
</ACTION_OCCURRENCE>
<ACTION_OCCURRENCE m_id="6" climaxEvent="FALSE" comment=""  >
<token_anchor t_id="69"/>
</ACTION_OCCURRENCE>
<ACTION_OCCURRENCE m_id="7" climaxEvent="FALSE" comment=""  >
<token_anchor t_id="73"/>
</ACTION_OCCURRENCE>
<ACTION_OCCURRENCE m_id="8" climaxEvent="FALSE" comment=""  >
<token_anchor t_id="74"/>
</ACTION_OCCURRENCE>
<ACTION_OCCURRENCE m_id="9" climaxEvent="FALSE" comment=""  >
<token_anchor t_id="80"/>
<token_anchor t_id="81"/>
</ACTION_OCCURRENCE>
<ACTION_OCCURRENCE m_id="10" climaxEvent="FALSE" comment=""  >
<token_anchor t_id="90"/>
</ACTION_OCCURRENCE>
<ACTION_OCCURRENCE m_id="11" climaxEvent="FALSE" comment=""  >
<token_anchor t_id="91"/>
</ACTION_OCCURRENCE>
<ACTION_OCCURRENCE m_id="12" climaxEvent="FALSE" comment=""  >
<token_anchor t_id="94"/>
</ACTION_OCCURRENCE>
<ACTION_OCCURRENCE m_id="13" climaxEvent="FALSE" comment=""  >
<token_anchor t_id="111"/>
</ACTION_OCCURRENCE>
<ACTION_OCCURRENCE m_id="14" climaxEvent="FALSE" comment=""  >
<token_anchor t_id="113"/>
</ACTION_OCCURRENCE>
<ACTION_OCCURRENCE m_id="15" climaxEvent="FALSE" comment=""  >
<token_anchor t_id="114"/>
</ACTION_OCCURRENCE>
<ACTION_OCCURRENCE m_id="16" climaxEvent="FALSE" comment=""  >
<token_anchor t_id="115"/>
</ACTION_OCCURRENCE>
<ACTION_OCCURRENCE m_id="17" climaxEvent="FALSE" comment=""  >
<token_anchor t_id="124"/>
</ACTION_OCCURRENCE>
<ACTION_OCCURRENCE m_id="18" climaxEvent="FALSE" comment=""  >
<token_anchor t_id="127"/>
</ACTION_OCCURRENCE>
<ACTION_OCCURRENCE m_id="19" climaxEvent="FALSE" comment=""  >
<token_anchor t_id="190"/>
</ACTION_OCCURRENCE>
<ACTION_OCCURRENCE m_id="20" climaxEvent="FALSE" comment=""  >
<token_anchor t_id="195"/>
</ACTION_OCCURRENCE>
<ACTION_OCCURRENCE m_id="21" climaxEvent="FALSE" comment=""  >
<token_anchor t_id="197"/>
</ACTION_OCCURRENCE>
<ACTION_OCCURRENCE m_id="22" climaxEvent="FALSE" comment=""  >
<token_anchor t_id="38"/>
</ACTION_OCCURRENCE>
<ACTION_OCCURRENCE m_id="23" climaxEvent="FALSE" comment=""  >
<token_anchor t_id="203"/>
</ACTION_OCCURRENCE>
<ACTION_OCCURRENCE m_id="24" climaxEvent="FALSE" comment=""  >
<token_anchor t_id="206"/>
</ACTION_OCCURRENCE>
<ACTION_OCCURRENCE m_id="25" climaxEvent="FALSE" comment=""  >
<token_anchor t_id="270"/>
</ACTION_OCCURRENCE>
<ACTION_OCCURRENCE m_id="26" climaxEvent="FALSE" comment=""  >
<token_anchor t_id="268"/>
</ACTION_OCCURRENCE>
<ACTION_OCCURRENCE m_id="27" climaxEvent="FALSE" comment=""  >
<token_anchor t_id="52"/>
</ACTION_OCCURRENCE>
<ACTION_OCCURRENCE m_id="28" climaxEvent="FALSE" comment=""  >
<token_anchor t_id="282"/>
</ACTION_OCCURRENCE>
<ACTION_OCCURRENCE m_id="29" climaxEvent="FALSE" comment=""  >
<token_anchor t_id="284"/>
</ACTION_OCCURRENCE>
<ACTION_OCCURRENCE m_id="30" climaxEvent="FALSE" comment=""  >
<token_anchor t_id="273"/>
</ACTION_OCCURRENCE>
<ACTION_OCCURRENCE m_id="31" climaxEvent="FALSE" comment=""  >
<token_anchor t_id="250"/>
</ACTION_OCCURRENCE>
<ACTION_REPORTING m_id="33" comment=""  >
<token_anchor t_id="103"/>
</ACTION_REPORTING>
<ACTION_REPORTING m_id="34" comment=""  >
<token_anchor t_id="261"/>
</ACTION_REPORTING>
<ACTION_REPORTING m_id="35" comment=""  >
<token_anchor t_id="265"/>
</ACTION_REPORTING>
<ACTION_REPORTING m_id="32" comment=""  >
<token_anchor t_id="186"/>
</ACTION_REPORTING>
<ACTION_STATE m_id="36" climaxEvent="FALSE" comment=""  >
<token_anchor t_id="45"/>
<token_anchor t_id="46"/>
</ACTION_STATE>
<HUMAN_PART_ORG m_id="37"  >
<token_anchor t_id="106"/>
<token_anchor t_id="107"/>
<token_anchor t_id="108"/>
<token_anchor t_id="109"/>
</HUMAN_PART_ORG>
<HUMAN_PART_ORG m_id="38"  >
<token_anchor t_id="36"/>
</HUMAN_PART_ORG>
<HUMAN_PART_ORG m_id="39"  >
<token_anchor t_id="51"/>
</HUMAN_PART_ORG>
<HUMAN_PART_ORG m_id="40"  >
<token_anchor t_id="71"/>
</HUMAN_PART_ORG>
<HUMAN_PART_ORG m_id="41"  >
<token_anchor t_id="278"/>
</HUMAN_PART_ORG>
<HUMAN_PART_ORG m_id="42"  >
<token_anchor t_id="102"/>
</HUMAN_PART_ORG>
<HUMAN_PART_ORG m_id="43"  >
<token_anchor t_id="126"/>
</HUMAN_PART_ORG>
<HUMAN_PART_ORG m_id="44"  >
<token_anchor t_id="184"/>
</HUMAN_PART_ORG>
<HUMAN_PART_ORG m_id="45"  >
<token_anchor t_id="272"/>
</HUMAN_PART_ORG>
<HUMAN_PART_ORG m_id="46"  >
<token_anchor t_id="260"/>
</HUMAN_PART_ORG>
<HUMAN_PART_PER m_id="47" comment=""  >
<token_anchor t_id="65"/>
<token_anchor t_id="66"/>
</HUMAN_PART_PER>
<HUMAN_PART_VEH m_id="48"  >
<token_anchor t_id="239"/>
<token_anchor t_id="240"/>
</HUMAN_PART_VEH>
<LOC_GEO m_id="49" comment=""  >
<token_anchor t_id="274"/>
<token_anchor t_id="275"/>
</LOC_GEO>
<LOC_GEO m_id="50" comment=""  >
<token_anchor t_id="128"/>
<token_anchor t_id="129"/>
</LOC_GEO>
<LOC_GEO m_id="51" comment=""  >
<token_anchor t_id="116"/>
<token_anchor t_id="117"/>
<token_anchor t_id="118"/>
<token_anchor t_id="119"/>
<token_anchor t_id="120"/>
</LOC_GEO>
<NON_HUMAN_PART m_id="52" comment=""  >
<token_anchor t_id="78"/>
<token_anchor t_id="79"/>
</NON_HUMAN_PART>
<NON_HUMAN_PART m_id="53" comment=""  >
<token_anchor t_id="196"/>
</NON_HUMAN_PART>
<NON_HUMAN_PART m_id="54" comment=""  >
<token_anchor t_id="37"/>
</NON_HUMAN_PART>
<TIME_DATE m_id="55" comment="" DCT="FALSE" value="2011W42" anchorTimeID="57"  >
<token_anchor t_id="43"/>
<token_anchor t_id="44"/>
</TIME_DATE>
<TIME_DATE m_id="56" comment="" DCT="FALSE" value="2011-10-08" anchorTimeID=""  >
<token_anchor t_id="83"/>
<token_anchor t_id="84"/>
<token_anchor t_id="85"/>
<token_anchor t_id="86"/>
</TIME_DATE>
<TIME_DATE m_id="57" comment="" DCT="TRUE" value="2011-10-11" anchorTimeID=""  >
<token_anchor t_id="59"/>
<token_anchor t_id="60"/>
<token_anchor t_id="61"/>
<token_anchor t_id="62"/>
</TIME_DATE>
<TIME_DURATION m_id="58" endPoint="74" value="P12D" begin="56" anchorTimeID=""  >
<token_anchor t_id="56"/>
<token_anchor t_id="57"/>
<token_anchor t_id="58"/>
</TIME_DURATION>
<TIME_DURATION m_id="59" endPoint="74" value="P12D" begin="56" anchorTimeID=""  >
<token_anchor t_id="200"/>
<token_anchor t_id="201"/>
<token_anchor t_id="202"/>
</TIME_DURATION>
<TIME_DURATION m_id="60" endPoint="75" value="PXD" begin="56" anchorTimeID=""  >
<token_anchor t_id="97"/>
<token_anchor t_id="98"/>
<token_anchor t_id="99"/>
<token_anchor t_id="100"/>
</TIME_DURATION>
<TIME_OF_THE_DAY m_id="61" DCT="FALSE" value="2011-10-08TAF" anchorTimeID="56"  >
<token_anchor t_id="286"/>
<token_anchor t_id="287"/>
</TIME_OF_THE_DAY>


<ACTION_OCCURRENCE m_id="62" RELATED_TO="" TAG_DESCRIPTOR="t30_experiencing_problems" climaxEvent="FALSE" comment="" />
<ACTION_REPORTING m_id="63" RELATED_TO="" TAG_DESCRIPTOR="t30_seacom_said_problems_14days" comment="" />
<LOC_GEO m_id="64" RELATED_TO="" TAG_DESCRIPTOR="t30_bw_abutalat_marseilles" comment="" />
<HUMAN_PART_ORG m_id="65" RELATED_TO="" TAG_DESCRIPTOR="t30_seacom" />
<NON_HUMAN_PART m_id="66" RELATED_TO="" TAG_DESCRIPTOR="t30_seacom_cable_network" comment="" />
<ACTION_STATE m_id="67" RELATED_TO="" TAG_DESCRIPTOR="t30_expected_12day_repair" climaxEvent="FALSE" comment="" />
<ACTION_OCCURRENCE m_id="68" RELATED_TO="" TAG_DESCRIPTOR="t30_downtime" climaxEvent="FALSE" comment="" />
<ACTION_OCCURRENCE m_id="69" RELATED_TO="" TAG_DESCRIPTOR="t30_repair" climaxEvent="FALSE" comment="" />
<NON_HUMAN_PART m_id="70" RELATED_TO="" TAG_DESCRIPTOR="t30_cable" comment="" />
<ACTION_OCCURRENCE m_id="71" RELATED_TO="" TAG_DESCRIPTOR="t30_cable_break" climaxEvent="FALSE" comment="" />
<TIME_DURATION m_id="72" RELATED_TO="" TAG_DESCRIPTOR="t30_few_days" endPoint="" value="" begin="" anchorTimeID="" />
<TIME_DATE m_id="73" RELATED_TO="" TAG_DESCRIPTOR="t30_oct_8" comment="" DCT="FALSE" value="" anchorTimeID="" />
<TIME_DATE m_id="74" RELATED_TO="" TAG_DESCRIPTOR="t_2011-10-20" comment="" DCT="FALSE" value="2011-10-20" anchorTimeID="" />
<TIME_DATE m_id="75" RELATED_TO="" TAG_DESCRIPTOR="t_FUTURE_REF" comment="" DCT="FALSE" value="FUTURE_REF" anchorTimeID="" />
</Markables>

<Relations>
<TLINK r_id="245853" contextualModality="" relType="OVERLAP" comment="" >
<source m_id="57" />
<target m_id="22" />
</TLINK>
<TLINK r_id="245854" contextualModality="" relType="BEFORE" comment="" >
<source m_id="57" />
<target m_id="4" />
</TLINK>
<TLINK r_id="245855" contextualModality="" relType="AFTER" comment="" >
<source m_id="57" />
<target m_id="36" />
</TLINK>
<TLINK r_id="245856" contextualModality="" relType="BEFORE" comment="" >
<source m_id="57" />
<target m_id="27" />
</TLINK>
<TLINK r_id="245857" contextualModality="" relType="OVERLAP" comment="" >
<source m_id="57" />
<target m_id="6" />
</TLINK>
<TLINK r_id="245858" contextualModality="" relType="OVERLAP" comment="" >
<source m_id="57" />
<target m_id="8" />
</TLINK>
<TLINK r_id="245859" contextualModality="" relType="AFTER" comment="" >
<source m_id="57" />
<target m_id="9" />
</TLINK>
<TLINK r_id="245860" contextualModality="" relType="AFTER" comment="" >
<source m_id="57" />
<target m_id="10" />
</TLINK>
<TLINK r_id="245861" contextualModality="" relType="OVERLAP" comment="" >
<source m_id="57" />
<target m_id="7" />
</TLINK>
<TLINK r_id="245862" contextualModality="" relType="OVERLAP" comment="" >
<source m_id="57" />
<target m_id="13" />
</TLINK>
<TLINK r_id="245863" contextualModality="" relType="OVERLAP" comment="" >
<source m_id="57" />
<target m_id="14" />
</TLINK>
<TLINK r_id="245864" contextualModality="" relType="OVERLAP" comment="" >
<source m_id="57" />
<target m_id="16" />
</TLINK>
<TLINK r_id="245865" contextualModality="" relType="OVERLAP" comment="" >
<source m_id="57" />
<target m_id="17" />
</TLINK>
<TLINK r_id="245866" contextualModality="" relType="OVERLAP" comment="" >
<source m_id="57" />
<target m_id="18" />
</TLINK>
<TLINK r_id="245867" contextualModality="" relType="BEFORE" comment="" >
<source m_id="57" />
<target m_id="19" />
</TLINK>
<TLINK r_id="245868" contextualModality="" relType="OVERLAP" comment="" >
<source m_id="57" />
<target m_id="20" />
</TLINK>
<TLINK r_id="245869" contextualModality="" relType="OVERLAP" comment="" >
<source m_id="57" />
<target m_id="21" />
</TLINK>
<TLINK r_id="245870" contextualModality="" relType="OVERLAP" comment="" >
<source m_id="57" />
<target m_id="24" />
</TLINK>
<TLINK r_id="245871" contextualModality="" relType="AFTER" comment="" >
<source m_id="57" />
<target m_id="2" />
</TLINK>
<TLINK r_id="245872" contextualModality="" relType="AFTER" comment="" >
<source m_id="57" />
<target m_id="31" />
</TLINK>
<TLINK r_id="245875" contextualModality="" relType="OVERLAP" comment="" >
<source m_id="57" />
<target m_id="26" />
</TLINK>
<TLINK r_id="245876" contextualModality="" relType="AFTER" comment="" >
<source m_id="57" />
<target m_id="25" />
</TLINK>
<TLINK r_id="245877" contextualModality="" relType="OVERLAP" comment="" >
<source m_id="57" />
<target m_id="30" />
</TLINK>
<TLINK r_id="245878" contextualModality="" relType="AFTER" comment="" >
<source m_id="57" />
<target m_id="28" />
</TLINK>
<TLINK r_id="245879" contextualModality="" relType="OVERLAP" comment="" >
<source m_id="57" />
<target m_id="29" />
</TLINK>
<TLINK r_id="245880" contextualModality="" relType="BEFORE" comment="" >
<source m_id="55" />
<target m_id="22" />
</TLINK>
<TLINK r_id="245881" contextualModality="" relType="BEFORE" comment="" >
<source m_id="55" />
<target m_id="4" />
</TLINK>
<TLINK r_id="245882" contextualModality="" relType="CONTAINS" comment="" >
<source m_id="56" />
<target m_id="36" />
</TLINK>
<TLINK r_id="245883" contextualModality="" relType="CONTAINS" comment="" >
<source m_id="58" />
<target m_id="27" />
</TLINK>
<TLINK r_id="245884" contextualModality="" relType="BEGINS_ON" comment="" >
<source m_id="56" />
<target m_id="12" />
</TLINK>
<TLINK r_id="245885" contextualModality="" relType="CONTAINS" comment="" >
<source m_id="56" />
<target m_id="9" />
</TLINK>
<TLINK r_id="245886" contextualModality="" relType="CONTAINS" comment="" >
<source m_id="56" />
<target m_id="10" />
</TLINK>
<TLINK r_id="245899" contextualModality="" relType="CONTAINS" comment="" >
<source m_id="57" />
<target m_id="1" />
</TLINK>
<TLINK r_id="245903" contextualModality="" relType="OVERLAP" comment="" >
<source m_id="61" />
<target m_id="26" />
</TLINK>
<TLINK r_id="245904" contextualModality="" relType="OVERLAP" comment="" >
<source m_id="61" />
<target m_id="25" />
</TLINK>
<TLINK r_id="245905" contextualModality="" relType="OVERLAP" comment="" >
<source m_id="61" />
<target m_id="30" />
</TLINK>
<TLINK r_id="245906" contextualModality="" relType="BEFORE" comment="" >
<source m_id="61" />
<target m_id="28" />
</TLINK>
<TLINK r_id="245907" contextualModality="" relType="OVERLAP" comment="" >
<source m_id="61" />
<target m_id="29" />
</TLINK>
<PLOT_LINK r_id="245908" SIGNAL="" relType="PRECONDITION" CAUSES="FALSE" CAUSED_BY="FALSE" >
<source m_id="22" />
<target m_id="4" />
</PLOT_LINK>
<PLOT_LINK r_id="245909" SIGNAL="" relType="PRECONDITION" CAUSES="FALSE" CAUSED_BY="FALSE" >
<source m_id="22" />
<target m_id="27" />
</PLOT_LINK>
<PLOT_LINK r_id="245910" SIGNAL="" relType="PRECONDITION" CAUSES="FALSE" CAUSED_BY="FALSE" >
<source m_id="22" />
<target m_id="8" />
</PLOT_LINK>
<PLOT_LINK r_id="245911" SIGNAL="" relType="PRECONDITION" CAUSES="FALSE" CAUSED_BY="FALSE" >
<source m_id="22" />
<target m_id="9" />
</PLOT_LINK>
<PLOT_LINK r_id="245912" SIGNAL="" relType="PRECONDITION" CAUSES="FALSE" CAUSED_BY="FALSE" >
<source m_id="22" />
<target m_id="12" />
</PLOT_LINK>
<PLOT_LINK r_id="245913" SIGNAL="" relType="PRECONDITION" CAUSES="FALSE" CAUSED_BY="FALSE" >
<source m_id="16" />
<target m_id="17" />
</PLOT_LINK>
<PLOT_LINK r_id="245914" SIGNAL="" relType="PRECONDITION" CAUSES="FALSE" CAUSED_BY="FALSE" >
<source m_id="16" />
<target m_id="19" />
</PLOT_LINK>
<PLOT_LINK r_id="245915" SIGNAL="" relType="FALLING_ACTION" CAUSES="FALSE" CAUSED_BY="FALSE" >
<source m_id="19" />
<target m_id="20" />
</PLOT_LINK>
<PLOT_LINK r_id="245916" SIGNAL="" relType="PRECONDITION" CAUSES="FALSE" CAUSED_BY="FALSE" >
<source m_id="2" />
<target m_id="31" />
</PLOT_LINK>
<PLOT_LINK r_id="245918" SIGNAL="" relType="FALLING_ACTION" CAUSES="FALSE" CAUSED_BY="FALSE" >
<source m_id="26" />
<target m_id="28" />
</PLOT_LINK>
<PLOT_LINK r_id="245919" SIGNAL="" relType="PRECONDITION" CAUSES="FALSE" CAUSED_BY="FALSE" >
<source m_id="26" />
<target m_id="25" />
</PLOT_LINK>
<TLINK r_id="253379" contextualModality="" relType="AFTER" comment="" >
<source m_id="57" />
<target m_id="3" />
</TLINK>
<TLINK r_id="253382" contextualModality="" relType="BEFORE" comment="" >
<source m_id="59" />
<target m_id="19" />
</TLINK>
<TLINK r_id="253383" contextualModality="" relType="OVERLAP" comment="" >
<source m_id="59" />
<target m_id="20" />
</TLINK>
<TLINK r_id="253449" contextualModality="" relType="BEGUN_ON" comment="" >
<source m_id="56" />
<target m_id="27" />
</TLINK>
<TLINK r_id="253450" contextualModality="" relType="ENDED_ON" comment="" >
<source m_id="74" />
<target m_id="27" />
</TLINK>
<TLINK r_id="253451" contextualModality="" relType="CONTAINS" comment="" >
<source m_id="60" />
<target m_id="12" />
</TLINK>
<TLINK r_id="253452" contextualModality="" relType="BEGUN_ON" comment="" >
<source m_id="56" />
<target m_id="12" />
</TLINK>
<TLINK r_id="253453" contextualModality="" relType="ENDED_ON" comment="" >
<source m_id="75" />
<target m_id="12" />
</TLINK>
<TLINK r_id="253454" contextualModality="" relType="BEGUN_ON" comment="" >
<source m_id="56" />
<target m_id="19" />
</TLINK>
<TLINK r_id="253455" contextualModality="" relType="ENDED_ON" comment="" >
<source m_id="74" />
<target m_id="19" />
</TLINK>
</Relations>
</Document>
