<Document doc_name="30_4ecbplus.xml">
<token t_id="1" sentence="0" number="0">http</token>
<token t_id="2" sentence="0" number="1">:</token>
<token t_id="3" sentence="0" number="2">/</token>
<token t_id="4" sentence="0" number="3">/</token>
<token t_id="5" sentence="0" number="4">www</token>
<token t_id="6" sentence="0" number="5">.</token>
<token t_id="7" sentence="0" number="6">itnewsafrica</token>
<token t_id="8" sentence="0" number="7">.</token>
<token t_id="9" sentence="0" number="8">com</token>
<token t_id="10" sentence="0" number="9">/</token>
<token t_id="11" sentence="0" number="10">2011</token>
<token t_id="12" sentence="0" number="11">/</token>
<token t_id="13" sentence="0" number="12">08</token>
<token t_id="14" sentence="0" number="13">/</token>
<token t_id="15" sentence="0" number="14">fiber</token>
<token t_id="16" sentence="0" number="15">-</token>
<token t_id="17" sentence="0" number="16">cable</token>
<token t_id="18" sentence="0" number="17">-</token>
<token t_id="19" sentence="0" number="18">cut</token>
<token t_id="20" sentence="0" number="19">-</token>
<token t_id="21" sentence="0" number="20">in</token>
<token t_id="22" sentence="0" number="21">-</token>
<token t_id="23" sentence="0" number="22">egypt</token>
<token t_id="24" sentence="0" number="23">/</token>
<token t_id="25" sentence="1" number="0">Fiber</token>
<token t_id="26" sentence="1" number="1">cable</token>
<token t_id="27" sentence="1" number="2">cut</token>
<token t_id="28" sentence="1" number="3">in</token>
<token t_id="29" sentence="1" number="4">Egypt</token>
<token t_id="30" sentence="2" number="0">August</token>
<token t_id="31" sentence="2" number="1">16</token>
<token t_id="32" sentence="2" number="2">,</token>
<token t_id="33" sentence="2" number="3">2011</token>
<token t_id="34" sentence="3" number="0">Reports</token>
<token t_id="35" sentence="3" number="1">on</token>
<token t_id="36" sentence="3" number="2">Tuesday</token>
<token t_id="37" sentence="3" number="3">morning</token>
<token t_id="38" sentence="3" number="4">indicated</token>
<token t_id="39" sentence="3" number="5">that</token>
<token t_id="40" sentence="3" number="6">a</token>
<token t_id="41" sentence="3" number="7">fiber</token>
<token t_id="42" sentence="3" number="8">optic</token>
<token t_id="43" sentence="3" number="9">cable</token>
<token t_id="44" sentence="3" number="10">in</token>
<token t_id="45" sentence="3" number="11">the</token>
<token t_id="46" sentence="3" number="12">northern</token>
<token t_id="47" sentence="3" number="13">part</token>
<token t_id="48" sentence="3" number="14">of</token>
<token t_id="49" sentence="3" number="15">Egypt</token>
<token t_id="50" sentence="3" number="16">had</token>
<token t_id="51" sentence="3" number="17">been</token>
<token t_id="52" sentence="3" number="18">damaged</token>
<token t_id="53" sentence="3" number="19">,</token>
<token t_id="54" sentence="3" number="20">resulting</token>
<token t_id="55" sentence="3" number="21">in</token>
<token t_id="56" sentence="3" number="22">the</token>
<token t_id="57" sentence="3" number="23">loss</token>
<token t_id="58" sentence="3" number="24">of</token>
<token t_id="59" sentence="3" number="25">all</token>
<token t_id="60" sentence="3" number="26">telecommunications</token>
<token t_id="61" sentence="3" number="27">in</token>
<token t_id="62" sentence="3" number="28">Egypt's</token>
<token t_id="63" sentence="3" number="29">second</token>
<token t_id="64" sentence="3" number="30">largest</token>
<token t_id="65" sentence="3" number="31">city</token>
<token t_id="66" sentence="3" number="32">of</token>
<token t_id="67" sentence="3" number="33">Alexandria</token>
<token t_id="68" sentence="3" number="34">and</token>
<token t_id="69" sentence="3" number="35">parts</token>
<token t_id="70" sentence="3" number="36">of</token>
<token t_id="71" sentence="3" number="37">the</token>
<token t_id="72" sentence="3" number="38">Nile</token>
<token t_id="73" sentence="3" number="39">Delta</token>
<token t_id="74" sentence="3" number="40">region</token>
<token t_id="75" sentence="3" number="41">.</token>
<token t_id="76" sentence="4" number="0">ITNewsAfrica</token>
<token t_id="77" sentence="4" number="1">that</token>
<token t_id="78" sentence="4" number="2">"a</token>
<token t_id="79" sentence="4" number="3">Telecom</token>
<token t_id="80" sentence="4" number="4">Egypt</token>
<token t_id="81" sentence="4" number="5">fiber</token>
<token t_id="82" sentence="4" number="6">line</token>
<token t_id="83" sentence="4" number="7">near</token>
<token t_id="84" sentence="4" number="8">Alexandria</token>
<token t_id="85" sentence="4" number="9">has</token>
<token t_id="86" sentence="4" number="10">been</token>
<token t_id="87" sentence="4" number="11">damaged</token>
<token t_id="88" sentence="4" number="12">resulting</token>
<token t_id="89" sentence="4" number="13">in</token>
<token t_id="90" sentence="4" number="14">loss</token>
<token t_id="91" sentence="4" number="15">of</token>
<token t_id="92" sentence="4" number="16">telecommunications</token>
<token t_id="93" sentence="4" number="17">for</token>
<token t_id="94" sentence="4" number="18">all</token>
<token t_id="95" sentence="4" number="19">three</token>
<token t_id="96" sentence="4" number="20">mobile</token>
<token t_id="97" sentence="4" number="21">operators</token>
<token t_id="98" sentence="4" number="22">.</token>
<token t_id="99" sentence="4" number="23">"</token>
<token t_id="100" sentence="5" number="0">The</token>
<token t_id="101" sentence="5" number="1">official</token>
<token t_id="102" sentence="5" number="2">,</token>
<token t_id="103" sentence="5" number="3">however</token>
<token t_id="104" sentence="5" number="4">,</token>
<token t_id="105" sentence="5" number="5">did</token>
<token t_id="106" sentence="5" number="6">not</token>
<token t_id="107" sentence="5" number="7">give</token>
<token t_id="108" sentence="5" number="8">details</token>
<token t_id="109" sentence="5" number="9">as</token>
<token t_id="110" sentence="5" number="10">to</token>
<token t_id="111" sentence="5" number="11">why</token>
<token t_id="112" sentence="5" number="12">the</token>
<token t_id="113" sentence="5" number="13">cable</token>
<token t_id="114" sentence="5" number="14">was</token>
<token t_id="115" sentence="5" number="15">damaged</token>
<token t_id="116" sentence="5" number="16">and</token>
<token t_id="117" sentence="5" number="17">it</token>
<token t_id="118" sentence="5" number="18">remains</token>
<token t_id="119" sentence="5" number="19">unclear</token>
<token t_id="120" sentence="5" number="20">whether</token>
<token t_id="121" sentence="5" number="21">it</token>
<token t_id="122" sentence="5" number="22">was</token>
<token t_id="123" sentence="5" number="23">an</token>
<token t_id="124" sentence="5" number="24">attack</token>
<token t_id="125" sentence="5" number="25">or</token>
<token t_id="126" sentence="5" number="26">a</token>
<token t_id="127" sentence="5" number="27">miscue</token>
<token t_id="128" sentence="5" number="28">on</token>
<token t_id="129" sentence="5" number="29">the</token>
<token t_id="130" sentence="5" number="30">operator's</token>
<token t_id="131" sentence="5" number="31">part</token>
<token t_id="132" sentence="5" number="32">.</token>
<token t_id="133" sentence="6" number="0">Telecom</token>
<token t_id="134" sentence="6" number="1">Egypt</token>
<token t_id="135" sentence="6" number="2">,</token>
<token t_id="136" sentence="6" number="3">the</token>
<token t_id="137" sentence="6" number="4">country's</token>
<token t_id="138" sentence="6" number="5">state</token>
<token t_id="139" sentence="6" number="6">-</token>
<token t_id="140" sentence="6" number="7">owned</token>
<token t_id="141" sentence="6" number="8">fixed</token>
<token t_id="142" sentence="6" number="9">line</token>
<token t_id="143" sentence="6" number="10">monopoly</token>
<token t_id="144" sentence="6" number="11">is</token>
<token t_id="145" sentence="6" number="12">responsible</token>
<token t_id="146" sentence="6" number="13">for</token>
<token t_id="147" sentence="6" number="14">all</token>
<token t_id="148" sentence="6" number="15">ADSL</token>
<token t_id="149" sentence="6" number="16">Internet</token>
<token t_id="150" sentence="6" number="17">connections</token>
<token t_id="151" sentence="6" number="18">and</token>
<token t_id="152" sentence="6" number="19">the</token>
<token t_id="153" sentence="6" number="20">three</token>
<token t_id="154" sentence="6" number="21">mobile</token>
<token t_id="155" sentence="6" number="22">operators</token>
<token t_id="156" sentence="6" number="23">in</token>
<token t_id="157" sentence="6" number="24">Egypt</token>
<token t_id="158" sentence="6" number="25">their</token>
<token t_id="159" sentence="6" number="26">infrastructure</token>
<token t_id="160" sentence="6" number="27">for</token>
<token t_id="161" sentence="6" number="28">connectivity</token>
<token t_id="162" sentence="6" number="29">.</token>
<token t_id="163" sentence="7" number="0">Egypt</token>
<token t_id="164" sentence="7" number="1">is</token>
<token t_id="165" sentence="7" number="2">not</token>
<token t_id="166" sentence="7" number="3">unfamiliar</token>
<token t_id="167" sentence="7" number="4">to</token>
<token t_id="168" sentence="7" number="5">telecom</token>
<token t_id="169" sentence="7" number="6">cuts</token>
<token t_id="170" sentence="7" number="7">.</token>
<token t_id="171" sentence="8" number="0">In</token>
<token t_id="172" sentence="8" number="1">recent</token>
<token t_id="173" sentence="8" number="2">years</token>
<token t_id="174" sentence="8" number="3">,</token>
<token t_id="175" sentence="8" number="4">the</token>
<token t_id="176" sentence="8" number="5">country</token>
<token t_id="177" sentence="8" number="6">has</token>
<token t_id="178" sentence="8" number="7">lost</token>
<token t_id="179" sentence="8" number="8">Internet</token>
<token t_id="180" sentence="8" number="9">service</token>
<token t_id="181" sentence="8" number="10">after</token>
<token t_id="182" sentence="8" number="11">Mediterranean</token>
<token t_id="183" sentence="8" number="12">cables</token>
<token t_id="184" sentence="8" number="13">were</token>
<token t_id="185" sentence="8" number="14">cut</token>
<token t_id="186" sentence="8" number="15">,</token>
<token t_id="187" sentence="8" number="16">leaving</token>
<token t_id="188" sentence="8" number="17">the</token>
<token t_id="189" sentence="8" number="18">country</token>
<token t_id="190" sentence="8" number="19">largely</token>
<token t_id="191" sentence="8" number="20">blacked</token>
<token t_id="192" sentence="8" number="21">out</token>
<token t_id="193" sentence="8" number="22">for</token>
<token t_id="194" sentence="8" number="23">days</token>
<token t_id="195" sentence="8" number="24">.</token>
<token t_id="196" sentence="9" number="0">The</token>
<token t_id="197" sentence="9" number="1">official</token>
<token t_id="198" sentence="9" number="2">,</token>
<token t_id="199" sentence="9" number="3">who</token>
<token t_id="200" sentence="9" number="4">was</token>
<token t_id="201" sentence="9" number="5">not</token>
<token t_id="202" sentence="9" number="6">authorized</token>
<token t_id="203" sentence="9" number="7">to</token>
<token t_id="204" sentence="9" number="8">speak</token>
<token t_id="205" sentence="9" number="9">to</token>
<token t_id="206" sentence="9" number="10">the</token>
<token t_id="207" sentence="9" number="11">media</token>
<token t_id="208" sentence="9" number="12">,</token>
<token t_id="209" sentence="9" number="13">did</token>
<token t_id="210" sentence="9" number="14">say</token>
<token t_id="211" sentence="9" number="15">that</token>
<token t_id="212" sentence="9" number="16">they</token>
<token t_id="213" sentence="9" number="17">were</token>
<token t_id="214" sentence="9" number="18">attempting</token>
<token t_id="215" sentence="9" number="19">to</token>
<token t_id="216" sentence="9" number="20">rectify</token>
<token t_id="217" sentence="9" number="21">the</token>
<token t_id="218" sentence="9" number="22">problem</token>
<token t_id="219" sentence="9" number="23">"as</token>
<token t_id="220" sentence="9" number="24">soon</token>
<token t_id="221" sentence="9" number="25">as</token>
<token t_id="222" sentence="9" number="26">we</token>
<token t_id="223" sentence="9" number="27">understand</token>
<token t_id="224" sentence="9" number="28">exactly</token>
<token t_id="225" sentence="9" number="29">what</token>
<token t_id="226" sentence="9" number="30">happened</token>
<token t_id="227" sentence="9" number="31">.</token>
<token t_id="228" sentence="9" number="32">"</token>
<token t_id="229" sentence="10" number="0">Users</token>
<token t_id="230" sentence="10" number="1">across</token>
<token t_id="231" sentence="10" number="2">the</token>
<token t_id="232" sentence="10" number="3">country</token>
<token t_id="233" sentence="10" number="4">reported</token>
<token t_id="234" sentence="10" number="5">immediate</token>
<token t_id="235" sentence="10" number="6">drops</token>
<token t_id="236" sentence="10" number="7">in</token>
<token t_id="237" sentence="10" number="8">speed</token>
<token t_id="238" sentence="10" number="9">and</token>
<token t_id="239" sentence="10" number="10">connectivity</token>
<token t_id="240" sentence="10" number="11">.</token>
<token t_id="241" sentence="11" number="0">At</token>
<token t_id="242" sentence="11" number="1">local</token>
<token t_id="243" sentence="11" number="2">cafes</token>
<token t_id="244" sentence="11" number="3">in</token>
<token t_id="245" sentence="11" number="4">Cairo</token>
<token t_id="246" sentence="11" number="5">,</token>
<token t_id="247" sentence="11" number="6">users</token>
<token t_id="248" sentence="11" number="7">immediately</token>
<token t_id="249" sentence="11" number="8">saw</token>
<token t_id="250" sentence="11" number="9">a</token>
<token t_id="251" sentence="11" number="10">difference</token>
<token t_id="252" sentence="11" number="11">in</token>
<token t_id="253" sentence="11" number="12">connection</token>
<token t_id="254" sentence="11" number="13">speed</token>
<token t_id="255" sentence="11" number="14">.</token>
<token t_id="256" sentence="12" number="0">"I</token>
<token t_id="257" sentence="12" number="1">hope</token>
<token t_id="258" sentence="12" number="2">they</token>
<token t_id="259" sentence="12" number="3">get</token>
<token t_id="260" sentence="12" number="4">this</token>
<token t_id="261" sentence="12" number="5">sorted</token>
<token t_id="262" sentence="12" number="6">out</token>
<token t_id="263" sentence="12" number="7">quickly</token>
<token t_id="264" sentence="12" number="8">,</token>
<token t_id="265" sentence="12" number="9">because</token>
<token t_id="266" sentence="12" number="10">I</token>
<token t_id="267" sentence="12" number="11">have</token>
<token t_id="268" sentence="12" number="12">to</token>
<token t_id="269" sentence="12" number="13">upload</token>
<token t_id="270" sentence="12" number="14">things</token>
<token t_id="271" sentence="12" number="15">daily</token>
<token t_id="272" sentence="12" number="16">and</token>
<token t_id="273" sentence="12" number="17">this</token>
<token t_id="274" sentence="12" number="18">cut</token>
<token t_id="275" sentence="12" number="19">is</token>
<token t_id="276" sentence="12" number="20">affecting</token>
<token t_id="277" sentence="12" number="21">how</token>
<token t_id="278" sentence="12" number="22">I</token>
<token t_id="279" sentence="12" number="23">work</token>
<token t_id="280" sentence="12" number="24">,</token>
<token t_id="281" sentence="12" number="25">"</token>
<token t_id="282" sentence="12" number="26">said</token>
<token t_id="283" sentence="12" number="27">an</token>
<token t_id="284" sentence="12" number="28">Egyptian</token>
<token t_id="285" sentence="12" number="29">blogger</token>
<token t_id="286" sentence="12" number="30">and</token>
<token t_id="287" sentence="12" number="31">journalist</token>
<token t_id="288" sentence="12" number="32">,</token>
<token t_id="289" sentence="12" number="33">who</token>
<token t_id="290" sentence="12" number="34">added</token>
<token t_id="291" sentence="12" number="35">that</token>
<token t_id="292" sentence="12" number="36">the</token>
<token t_id="293" sentence="12" number="37">"Internet</token>
<token t_id="294" sentence="12" number="38">is</token>
<token t_id="295" sentence="12" number="39">my</token>
<token t_id="296" sentence="12" number="40">life</token>
<token t_id="297" sentence="12" number="41">.</token>
<token t_id="298" sentence="13" number="0">If</token>
<token t_id="299" sentence="13" number="1">it</token>
<token t_id="300" sentence="13" number="2">goes</token>
<token t_id="301" sentence="13" number="3">down</token>
<token t_id="302" sentence="13" number="4">,</token>
<token t_id="303" sentence="13" number="5">it</token>
<token t_id="304" sentence="13" number="6">really</token>
<token t_id="305" sentence="13" number="7">hurts</token>
<token t_id="306" sentence="13" number="8">my</token>
<token t_id="307" sentence="13" number="9">ability</token>
<token t_id="308" sentence="13" number="10">to</token>
<token t_id="309" sentence="13" number="11">work</token>
<token t_id="310" sentence="13" number="12">.</token>
<token t_id="311" sentence="13" number="13">"</token>


<Markables>
<ACTION_OCCURRENCE m_id="1" climaxEvent="FALSE" comment=""  >
<token_anchor t_id="235"/>
</ACTION_OCCURRENCE>
<ACTION_OCCURRENCE m_id="2" climaxEvent="FALSE" comment=""  >
<token_anchor t_id="87"/>
</ACTION_OCCURRENCE>
<ACTION_OCCURRENCE m_id="3" climaxEvent="FALSE" comment=""  >
<token_anchor t_id="92"/>
</ACTION_OCCURRENCE>
<ACTION_OCCURRENCE m_id="4" climaxEvent="FALSE" comment=""  >
<token_anchor t_id="52"/>
</ACTION_OCCURRENCE>
<ACTION_OCCURRENCE m_id="5" climaxEvent="FALSE" comment=""  >
<token_anchor t_id="38"/>
</ACTION_OCCURRENCE>
<ACTION_OCCURRENCE m_id="6" climaxEvent="FALSE" comment=""  >
<token_anchor t_id="54"/>
</ACTION_OCCURRENCE>
<ACTION_OCCURRENCE m_id="7" climaxEvent="FALSE" comment=""  >
<token_anchor t_id="60"/>
</ACTION_OCCURRENCE>
<ACTION_OCCURRENCE m_id="8" climaxEvent="FALSE" comment=""  >
<token_anchor t_id="88"/>
</ACTION_OCCURRENCE>
<ACTION_OCCURRENCE m_id="9" climaxEvent="TRUE" comment=""  >
<token_anchor t_id="27"/>
</ACTION_OCCURRENCE>
<ACTION_OCCURRENCE m_id="10" climaxEvent="FALSE" comment=""  >
<token_anchor t_id="57"/>
</ACTION_OCCURRENCE>
<ACTION_OCCURRENCE m_id="11" climaxEvent="FALSE" comment=""  >
<token_anchor t_id="90"/>
</ACTION_OCCURRENCE>
<ACTION_REPORTING m_id="12" comment=""  >
<token_anchor t_id="233"/>
</ACTION_REPORTING>
<ACTION_REPORTING m_id="13" comment=""  >
<token_anchor t_id="34"/>
</ACTION_REPORTING>
<ACTION_STATE m_id="14" climaxEvent="FALSE" comment=""  >
<token_anchor t_id="138"/>
<token_anchor t_id="139"/>
<token_anchor t_id="140"/>
</ACTION_STATE>
<ACTION_STATE m_id="15" climaxEvent="FALSE" comment=""  >
<token_anchor t_id="145"/>
</ACTION_STATE>
<HUMAN_PART_GPE m_id="16"  >
<token_anchor t_id="137"/>
</HUMAN_PART_GPE>
<HUMAN_PART_ORG m_id="17"  >
<token_anchor t_id="95"/>
<token_anchor t_id="96"/>
<token_anchor t_id="97"/>
</HUMAN_PART_ORG>
<HUMAN_PART_ORG m_id="18"  >
<token_anchor t_id="76"/>
</HUMAN_PART_ORG>
<HUMAN_PART_ORG m_id="19"  >
<token_anchor t_id="79"/>
<token_anchor t_id="80"/>
</HUMAN_PART_ORG>
<HUMAN_PART_ORG m_id="20"  >
<token_anchor t_id="133"/>
<token_anchor t_id="134"/>
</HUMAN_PART_ORG>
<HUMAN_PART_ORG m_id="21"  >
<token_anchor t_id="153"/>
<token_anchor t_id="154"/>
<token_anchor t_id="155"/>
</HUMAN_PART_ORG>
<HUMAN_PART_PER m_id="22" comment=""  >
<token_anchor t_id="229"/>
</HUMAN_PART_PER>
<LOC_GEO m_id="23" comment=""  >
<token_anchor t_id="156"/>
<token_anchor t_id="157"/>
</LOC_GEO>
<LOC_GEO m_id="24" comment=""  >
<token_anchor t_id="230"/>
<token_anchor t_id="231"/>
<token_anchor t_id="232"/>
</LOC_GEO>
<LOC_GEO m_id="25" comment=""  >
<token_anchor t_id="61"/>
<token_anchor t_id="62"/>
<token_anchor t_id="63"/>
<token_anchor t_id="64"/>
<token_anchor t_id="65"/>
<token_anchor t_id="66"/>
<token_anchor t_id="67"/>
<token_anchor t_id="68"/>
<token_anchor t_id="69"/>
<token_anchor t_id="70"/>
<token_anchor t_id="71"/>
<token_anchor t_id="72"/>
<token_anchor t_id="73"/>
<token_anchor t_id="74"/>
</LOC_GEO>
<LOC_GEO m_id="26" comment=""  >
<token_anchor t_id="83"/>
<token_anchor t_id="84"/>
</LOC_GEO>
<LOC_GEO m_id="27" comment=""  >
<token_anchor t_id="44"/>
<token_anchor t_id="45"/>
<token_anchor t_id="46"/>
<token_anchor t_id="47"/>
<token_anchor t_id="48"/>
<token_anchor t_id="49"/>
</LOC_GEO>
<LOC_GEO m_id="28" comment=""  >
<token_anchor t_id="28"/>
<token_anchor t_id="29"/>
</LOC_GEO>
<NON_HUMAN_PART m_id="33" comment=""  >
<token_anchor t_id="25"/>
<token_anchor t_id="26"/>
</NON_HUMAN_PART>
<NON_HUMAN_PART m_id="34" comment=""  >
<token_anchor t_id="237"/>
</NON_HUMAN_PART>
<NON_HUMAN_PART m_id="35" comment=""  >
<token_anchor t_id="239"/>
</NON_HUMAN_PART>
<NON_HUMAN_PART m_id="29" comment=""  >
<token_anchor t_id="161"/>
</NON_HUMAN_PART>
<NON_HUMAN_PART m_id="30" comment=""  >
<token_anchor t_id="159"/>
</NON_HUMAN_PART>
<NON_HUMAN_PART m_id="31" comment=""  >
<token_anchor t_id="41"/>
<token_anchor t_id="42"/>
<token_anchor t_id="43"/>
</NON_HUMAN_PART>
<NON_HUMAN_PART m_id="32" comment=""  >
<token_anchor t_id="81"/>
<token_anchor t_id="82"/>
</NON_HUMAN_PART>
<TIME_DATE m_id="36" comment="" DCT="TRUE" value="2011-08-16" anchorTimeID=""  >
<token_anchor t_id="30"/>
<token_anchor t_id="31"/>
<token_anchor t_id="32"/>
<token_anchor t_id="33"/>
</TIME_DATE>
<TIME_OF_THE_DAY m_id="37" comment="" DCT="FALSE" value="2011-08-16TMO" anchorTimeID="36"  >
<token_anchor t_id="36"/>
<token_anchor t_id="37"/>
</TIME_OF_THE_DAY>


<ACTION_OCCURRENCE m_id="38" RELATED_TO="" TAG_DESCRIPTOR="t30_egypt_communications" climaxEvent="FALSE" comment="" />
<ACTION_OCCURRENCE m_id="39" RELATED_TO="" TAG_DESCRIPTOR="t30_egypt_cable_break" climaxEvent="FALSE" comment="" />
<HUMAN_PART_ORG m_id="40" RELATED_TO="" TAG_DESCRIPTOR="t30_telecom_egypt" />
<LOC_GEO m_id="41" RELATED_TO="" TAG_DESCRIPTOR="t30_cut_egypt" comment="" />
<ACTION_OCCURRENCE m_id="42" RELATED_TO="" TAG_DESCRIPTOR="t30_affecting_services" climaxEvent="FALSE" comment="" />
<ACTION_OCCURRENCE m_id="43" RELATED_TO="" TAG_DESCRIPTOR="t30_egypt_communications_disrupted" climaxEvent="FALSE" comment="" />
<TIME_DATE m_id="44" RELATED_TO="" TAG_DESCRIPTOR="t30_tue_egypt_cut" comment="" DCT="FALSE" value="" anchorTimeID="" />
<HUMAN_PART_ORG m_id="45" RELATED_TO="" TAG_DESCRIPTOR="t30_three_providers_egypt" />
<NON_HUMAN_PART m_id="46" RELATED_TO="" TAG_DESCRIPTOR="t30_egypt_cable" comment="" />
<LOC_GEO m_id="47" RELATED_TO="" TAG_DESCRIPTOR="t30_egypt_area" comment="" />
</Markables>

<Relations>
<TLINK r_id="245494" contextualModality="" relType="CONTAINS" comment="" >
<source m_id="36" />
<target m_id="9" />
</TLINK>
<TLINK r_id="245495" contextualModality="" relType="CONTAINS" comment="" >
<source m_id="36" />
<target m_id="4" />
</TLINK>
<TLINK r_id="245497" contextualModality="" relType="CONTAINS" comment="" >
<source m_id="36" />
<target m_id="6" />
</TLINK>
<TLINK r_id="245498" contextualModality="" relType="CONTAINS" comment="" >
<source m_id="36" />
<target m_id="10" />
</TLINK>
<TLINK r_id="245499" contextualModality="" relType="CONTAINS" comment="" >
<source m_id="36" />
<target m_id="7" />
</TLINK>
<TLINK r_id="245500" contextualModality="" relType="CONTAINS" comment="" >
<source m_id="36" />
<target m_id="2" />
</TLINK>
<TLINK r_id="245501" contextualModality="" relType="CONTAINS" comment="" >
<source m_id="36" />
<target m_id="8" />
</TLINK>
<TLINK r_id="245502" contextualModality="" relType="CONTAINS" comment="" >
<source m_id="36" />
<target m_id="11" />
</TLINK>
<TLINK r_id="245503" contextualModality="" relType="CONTAINS" comment="" >
<source m_id="36" />
<target m_id="3" />
</TLINK>
<TLINK r_id="245506" contextualModality="" relType="OVERLAP" comment="" >
<source m_id="36" />
<target m_id="15" />
</TLINK>
<PLOT_LINK r_id="245507" SIGNAL="6" relType="PRECONDITION" CAUSES="TRUE" CAUSED_BY="FALSE" >
<source m_id="4" />
<target m_id="10" />
</PLOT_LINK>
<PLOT_LINK r_id="245508" SIGNAL="" relType="PRECONDITION" CAUSES="FALSE" CAUSED_BY="FALSE" >
<source m_id="9" />
<target m_id="10" />
</PLOT_LINK>
<PLOT_LINK r_id="245509" SIGNAL="8" relType="PRECONDITION" CAUSES="TRUE" CAUSED_BY="FALSE" >
<source m_id="2" />
<target m_id="11" />
</PLOT_LINK>
<TLINK r_id="245511" contextualModality="" relType="CONTAINS" comment="" >
<source m_id="36" />
<target m_id="1" />
</TLINK>
<PLOT_LINK r_id="245512" SIGNAL="" relType="PRECONDITION" CAUSES="FALSE" CAUSED_BY="FALSE" >
<source m_id="2" />
<target m_id="1" />
</PLOT_LINK>
<PLOT_LINK r_id="245513" SIGNAL="" relType="PRECONDITION" CAUSES="FALSE" CAUSED_BY="FALSE" >
<source m_id="4" />
<target m_id="1" />
</PLOT_LINK>
<PLOT_LINK r_id="245514" SIGNAL="" relType="PRECONDITION" CAUSES="FALSE" CAUSED_BY="FALSE" >
<source m_id="9" />
<target m_id="1" />
</PLOT_LINK>
<TLINK r_id="253404" contextualModality="" relType="CONTAINS" comment="" >
<source m_id="37" />
<target m_id="5" />
</TLINK>
<TLINK r_id="253405" contextualModality="" relType="CONTAINS" comment="" >
<source m_id="37" />
<target m_id="4" />
</TLINK>
<TLINK r_id="253406" contextualModality="" relType="CONTAINS" comment="" >
<source m_id="37" />
<target m_id="6" />
</TLINK>
<TLINK r_id="253407" contextualModality="" relType="CONTAINS" comment="" >
<source m_id="37" />
<target m_id="10" />
</TLINK>
<TLINK r_id="253408" contextualModality="" relType="CONTAINS" comment="" >
<source m_id="37" />
<target m_id="7" />
</TLINK>
</Relations>
</Document>
