<Document doc_name="30_7ecbplus.xml">
<token t_id="1" sentence="0" number="0">http</token>
<token t_id="2" sentence="0" number="1">:</token>
<token t_id="3" sentence="0" number="2">/</token>
<token t_id="4" sentence="0" number="3">/</token>
<token t_id="5" sentence="0" number="4">kim</token>
<token t_id="6" sentence="0" number="5">.</token>
<token t_id="7" sentence="0" number="6">wits</token>
<token t_id="8" sentence="0" number="7">.</token>
<token t_id="9" sentence="0" number="8">ac</token>
<token t_id="10" sentence="0" number="9">.</token>
<token t_id="11" sentence="0" number="10">za</token>
<token t_id="12" sentence="0" number="11">/</token>
<token t_id="13" sentence="0" number="12">index</token>
<token t_id="14" sentence="0" number="13">.</token>
<token t_id="15" sentence="0" number="14">php</token>
<token t_id="16" sentence="0" number="15">?</token>
<token t_id="17" sentence="0" number="16">module=news&amp;action=viewstory&amp;id=gen11Srv0Nme53</token>
<token t_id="18" sentence="0" number="17">_</token>
<token t_id="19" sentence="0" number="18">84584</token>
<token t_id="20" sentence="0" number="19">_</token>
<token t_id="21" sentence="0" number="20">1313485720</token>
<token t_id="22" sentence="1" number="0">BRIEF</token>
<token t_id="23" sentence="1" number="1">UNPLANNED</token>
<token t_id="24" sentence="1" number="2">SEACOM</token>
<token t_id="25" sentence="1" number="3">CABLE</token>
<token t_id="26" sentence="1" number="4">INTERNET</token>
<token t_id="27" sentence="1" number="5">OUTAGE</token>
<token t_id="28" sentence="2" number="0">16</token>
<token t_id="29" sentence="2" number="1">August</token>
<token t_id="30" sentence="2" number="2">2011</token>
<token t_id="31" sentence="3" number="0">(</token>
<token t_id="32" sentence="3" number="1">Tue</token>
<token t_id="33" sentence="3" number="2">,</token>
<token t_id="34" sentence="3" number="3">16</token>
<token t_id="35" sentence="3" number="4">Aug</token>
<token t_id="36" sentence="3" number="5">2011</token>
<token t_id="37" sentence="3" number="6">)</token>
<token t_id="38" sentence="3" number="7">This</token>
<token t_id="39" sentence="3" number="8">morning</token>
<token t_id="40" sentence="3" number="9">one</token>
<token t_id="41" sentence="3" number="10">of</token>
<token t_id="42" sentence="3" number="11">the</token>
<token t_id="43" sentence="3" number="12">Wits</token>
<token t_id="44" sentence="3" number="13">Internet</token>
<token t_id="45" sentence="3" number="14">Service</token>
<token t_id="46" sentence="3" number="15">providers</token>
<token t_id="47" sentence="3" number="16">,</token>
<token t_id="48" sentence="3" number="17">SEACOM</token>
<token t_id="49" sentence="3" number="18">,</token>
<token t_id="50" sentence="3" number="19">experienced</token>
<token t_id="51" sentence="3" number="20">an</token>
<token t_id="52" sentence="3" number="21">outage</token>
<token t_id="53" sentence="3" number="22">affecting</token>
<token t_id="54" sentence="3" number="23">International</token>
<token t_id="55" sentence="3" number="24">Internet</token>
<token t_id="56" sentence="3" number="25">browsing</token>
<token t_id="57" sentence="3" number="26">.</token>
<token t_id="58" sentence="4" number="0">The</token>
<token t_id="59" sentence="4" number="1">service</token>
<token t_id="60" sentence="4" number="2">is</token>
<token t_id="61" sentence="4" number="3">now</token>
<token t_id="62" sentence="4" number="4">back</token>
<token t_id="63" sentence="4" number="5">online</token>
<token t_id="64" sentence="4" number="6">.</token>
<token t_id="65" sentence="5" number="0">TENET</token>
<token t_id="66" sentence="5" number="1">will</token>
<token t_id="67" sentence="5" number="2">continue</token>
<token t_id="68" sentence="5" number="3">to</token>
<token t_id="69" sentence="5" number="4">monitor</token>
<token t_id="70" sentence="5" number="5">and</token>
<token t_id="71" sentence="5" number="6">ensure</token>
<token t_id="72" sentence="5" number="7">that</token>
<token t_id="73" sentence="5" number="8">it</token>
<token t_id="74" sentence="5" number="9">is</token>
<token t_id="75" sentence="5" number="10">stable</token>
<token t_id="76" sentence="5" number="11">however</token>
<token t_id="77" sentence="5" number="12">,</token>
<token t_id="78" sentence="5" number="13">but</token>
<token t_id="79" sentence="5" number="14">from</token>
<token t_id="80" sentence="5" number="15">the</token>
<token t_id="81" sentence="5" number="16">looks</token>
<token t_id="82" sentence="5" number="17">of</token>
<token t_id="83" sentence="5" number="18">things</token>
<token t_id="84" sentence="5" number="19">traffic</token>
<token t_id="85" sentence="5" number="20">should</token>
<token t_id="86" sentence="5" number="21">now</token>
<token t_id="87" sentence="5" number="22">be</token>
<token t_id="88" sentence="5" number="23">flowing</token>
<token t_id="89" sentence="5" number="24">normally</token>
<token t_id="90" sentence="5" number="25">again</token>
<token t_id="91" sentence="5" number="26">.</token>
<token t_id="92" sentence="6" number="0">According</token>
<token t_id="93" sentence="6" number="1">to</token>
<token t_id="94" sentence="6" number="2">information</token>
<token t_id="95" sentence="6" number="3">from</token>
<token t_id="96" sentence="6" number="4">SEACOM</token>
<token t_id="97" sentence="6" number="5">the</token>
<token t_id="98" sentence="6" number="6">outage</token>
<token t_id="99" sentence="6" number="7">was</token>
<token t_id="100" sentence="6" number="8">caused</token>
<token t_id="101" sentence="6" number="9">by</token>
<token t_id="102" sentence="6" number="10">a</token>
<token t_id="103" sentence="6" number="11">terrestrial</token>
<token t_id="104" sentence="6" number="12">break</token>
<token t_id="105" sentence="6" number="13">in</token>
<token t_id="106" sentence="6" number="14">the</token>
<token t_id="107" sentence="6" number="15">fibre</token>
<token t_id="108" sentence="6" number="16">in</token>
<token t_id="109" sentence="6" number="17">Egypt</token>
<token t_id="110" sentence="6" number="18">on</token>
<token t_id="111" sentence="6" number="19">the</token>
<token t_id="112" sentence="6" number="20">SMW4</token>
<token t_id="113" sentence="6" number="21">cable</token>
<token t_id="114" sentence="6" number="22">system</token>
<token t_id="115" sentence="6" number="23">.</token>
<token t_id="116" sentence="7" number="0">Once</token>
<token t_id="117" sentence="7" number="1">we</token>
<token t_id="118" sentence="7" number="2">have</token>
<token t_id="119" sentence="7" number="3">official</token>
<token t_id="120" sentence="7" number="4">confirmation</token>
<token t_id="121" sentence="7" number="5">/</token>
<token t_id="122" sentence="7" number="6">an</token>
<token t_id="123" sentence="7" number="7">incident</token>
<token t_id="124" sentence="7" number="8">report</token>
<token t_id="125" sentence="7" number="9">we</token>
<token t_id="126" sentence="7" number="10">will</token>
<token t_id="127" sentence="7" number="11">send</token>
<token t_id="128" sentence="7" number="12">more</token>
<token t_id="129" sentence="7" number="13">information</token>
<token t_id="130" sentence="7" number="14">.</token>
<token t_id="131" sentence="8" number="0">Always</token>
<token t_id="132" sentence="8" number="1">at</token>
<token t_id="133" sentence="8" number="2">your</token>
<token t_id="134" sentence="8" number="3">service</token>
<token t_id="135" sentence="8" number="4">.</token>


<Markables>
<ACTION_ASPECTUAL m_id="1" comment=""  >
<token_anchor t_id="67"/>
</ACTION_ASPECTUAL>
<ACTION_CAUSATIVE m_id="2" comment=""  >
<token_anchor t_id="100"/>
</ACTION_CAUSATIVE>
<ACTION_OCCURRENCE m_id="3" climaxEvent="FALSE" comment=""  >
<token_anchor t_id="59"/>
</ACTION_OCCURRENCE>
<ACTION_OCCURRENCE m_id="4" climaxEvent="FALSE" comment=""  >
<token_anchor t_id="69"/>
</ACTION_OCCURRENCE>
<ACTION_OCCURRENCE m_id="5" climaxEvent="FALSE" comment=""  >
<token_anchor t_id="71"/>
</ACTION_OCCURRENCE>
<ACTION_OCCURRENCE m_id="6" climaxEvent="FALSE" comment=""  >
<token_anchor t_id="84"/>
</ACTION_OCCURRENCE>
<ACTION_OCCURRENCE m_id="7" climaxEvent="FALSE" comment=""  >
<token_anchor t_id="88"/>
</ACTION_OCCURRENCE>
<ACTION_OCCURRENCE m_id="8" climaxEvent="FALSE" comment=""  >
<token_anchor t_id="98"/>
</ACTION_OCCURRENCE>
<ACTION_OCCURRENCE m_id="9" climaxEvent="FALSE" comment=""  >
<token_anchor t_id="103"/>
<token_anchor t_id="104"/>
</ACTION_OCCURRENCE>
<ACTION_OCCURRENCE m_id="10" climaxEvent="TRUE" comment=""  >
<token_anchor t_id="27"/>
</ACTION_OCCURRENCE>
<ACTION_OCCURRENCE m_id="11" climaxEvent="FALSE" comment=""  >
<token_anchor t_id="56"/>
</ACTION_OCCURRENCE>
<ACTION_OCCURRENCE m_id="12" climaxEvent="FALSE" comment=""  >
<token_anchor t_id="50"/>
</ACTION_OCCURRENCE>
<ACTION_OCCURRENCE m_id="13" climaxEvent="FALSE" comment=""  >
<token_anchor t_id="52"/>
</ACTION_OCCURRENCE>
<ACTION_OCCURRENCE m_id="14" climaxEvent="FALSE" comment=""  >
<token_anchor t_id="53"/>
</ACTION_OCCURRENCE>
<ACTION_REPORTING m_id="15" comment=""  >
<token_anchor t_id="92"/>
<token_anchor t_id="93"/>
</ACTION_REPORTING>
<ACTION_STATE m_id="16" climaxEvent="FALSE" comment=""  >
<token_anchor t_id="63"/>
</ACTION_STATE>
<ACTION_STATE m_id="17" climaxEvent="FALSE" comment=""  >
<token_anchor t_id="75"/>
</ACTION_STATE>
<ACTION_STATE m_id="18" climaxEvent="FALSE" comment=""  >
<token_anchor t_id="22"/>
</ACTION_STATE>
<ACTION_STATE m_id="19" climaxEvent="FALSE" comment=""  >
<token_anchor t_id="23"/>
</ACTION_STATE>
<HUMAN_PART_ORG m_id="20"  >
<token_anchor t_id="43"/>
<token_anchor t_id="44"/>
<token_anchor t_id="45"/>
<token_anchor t_id="46"/>
</HUMAN_PART_ORG>
<HUMAN_PART_ORG m_id="21"  >
<token_anchor t_id="24"/>
</HUMAN_PART_ORG>
<HUMAN_PART_ORG m_id="22"  >
<token_anchor t_id="48"/>
</HUMAN_PART_ORG>
<HUMAN_PART_ORG m_id="23"  >
<token_anchor t_id="65"/>
</HUMAN_PART_ORG>
<HUMAN_PART_ORG m_id="24"  >
<token_anchor t_id="96"/>
</HUMAN_PART_ORG>
<HUMAN_PART_ORG m_id="25"  >
<token_anchor t_id="40"/>
</HUMAN_PART_ORG>
<LOC_GEO m_id="26" comment=""  >
<token_anchor t_id="108"/>
<token_anchor t_id="109"/>
</LOC_GEO>
<NON_HUMAN_PART m_id="27" comment=""  >
<token_anchor t_id="55"/>
</NON_HUMAN_PART>
<NON_HUMAN_PART m_id="28" comment=""  >
<token_anchor t_id="25"/>
</NON_HUMAN_PART>
<NON_HUMAN_PART m_id="29" comment=""  >
<token_anchor t_id="26"/>
</NON_HUMAN_PART>
<NON_HUMAN_PART m_id="30" comment=""  >
<token_anchor t_id="107"/>
</NON_HUMAN_PART>
<NON_HUMAN_PART m_id="31" comment=""  >
<token_anchor t_id="112"/>
<token_anchor t_id="113"/>
<token_anchor t_id="114"/>
</NON_HUMAN_PART>
<NON_HUMAN_PART m_id="32" comment=""  >
<token_anchor t_id="94"/>
</NON_HUMAN_PART>
<NON_HUMAN_PART_GENERIC m_id="33"  >
<token_anchor t_id="83"/>
</NON_HUMAN_PART_GENERIC>
<NON_HUMAN_PART_GENERIC m_id="34"  >
<token_anchor t_id="81"/>
</NON_HUMAN_PART_GENERIC>
<TIME_DATE m_id="35" comment="" DCT="TRUE" value="2011-08-16" anchorTimeID=""  >
<token_anchor t_id="28"/>
<token_anchor t_id="29"/>
<token_anchor t_id="30"/>
</TIME_DATE>
<TIME_DATE m_id="36" comment="" DCT="FALSE" value="2011-08-16" anchorTimeID=""  >
<token_anchor t_id="32"/>
<token_anchor t_id="33"/>
<token_anchor t_id="34"/>
<token_anchor t_id="35"/>
<token_anchor t_id="36"/>
</TIME_DATE>
<TIME_OF_THE_DAY m_id="37" DCT="FALSE" value="2011-08-16TMO" anchorTimeID="35"  >
<token_anchor t_id="38"/>
<token_anchor t_id="39"/>
</TIME_OF_THE_DAY>


<ACTION_OCCURRENCE m_id="38" RELATED_TO="" TAG_DESCRIPTOR="t30_egypt_cable_break" climaxEvent="FALSE" comment="" />
<LOC_GEO m_id="39" RELATED_TO="" TAG_DESCRIPTOR="t30_cut_egypt" comment="" />
<ACTION_OCCURRENCE m_id="40" RELATED_TO="" TAG_DESCRIPTOR="t30_affecting_services" climaxEvent="FALSE" comment="" />
<ACTION_OCCURRENCE m_id="41" RELATED_TO="" TAG_DESCRIPTOR="t30_egypt_communications_disrupted" climaxEvent="FALSE" comment="" />
<HUMAN_PART_ORG m_id="42" RELATED_TO="" TAG_DESCRIPTOR="t30_seacom" />
<NON_HUMAN_PART m_id="43" RELATED_TO="" TAG_DESCRIPTOR="t30_egypt_cable" comment="" />
<NON_HUMAN_PART m_id="44" RELATED_TO="27" TAG_DESCRIPTOR="internet" comment="" />
</Markables>

<Relations>
<TLINK r_id="245607" contextualModality="" relType="CONTAINS" comment="" >
<source m_id="35" />
<target m_id="19" />
</TLINK>
<TLINK r_id="245608" contextualModality="" relType="CONTAINS" comment="" >
<source m_id="35" />
<target m_id="10" />
</TLINK>
<TLINK r_id="245609" contextualModality="" relType="CONTAINS" comment="" >
<source m_id="35" />
<target m_id="12" />
</TLINK>
<TLINK r_id="245610" contextualModality="" relType="CONTAINS" comment="" >
<source m_id="35" />
<target m_id="13" />
</TLINK>
<TLINK r_id="245611" contextualModality="" relType="CONTAINS" comment="" >
<source m_id="35" />
<target m_id="14" />
</TLINK>
<TLINK r_id="245612" contextualModality="" relType="CONTAINS" comment="" >
<source m_id="35" />
<target m_id="11" />
</TLINK>
<TLINK r_id="245613" contextualModality="" relType="CONTAINS" comment="" >
<source m_id="35" />
<target m_id="3" />
</TLINK>
<TLINK r_id="245614" contextualModality="" relType="CONTAINS" comment="" >
<source m_id="35" />
<target m_id="16" />
</TLINK>
<TLINK r_id="245616" contextualModality="" relType="OVERLAP" comment="" >
<source m_id="35" />
<target m_id="4" />
</TLINK>
<TLINK r_id="245617" contextualModality="" relType="OVERLAP" comment="" >
<source m_id="35" />
<target m_id="5" />
</TLINK>
<TLINK r_id="245618" contextualModality="" relType="OVERLAP" comment="" >
<source m_id="35" />
<target m_id="17" />
</TLINK>
<TLINK r_id="245620" contextualModality="" relType="OVERLAP" comment="" >
<source m_id="35" />
<target m_id="6" />
</TLINK>
<TLINK r_id="245621" contextualModality="" relType="OVERLAP" comment="" >
<source m_id="35" />
<target m_id="7" />
</TLINK>
<TLINK r_id="245622" contextualModality="" relType="CONTAINS" comment="" >
<source m_id="35" />
<target m_id="8" />
</TLINK>
<TLINK r_id="245624" contextualModality="" relType="CONTAINS" comment="" >
<source m_id="35" />
<target m_id="9" />
</TLINK>
<PLOT_LINK r_id="245625" SIGNAL="" relType="PRECONDITION" CAUSES="FALSE" CAUSED_BY="FALSE" >
<source m_id="10" />
<target m_id="14" />
</PLOT_LINK>
<PLOT_LINK r_id="245626" SIGNAL="" relType="PRECONDITION" CAUSES="FALSE" CAUSED_BY="FALSE" >
<source m_id="13" />
<target m_id="14" />
</PLOT_LINK>
<PLOT_LINK r_id="245627" SIGNAL="" relType="PRECONDITION" CAUSES="FALSE" CAUSED_BY="FALSE" >
<source m_id="13" />
<target m_id="4" />
</PLOT_LINK>
<PLOT_LINK r_id="245628" SIGNAL="" relType="PRECONDITION" CAUSES="FALSE" CAUSED_BY="FALSE" >
<source m_id="13" />
<target m_id="5" />
</PLOT_LINK>
<PLOT_LINK r_id="245629" SIGNAL="2" relType="FALLING_ACTION" CAUSES="FALSE" CAUSED_BY="TRUE" >
<source m_id="8" />
<target m_id="9" />
</PLOT_LINK>
<PLOT_LINK r_id="245630" SIGNAL="" relType="FALLING_ACTION" CAUSES="FALSE" CAUSED_BY="FALSE" >
<source m_id="13" />
<target m_id="9" />
</PLOT_LINK>
<PLOT_LINK r_id="245631" SIGNAL="" relType="FALLING_ACTION" CAUSES="FALSE" CAUSED_BY="FALSE" >
<source m_id="10" />
<target m_id="9" />
</PLOT_LINK>
<TLINK r_id="253458" contextualModality="" relType="CONTAINS" comment="" >
<source m_id="37" />
<target m_id="12" />
</TLINK>
<TLINK r_id="253459" contextualModality="" relType="CONTAINS" comment="" >
<source m_id="37" />
<target m_id="13" />
</TLINK>
<TLINK r_id="253460" contextualModality="" relType="CONTAINS" comment="" >
<source m_id="37" />
<target m_id="14" />
</TLINK>
<TLINK r_id="253461" contextualModality="" relType="CONTAINS" comment="" >
<source m_id="37" />
<target m_id="11" />
</TLINK>
<TLINK r_id="253462" contextualModality="" relType="CONTAINS" comment="" >
<source m_id="37" />
<target m_id="8" />
</TLINK>
<TLINK r_id="253463" contextualModality="" relType="CONTAINS" comment="" >
<source m_id="37" />
<target m_id="9" />
</TLINK>
</Relations>
</Document>
