<Document doc_name="5_10ecbplus.xml">
<token t_id="1" sentence="0" number="0">http</token>
<token t_id="2" sentence="0" number="1">:</token>
<token t_id="3" sentence="0" number="2">/</token>
<token t_id="4" sentence="0" number="3">/</token>
<token t_id="5" sentence="0" number="4">forums</token>
<token t_id="6" sentence="0" number="5">.</token>
<token t_id="7" sentence="0" number="6">nba</token>
<token t_id="8" sentence="0" number="7">-</token>
<token t_id="9" sentence="0" number="8">live</token>
<token t_id="10" sentence="0" number="9">.</token>
<token t_id="11" sentence="0" number="10">com</token>
<token t_id="12" sentence="0" number="11">/</token>
<token t_id="13" sentence="0" number="12">viewtopic</token>
<token t_id="14" sentence="0" number="13">.</token>
<token t_id="15" sentence="0" number="14">php</token>
<token t_id="16" sentence="0" number="15">?</token>
<token t_id="17" sentence="0" number="16">f=44&amp;t=25677</token>
<token t_id="18" sentence="1" number="0">Sixers</token>
<token t_id="19" sentence="1" number="1">Hire</token>
<token t_id="20" sentence="1" number="2">Maurice</token>
<token t_id="21" sentence="1" number="3">Cheeks</token>
<token t_id="22" sentence="1" number="4">as</token>
<token t_id="23" sentence="1" number="5">Head</token>
<token t_id="24" sentence="1" number="6">Coach</token>
<token t_id="25" sentence="2" number="0">Maurice</token>
<token t_id="26" sentence="2" number="1">Cheeks</token>
<token t_id="27" sentence="2" number="2">was</token>
<token t_id="28" sentence="2" number="3">officially</token>
<token t_id="29" sentence="2" number="4">introduced</token>
<token t_id="30" sentence="2" number="5">as</token>
<token t_id="31" sentence="2" number="6">the</token>
<token t_id="32" sentence="2" number="7">21st</token>
<token t_id="33" sentence="2" number="8">head</token>
<token t_id="34" sentence="2" number="9">coach</token>
<token t_id="35" sentence="2" number="10">of</token>
<token t_id="36" sentence="2" number="11">the</token>
<token t_id="37" sentence="2" number="12">76ers</token>
<token t_id="38" sentence="2" number="13">.</token>
<token t_id="39" sentence="3" number="0">Cheeks</token>
<token t_id="40" sentence="3" number="1">,</token>
<token t_id="41" sentence="3" number="2">who</token>
<token t_id="42" sentence="3" number="3">played</token>
<token t_id="43" sentence="3" number="4">for</token>
<token t_id="44" sentence="3" number="5">the</token>
<token t_id="45" sentence="3" number="6">Sixers</token>
<token t_id="46" sentence="3" number="7">for</token>
<token t_id="47" sentence="3" number="8">11</token>
<token t_id="48" sentence="3" number="9">seasons</token>
<token t_id="49" sentence="3" number="10">and</token>
<token t_id="50" sentence="3" number="11">served</token>
<token t_id="51" sentence="3" number="12">as</token>
<token t_id="52" sentence="3" number="13">an</token>
<token t_id="53" sentence="3" number="14">assistant</token>
<token t_id="54" sentence="3" number="15">coach</token>
<token t_id="55" sentence="3" number="16">for</token>
<token t_id="56" sentence="3" number="17">seven</token>
<token t_id="57" sentence="3" number="18">,</token>
<token t_id="58" sentence="3" number="19">was</token>
<token t_id="59" sentence="3" number="20">named</token>
<token t_id="60" sentence="3" number="21">coach</token>
<token t_id="61" sentence="3" number="22">after</token>
<token t_id="62" sentence="3" number="23">Jim</token>
<token t_id="63" sentence="3" number="24">O'Brien</token>
<token t_id="64" sentence="3" number="25">was</token>
<token t_id="65" sentence="3" number="26">relieved</token>
<token t_id="66" sentence="3" number="27">of</token>
<token t_id="67" sentence="3" number="28">his</token>
<token t_id="68" sentence="3" number="29">coaching</token>
<token t_id="69" sentence="3" number="30">duties</token>
<token t_id="70" sentence="3" number="31">.</token>


<Markables>
<ACTION_OCCURRENCE m_id="1" climaxEvent="TRUE" comment=""  >
<token_anchor t_id="19"/>
</ACTION_OCCURRENCE>
<ACTION_OCCURRENCE m_id="2" climaxEvent="FALSE" comment=""  >
<token_anchor t_id="29"/>
</ACTION_OCCURRENCE>
<ACTION_OCCURRENCE m_id="3" climaxEvent="FALSE" comment=""  >
<token_anchor t_id="42"/>
</ACTION_OCCURRENCE>
<ACTION_OCCURRENCE m_id="4" climaxEvent="FALSE" comment=""  >
<token_anchor t_id="50"/>
</ACTION_OCCURRENCE>
<ACTION_OCCURRENCE m_id="5" climaxEvent="FALSE" comment=""  >
<token_anchor t_id="59"/>
</ACTION_OCCURRENCE>
<ACTION_OCCURRENCE m_id="6" climaxEvent="FALSE" comment=""  >
<token_anchor t_id="65"/>
</ACTION_OCCURRENCE>
<ACTION_OCCURRENCE m_id="7" climaxEvent="FALSE" comment=""  >
<token_anchor t_id="69"/>
</ACTION_OCCURRENCE>
<HUMAN_PART_ORG m_id="8"  >
<token_anchor t_id="18"/>
</HUMAN_PART_ORG>
<HUMAN_PART_ORG m_id="9"  >
<token_anchor t_id="37"/>
</HUMAN_PART_ORG>
<HUMAN_PART_ORG m_id="10"  >
<token_anchor t_id="45"/>
</HUMAN_PART_ORG>
<HUMAN_PART_PER m_id="11" comment=""  >
<token_anchor t_id="67"/>
</HUMAN_PART_PER>
<HUMAN_PART_PER m_id="12" comment=""  >
<token_anchor t_id="20"/>
<token_anchor t_id="21"/>
</HUMAN_PART_PER>
<HUMAN_PART_PER m_id="13" comment=""  >
<token_anchor t_id="25"/>
<token_anchor t_id="26"/>
</HUMAN_PART_PER>
<HUMAN_PART_PER m_id="14" comment=""  >
<token_anchor t_id="39"/>
</HUMAN_PART_PER>
<HUMAN_PART_PER m_id="15" comment=""  >
<token_anchor t_id="62"/>
<token_anchor t_id="63"/>
</HUMAN_PART_PER>
<HUMAN_PART_PER m_id="16" comment=""  >
<token_anchor t_id="34"/>
</HUMAN_PART_PER>
<HUMAN_PART_PER m_id="17" comment=""  >
<token_anchor t_id="24"/>
</HUMAN_PART_PER>
<HUMAN_PART_PER m_id="18" comment=""  >
<token_anchor t_id="60"/>
</HUMAN_PART_PER>
<HUMAN_PART_PER m_id="19" comment=""  >
<token_anchor t_id="54"/>
</HUMAN_PART_PER>
<TIME_DURATION m_id="20" endPoint="" value="P11Y" begin="" anchorTimeID=""  >
<token_anchor t_id="47"/>
<token_anchor t_id="48"/>
</TIME_DURATION>
<TIME_DURATION m_id="21" endPoint="" value="P7Y" begin="" anchorTimeID=""  >
<token_anchor t_id="56"/>
</TIME_DURATION>


<TIME_DURATION m_id="22" RELATED_TO="" TAG_DESCRIPTOR="t5_7_seasons" endPoint="" value="" begin="" anchorTimeID="" />
<ACTION_OCCURRENCE m_id="23" RELATED_TO="" TAG_DESCRIPTOR="t5_cheeks_played_for_sixers" climaxEvent="FALSE" comment="" />
<TIME_DURATION m_id="24" RELATED_TO="" TAG_DESCRIPTOR="t5_11_seasons" endPoint="" value="" begin="" anchorTimeID="" />
<ACTION_OCCURRENCE m_id="25" RELATED_TO="" TAG_DESCRIPTOR="t5_cheeks_made_new_coach" climaxEvent="FALSE" comment="" />
<HUMAN_PART_PER m_id="26" RELATED_TO="" TAG_DESCRIPTOR="t5_cheeks" comment="" />
<ACTION_OCCURRENCE m_id="27" RELATED_TO="" TAG_DESCRIPTOR="t5_obrien_relieved_of_duties" climaxEvent="FALSE" comment="" />
<ACTION_OCCURRENCE m_id="28" RELATED_TO="" TAG_DESCRIPTOR="t5_coaching_duties" climaxEvent="FALSE" comment="" />
<HUMAN_PART_ORG m_id="29" RELATED_TO="" TAG_DESCRIPTOR="t5_sixers" />
<ACTION_OCCURRENCE m_id="30" RELATED_TO="" TAG_DESCRIPTOR="t5_cheeks_served_as_assistant_coach" climaxEvent="FALSE" comment="" />
<HUMAN_PART_PER m_id="31" RELATED_TO="" TAG_DESCRIPTOR="t5_obrien" comment="" />
<TIME_DATE m_id="32" RELATED_TO="" TAG_DESCRIPTOR="t_2005-07-01" comment="" DCT="TRUE" value="2005-07-01" anchorTimeID="" />
<TIME_DATE m_id="33" RELATED_TO="" TAG_DESCRIPTOR="t_2005-05-23" comment="" DCT="FALSE" value="2005-05-23" anchorTimeID="" />
</Markables>

<Relations>
<TLINK r_id="238249" contextualModality="" relType="AFTER" comment="" >
<source m_id="32" />
<target m_id="1" />
</TLINK>
<TLINK r_id="238250" contextualModality="" relType="AFTER" comment="" >
<source m_id="32" />
<target m_id="2" />
</TLINK>
<TLINK r_id="238251" contextualModality="" relType="AFTER" comment="" >
<source m_id="32" />
<target m_id="3" />
</TLINK>
<TLINK r_id="238252" contextualModality="" relType="AFTER" comment="" >
<source m_id="32" />
<target m_id="4" />
</TLINK>
<TLINK r_id="238253" contextualModality="" relType="AFTER" comment="" >
<source m_id="32" />
<target m_id="5" />
</TLINK>
<TLINK r_id="238254" contextualModality="" relType="AFTER" comment="" >
<source m_id="32" />
<target m_id="6" />
</TLINK>
<TLINK r_id="238255" contextualModality="" relType="AFTER" comment="" >
<source m_id="32" />
<target m_id="7" />
</TLINK>
<TLINK r_id="238256" contextualModality="" relType="CONTAINS" comment="" >
<source m_id="33" />
<target m_id="1" />
</TLINK>
<TLINK r_id="238257" contextualModality="" relType="CONTAINS" comment="" >
<source m_id="33" />
<target m_id="2" />
</TLINK>
<TLINK r_id="238258" contextualModality="" relType="AFTER" comment="" >
<source m_id="33" />
<target m_id="3" />
</TLINK>
<TLINK r_id="238259" contextualModality="" relType="AFTER" comment="" >
<source m_id="33" />
<target m_id="4" />
</TLINK>
<TLINK r_id="238260" contextualModality="" relType="CONTAINS" comment="" >
<source m_id="33" />
<target m_id="5" />
</TLINK>
<TLINK r_id="238261" contextualModality="" relType="CONTAINS" comment="" >
<source m_id="33" />
<target m_id="6" />
</TLINK>
<TLINK r_id="238262" contextualModality="" relType="AFTER" comment="" >
<source m_id="33" />
<target m_id="7" />
</TLINK>
<PLOT_LINK r_id="238263" SIGNAL="" relType="PRECONDITION" CAUSES="FALSE" CAUSED_BY="FALSE" >
<source m_id="3" />
<target m_id="5" />
</PLOT_LINK>
<PLOT_LINK r_id="238264" SIGNAL="" relType="PRECONDITION" CAUSES="FALSE" CAUSED_BY="FALSE" >
<source m_id="4" />
<target m_id="5" />
</PLOT_LINK>
<PLOT_LINK r_id="238265" SIGNAL="" relType="PRECONDITION" CAUSES="FALSE" CAUSED_BY="FALSE" >
<source m_id="5" />
<target m_id="6" />
</PLOT_LINK>
<PLOT_LINK r_id="238266" SIGNAL="" relType="FALLING_ACTION" CAUSES="FALSE" CAUSED_BY="FALSE" >
<source m_id="1" />
<target m_id="3" />
</PLOT_LINK>
<PLOT_LINK r_id="238267" SIGNAL="" relType="FALLING_ACTION" CAUSES="FALSE" CAUSED_BY="FALSE" >
<source m_id="1" />
<target m_id="4" />
</PLOT_LINK>
<TLINK r_id="251411" contextualModality="" relType="OVERLAP" comment="" >
<source m_id="20" />
<target m_id="3" />
</TLINK>
<TLINK r_id="251412" contextualModality="" relType="OVERLAP" comment="" >
<source m_id="21" />
<target m_id="4" />
</TLINK>
</Relations>
</Document>
