<Document doc_name="5_1ecbplus.xml">
<token t_id="1" sentence="0" number="0">http</token>
<token t_id="2" sentence="0" number="1">:</token>
<token t_id="3" sentence="0" number="2">/</token>
<token t_id="4" sentence="0" number="3">/</token>
<token t_id="5" sentence="0" number="4">articles</token>
<token t_id="6" sentence="0" number="5">.</token>
<token t_id="7" sentence="0" number="6">philly</token>
<token t_id="8" sentence="0" number="7">.</token>
<token t_id="9" sentence="0" number="8">com</token>
<token t_id="10" sentence="0" number="9">/</token>
<token t_id="11" sentence="0" number="10">2005</token>
<token t_id="12" sentence="0" number="11">-</token>
<token t_id="13" sentence="0" number="12">05</token>
<token t_id="14" sentence="0" number="13">-</token>
<token t_id="15" sentence="0" number="14">24</token>
<token t_id="16" sentence="0" number="15">/</token>
<token t_id="17" sentence="0" number="16">news</token>
<token t_id="18" sentence="0" number="17">/</token>
<token t_id="19" sentence="0" number="18">25441279</token>
<token t_id="20" sentence="0" number="19">_</token>
<token t_id="21" sentence="0" number="20">1</token>
<token t_id="22" sentence="0" number="21">_</token>
<token t_id="23" sentence="0" number="22">sixers</token>
<token t_id="24" sentence="0" number="23">-</token>
<token t_id="25" sentence="0" number="24">samuel</token>
<token t_id="26" sentence="0" number="25">-</token>
<token t_id="27" sentence="0" number="26">dalembert</token>
<token t_id="28" sentence="0" number="27">-</token>
<token t_id="29" sentence="0" number="28">10</token>
<token t_id="30" sentence="0" number="29">-</token>
<token t_id="31" sentence="0" number="30">win</token>
<token t_id="32" sentence="0" number="31">-</token>
<token t_id="33" sentence="0" number="32">improvement</token>
<token t_id="34" sentence="1" number="0">Cheeks</token>
<token t_id="35" sentence="1" number="1">returns</token>
<token t_id="36" sentence="1" number="2">as</token>
<token t_id="37" sentence="1" number="3">Sixers'</token>
<token t_id="38" sentence="1" number="4">fixer</token>
<token t_id="39" sentence="1" number="5">Jim</token>
<token t_id="40" sentence="1" number="6">O'Brien</token>
<token t_id="41" sentence="1" number="7">was</token>
<token t_id="42" sentence="1" number="8">shown</token>
<token t_id="43" sentence="1" number="9">the</token>
<token t_id="44" sentence="1" number="10">door</token>
<token t_id="45" sentence="1" number="11">after</token>
<token t_id="46" sentence="1" number="12">a</token>
<token t_id="47" sentence="1" number="13">single</token>
<token t_id="48" sentence="1" number="14">tumultuous</token>
<token t_id="49" sentence="1" number="15">season</token>
<token t_id="50" sentence="1" number="16">.</token>
<token t_id="51" sentence="2" number="0">Posted</token>
<token t_id="52" sentence="2" number="1">:</token>
<token t_id="53" sentence="2" number="2">May</token>
<token t_id="54" sentence="2" number="3">24</token>
<token t_id="55" sentence="2" number="4">,</token>
<token t_id="56" sentence="2" number="5">2005</token>
<token t_id="57" sentence="3" number="0">Billy</token>
<token t_id="58" sentence="3" number="1">King</token>
<token t_id="59" sentence="3" number="2">spun</token>
<token t_id="60" sentence="3" number="3">the</token>
<token t_id="61" sentence="3" number="4">76ers'</token>
<token t_id="62" sentence="3" number="5">head</token>
<token t_id="63" sentence="3" number="6">coach</token>
<token t_id="64" sentence="3" number="7">revolving</token>
<token t_id="65" sentence="3" number="8">door</token>
<token t_id="66" sentence="3" number="9">again</token>
<token t_id="67" sentence="3" number="10">yesterday</token>
<token t_id="68" sentence="3" number="11">,</token>
<token t_id="69" sentence="3" number="12">pushing</token>
<token t_id="70" sentence="3" number="13">out</token>
<token t_id="71" sentence="3" number="14">Jim</token>
<token t_id="72" sentence="3" number="15">O'Brien</token>
<token t_id="73" sentence="3" number="16">after</token>
<token t_id="74" sentence="3" number="17">just</token>
<token t_id="75" sentence="3" number="18">one</token>
<token t_id="76" sentence="3" number="19">season</token>
<token t_id="77" sentence="3" number="20">and</token>
<token t_id="78" sentence="3" number="21">bringing</token>
<token t_id="79" sentence="3" number="22">in</token>
<token t_id="80" sentence="3" number="23">Maurice</token>
<token t_id="81" sentence="3" number="24">Cheeks</token>
<token t_id="82" sentence="3" number="25">,</token>
<token t_id="83" sentence="3" number="26">the</token>
<token t_id="84" sentence="3" number="27">popular</token>
<token t_id="85" sentence="3" number="28">former</token>
<token t_id="86" sentence="3" number="29">Sixers</token>
<token t_id="87" sentence="3" number="30">player</token>
<token t_id="88" sentence="3" number="31">and</token>
<token t_id="89" sentence="3" number="32">assistant</token>
<token t_id="90" sentence="3" number="33">coach</token>
<token t_id="91" sentence="3" number="34">,</token>
<token t_id="92" sentence="3" number="35">as</token>
<token t_id="93" sentence="3" number="36">O'Brien's</token>
<token t_id="94" sentence="3" number="37">replacement</token>
<token t_id="95" sentence="3" number="38">.</token>
<token t_id="96" sentence="4" number="0">Nearly</token>
<token t_id="97" sentence="4" number="1">three</token>
<token t_id="98" sentence="4" number="2">weeks</token>
<token t_id="99" sentence="4" number="3">after</token>
<token t_id="100" sentence="4" number="4">the</token>
<token t_id="101" sentence="4" number="5">Sixers</token>
<token t_id="102" sentence="4" number="6">ended</token>
<token t_id="103" sentence="4" number="7">their</token>
<token t_id="104" sentence="4" number="8">season</token>
<token t_id="105" sentence="4" number="9">,</token>
<token t_id="106" sentence="4" number="10">King</token>
<token t_id="107" sentence="4" number="11">decided</token>
<token t_id="108" sentence="4" number="12">to</token>
<token t_id="109" sentence="4" number="13">fire</token>
<token t_id="110" sentence="4" number="14">O'Brien</token>
<token t_id="111" sentence="4" number="15">,</token>
<token t_id="112" sentence="4" number="16">who</token>
<token t_id="113" sentence="4" number="17">still</token>
<token t_id="114" sentence="4" number="18">has</token>
<token t_id="115" sentence="4" number="19">two</token>
<token t_id="116" sentence="4" number="20">years</token>
<token t_id="117" sentence="4" number="21">and</token>
<token t_id="118" sentence="4" number="22">$8</token>
<token t_id="119" sentence="4" number="23">million</token>
<token t_id="120" sentence="4" number="24">left</token>
<token t_id="121" sentence="4" number="25">on</token>
<token t_id="122" sentence="4" number="26">the</token>
<token t_id="123" sentence="4" number="27">contract</token>
<token t_id="124" sentence="4" number="28">he</token>
<token t_id="125" sentence="4" number="29">signed</token>
<token t_id="126" sentence="4" number="30">when</token>
<token t_id="127" sentence="4" number="31">he</token>
<token t_id="128" sentence="4" number="32">was</token>
<token t_id="129" sentence="4" number="33">hired</token>
<token t_id="130" sentence="4" number="34">by</token>
<token t_id="131" sentence="4" number="35">the</token>
<token t_id="132" sentence="4" number="36">Sixers</token>
<token t_id="133" sentence="4" number="37">on</token>
<token t_id="134" sentence="4" number="38">April</token>
<token t_id="135" sentence="4" number="39">21</token>
<token t_id="136" sentence="4" number="40">,</token>
<token t_id="137" sentence="4" number="41">2004</token>
<token t_id="138" sentence="4" number="42">.</token>
<token t_id="139" sentence="5" number="0">Cheeks</token>
<token t_id="140" sentence="5" number="1">,</token>
<token t_id="141" sentence="5" number="2">who</token>
<token t_id="142" sentence="5" number="3">was</token>
<token t_id="143" sentence="5" number="4">fired</token>
<token t_id="144" sentence="5" number="5">March</token>
<token t_id="145" sentence="5" number="6">2</token>
<token t_id="146" sentence="5" number="7">as</token>
<token t_id="147" sentence="5" number="8">head</token>
<token t_id="148" sentence="5" number="9">coach</token>
<token t_id="149" sentence="5" number="10">of</token>
<token t_id="150" sentence="5" number="11">the</token>
<token t_id="151" sentence="5" number="12">Portland</token>
<token t_id="152" sentence="5" number="13">Trail</token>
<token t_id="153" sentence="5" number="14">Blazers</token>
<token t_id="154" sentence="5" number="15">,</token>
<token t_id="155" sentence="5" number="16">is</token>
<token t_id="156" sentence="5" number="17">the</token>
<token t_id="157" sentence="5" number="18">fourth</token>
<token t_id="158" sentence="5" number="19">head</token>
<token t_id="159" sentence="5" number="20">coach</token>
<token t_id="160" sentence="5" number="21">since</token>
<token t_id="161" sentence="5" number="22">King</token>
<token t_id="162" sentence="5" number="23">took</token>
<token t_id="163" sentence="5" number="24">over</token>
<token t_id="164" sentence="5" number="25">as</token>
<token t_id="165" sentence="5" number="26">the</token>
<token t_id="166" sentence="5" number="27">team's</token>
<token t_id="167" sentence="5" number="28">president</token>
<token t_id="168" sentence="5" number="29">and</token>
<token t_id="169" sentence="5" number="30">general</token>
<token t_id="170" sentence="5" number="31">manager</token>
<token t_id="171" sentence="5" number="32">on</token>
<token t_id="172" sentence="5" number="33">May</token>
<token t_id="173" sentence="5" number="34">26</token>
<token t_id="174" sentence="5" number="35">,</token>
<token t_id="175" sentence="5" number="36">2003</token>
<token t_id="176" sentence="5" number="37">.</token>
<token t_id="177" sentence="6" number="0">That</token>
<token t_id="178" sentence="6" number="1">is</token>
<token t_id="179" sentence="6" number="2">the</token>
<token t_id="180" sentence="6" number="3">same</token>
<token t_id="181" sentence="6" number="4">date</token>
<token t_id="182" sentence="6" number="5">that</token>
<token t_id="183" sentence="6" number="6">Larry</token>
<token t_id="184" sentence="6" number="7">Brown</token>
<token t_id="185" sentence="6" number="8">resigned</token>
<token t_id="186" sentence="6" number="9">from</token>
<token t_id="187" sentence="6" number="10">the</token>
<token t_id="188" sentence="6" number="11">Sixers</token>
<token t_id="189" sentence="6" number="12">after</token>
<token t_id="190" sentence="6" number="13">six</token>
<token t_id="191" sentence="6" number="14">seasons</token>
<token t_id="192" sentence="6" number="15">,</token>
<token t_id="193" sentence="6" number="16">the</token>
<token t_id="194" sentence="6" number="17">last</token>
<token t_id="195" sentence="6" number="18">time</token>
<token t_id="196" sentence="6" number="19">coaching</token>
<token t_id="197" sentence="6" number="20">stability</token>
<token t_id="198" sentence="6" number="21">existed</token>
<token t_id="199" sentence="6" number="22">with</token>
<token t_id="200" sentence="6" number="23">the</token>
<token t_id="201" sentence="6" number="24">team</token>
<token t_id="202" sentence="6" number="25">.</token>
<token t_id="203" sentence="7" number="0">Cheeks</token>
<token t_id="204" sentence="7" number="1">was</token>
<token t_id="205" sentence="7" number="2">a</token>
<token t_id="206" sentence="7" number="3">second</token>
<token t_id="207" sentence="7" number="4">-</token>
<token t_id="208" sentence="7" number="5">round</token>
<token t_id="209" sentence="7" number="6">draft</token>
<token t_id="210" sentence="7" number="7">choice</token>
<token t_id="211" sentence="7" number="8">of</token>
<token t_id="212" sentence="7" number="9">the</token>
<token t_id="213" sentence="7" number="10">76ers</token>
<token t_id="214" sentence="7" number="11">in</token>
<token t_id="215" sentence="7" number="12">1978</token>
<token t_id="216" sentence="7" number="13">and</token>
<token t_id="217" sentence="7" number="14">played</token>
<token t_id="218" sentence="7" number="15">for</token>
<token t_id="219" sentence="7" number="16">11</token>
<token t_id="220" sentence="7" number="17">seasons</token>
<token t_id="221" sentence="7" number="18">with</token>
<token t_id="222" sentence="7" number="19">the</token>
<token t_id="223" sentence="7" number="20">team</token>
<token t_id="224" sentence="7" number="21">.</token>
<token t_id="225" sentence="8" number="0">He</token>
<token t_id="226" sentence="8" number="1">was</token>
<token t_id="227" sentence="8" number="2">the</token>
<token t_id="228" sentence="8" number="3">point</token>
<token t_id="229" sentence="8" number="4">guard</token>
<token t_id="230" sentence="8" number="5">and</token>
<token t_id="231" sentence="8" number="6">floor</token>
<token t_id="232" sentence="8" number="7">leader</token>
<token t_id="233" sentence="8" number="8">of</token>
<token t_id="234" sentence="8" number="9">the</token>
<token t_id="235" sentence="8" number="10">Sixers'</token>
<token t_id="236" sentence="8" number="11">1983</token>
<token t_id="237" sentence="8" number="12">NBA</token>
<token t_id="238" sentence="8" number="13">title</token>
<token t_id="239" sentence="8" number="14">team</token>
<token t_id="240" sentence="8" number="15">.</token>
<token t_id="241" sentence="9" number="0">At</token>
<token t_id="242" sentence="9" number="1">a</token>
<token t_id="243" sentence="9" number="2">news</token>
<token t_id="244" sentence="9" number="3">conference</token>
<token t_id="245" sentence="9" number="4">last</token>
<token t_id="246" sentence="9" number="5">night</token>
<token t_id="247" sentence="9" number="6">at</token>
<token t_id="248" sentence="9" number="7">the</token>
<token t_id="249" sentence="9" number="8">Philadelphia</token>
<token t_id="250" sentence="9" number="9">College</token>
<token t_id="251" sentence="9" number="10">of</token>
<token t_id="252" sentence="9" number="11">Osteopathic</token>
<token t_id="253" sentence="9" number="12">Medicine</token>
<token t_id="254" sentence="9" number="13">,</token>
<token t_id="255" sentence="9" number="14">King</token>
<token t_id="256" sentence="9" number="15">said</token>
<token t_id="257" sentence="9" number="16">he</token>
<token t_id="258" sentence="9" number="17">had</token>
<token t_id="259" sentence="9" number="18">the</token>
<token t_id="260" sentence="9" number="19">support</token>
<token t_id="261" sentence="9" number="20">of</token>
<token t_id="262" sentence="9" number="21">Ed</token>
<token t_id="263" sentence="9" number="22">Snider</token>
<token t_id="264" sentence="9" number="23">,</token>
<token t_id="265" sentence="9" number="24">the</token>
<token t_id="266" sentence="9" number="25">chairman</token>
<token t_id="267" sentence="9" number="26">of</token>
<token t_id="268" sentence="9" number="27">Comcast</token>
<token t_id="269" sentence="9" number="28">-</token>
<token t_id="270" sentence="9" number="29">Spectacor</token>
<token t_id="271" sentence="9" number="30">,</token>
<token t_id="272" sentence="9" number="31">the</token>
<token t_id="273" sentence="9" number="32">team's</token>
<token t_id="274" sentence="9" number="33">owner</token>
<token t_id="275" sentence="9" number="34">,</token>
<token t_id="276" sentence="9" number="35">for</token>
<token t_id="277" sentence="9" number="36">his</token>
<token t_id="278" sentence="9" number="37">latest</token>
<token t_id="279" sentence="9" number="38">moves</token>
<token t_id="280" sentence="9" number="39">even</token>
<token t_id="281" sentence="9" number="40">though</token>
<token t_id="282" sentence="9" number="41">the</token>
<token t_id="283" sentence="9" number="42">Sixers</token>
<token t_id="284" sentence="9" number="43">will</token>
<token t_id="285" sentence="9" number="44">be</token>
<token t_id="286" sentence="9" number="45">paying</token>
<token t_id="287" sentence="9" number="46">ex</token>
<token t_id="288" sentence="9" number="47">-</token>
<token t_id="289" sentence="9" number="48">coaches</token>
<token t_id="290" sentence="9" number="49">Randy</token>
<token t_id="291" sentence="9" number="50">Ayers</token>
<token t_id="292" sentence="9" number="51">(</token>
<token t_id="293" sentence="9" number="52">$2</token>
<token t_id="294" sentence="9" number="53">million</token>
<token t_id="295" sentence="9" number="54">)</token>
<token t_id="296" sentence="9" number="55">and</token>
<token t_id="297" sentence="9" number="56">O'Brien</token>
<token t_id="298" sentence="9" number="57">along</token>
<token t_id="299" sentence="9" number="58">with</token>
<token t_id="300" sentence="9" number="59">Cheeks</token>
<token t_id="301" sentence="9" number="60">next</token>
<token t_id="302" sentence="9" number="61">season</token>
<token t_id="303" sentence="9" number="62">.</token>
<token t_id="304" sentence="10" number="0">"In</token>
<token t_id="305" sentence="10" number="1">talking</token>
<token t_id="306" sentence="10" number="2">with</token>
<token t_id="307" sentence="10" number="3">Ed</token>
<token t_id="308" sentence="10" number="4">,</token>
<token t_id="309" sentence="10" number="5">we</token>
<token t_id="310" sentence="10" number="6">felt</token>
<token t_id="311" sentence="10" number="7">the</token>
<token t_id="312" sentence="10" number="8">main</token>
<token t_id="313" sentence="10" number="9">focus</token>
<token t_id="314" sentence="10" number="10">was</token>
<token t_id="315" sentence="10" number="11">that</token>
<token t_id="316" sentence="10" number="12">we</token>
<token t_id="317" sentence="10" number="13">want</token>
<token t_id="318" sentence="10" number="14">to</token>
<token t_id="319" sentence="10" number="15">make</token>
<token t_id="320" sentence="10" number="16">the</token>
<token t_id="321" sentence="10" number="17">right</token>
<token t_id="322" sentence="10" number="18">decisions</token>
<token t_id="323" sentence="10" number="19">and</token>
<token t_id="324" sentence="10" number="20">not</token>
<token t_id="325" sentence="10" number="21">let</token>
<token t_id="326" sentence="10" number="22">money</token>
<token t_id="327" sentence="10" number="23">be</token>
<token t_id="328" sentence="10" number="24">the</token>
<token t_id="329" sentence="10" number="25">factor</token>
<token t_id="330" sentence="10" number="26">,</token>
<token t_id="331" sentence="10" number="27">"</token>
<token t_id="332" sentence="10" number="28">King</token>
<token t_id="333" sentence="10" number="29">said</token>
<token t_id="334" sentence="10" number="30">.</token>
<token t_id="335" sentence="11" number="0">"We</token>
<token t_id="336" sentence="11" number="1">think</token>
<token t_id="337" sentence="11" number="2">we</token>
<token t_id="338" sentence="11" number="3">owe</token>
<token t_id="339" sentence="11" number="4">it</token>
<token t_id="340" sentence="11" number="5">to</token>
<token t_id="341" sentence="11" number="6">our</token>
<token t_id="342" sentence="11" number="7">fans</token>
<token t_id="343" sentence="11" number="8">and</token>
<token t_id="344" sentence="11" number="9">the</token>
<token t_id="345" sentence="11" number="10">city</token>
<token t_id="346" sentence="11" number="11">of</token>
<token t_id="347" sentence="11" number="12">Philadelphia</token>
<token t_id="348" sentence="11" number="13">to</token>
<token t_id="349" sentence="11" number="14">do</token>
<token t_id="350" sentence="11" number="15">that</token>
<token t_id="351" sentence="11" number="16">.</token>
<token t_id="352" sentence="11" number="17">"</token>
<token t_id="353" sentence="12" number="0">Cheeks</token>
<token t_id="354" sentence="12" number="1">,</token>
<token t_id="355" sentence="12" number="2">48</token>
<token t_id="356" sentence="12" number="3">,</token>
<token t_id="357" sentence="12" number="4">a</token>
<token t_id="358" sentence="12" number="5">four</token>
<token t_id="359" sentence="12" number="6">-</token>
<token t_id="360" sentence="12" number="7">time</token>
<token t_id="361" sentence="12" number="8">NBA</token>
<token t_id="362" sentence="12" number="9">all</token>
<token t_id="363" sentence="12" number="10">-</token>
<token t_id="364" sentence="12" number="11">star</token>
<token t_id="365" sentence="12" number="12">while</token>
<token t_id="366" sentence="12" number="13">with</token>
<token t_id="367" sentence="12" number="14">the</token>
<token t_id="368" sentence="12" number="15">Sixers</token>
<token t_id="369" sentence="12" number="16">,</token>
<token t_id="370" sentence="12" number="17">was</token>
<token t_id="371" sentence="12" number="18">fired</token>
<token t_id="372" sentence="12" number="19">from</token>
<token t_id="373" sentence="12" number="20">the</token>
<token t_id="374" sentence="12" number="21">Blazers</token>
<token t_id="375" sentence="12" number="22">,</token>
<token t_id="376" sentence="12" number="23">his</token>
<token t_id="377" sentence="12" number="24">first</token>
<token t_id="378" sentence="12" number="25">head</token>
<token t_id="379" sentence="12" number="26">coaching</token>
<token t_id="380" sentence="12" number="27">job</token>
<token t_id="381" sentence="12" number="28">,</token>
<token t_id="382" sentence="12" number="29">in</token>
<token t_id="383" sentence="12" number="30">the</token>
<token t_id="384" sentence="12" number="31">middle</token>
<token t_id="385" sentence="12" number="32">of</token>
<token t_id="386" sentence="12" number="33">his</token>
<token t_id="387" sentence="12" number="34">fourth</token>
<token t_id="388" sentence="12" number="35">season</token>
<token t_id="389" sentence="12" number="36">.</token>
<token t_id="390" sentence="13" number="0">He</token>
<token t_id="391" sentence="13" number="1">led</token>
<token t_id="392" sentence="13" number="2">the</token>
<token t_id="393" sentence="13" number="3">team</token>
<token t_id="394" sentence="13" number="4">to</token>
<token t_id="395" sentence="13" number="5">a</token>
<token t_id="396" sentence="13" number="6">162</token>
<token t_id="397" sentence="13" number="7">-</token>
<token t_id="398" sentence="13" number="8">139</token>
<token t_id="399" sentence="13" number="9">record</token>
<token t_id="400" sentence="13" number="10">.</token>
<token t_id="401" sentence="14" number="0">Two</token>
<token t_id="402" sentence="14" number="1">years</token>
<token t_id="403" sentence="14" number="2">ago</token>
<token t_id="404" sentence="14" number="3">,</token>
<token t_id="405" sentence="14" number="4">after</token>
<token t_id="406" sentence="14" number="5">Brown</token>
<token t_id="407" sentence="14" number="6">resigned</token>
<token t_id="408" sentence="14" number="7">,</token>
<token t_id="409" sentence="14" number="8">King</token>
<token t_id="410" sentence="14" number="9">looked</token>
<token t_id="411" sentence="14" number="10">to</token>
<token t_id="412" sentence="14" number="11">Cheeks</token>
<token t_id="413" sentence="14" number="12">to</token>
<token t_id="414" sentence="14" number="13">take</token>
<token t_id="415" sentence="14" number="14">over</token>
<token t_id="416" sentence="14" number="15">as</token>
<token t_id="417" sentence="14" number="16">Brown's</token>
<token t_id="418" sentence="14" number="17">successor</token>
<token t_id="419" sentence="14" number="18">.</token>
<token t_id="420" sentence="15" number="0">But</token>
<token t_id="421" sentence="15" number="1">the</token>
<token t_id="422" sentence="15" number="2">Trail</token>
<token t_id="423" sentence="15" number="3">Blazers</token>
<token t_id="424" sentence="15" number="4">rebuffed</token>
<token t_id="425" sentence="15" number="5">him</token>
<token t_id="426" sentence="15" number="6">three</token>
<token t_id="427" sentence="15" number="7">times</token>
<token t_id="428" sentence="15" number="8">,</token>
<token t_id="429" sentence="15" number="9">because</token>
<token t_id="430" sentence="15" number="10">Cheeks</token>
<token t_id="431" sentence="15" number="11">was</token>
<token t_id="432" sentence="15" number="12">still</token>
<token t_id="433" sentence="15" number="13">under</token>
<token t_id="434" sentence="15" number="14">contract</token>
<token t_id="435" sentence="15" number="15">to</token>
<token t_id="436" sentence="15" number="16">them</token>
<token t_id="437" sentence="15" number="17">.</token>
<token t_id="438" sentence="16" number="0">The</token>
<token t_id="439" sentence="16" number="1">Sixers</token>
<token t_id="440" sentence="16" number="2">then</token>
<token t_id="441" sentence="16" number="3">hired</token>
<token t_id="442" sentence="16" number="4">Ayers</token>
<token t_id="443" sentence="16" number="5">,</token>
<token t_id="444" sentence="16" number="6">who</token>
<token t_id="445" sentence="16" number="7">lasted</token>
<token t_id="446" sentence="16" number="8">52</token>
<token t_id="447" sentence="16" number="9">games</token>
<token t_id="448" sentence="16" number="10">before</token>
<token t_id="449" sentence="16" number="11">being</token>
<token t_id="450" sentence="16" number="12">replaced</token>
<token t_id="451" sentence="16" number="13">by</token>
<token t_id="452" sentence="16" number="14">Chris</token>
<token t_id="453" sentence="16" number="15">Ford</token>
<token t_id="454" sentence="16" number="16">.</token>
<token t_id="455" sentence="17" number="0">King</token>
<token t_id="456" sentence="17" number="1">said</token>
<token t_id="457" sentence="17" number="2">he</token>
<token t_id="458" sentence="17" number="3">decided</token>
<token t_id="459" sentence="17" number="4">on</token>
<token t_id="460" sentence="17" number="5">Saturday</token>
<token t_id="461" sentence="17" number="6">to</token>
<token t_id="462" sentence="17" number="7">fire</token>
<token t_id="463" sentence="17" number="8">O'Brien</token>
<token t_id="464" sentence="17" number="9">,</token>
<token t_id="465" sentence="17" number="10">and</token>
<token t_id="466" sentence="17" number="11">then</token>
<token t_id="467" sentence="17" number="12">checked</token>
<token t_id="468" sentence="17" number="13">with</token>
<token t_id="469" sentence="17" number="14">Cheeks</token>
<token t_id="470" sentence="17" number="15">to</token>
<token t_id="471" sentence="17" number="16">see</token>
<token t_id="472" sentence="17" number="17">if</token>
<token t_id="473" sentence="17" number="18">he'd</token>
<token t_id="474" sentence="17" number="19">be</token>
<token t_id="475" sentence="17" number="20">interested</token>
<token t_id="476" sentence="17" number="21">in</token>
<token t_id="477" sentence="17" number="22">the</token>
<token t_id="478" sentence="17" number="23">job</token>
<token t_id="479" sentence="17" number="24">.</token>
<token t_id="480" sentence="18" number="0">Cheeks</token>
<token t_id="481" sentence="18" number="1">said</token>
<token t_id="482" sentence="18" number="2">he</token>
<token t_id="483" sentence="18" number="3">would</token>
<token t_id="484" sentence="18" number="4">be</token>
<token t_id="485" sentence="18" number="5">,</token>
<token t_id="486" sentence="18" number="6">and</token>
<token t_id="487" sentence="18" number="7">King</token>
<token t_id="488" sentence="18" number="8">called</token>
<token t_id="489" sentence="18" number="9">him</token>
<token t_id="490" sentence="18" number="10">again</token>
<token t_id="491" sentence="18" number="11">yesterday</token>
<token t_id="492" sentence="18" number="12">and</token>
<token t_id="493" sentence="18" number="13">reached</token>
<token t_id="494" sentence="18" number="14">a</token>
<token t_id="495" sentence="18" number="15">deal</token>
<token t_id="496" sentence="18" number="16">after</token>
<token t_id="497" sentence="18" number="17">notifying</token>
<token t_id="498" sentence="18" number="18">O'Brien</token>
<token t_id="499" sentence="18" number="19">of</token>
<token t_id="500" sentence="18" number="20">his</token>
<token t_id="501" sentence="18" number="21">decision</token>
<token t_id="502" sentence="18" number="22">.</token>
<token t_id="503" sentence="19" number="0">Terms</token>
<token t_id="504" sentence="19" number="1">of</token>
<token t_id="505" sentence="19" number="2">the</token>
<token t_id="506" sentence="19" number="3">deal</token>
<token t_id="507" sentence="19" number="4">were</token>
<token t_id="508" sentence="19" number="5">not</token>
<token t_id="509" sentence="19" number="6">disclosed</token>
<token t_id="510" sentence="19" number="7">.</token>
<token t_id="511" sentence="20" number="0">When</token>
<token t_id="512" sentence="20" number="1">King</token>
<token t_id="513" sentence="20" number="2">hired</token>
<token t_id="514" sentence="20" number="3">O'Brien</token>
<token t_id="515" sentence="20" number="4">,</token>
<token t_id="516" sentence="20" number="5">he</token>
<token t_id="517" sentence="20" number="6">had</token>
<token t_id="518" sentence="20" number="7">called</token>
<token t_id="519" sentence="20" number="8">him</token>
<token t_id="520" sentence="20" number="9">a</token>
<token t_id="521" sentence="20" number="10">"perfect</token>
<token t_id="522" sentence="20" number="11">fit"</token>
<token t_id="523" sentence="20" number="12">for</token>
<token t_id="524" sentence="20" number="13">the</token>
<token t_id="525" sentence="20" number="14">job</token>
<token t_id="526" sentence="20" number="15">.</token>
<token t_id="527" sentence="21" number="0">O'Brien</token>
<token t_id="528" sentence="21" number="1">did</token>
<token t_id="529" sentence="21" number="2">lead</token>
<token t_id="530" sentence="21" number="3">the</token>
<token t_id="531" sentence="21" number="4">Sixers</token>
<token t_id="532" sentence="21" number="5">to</token>
<token t_id="533" sentence="21" number="6">a</token>
<token t_id="534" sentence="21" number="7">43</token>
<token t_id="535" sentence="21" number="8">-</token>
<token t_id="536" sentence="21" number="9">39</token>
<token t_id="537" sentence="21" number="10">record</token>
<token t_id="538" sentence="21" number="11">-</token>
<token t_id="539" sentence="21" number="12">a</token>
<token t_id="540" sentence="21" number="13">10</token>
<token t_id="541" sentence="21" number="14">-</token>
<token t_id="542" sentence="21" number="15">win</token>
<token t_id="543" sentence="21" number="16">improvement</token>
<token t_id="544" sentence="21" number="17">over</token>
<token t_id="545" sentence="21" number="18">the</token>
<token t_id="546" sentence="21" number="19">previous</token>
<token t_id="547" sentence="21" number="20">season</token>
<token t_id="548" sentence="21" number="21">-</token>
<token t_id="549" sentence="21" number="22">and</token>
<token t_id="550" sentence="21" number="23">a</token>
<token t_id="551" sentence="21" number="24">playoff</token>
<token t_id="552" sentence="21" number="25">berth</token>
<token t_id="553" sentence="21" number="26">and</token>
<token t_id="554" sentence="21" number="27">coached</token>
<token t_id="555" sentence="21" number="28">Allen</token>
<token t_id="556" sentence="21" number="29">Iverson</token>
<token t_id="557" sentence="21" number="30">to</token>
<token t_id="558" sentence="21" number="31">his</token>
<token t_id="559" sentence="21" number="32">fourth</token>
<token t_id="560" sentence="21" number="33">NBA</token>
<token t_id="561" sentence="21" number="34">scoring</token>
<token t_id="562" sentence="21" number="35">title</token>
<token t_id="563" sentence="21" number="36">.</token>
<token t_id="564" sentence="22" number="0">But</token>
<token t_id="565" sentence="22" number="1">in</token>
<token t_id="566" sentence="22" number="2">evaluating</token>
<token t_id="567" sentence="22" number="3">the</token>
<token t_id="568" sentence="22" number="4">season</token>
<token t_id="569" sentence="22" number="5">,</token>
<token t_id="570" sentence="22" number="6">King</token>
<token t_id="571" sentence="22" number="7">said</token>
<token t_id="572" sentence="22" number="8">he</token>
<token t_id="573" sentence="22" number="9">didn't</token>
<token t_id="574" sentence="22" number="10">think</token>
<token t_id="575" sentence="22" number="11">the</token>
<token t_id="576" sentence="22" number="12">Sixers</token>
<token t_id="577" sentence="22" number="13">were</token>
<token t_id="578" sentence="22" number="14">heading</token>
<token t_id="579" sentence="22" number="15">in</token>
<token t_id="580" sentence="22" number="16">the</token>
<token t_id="581" sentence="22" number="17">right</token>
<token t_id="582" sentence="22" number="18">direction</token>
<token t_id="583" sentence="22" number="19">.</token>
<token t_id="584" sentence="23" number="0">He</token>
<token t_id="585" sentence="23" number="1">had</token>
<token t_id="586" sentence="23" number="2">a</token>
<token t_id="587" sentence="23" number="3">problem</token>
<token t_id="588" sentence="23" number="4">with</token>
<token t_id="589" sentence="23" number="5">the</token>
<token t_id="590" sentence="23" number="6">team's</token>
<token t_id="591" sentence="23" number="7">style</token>
<token t_id="592" sentence="23" number="8">of</token>
<token t_id="593" sentence="23" number="9">play</token>
<token t_id="594" sentence="23" number="10">,</token>
<token t_id="595" sentence="23" number="11">which</token>
<token t_id="596" sentence="23" number="12">included</token>
<token t_id="597" sentence="23" number="13">reliance</token>
<token t_id="598" sentence="23" number="14">on</token>
<token t_id="599" sentence="23" number="15">the</token>
<token t_id="600" sentence="23" number="16">three</token>
<token t_id="601" sentence="23" number="17">-</token>
<token t_id="602" sentence="23" number="18">point</token>
<token t_id="603" sentence="23" number="19">basket</token>
<token t_id="604" sentence="23" number="20">and</token>
<token t_id="605" sentence="23" number="21">a</token>
<token t_id="606" sentence="23" number="22">defense</token>
<token t_id="607" sentence="23" number="23">that</token>
<token t_id="608" sentence="23" number="24">protected</token>
<token t_id="609" sentence="23" number="25">the</token>
<token t_id="610" sentence="23" number="26">paint</token>
<token t_id="611" sentence="23" number="27">but</token>
<token t_id="612" sentence="23" number="28">had</token>
<token t_id="613" sentence="23" number="29">trouble</token>
<token t_id="614" sentence="23" number="30">getting</token>
<token t_id="615" sentence="23" number="31">out</token>
<token t_id="616" sentence="23" number="32">on</token>
<token t_id="617" sentence="23" number="33">perimeter</token>
<token t_id="618" sentence="23" number="34">shooters</token>
<token t_id="619" sentence="23" number="35">.</token>
<token t_id="620" sentence="24" number="0">There</token>
<token t_id="621" sentence="24" number="1">was</token>
<token t_id="622" sentence="24" number="2">also</token>
<token t_id="623" sentence="24" number="3">talk</token>
<token t_id="624" sentence="24" number="4">that</token>
<token t_id="625" sentence="24" number="5">O'Brien</token>
<token t_id="626" sentence="24" number="6">was</token>
<token t_id="627" sentence="24" number="7">aloof</token>
<token t_id="628" sentence="24" number="8">and</token>
<token t_id="629" sentence="24" number="9">not</token>
<token t_id="630" sentence="24" number="10">communicative</token>
<token t_id="631" sentence="24" number="11">with</token>
<token t_id="632" sentence="24" number="12">his</token>
<token t_id="633" sentence="24" number="13">players</token>
<token t_id="634" sentence="24" number="14">.</token>
<token t_id="635" sentence="25" number="0">He</token>
<token t_id="636" sentence="25" number="1">did</token>
<token t_id="637" sentence="25" number="2">not</token>
<token t_id="638" sentence="25" number="3">start</token>
<token t_id="639" sentence="25" number="4">Samuel</token>
<token t_id="640" sentence="25" number="5">Dalembert</token>
<token t_id="641" sentence="25" number="6">,</token>
<token t_id="642" sentence="25" number="7">a</token>
<token t_id="643" sentence="25" number="8">developing</token>
<token t_id="644" sentence="25" number="9">young</token>
<token t_id="645" sentence="25" number="10">center</token>
<token t_id="646" sentence="25" number="11">,</token>
<token t_id="647" sentence="25" number="12">until</token>
<token t_id="648" sentence="25" number="13">the</token>
<token t_id="649" sentence="25" number="14">season's</token>
<token t_id="650" sentence="25" number="15">19th</token>
<token t_id="651" sentence="25" number="16">game</token>
<token t_id="652" sentence="25" number="17">,</token>
<token t_id="653" sentence="25" number="18">and</token>
<token t_id="654" sentence="25" number="19">he</token>
<token t_id="655" sentence="25" number="20">did</token>
<token t_id="656" sentence="25" number="21">not</token>
<token t_id="657" sentence="25" number="22">play</token>
<token t_id="658" sentence="25" number="23">Willie</token>
<token t_id="659" sentence="25" number="24">Green</token>
<token t_id="660" sentence="25" number="25">with</token>
<token t_id="661" sentence="25" number="26">Iverson</token>
<token t_id="662" sentence="25" number="27">for</token>
<token t_id="663" sentence="25" number="28">much</token>
<token t_id="664" sentence="25" number="29">of</token>
<token t_id="665" sentence="25" number="30">the</token>
<token t_id="666" sentence="25" number="31">season's</token>
<token t_id="667" sentence="25" number="32">final</token>
<token t_id="668" sentence="25" number="33">four</token>
<token t_id="669" sentence="25" number="34">months</token>
<token t_id="670" sentence="25" number="35">because</token>
<token t_id="671" sentence="25" number="36">he</token>
<token t_id="672" sentence="25" number="37">felt</token>
<token t_id="673" sentence="25" number="38">that</token>
<token t_id="674" sentence="25" number="39">was</token>
<token t_id="675" sentence="25" number="40">a</token>
<token t_id="676" sentence="25" number="41">bad</token>
<token t_id="677" sentence="25" number="42">matchup</token>
<token t_id="678" sentence="25" number="43">defensively</token>
<token t_id="679" sentence="25" number="44">.</token>
<token t_id="680" sentence="26" number="0">King</token>
<token t_id="681" sentence="26" number="1">said</token>
<token t_id="682" sentence="26" number="2">that</token>
<token t_id="683" sentence="26" number="3">in</token>
<token t_id="684" sentence="26" number="4">his</token>
<token t_id="685" sentence="26" number="5">postseason</token>
<token t_id="686" sentence="26" number="6">meetings</token>
<token t_id="687" sentence="26" number="7">with</token>
<token t_id="688" sentence="26" number="8">players</token>
<token t_id="689" sentence="26" number="9">,</token>
<token t_id="690" sentence="26" number="10">"not</token>
<token t_id="691" sentence="26" number="11">one</token>
<token t_id="692" sentence="26" number="12">of</token>
<token t_id="693" sentence="26" number="13">them</token>
<token t_id="694" sentence="26" number="14">said</token>
<token t_id="695" sentence="26" number="15">they</token>
<token t_id="696" sentence="26" number="16">wouldn't</token>
<token t_id="697" sentence="26" number="17">play</token>
<token t_id="698" sentence="26" number="18">for</token>
<token t_id="699" sentence="26" number="19">Jim</token>
<token t_id="700" sentence="26" number="20">.</token>
<token t_id="701" sentence="26" number="21">.</token>
<token t_id="702" sentence="26" number="22">.</token>
<token t_id="703" sentence="27" number="0">that</token>
<token t_id="704" sentence="27" number="1">they'd</token>
<token t_id="705" sentence="27" number="2">all</token>
<token t_id="706" sentence="27" number="3">come</token>
<token t_id="707" sentence="27" number="4">back</token>
<token t_id="708" sentence="27" number="5">ready</token>
<token t_id="709" sentence="27" number="6">to</token>
<token t_id="710" sentence="27" number="7">go</token>
<token t_id="711" sentence="27" number="8">and</token>
<token t_id="712" sentence="27" number="9">try</token>
<token t_id="713" sentence="27" number="10">to</token>
<token t_id="714" sentence="27" number="11">go</token>
<token t_id="715" sentence="27" number="12">further</token>
<token t_id="716" sentence="27" number="13">in</token>
<token t_id="717" sentence="27" number="14">the</token>
<token t_id="718" sentence="27" number="15">playoffs</token>
<token t_id="719" sentence="27" number="16">.</token>
<token t_id="720" sentence="27" number="17">"</token>
<token t_id="721" sentence="28" number="0">But</token>
<token t_id="722" sentence="28" number="1">other</token>
<token t_id="723" sentence="28" number="2">things</token>
<token t_id="724" sentence="28" number="3">bothered</token>
<token t_id="725" sentence="28" number="4">him</token>
<token t_id="726" sentence="28" number="5">.</token>
<token t_id="727" sentence="29" number="0">King</token>
<token t_id="728" sentence="29" number="1">said</token>
<token t_id="729" sentence="29" number="2">he</token>
<token t_id="730" sentence="29" number="3">didn't</token>
<token t_id="731" sentence="29" number="4">want</token>
<token t_id="732" sentence="29" number="5">to</token>
<token t_id="733" sentence="29" number="6">make</token>
<token t_id="734" sentence="29" number="7">a</token>
<token t_id="735" sentence="29" number="8">snap</token>
<token t_id="736" sentence="29" number="9">decision</token>
<token t_id="737" sentence="29" number="10">when</token>
<token t_id="738" sentence="29" number="11">the</token>
<token t_id="739" sentence="29" number="12">season</token>
<token t_id="740" sentence="29" number="13">ended</token>
<token t_id="741" sentence="29" number="14">on</token>
<token t_id="742" sentence="29" number="15">May</token>
<token t_id="743" sentence="29" number="16">3</token>
<token t_id="744" sentence="29" number="17">,</token>
<token t_id="745" sentence="29" number="18">the</token>
<token t_id="746" sentence="29" number="19">day</token>
<token t_id="747" sentence="29" number="20">that</token>
<token t_id="748" sentence="29" number="21">the</token>
<token t_id="749" sentence="29" number="22">Detroit</token>
<token t_id="750" sentence="29" number="23">Pistons</token>
<token t_id="751" sentence="29" number="24">eliminated</token>
<token t_id="752" sentence="29" number="25">the</token>
<token t_id="753" sentence="29" number="26">Sixers</token>
<token t_id="754" sentence="29" number="27">from</token>
<token t_id="755" sentence="29" number="28">the</token>
<token t_id="756" sentence="29" number="29">playoffs</token>
<token t_id="757" sentence="29" number="30">.</token>
<token t_id="758" sentence="30" number="0">He</token>
<token t_id="759" sentence="30" number="1">talked</token>
<token t_id="760" sentence="30" number="2">to</token>
<token t_id="761" sentence="30" number="3">his</token>
<token t_id="762" sentence="30" number="4">management</token>
<token t_id="763" sentence="30" number="5">team</token>
<token t_id="764" sentence="30" number="6">,</token>
<token t_id="765" sentence="30" number="7">went</token>
<token t_id="766" sentence="30" number="8">on</token>
<token t_id="767" sentence="30" number="9">vacation</token>
<token t_id="768" sentence="30" number="10">for</token>
<token t_id="769" sentence="30" number="11">a</token>
<token t_id="770" sentence="30" number="12">week</token>
<token t_id="771" sentence="30" number="13">,</token>
<token t_id="772" sentence="30" number="14">then</token>
<token t_id="773" sentence="30" number="15">made</token>
<token t_id="774" sentence="30" number="16">his</token>
<token t_id="775" sentence="30" number="17">decision</token>
<token t_id="776" sentence="30" number="18">on</token>
<token t_id="777" sentence="30" number="19">Saturday</token>
<token t_id="778" sentence="30" number="20">.</token>
<token t_id="779" sentence="31" number="0">"In</token>
<token t_id="780" sentence="31" number="1">the</token>
<token t_id="781" sentence="31" number="2">interview</token>
<token t_id="782" sentence="31" number="3">process</token>
<token t_id="783" sentence="31" number="4">with</token>
<token t_id="784" sentence="31" number="5">Jim</token>
<token t_id="785" sentence="31" number="6">,</token>
<token t_id="786" sentence="31" number="7">there</token>
<token t_id="787" sentence="31" number="8">were</token>
<token t_id="788" sentence="31" number="9">a</token>
<token t_id="789" sentence="31" number="10">lot</token>
<token t_id="790" sentence="31" number="11">of</token>
<token t_id="791" sentence="31" number="12">things</token>
<token t_id="792" sentence="31" number="13">that</token>
<token t_id="793" sentence="31" number="14">we</token>
<token t_id="794" sentence="31" number="15">talked</token>
<token t_id="795" sentence="31" number="16">about</token>
<token t_id="796" sentence="31" number="17">,</token>
<token t_id="797" sentence="31" number="18">"</token>
<token t_id="798" sentence="31" number="19">King</token>
<token t_id="799" sentence="31" number="20">said</token>
<token t_id="800" sentence="31" number="21">.</token>
<token t_id="801" sentence="32" number="0">"But</token>
<token t_id="802" sentence="32" number="1">in</token>
<token t_id="803" sentence="32" number="2">watching</token>
<token t_id="804" sentence="32" number="3">the</token>
<token t_id="805" sentence="32" number="4">season</token>
<token t_id="806" sentence="32" number="5">,</token>
<token t_id="807" sentence="32" number="6">evaluating</token>
<token t_id="808" sentence="32" number="7">our</token>
<token t_id="809" sentence="32" number="8">young</token>
<token t_id="810" sentence="32" number="9">players'</token>
<token t_id="811" sentence="32" number="10">development</token>
<token t_id="812" sentence="32" number="11">and</token>
<token t_id="813" sentence="32" number="12">evaluating</token>
<token t_id="814" sentence="32" number="13">our</token>
<token t_id="815" sentence="32" number="14">style</token>
<token t_id="816" sentence="32" number="15">of</token>
<token t_id="817" sentence="32" number="16">play</token>
<token t_id="818" sentence="32" number="17">,</token>
<token t_id="819" sentence="32" number="18">it</token>
<token t_id="820" sentence="32" number="19">wasn't</token>
<token t_id="821" sentence="32" number="20">something</token>
<token t_id="822" sentence="32" number="21">I</token>
<token t_id="823" sentence="32" number="22">was</token>
<token t_id="824" sentence="32" number="23">comfortable</token>
<token t_id="825" sentence="32" number="24">with</token>
<token t_id="826" sentence="32" number="25">.</token>
<token t_id="827" sentence="32" number="26">"</token>
<token t_id="828" sentence="33" number="0">Reached</token>
<token t_id="829" sentence="33" number="1">by</token>
<token t_id="830" sentence="33" number="2">telephone</token>
<token t_id="831" sentence="33" number="3">yesterday</token>
<token t_id="832" sentence="33" number="4">,</token>
<token t_id="833" sentence="33" number="5">O'Brien</token>
<token t_id="834" sentence="33" number="6">declined</token>
<token t_id="835" sentence="33" number="7">to</token>
<token t_id="836" sentence="33" number="8">comment</token>
<token t_id="837" sentence="33" number="9">.</token>
<token t_id="838" sentence="34" number="0">"I'm</token>
<token t_id="839" sentence="34" number="1">not</token>
<token t_id="840" sentence="34" number="2">going</token>
<token t_id="841" sentence="34" number="3">to</token>
<token t_id="842" sentence="34" number="4">have</token>
<token t_id="843" sentence="34" number="5">any</token>
<token t_id="844" sentence="34" number="6">discussion</token>
<token t_id="845" sentence="34" number="7">about</token>
<token t_id="846" sentence="34" number="8">this</token>
<token t_id="847" sentence="34" number="9">,</token>
<token t_id="848" sentence="34" number="10">"</token>
<token t_id="849" sentence="34" number="11">he</token>
<token t_id="850" sentence="34" number="12">said</token>
<token t_id="851" sentence="34" number="13">.</token>
<token t_id="852" sentence="35" number="0">King</token>
<token t_id="853" sentence="35" number="1">said</token>
<token t_id="854" sentence="35" number="2">that</token>
<token t_id="855" sentence="35" number="3">when</token>
<token t_id="856" sentence="35" number="4">he</token>
<token t_id="857" sentence="35" number="5">broke</token>
<token t_id="858" sentence="35" number="6">the</token>
<token t_id="859" sentence="35" number="7">news</token>
<token t_id="860" sentence="35" number="8">yesterday</token>
<token t_id="861" sentence="35" number="9">to</token>
<token t_id="862" sentence="35" number="10">O'Brien</token>
<token t_id="863" sentence="35" number="11">,</token>
<token t_id="864" sentence="35" number="12">"He</token>
<token t_id="865" sentence="35" number="13">asked</token>
<token t_id="866" sentence="35" number="14">why</token>
<token t_id="867" sentence="35" number="15">,</token>
<token t_id="868" sentence="35" number="16">and</token>
<token t_id="869" sentence="35" number="17">I</token>
<token t_id="870" sentence="35" number="18">told</token>
<token t_id="871" sentence="35" number="19">him</token>
<token t_id="872" sentence="35" number="20">that</token>
<token t_id="873" sentence="35" number="21">I</token>
<token t_id="874" sentence="35" number="22">just</token>
<token t_id="875" sentence="35" number="23">felt</token>
<token t_id="876" sentence="35" number="24">there</token>
<token t_id="877" sentence="35" number="25">were</token>
<token t_id="878" sentence="35" number="26">some</token>
<token t_id="879" sentence="35" number="27">things</token>
<token t_id="880" sentence="35" number="28">that</token>
<token t_id="881" sentence="35" number="29">took</token>
<token t_id="882" sentence="35" number="30">place</token>
<token t_id="883" sentence="35" number="31">that</token>
<token t_id="884" sentence="35" number="32">I</token>
<token t_id="885" sentence="35" number="33">don't</token>
<token t_id="886" sentence="35" number="34">think</token>
<token t_id="887" sentence="35" number="35">will</token>
<token t_id="888" sentence="35" number="36">change</token>
<token t_id="889" sentence="35" number="37">and</token>
<token t_id="890" sentence="35" number="38">we're</token>
<token t_id="891" sentence="35" number="39">going</token>
<token t_id="892" sentence="35" number="40">to</token>
<token t_id="893" sentence="35" number="41">make</token>
<token t_id="894" sentence="35" number="42">a</token>
<token t_id="895" sentence="35" number="43">change</token>
<token t_id="896" sentence="35" number="44">.</token>
<token t_id="897" sentence="36" number="0">He</token>
<token t_id="898" sentence="36" number="1">said</token>
<token t_id="899" sentence="36" number="2">,</token>
<token t_id="900" sentence="36" number="3">'Thank</token>
<token t_id="901" sentence="36" number="4">you</token>
<token t_id="902" sentence="36" number="5">.</token>
<token t_id="903" sentence="36" number="6">'</token>
<token t_id="904" sentence="36" number="7">"</token>
<token t_id="905" sentence="37" number="0">Snider</token>
<token t_id="906" sentence="37" number="1">,</token>
<token t_id="907" sentence="37" number="2">who</token>
<token t_id="908" sentence="37" number="3">attended</token>
<token t_id="909" sentence="37" number="4">King's</token>
<token t_id="910" sentence="37" number="5">news</token>
<token t_id="911" sentence="37" number="6">conference</token>
<token t_id="912" sentence="37" number="7">,</token>
<token t_id="913" sentence="37" number="8">said</token>
<token t_id="914" sentence="37" number="9">he</token>
<token t_id="915" sentence="37" number="10">backed</token>
<token t_id="916" sentence="37" number="11">King</token>
<token t_id="917" sentence="37" number="12">.</token>
<token t_id="918" sentence="38" number="0">"I</token>
<token t_id="919" sentence="38" number="1">really</token>
<token t_id="920" sentence="38" number="2">don't</token>
<token t_id="921" sentence="38" number="3">question</token>
<token t_id="922" sentence="38" number="4">Billy</token>
<token t_id="923" sentence="38" number="5">at</token>
<token t_id="924" sentence="38" number="6">all</token>
<token t_id="925" sentence="38" number="7">,</token>
<token t_id="926" sentence="38" number="8">"</token>
<token t_id="927" sentence="38" number="9">he</token>
<token t_id="928" sentence="38" number="10">said</token>
<token t_id="929" sentence="38" number="11">.</token>
<token t_id="930" sentence="39" number="0">"I</token>
<token t_id="931" sentence="39" number="1">know</token>
<token t_id="932" sentence="39" number="2">what</token>
<token t_id="933" sentence="39" number="3">went</token>
<token t_id="934" sentence="39" number="4">on</token>
<token t_id="935" sentence="39" number="5">in</token>
<token t_id="936" sentence="39" number="6">the</token>
<token t_id="937" sentence="39" number="7">process</token>
<token t_id="938" sentence="39" number="8">when</token>
<token t_id="939" sentence="39" number="9">he</token>
<token t_id="940" sentence="39" number="10">made</token>
<token t_id="941" sentence="39" number="11">this</token>
<token t_id="942" sentence="39" number="12">decision</token>
<token t_id="943" sentence="39" number="13">,</token>
<token t_id="944" sentence="39" number="14">as</token>
<token t_id="945" sentence="39" number="15">well</token>
<token t_id="946" sentence="39" number="16">as</token>
<token t_id="947" sentence="39" number="17">the</token>
<token t_id="948" sentence="39" number="18">decision</token>
<token t_id="949" sentence="39" number="19">to</token>
<token t_id="950" sentence="39" number="20">hire</token>
<token t_id="951" sentence="39" number="21">Jim</token>
<token t_id="952" sentence="39" number="22">O'Brien</token>
<token t_id="953" sentence="39" number="23">.</token>
<token t_id="954" sentence="40" number="0">I've</token>
<token t_id="955" sentence="40" number="1">supported</token>
<token t_id="956" sentence="40" number="2">his</token>
<token t_id="957" sentence="40" number="3">moves</token>
<token t_id="958" sentence="40" number="4">,</token>
<token t_id="959" sentence="40" number="5">and</token>
<token t_id="960" sentence="40" number="6">I</token>
<token t_id="961" sentence="40" number="7">still</token>
<token t_id="962" sentence="40" number="8">do</token>
<token t_id="963" sentence="40" number="9">.</token>
<token t_id="964" sentence="40" number="10">"</token>
<token t_id="965" sentence="41" number="0">O'Brien</token>
<token t_id="966" sentence="41" number="1">was</token>
<token t_id="967" sentence="41" number="2">excited</token>
<token t_id="968" sentence="41" number="3">to</token>
<token t_id="969" sentence="41" number="4">come</token>
<token t_id="970" sentence="41" number="5">back</token>
<token t_id="971" sentence="41" number="6">to</token>
<token t_id="972" sentence="41" number="7">Philadelphia</token>
<token t_id="973" sentence="41" number="8">because</token>
<token t_id="974" sentence="41" number="9">of</token>
<token t_id="975" sentence="41" number="10">his</token>
<token t_id="976" sentence="41" number="11">roots</token>
<token t_id="977" sentence="41" number="12">in</token>
<token t_id="978" sentence="41" number="13">the</token>
<token t_id="979" sentence="41" number="14">city</token>
<token t_id="980" sentence="41" number="15">.</token>
<token t_id="981" sentence="42" number="0">Cheeks</token>
<token t_id="982" sentence="42" number="1">,</token>
<token t_id="983" sentence="42" number="2">who</token>
<token t_id="984" sentence="42" number="3">is</token>
<token t_id="985" sentence="42" number="4">expected</token>
<token t_id="986" sentence="42" number="5">to</token>
<token t_id="987" sentence="42" number="6">speak</token>
<token t_id="988" sentence="42" number="7">at</token>
<token t_id="989" sentence="42" number="8">a</token>
<token t_id="990" sentence="42" number="9">press</token>
<token t_id="991" sentence="42" number="10">conference</token>
<token t_id="992" sentence="42" number="11">today</token>
<token t_id="993" sentence="42" number="12">,</token>
<token t_id="994" sentence="42" number="13">is</token>
<token t_id="995" sentence="42" number="14">excited</token>
<token t_id="996" sentence="42" number="15">to</token>
<token t_id="997" sentence="42" number="16">be</token>
<token t_id="998" sentence="42" number="17">coming</token>
<token t_id="999" sentence="42" number="18">back</token>
<token t_id="1000" sentence="42" number="19">to</token>
<token t_id="1001" sentence="42" number="20">Philadelphia</token>
<token t_id="1002" sentence="42" number="21">because</token>
<token t_id="1003" sentence="42" number="22">of</token>
<token t_id="1004" sentence="42" number="23">all</token>
<token t_id="1005" sentence="42" number="24">the</token>
<token t_id="1006" sentence="42" number="25">success</token>
<token t_id="1007" sentence="42" number="26">he</token>
<token t_id="1008" sentence="42" number="27">enjoyed</token>
<token t_id="1009" sentence="42" number="28">here</token>
<token t_id="1010" sentence="42" number="29">as</token>
<token t_id="1011" sentence="42" number="30">a</token>
<token t_id="1012" sentence="42" number="31">player</token>
<token t_id="1013" sentence="42" number="32">,</token>
<token t_id="1014" sentence="42" number="33">followed</token>
<token t_id="1015" sentence="42" number="34">by</token>
<token t_id="1016" sentence="42" number="35">seven</token>
<token t_id="1017" sentence="42" number="36">seasons</token>
<token t_id="1018" sentence="42" number="37">as</token>
<token t_id="1019" sentence="42" number="38">an</token>
<token t_id="1020" sentence="42" number="39">assistant</token>
<token t_id="1021" sentence="42" number="40">coach</token>
<token t_id="1022" sentence="42" number="41">.</token>
<token t_id="1023" sentence="43" number="0">"Mo</token>
<token t_id="1024" sentence="43" number="1">is</token>
<token t_id="1025" sentence="43" number="2">family</token>
<token t_id="1026" sentence="43" number="3">,</token>
<token t_id="1027" sentence="43" number="4">"</token>
<token t_id="1028" sentence="43" number="5">King</token>
<token t_id="1029" sentence="43" number="6">said</token>
<token t_id="1030" sentence="43" number="7">.</token>
<token t_id="1031" sentence="44" number="0">"Mo</token>
<token t_id="1032" sentence="44" number="1">bleeds</token>
<token t_id="1033" sentence="44" number="2">76ers</token>
<token t_id="1034" sentence="44" number="3">.</token>
<token t_id="1035" sentence="45" number="0">He</token>
<token t_id="1036" sentence="45" number="1">bleeds</token>
<token t_id="1037" sentence="45" number="2">Philadelphia</token>
<token t_id="1038" sentence="45" number="3">.</token>
<token t_id="1039" sentence="45" number="4">"</token>
<token t_id="1040" sentence="46" number="0">He</token>
<token t_id="1041" sentence="46" number="1">is</token>
<token t_id="1042" sentence="46" number="2">still</token>
<token t_id="1043" sentence="46" number="3">the</token>
<token t_id="1044" sentence="46" number="4">franchise's</token>
<token t_id="1045" sentence="46" number="5">all</token>
<token t_id="1046" sentence="46" number="6">-</token>
<token t_id="1047" sentence="46" number="7">time</token>
<token t_id="1048" sentence="46" number="8">leader</token>
<token t_id="1049" sentence="46" number="9">in</token>
<token t_id="1050" sentence="46" number="10">assists</token>
<token t_id="1051" sentence="46" number="11">and</token>
<token t_id="1052" sentence="46" number="12">steals</token>
<token t_id="1053" sentence="46" number="13">.</token>
<token t_id="1054" sentence="47" number="0">Cheeks</token>
<token t_id="1055" sentence="47" number="1">also</token>
<token t_id="1056" sentence="47" number="2">played</token>
<token t_id="1057" sentence="47" number="3">with</token>
<token t_id="1058" sentence="47" number="4">San</token>
<token t_id="1059" sentence="47" number="5">Antonio</token>
<token t_id="1060" sentence="47" number="6">,</token>
<token t_id="1061" sentence="47" number="7">New</token>
<token t_id="1062" sentence="47" number="8">York</token>
<token t_id="1063" sentence="47" number="9">,</token>
<token t_id="1064" sentence="47" number="10">Atlanta</token>
<token t_id="1065" sentence="47" number="11">and</token>
<token t_id="1066" sentence="47" number="12">New</token>
<token t_id="1067" sentence="47" number="13">Jersey</token>
<token t_id="1068" sentence="47" number="14">before</token>
<token t_id="1069" sentence="47" number="15">retiring</token>
<token t_id="1070" sentence="47" number="16">in</token>
<token t_id="1071" sentence="47" number="17">1993</token>
<token t_id="1072" sentence="47" number="18">.</token>
<token t_id="1073" sentence="48" number="0">Cheeks</token>
<token t_id="1074" sentence="48" number="1">returned</token>
<token t_id="1075" sentence="48" number="2">to</token>
<token t_id="1076" sentence="48" number="3">the</token>
<token t_id="1077" sentence="48" number="4">Sixers</token>
<token t_id="1078" sentence="48" number="5">in</token>
<token t_id="1079" sentence="48" number="6">1994</token>
<token t_id="1080" sentence="48" number="7">as</token>
<token t_id="1081" sentence="48" number="8">an</token>
<token t_id="1082" sentence="48" number="9">assistant</token>
<token t_id="1083" sentence="48" number="10">coach</token>
<token t_id="1084" sentence="48" number="11">and</token>
<token t_id="1085" sentence="48" number="12">stayed</token>
<token t_id="1086" sentence="48" number="13">for</token>
<token t_id="1087" sentence="48" number="14">seven</token>
<token t_id="1088" sentence="48" number="15">seasons</token>
<token t_id="1089" sentence="48" number="16">until</token>
<token t_id="1090" sentence="48" number="17">the</token>
<token t_id="1091" sentence="48" number="18">Trail</token>
<token t_id="1092" sentence="48" number="19">Blazers</token>
<token t_id="1093" sentence="48" number="20">hired</token>
<token t_id="1094" sentence="48" number="21">him</token>
<token t_id="1095" sentence="48" number="22">as</token>
<token t_id="1096" sentence="48" number="23">head</token>
<token t_id="1097" sentence="48" number="24">coach</token>
<token t_id="1098" sentence="48" number="25">on</token>
<token t_id="1099" sentence="48" number="26">June</token>
<token t_id="1100" sentence="48" number="27">27</token>
<token t_id="1101" sentence="48" number="28">,</token>
<token t_id="1102" sentence="48" number="29">2001</token>
<token t_id="1103" sentence="48" number="30">.</token>
<token t_id="1104" sentence="49" number="0">Under</token>
<token t_id="1105" sentence="49" number="1">Cheeks'</token>
<token t_id="1106" sentence="49" number="2">guidance</token>
<token t_id="1107" sentence="49" number="3">,</token>
<token t_id="1108" sentence="49" number="4">the</token>
<token t_id="1109" sentence="49" number="5">Blazers</token>
<token t_id="1110" sentence="49" number="6">made</token>
<token t_id="1111" sentence="49" number="7">the</token>
<token t_id="1112" sentence="49" number="8">playoffs</token>
<token t_id="1113" sentence="49" number="9">in</token>
<token t_id="1114" sentence="49" number="10">2002</token>
<token t_id="1115" sentence="49" number="11">and</token>
<token t_id="1116" sentence="49" number="12">2003</token>
<token t_id="1117" sentence="49" number="13">,</token>
<token t_id="1118" sentence="49" number="14">but</token>
<token t_id="1119" sentence="49" number="15">did</token>
<token t_id="1120" sentence="49" number="16">not</token>
<token t_id="1121" sentence="49" number="17">get</token>
<token t_id="1122" sentence="49" number="18">out</token>
<token t_id="1123" sentence="49" number="19">of</token>
<token t_id="1124" sentence="49" number="20">the</token>
<token t_id="1125" sentence="49" number="21">first</token>
<token t_id="1126" sentence="49" number="22">round</token>
<token t_id="1127" sentence="49" number="23">.</token>
<token t_id="1128" sentence="50" number="0">They</token>
<token t_id="1129" sentence="50" number="1">missed</token>
<token t_id="1130" sentence="50" number="2">the</token>
<token t_id="1131" sentence="50" number="3">postseason</token>
<token t_id="1132" sentence="50" number="4">in</token>
<token t_id="1133" sentence="50" number="5">2004</token>
<token t_id="1134" sentence="50" number="6">,</token>
<token t_id="1135" sentence="50" number="7">breaking</token>
<token t_id="1136" sentence="50" number="8">a</token>
<token t_id="1137" sentence="50" number="9">streak</token>
<token t_id="1138" sentence="50" number="10">of</token>
<token t_id="1139" sentence="50" number="11">21</token>
<token t_id="1140" sentence="50" number="12">consecutive</token>
<token t_id="1141" sentence="50" number="13">years</token>
<token t_id="1142" sentence="50" number="14">in</token>
<token t_id="1143" sentence="50" number="15">the</token>
<token t_id="1144" sentence="50" number="16">playoffs</token>
<token t_id="1145" sentence="50" number="17">,</token>
<token t_id="1146" sentence="50" number="18">and</token>
<token t_id="1147" sentence="50" number="19">were</token>
<token t_id="1148" sentence="50" number="20">wracked</token>
<token t_id="1149" sentence="50" number="21">by</token>
<token t_id="1150" sentence="50" number="22">dissension</token>
<token t_id="1151" sentence="50" number="23">.</token>
<token t_id="1152" sentence="51" number="0">"I</token>
<token t_id="1153" sentence="51" number="1">look</token>
<token t_id="1154" sentence="51" number="2">at</token>
<token t_id="1155" sentence="51" number="3">Mo</token>
<token t_id="1156" sentence="51" number="4">Cheeks</token>
<token t_id="1157" sentence="51" number="5">and</token>
<token t_id="1158" sentence="51" number="6">I</token>
<token t_id="1159" sentence="51" number="7">know</token>
<token t_id="1160" sentence="51" number="8">Mo</token>
<token t_id="1161" sentence="51" number="9">Cheeks</token>
<token t_id="1162" sentence="51" number="10">,</token>
<token t_id="1163" sentence="51" number="11">"</token>
<token t_id="1164" sentence="51" number="12">King</token>
<token t_id="1165" sentence="51" number="13">said</token>
<token t_id="1166" sentence="51" number="14">.</token>
<token t_id="1167" sentence="52" number="0">"If</token>
<token t_id="1168" sentence="52" number="1">players</token>
<token t_id="1169" sentence="52" number="2">have</token>
<token t_id="1170" sentence="52" number="3">problems</token>
<token t_id="1171" sentence="52" number="4">with</token>
<token t_id="1172" sentence="52" number="5">Mo</token>
<token t_id="1173" sentence="52" number="6">Cheeks</token>
<token t_id="1174" sentence="52" number="7">,</token>
<token t_id="1175" sentence="52" number="8">then</token>
<token t_id="1176" sentence="52" number="9">there's</token>
<token t_id="1177" sentence="52" number="10">got</token>
<token t_id="1178" sentence="52" number="11">to</token>
<token t_id="1179" sentence="52" number="12">be</token>
<token t_id="1180" sentence="52" number="13">something</token>
<token t_id="1181" sentence="52" number="14">wrong</token>
<token t_id="1182" sentence="52" number="15">with</token>
<token t_id="1183" sentence="52" number="16">those</token>
<token t_id="1184" sentence="52" number="17">players</token>
<token t_id="1185" sentence="52" number="18">.</token>
<token t_id="1186" sentence="52" number="19">"</token>
<token t_id="1187" sentence="53" number="0">Under</token>
<token t_id="1188" sentence="53" number="1">O'Brien</token>
<token t_id="1189" sentence="53" number="2">,</token>
<token t_id="1190" sentence="53" number="3">the</token>
<token t_id="1191" sentence="53" number="4">former</token>
<token t_id="1192" sentence="53" number="5">head</token>
<token t_id="1193" sentence="53" number="6">coach</token>
<token t_id="1194" sentence="53" number="7">of</token>
<token t_id="1195" sentence="53" number="8">the</token>
<token t_id="1196" sentence="53" number="9">Boston</token>
<token t_id="1197" sentence="53" number="10">Celtics</token>
<token t_id="1198" sentence="53" number="11">,</token>
<token t_id="1199" sentence="53" number="12">Iverson</token>
<token t_id="1200" sentence="53" number="13">moved</token>
<token t_id="1201" sentence="53" number="14">from</token>
<token t_id="1202" sentence="53" number="15">shooting</token>
<token t_id="1203" sentence="53" number="16">guard</token>
<token t_id="1204" sentence="53" number="17">to</token>
<token t_id="1205" sentence="53" number="18">point</token>
<token t_id="1206" sentence="53" number="19">guard</token>
<token t_id="1207" sentence="53" number="20">and</token>
<token t_id="1208" sentence="53" number="21">responded</token>
<token t_id="1209" sentence="53" number="22">with</token>
<token t_id="1210" sentence="53" number="23">an</token>
<token t_id="1211" sentence="53" number="24">MVP</token>
<token t_id="1212" sentence="53" number="25">-</token>
<token t_id="1213" sentence="53" number="26">caliber</token>
<token t_id="1214" sentence="53" number="27">season</token>
<token t_id="1215" sentence="53" number="28">,</token>
<token t_id="1216" sentence="53" number="29">winning</token>
<token t_id="1217" sentence="53" number="30">his</token>
<token t_id="1218" sentence="53" number="31">fourth</token>
<token t_id="1219" sentence="53" number="32">NBA</token>
<token t_id="1220" sentence="53" number="33">scoring</token>
<token t_id="1221" sentence="53" number="34">title</token>
<token t_id="1222" sentence="53" number="35">.</token>
<token t_id="1223" sentence="54" number="0">But</token>
<token t_id="1224" sentence="54" number="1">O'Brien</token>
<token t_id="1225" sentence="54" number="2">is</token>
<token t_id="1226" sentence="54" number="3">gone</token>
<token t_id="1227" sentence="54" number="4">now</token>
<token t_id="1228" sentence="54" number="5">.</token>
<token t_id="1229" sentence="55" number="0">Cheeks</token>
<token t_id="1230" sentence="55" number="1">is</token>
<token t_id="1231" sentence="55" number="2">in</token>
<token t_id="1232" sentence="55" number="3">.</token>
<token t_id="1233" sentence="56" number="0">And</token>
<token t_id="1234" sentence="56" number="1">King</token>
<token t_id="1235" sentence="56" number="2">knows</token>
<token t_id="1236" sentence="56" number="3">he's</token>
<token t_id="1237" sentence="56" number="4">being</token>
<token t_id="1238" sentence="56" number="5">held</token>
<token t_id="1239" sentence="56" number="6">accountable</token>
<token t_id="1240" sentence="56" number="7">.</token>
<token t_id="1241" sentence="57" number="0">"I</token>
<token t_id="1242" sentence="57" number="1">look</token>
<token t_id="1243" sentence="57" number="2">in</token>
<token t_id="1244" sentence="57" number="3">the</token>
<token t_id="1245" sentence="57" number="4">mirror</token>
<token t_id="1246" sentence="57" number="5">every</token>
<token t_id="1247" sentence="57" number="6">day</token>
<token t_id="1248" sentence="57" number="7">,</token>
<token t_id="1249" sentence="57" number="8">"</token>
<token t_id="1250" sentence="57" number="9">King</token>
<token t_id="1251" sentence="57" number="10">said</token>
<token t_id="1252" sentence="57" number="11">.</token>
<token t_id="1253" sentence="58" number="0">"I'm</token>
<token t_id="1254" sentence="58" number="1">not</token>
<token t_id="1255" sentence="58" number="2">somebody</token>
<token t_id="1256" sentence="58" number="3">that's</token>
<token t_id="1257" sentence="58" number="4">above</token>
<token t_id="1258" sentence="58" number="5">scrutiny</token>
<token t_id="1259" sentence="58" number="6">,</token>
<token t_id="1260" sentence="58" number="7">but</token>
<token t_id="1261" sentence="58" number="8">I</token>
<token t_id="1262" sentence="58" number="9">think</token>
<token t_id="1263" sentence="58" number="10">I</token>
<token t_id="1264" sentence="58" number="11">try</token>
<token t_id="1265" sentence="58" number="12">to</token>
<token t_id="1266" sentence="58" number="13">do</token>
<token t_id="1267" sentence="58" number="14">the</token>
<token t_id="1268" sentence="58" number="15">best</token>
<token t_id="1269" sentence="58" number="16">I</token>
<token t_id="1270" sentence="58" number="17">can</token>
<token t_id="1271" sentence="58" number="18">and</token>
<token t_id="1272" sentence="58" number="19">make</token>
<token t_id="1273" sentence="58" number="20">the</token>
<token t_id="1274" sentence="58" number="21">best</token>
<token t_id="1275" sentence="58" number="22">decisions</token>
<token t_id="1276" sentence="58" number="23">.</token>
<token t_id="1277" sentence="58" number="24">"</token>


<Markables>
<ACTION_OCCURRENCE m_id="1" climaxEvent="FALSE" comment=""  >
<token_anchor t_id="488"/>
</ACTION_OCCURRENCE>
<ACTION_OCCURRENCE m_id="2" climaxEvent="FALSE" comment=""  >
<token_anchor t_id="493"/>
</ACTION_OCCURRENCE>
<ACTION_OCCURRENCE m_id="3" climaxEvent="FALSE" comment=""  >
<token_anchor t_id="497"/>
</ACTION_OCCURRENCE>
<ACTION_OCCURRENCE m_id="4" climaxEvent="FALSE" comment=""  >
<token_anchor t_id="59"/>
</ACTION_OCCURRENCE>
<ACTION_OCCURRENCE m_id="5" climaxEvent="FALSE" comment=""  >
<token_anchor t_id="69"/>
<token_anchor t_id="70"/>
</ACTION_OCCURRENCE>
<ACTION_OCCURRENCE m_id="6" climaxEvent="FALSE" comment=""  >
<token_anchor t_id="478"/>
</ACTION_OCCURRENCE>
<ACTION_OCCURRENCE m_id="7" climaxEvent="FALSE" comment=""  >
<token_anchor t_id="78"/>
<token_anchor t_id="79"/>
</ACTION_OCCURRENCE>
<ACTION_OCCURRENCE m_id="8" climaxEvent="FALSE" comment=""  >
<token_anchor t_id="857"/>
</ACTION_OCCURRENCE>
<ACTION_OCCURRENCE m_id="9" climaxEvent="FALSE" comment=""  >
<token_anchor t_id="107"/>
</ACTION_OCCURRENCE>
<ACTION_OCCURRENCE m_id="10" climaxEvent="FALSE" comment=""  >
<token_anchor t_id="501"/>
</ACTION_OCCURRENCE>
<ACTION_OCCURRENCE m_id="11" climaxEvent="FALSE" comment=""  >
<token_anchor t_id="859"/>
</ACTION_OCCURRENCE>
<ACTION_OCCURRENCE m_id="12" climaxEvent="FALSE" comment=""  >
<token_anchor t_id="109"/>
</ACTION_OCCURRENCE>
<ACTION_OCCURRENCE m_id="13" climaxEvent="FALSE" comment=""  >
<token_anchor t_id="881"/>
<token_anchor t_id="882"/>
</ACTION_OCCURRENCE>
<ACTION_OCCURRENCE m_id="14" climaxEvent="TRUE" comment=""  >
<token_anchor t_id="42"/>
<token_anchor t_id="44"/>
</ACTION_OCCURRENCE>
<ACTION_OCCURRENCE m_id="15" climaxEvent="FALSE" comment=""  >
<token_anchor t_id="888"/>
</ACTION_OCCURRENCE>
<ACTION_OCCURRENCE m_id="16" climaxEvent="FALSE" comment=""  >
<token_anchor t_id="895"/>
</ACTION_OCCURRENCE>
<ACTION_OCCURRENCE m_id="17" climaxEvent="FALSE" comment=""  >
<token_anchor t_id="125"/>
</ACTION_OCCURRENCE>
<ACTION_OCCURRENCE m_id="18" climaxEvent="FALSE" comment=""  >
<token_anchor t_id="129"/>
</ACTION_OCCURRENCE>
<ACTION_OCCURRENCE m_id="19" climaxEvent="FALSE" comment=""  >
<token_anchor t_id="865"/>
</ACTION_OCCURRENCE>
<ACTION_ASPECTUAL m_id="20" climaxEvent="FALSE" comment=""  >
<token_anchor t_id="102"/>
</ACTION_ASPECTUAL>
<ACTION_OCCURRENCE m_id="21" climaxEvent="FALSE" comment=""  >
<token_anchor t_id="875"/>
</ACTION_OCCURRENCE>
<ACTION_OCCURRENCE m_id="96" climaxEvent="FALSE" comment=""  >
<token_anchor t_id="104"/>
</ACTION_OCCURRENCE>
<ACTION_OCCURRENCE m_id="22" climaxEvent="FALSE" comment=""  >
<token_anchor t_id="886"/>
</ACTION_OCCURRENCE>
<ACTION_OCCURRENCE m_id="23" climaxEvent="FALSE" comment=""  >
<token_anchor t_id="1231"/>
</ACTION_OCCURRENCE>
<ACTION_OCCURRENCE m_id="24" climaxEvent="FALSE" comment=""  >
<token_anchor t_id="891"/>
</ACTION_OCCURRENCE>
<ACTION_OCCURRENCE m_id="25" climaxEvent="FALSE" comment=""  >
<token_anchor t_id="1226"/>
</ACTION_OCCURRENCE>
<ACTION_OCCURRENCE m_id="26" climaxEvent="FALSE" comment=""  >
<token_anchor t_id="458"/>
</ACTION_OCCURRENCE>
<ACTION_OCCURRENCE m_id="27" climaxEvent="FALSE" comment=""  >
<token_anchor t_id="94"/>
</ACTION_OCCURRENCE>
<ACTION_OCCURRENCE m_id="28" climaxEvent="FALSE" comment=""  >
<token_anchor t_id="35"/>
</ACTION_OCCURRENCE>
<ACTION_OCCURRENCE m_id="29" climaxEvent="FALSE" comment=""  >
<token_anchor t_id="462"/>
</ACTION_OCCURRENCE>
<ACTION_OCCURRENCE m_id="30" climaxEvent="FALSE" comment=""  >
<token_anchor t_id="467"/>
</ACTION_OCCURRENCE>
<ACTION_PERCEPTION m_id="31" comment="" climaxEvent="FALSE"  >
<token_anchor t_id="471"/>
</ACTION_PERCEPTION>
<ACTION_REPORTING m_id="33" comment=""  >
<token_anchor t_id="853"/>
</ACTION_REPORTING>
<ACTION_REPORTING m_id="34" comment=""  >
<token_anchor t_id="870"/>
</ACTION_REPORTING>
<ACTION_REPORTING m_id="35" comment=""  >
<token_anchor t_id="456"/>
</ACTION_REPORTING>
<ACTION_REPORTING m_id="32" comment=""  >
<token_anchor t_id="481"/>
</ACTION_REPORTING>
<ACTION_STATE m_id="36" climaxEvent="FALSE" comment=""  >
<token_anchor t_id="475"/>
</ACTION_STATE>
<ACTION_STATE m_id="37" climaxEvent="FALSE" comment=""  >
<token_anchor t_id="120"/>
</ACTION_STATE>
<HUMAN_PART_GENERIC m_id="38"  >
<token_anchor t_id="890"/>
</HUMAN_PART_GENERIC>
<HUMAN_PART_ORG m_id="39"  >
<token_anchor t_id="132"/>
</HUMAN_PART_ORG>
<HUMAN_PART_ORG m_id="40"  >
<token_anchor t_id="101"/>
</HUMAN_PART_ORG>
<HUMAN_PART_PER m_id="65" comment=""  >
<token_anchor t_id="869"/>
</HUMAN_PART_PER>
<HUMAN_PART_PER m_id="66" comment=""  >
<token_anchor t_id="873"/>
</HUMAN_PART_PER>
<HUMAN_PART_PER m_id="67" comment=""  >
<token_anchor t_id="884"/>
</HUMAN_PART_PER>
<HUMAN_PART_PER m_id="68" comment=""  >
<token_anchor t_id="871"/>
</HUMAN_PART_PER>
<HUMAN_PART_PER m_id="69" comment=""  >
<token_anchor t_id="34"/>
</HUMAN_PART_PER>
<HUMAN_PART_PER m_id="70" comment=""  >
<token_anchor t_id="39"/>
<token_anchor t_id="40"/>
</HUMAN_PART_PER>
<HUMAN_PART_PER m_id="71" comment=""  >
<token_anchor t_id="124"/>
</HUMAN_PART_PER>
<HUMAN_PART_PER m_id="41" comment=""  >
<token_anchor t_id="80"/>
<token_anchor t_id="81"/>
</HUMAN_PART_PER>
<HUMAN_PART_PER m_id="42" comment=""  >
<token_anchor t_id="127"/>
</HUMAN_PART_PER>
<HUMAN_PART_PER m_id="43" comment=""  >
<token_anchor t_id="93"/>
</HUMAN_PART_PER>
<HUMAN_PART_PER m_id="44" comment=""  >
<token_anchor t_id="57"/>
<token_anchor t_id="58"/>
</HUMAN_PART_PER>
<HUMAN_PART_PER m_id="45" comment=""  >
<token_anchor t_id="457"/>
</HUMAN_PART_PER>
<HUMAN_PART_PER m_id="46" comment=""  >
<token_anchor t_id="71"/>
<token_anchor t_id="72"/>
</HUMAN_PART_PER>
<HUMAN_PART_PER m_id="47" comment=""  >
<token_anchor t_id="1224"/>
</HUMAN_PART_PER>
<HUMAN_PART_PER m_id="48" comment=""  >
<token_anchor t_id="1229"/>
</HUMAN_PART_PER>
<HUMAN_PART_PER m_id="49" comment=""  >
<token_anchor t_id="110"/>
</HUMAN_PART_PER>
<HUMAN_PART_PER m_id="50" comment=""  >
<token_anchor t_id="463"/>
</HUMAN_PART_PER>
<HUMAN_PART_PER m_id="51" comment=""  >
<token_anchor t_id="469"/>
</HUMAN_PART_PER>
<HUMAN_PART_PER m_id="52" comment=""  >
<token_anchor t_id="455"/>
</HUMAN_PART_PER>
<HUMAN_PART_PER m_id="53" comment=""  >
<token_anchor t_id="480"/>
</HUMAN_PART_PER>
<HUMAN_PART_PER m_id="54" comment=""  >
<token_anchor t_id="487"/>
</HUMAN_PART_PER>
<HUMAN_PART_PER m_id="55" comment=""  >
<token_anchor t_id="473"/>
</HUMAN_PART_PER>
<HUMAN_PART_PER m_id="56" comment=""  >
<token_anchor t_id="498"/>
</HUMAN_PART_PER>
<HUMAN_PART_PER m_id="57" comment=""  >
<token_anchor t_id="862"/>
</HUMAN_PART_PER>
<HUMAN_PART_PER m_id="58" comment=""  >
<token_anchor t_id="852"/>
</HUMAN_PART_PER>
<HUMAN_PART_PER m_id="59" comment=""  >
<token_anchor t_id="482"/>
</HUMAN_PART_PER>
<HUMAN_PART_PER m_id="60" comment=""  >
<token_anchor t_id="489"/>
</HUMAN_PART_PER>
<HUMAN_PART_PER m_id="61" comment=""  >
<token_anchor t_id="856"/>
</HUMAN_PART_PER>
<HUMAN_PART_PER m_id="62" comment=""  >
<token_anchor t_id="106"/>
</HUMAN_PART_PER>
<HUMAN_PART_PER m_id="63" comment=""  >
<token_anchor t_id="500"/>
</HUMAN_PART_PER>
<HUMAN_PART_PER m_id="64" comment=""  >
<token_anchor t_id="864"/>
</HUMAN_PART_PER>
<NON_HUMAN_PART m_id="72" comment=""  >
<token_anchor t_id="495"/>
</NON_HUMAN_PART>
<NON_HUMAN_PART m_id="73" comment=""  >
<token_anchor t_id="123"/>
</NON_HUMAN_PART>
<NON_HUMAN_PART m_id="74" comment=""  >
<token_anchor t_id="118"/>
<token_anchor t_id="119"/>
</NON_HUMAN_PART>
<NON_HUMAN_PART_GENERIC m_id="75"  >
<token_anchor t_id="65"/>
</NON_HUMAN_PART_GENERIC>
<NON_HUMAN_PART_GENERIC m_id="76"  >
<token_anchor t_id="879"/>
</NON_HUMAN_PART_GENERIC>
<TIME_DATE m_id="77" comment="" DCT="FALSE" value="2005-05-21" anchorTimeID=""  >
<token_anchor t_id="460"/>
</TIME_DATE>
<TIME_DATE m_id="78" comment="" DCT="FALSE" value="2005-05-23" anchorTimeID="82"  >
<token_anchor t_id="67"/>
</TIME_DATE>
<TIME_DATE m_id="79" comment="" DCT="FALSE" value="2005-05-23" anchorTimeID=""  >
<token_anchor t_id="491"/>
</TIME_DATE>
<TIME_DATE m_id="80" comment="" DCT="FALSE" value="2005-05-23" anchorTimeID=""  >
<token_anchor t_id="860"/>
</TIME_DATE>
<TIME_DATE m_id="81" comment="" DCT="FALSE" value="2004-04-21" anchorTimeID="81"  >
<token_anchor t_id="134"/>
<token_anchor t_id="135"/>
<token_anchor t_id="136"/>
<token_anchor t_id="137"/>
</TIME_DATE>
<TIME_DATE m_id="82" comment="" DCT="TRUE" value="2005-05-24" anchorTimeID="82"  >
<token_anchor t_id="53"/>
<token_anchor t_id="54"/>
<token_anchor t_id="55"/>
<token_anchor t_id="56"/>
</TIME_DATE>
<TIME_DURATION m_id="83" endPoint="" value="P1Y" begin="" anchorTimeID=""  >
<token_anchor t_id="46"/>
<token_anchor t_id="47"/>
<token_anchor t_id="48"/>
<token_anchor t_id="49"/>
</TIME_DURATION>
<TIME_DURATION m_id="84" endPoint="" value="P1Y" begin="" anchorTimeID=""  >
<token_anchor t_id="74"/>
<token_anchor t_id="75"/>
<token_anchor t_id="76"/>
</TIME_DURATION>
<TIME_DURATION m_id="85" endPoint="95" value="P2Y" begin="81" anchorTimeID="78"  >
<token_anchor t_id="115"/>
<token_anchor t_id="116"/>
</TIME_DURATION>
<TIME_DURATION m_id="97" endPoint="78" value="P3W" begin="98" anchorTimeID="78"  >
<token_anchor t_id="96"/>
<token_anchor t_id="97"/>
<token_anchor t_id="98"/>
</TIME_DURATION>


<HUMAN_PART_PER m_id="86" RELATED_TO="" TAG_DESCRIPTOR="t5_obrien" comment="" />
<TIME_DURATION m_id="87" RELATED_TO="" TAG_DESCRIPTOR="t5_all_season" endPoint="" value="" begin="" anchorTimeID="" />
<HUMAN_PART_PER m_id="88" RELATED_TO="" TAG_DESCRIPTOR="t5_cheeks" comment="" />
<HUMAN_PART_ORG m_id="89" RELATED_TO="" TAG_DESCRIPTOR="t5_sixers" />
<ACTION_OCCURRENCE m_id="90" RELATED_TO="" TAG_DESCRIPTOR="t5_replacing_coaches" climaxEvent="FALSE" comment="" />
<HUMAN_PART_PER m_id="91" RELATED_TO="" TAG_DESCRIPTOR="t5_king" comment="" />
<ACTION_OCCURRENCE m_id="92" RELATED_TO="" TAG_DESCRIPTOR="t5_cheeks_made_new_coach" climaxEvent="FALSE" comment="" />
<ACTION_OCCURRENCE m_id="93" RELATED_TO="" TAG_DESCRIPTOR="t5_obrien_relieved_of_duties" climaxEvent="FALSE" comment="" />
<TIME_DATE m_id="94" RELATED_TO="" TAG_DESCRIPTOR="t5_may_23" comment="" DCT="FALSE" value="" anchorTimeID="" />
<TIME_DATE m_id="95" RELATED_TO="" TAG_DESCRIPTOR="t1_2006-04" comment="" DCT="FALSE" value="2006-04" anchorTimeID="85" />
<TIME_DATE m_id="98" RELATED_TO="" TAG_DESCRIPTOR="t1_2005-05-09" comment="" DCT="FALSE" value="2005-05-09" anchorTimeID="97" />
</Markables>

<Relations>
<TLINK r_id="238069" contextualModality="" relType="CONTAINS" comment="" >
<source m_id="78" />
<target m_id="28" />
</TLINK>
<TLINK r_id="238070" contextualModality="" relType="CONTAINS" comment="" >
<source m_id="78" />
<target m_id="14" />
</TLINK>
<TLINK r_id="238071" contextualModality="" relType="CONTAINS" comment="" >
<source m_id="78" />
<target m_id="5" />
</TLINK>
<TLINK r_id="238072" contextualModality="" relType="CONTAINS" comment="" >
<source m_id="78" />
<target m_id="4" />
</TLINK>
<TLINK r_id="238073" contextualModality="" relType="CONTAINS" comment="" >
<source m_id="78" />
<target m_id="7" />
</TLINK>
<TLINK r_id="238074" contextualModality="" relType="CONTAINS" comment="" >
<source m_id="78" />
<target m_id="27" />
</TLINK>
<TLINK r_id="238078" contextualModality="" relType="CONTAINS" comment="" >
<source m_id="81" />
<target m_id="17" />
</TLINK>
<TLINK r_id="238079" contextualModality="" relType="CONTAINS" comment="" >
<source m_id="81" />
<target m_id="18" />
</TLINK>
<TLINK r_id="238080" contextualModality="" relType="CONTAINS" comment="" >
<source m_id="77" />
<target m_id="29" />
</TLINK>
<TLINK r_id="238081" contextualModality="" relType="CONTAINS" comment="" >
<source m_id="77" />
<target m_id="30" />
</TLINK>
<TLINK r_id="238082" contextualModality="" relType="CONTAINS" comment="" >
<source m_id="77" />
<target m_id="6" />
</TLINK>
<TLINK r_id="238083" contextualModality="" relType="CONTAINS" comment="" >
<source m_id="79" />
<target m_id="1" />
</TLINK>
<TLINK r_id="238084" contextualModality="" relType="CONTAINS" comment="" >
<source m_id="79" />
<target m_id="2" />
</TLINK>
<TLINK r_id="238085" contextualModality="" relType="CONTAINS" comment="" >
<source m_id="79" />
<target m_id="10" />
</TLINK>
<TLINK r_id="238086" contextualModality="" relType="CONTAINS" comment="" >
<source m_id="80" />
<target m_id="11" />
</TLINK>
<TLINK r_id="238087" contextualModality="" relType="OVERLAP" comment="" >
<source m_id="80" />
<target m_id="21" />
</TLINK>
<TLINK r_id="238088" contextualModality="" relType="AFTER" comment="" >
<source m_id="80" />
<target m_id="13" />
</TLINK>
<TLINK r_id="238089" contextualModality="" relType="BEFORE" comment="" >
<source m_id="80" />
<target m_id="15" />
</TLINK>
<TLINK r_id="238090" contextualModality="" relType="BEFORE" comment="" >
<source m_id="80" />
<target m_id="16" />
</TLINK>
<TLINK r_id="238092" contextualModality="" relType="CONTAINS" comment="" >
<source m_id="80" />
<target m_id="23" />
</TLINK>
<TLINK r_id="238093" contextualModality="" relType="AFTER" comment="" >
<source m_id="82" />
<target m_id="28" />
</TLINK>
<TLINK r_id="238094" contextualModality="" relType="AFTER" comment="" >
<source m_id="82" />
<target m_id="14" />
</TLINK>
<TLINK r_id="238095" contextualModality="" relType="AFTER" comment="" >
<source m_id="82" />
<target m_id="5" />
</TLINK>
<TLINK r_id="238096" contextualModality="" relType="AFTER" comment="" >
<source m_id="82" />
<target m_id="4" />
</TLINK>
<TLINK r_id="238097" contextualModality="" relType="AFTER" comment="" >
<source m_id="82" />
<target m_id="7" />
</TLINK>
<TLINK r_id="238098" contextualModality="" relType="AFTER" comment="" >
<source m_id="82" />
<target m_id="27" />
</TLINK>
<TLINK r_id="238100" contextualModality="" relType="AFTER" comment="" >
<source m_id="82" />
<target m_id="12" />
</TLINK>
<TLINK r_id="238101" contextualModality="" relType="AFTER" comment="" >
<source m_id="82" />
<target m_id="37" />
</TLINK>
<TLINK r_id="238102" contextualModality="" relType="AFTER" comment="" >
<source m_id="82" />
<target m_id="17" />
</TLINK>
<TLINK r_id="238103" contextualModality="" relType="AFTER" comment="" >
<source m_id="82" />
<target m_id="18" />
</TLINK>
<TLINK r_id="238104" contextualModality="" relType="AFTER" comment="" >
<source m_id="82" />
<target m_id="29" />
</TLINK>
<TLINK r_id="238105" contextualModality="" relType="AFTER" comment="" >
<source m_id="82" />
<target m_id="30" />
</TLINK>
<TLINK r_id="238107" contextualModality="" relType="AFTER" comment="" >
<source m_id="82" />
<target m_id="1" />
</TLINK>
<TLINK r_id="238108" contextualModality="" relType="AFTER" comment="" >
<source m_id="82" />
<target m_id="2" />
</TLINK>
<TLINK r_id="238109" contextualModality="" relType="AFTER" comment="" >
<source m_id="82" />
<target m_id="10" />
</TLINK>
<TLINK r_id="238110" contextualModality="" relType="AFTER" comment="" >
<source m_id="82" />
<target m_id="11" />
</TLINK>
<TLINK r_id="238111" contextualModality="" relType="AFTER" comment="" >
<source m_id="82" />
<target m_id="21" />
</TLINK>
<TLINK r_id="238112" contextualModality="" relType="AFTER" comment="" >
<source m_id="82" />
<target m_id="13" />
</TLINK>
<TLINK r_id="238113" contextualModality="" relType="OVERLAP" comment="" >
<source m_id="82" />
<target m_id="15" />
</TLINK>
<TLINK r_id="238114" contextualModality="" relType="OVERLAP" comment="" >
<source m_id="82" />
<target m_id="16" />
</TLINK>
<TLINK r_id="238115" contextualModality="" relType="AFTER" comment="" >
<source m_id="82" />
<target m_id="25" />
</TLINK>
<TLINK r_id="238116" contextualModality="" relType="OVERLAP" comment="" >
<source m_id="82" />
<target m_id="23" />
</TLINK>
<PLOT_LINK r_id="238117" SIGNAL="" relType="FALLING_ACTION" CAUSES="FALSE" CAUSED_BY="FALSE" >
<source m_id="28" />
<target m_id="14" />
</PLOT_LINK>
<PLOT_LINK r_id="238118" SIGNAL="" relType="FALLING_ACTION" CAUSES="FALSE" CAUSED_BY="FALSE" >
<source m_id="4" />
<target m_id="5" />
</PLOT_LINK>
<PLOT_LINK r_id="238119" SIGNAL="" relType="FALLING_ACTION" CAUSES="FALSE" CAUSED_BY="FALSE" >
<source m_id="4" />
<target m_id="7" />
</PLOT_LINK>
<PLOT_LINK r_id="238120" SIGNAL="" relType="FALLING_ACTION" CAUSES="FALSE" CAUSED_BY="FALSE" >
<source m_id="4" />
<target m_id="27" />
</PLOT_LINK>
<PLOT_LINK r_id="238121" SIGNAL="" relType="FALLING_ACTION" CAUSES="FALSE" CAUSED_BY="FALSE" >
<source m_id="12" />
<target m_id="18" />
</PLOT_LINK>
<PLOT_LINK r_id="238122" SIGNAL="" relType="PRECONDITION" CAUSES="FALSE" CAUSED_BY="FALSE" >
<source m_id="29" />
<target m_id="6" />
</PLOT_LINK>
<PLOT_LINK r_id="238123" SIGNAL="" relType="PRECONDITION" CAUSES="FALSE" CAUSED_BY="FALSE" >
<source m_id="1" />
<target m_id="2" />
</PLOT_LINK>
<PLOT_LINK r_id="238124" SIGNAL="" relType="PRECONDITION" CAUSES="FALSE" CAUSED_BY="FALSE" >
<source m_id="2" />
<target m_id="10" />
</PLOT_LINK>
<PLOT_LINK r_id="238125" SIGNAL="" relType="FALLING_ACTION" CAUSES="FALSE" CAUSED_BY="FALSE" >
<source m_id="29" />
<target m_id="13" />
</PLOT_LINK>
<PLOT_LINK r_id="238126" SIGNAL="" relType="FALLING_ACTION" CAUSES="FALSE" CAUSED_BY="FALSE" >
<source m_id="29" />
<target m_id="15" />
</PLOT_LINK>
<PLOT_LINK r_id="238127" SIGNAL="" relType="PRECONDITION" CAUSES="FALSE" CAUSED_BY="FALSE" >
<source m_id="29" />
<target m_id="16" />
</PLOT_LINK>
<PLOT_LINK r_id="238128" SIGNAL="" relType="PRECONDITION" CAUSES="FALSE" CAUSED_BY="FALSE" >
<source m_id="25" />
<target m_id="23" />
</PLOT_LINK>
<TLINK r_id="251413" contextualModality="" relType="OVERLAP" comment="" >
<source m_id="82" />
<target m_id="22" />
</TLINK>
<TLINK r_id="251416" contextualModality="" relType="AFTER" comment="" >
<source m_id="82" />
<target m_id="9" />
</TLINK>
<TLINK r_id="251418" contextualModality="" relType="ENDED_ON" comment="" >
<source m_id="98" />
<target m_id="96" />
</TLINK>
<TLINK r_id="251419" contextualModality="" relType="BEFORE" comment="" >
<source m_id="98" />
<target m_id="9" />
</TLINK>
<TLINK r_id="251420" contextualModality="" relType="BEFORE" comment="" >
<source m_id="98" />
<target m_id="12" />
</TLINK>
<TLINK r_id="251421" contextualModality="" relType="AFTER" comment="" >
<source m_id="98" />
<target m_id="17" />
</TLINK>
<TLINK r_id="251422" contextualModality="" relType="AFTER" comment="" >
<source m_id="98" />
<target m_id="18" />
</TLINK>
<TLINK r_id="251423" contextualModality="" relType="CONTAINS" comment="" >
<source m_id="77" />
<target m_id="26" />
</TLINK>
<TLINK r_id="251424" contextualModality="" relType="CONTAINS" comment="" >
<source m_id="77" />
<target m_id="31" />
</TLINK>
<TLINK r_id="251425" contextualModality="" relType="CONTAINS" comment="" >
<source m_id="77" />
<target m_id="36" />
</TLINK>
<TLINK r_id="251426" contextualModality="" relType="CONTAINS" comment="" >
<source m_id="78" />
<target m_id="12" />
</TLINK>
<TLINK r_id="251427" contextualModality="" relType="CONTAINS" comment="" >
<source m_id="77" />
<target m_id="9" />
</TLINK>
<TLINK r_id="251428" contextualModality="" relType="CONTAINS" comment="" >
<source m_id="79" />
<target m_id="3" />
</TLINK>
<TLINK r_id="251429" contextualModality="" relType="CONTAINS" comment="" >
<source m_id="80" />
<target m_id="25" />
</TLINK>
</Relations>
</Document>
