<Document doc_name="13_12ecbplus.xml">
<token t_id="1" sentence="0" number="0">http</token>
<token t_id="2" sentence="0" number="1">:</token>
<token t_id="3" sentence="0" number="2">/</token>
<token t_id="4" sentence="0" number="3">/</token>
<token t_id="5" sentence="0" number="4">the</token>
<token t_id="6" sentence="0" number="5">-</token>
<token t_id="7" sentence="0" number="6">palmerpost</token>
<token t_id="8" sentence="0" number="7">.</token>
<token t_id="9" sentence="0" number="8">blogspot</token>
<token t_id="10" sentence="0" number="9">.</token>
<token t_id="11" sentence="0" number="10">nl</token>
<token t_id="12" sentence="0" number="11">/</token>
<token t_id="13" sentence="0" number="12">2012</token>
<token t_id="14" sentence="0" number="13">/</token>
<token t_id="15" sentence="0" number="14">08</token>
<token t_id="16" sentence="0" number="15">/</token>
<token t_id="17" sentence="0" number="16">farewell</token>
<token t_id="18" sentence="0" number="17">-</token>
<token t_id="19" sentence="0" number="18">mat</token>
<token t_id="20" sentence="0" number="19">-</token>
<token t_id="21" sentence="0" number="20">maid</token>
<token t_id="22" sentence="0" number="21">.</token>
<token t_id="23" sentence="0" number="22">html</token>
<token t_id="24" sentence="1" number="0">Tuesday</token>
<token t_id="25" sentence="1" number="1">,</token>
<token t_id="26" sentence="1" number="2">August</token>
<token t_id="27" sentence="1" number="3">7</token>
<token t_id="28" sentence="1" number="4">,</token>
<token t_id="29" sentence="1" number="5">2012</token>
<token t_id="30" sentence="2" number="0">Farewell</token>
<token t_id="31" sentence="2" number="1">to</token>
<token t_id="32" sentence="2" number="2">another</token>
<token t_id="33" sentence="2" number="3">piece</token>
<token t_id="34" sentence="2" number="4">of</token>
<token t_id="35" sentence="2" number="5">Mat</token>
<token t_id="36" sentence="2" number="6">Maid</token>
<token t_id="37" sentence="3" number="0">fast</token>
<token t_id="38" sentence="3" number="1">-</token>
<token t_id="39" sentence="3" number="2">moving</token>
<token t_id="40" sentence="3" number="3">fire</token>
<token t_id="41" sentence="3" number="4">destroyed</token>
<token t_id="42" sentence="3" number="5">the</token>
<token t_id="43" sentence="3" number="6">historic</token>
<token t_id="44" sentence="3" number="7">Matanuska</token>
<token t_id="45" sentence="3" number="8">Maid</token>
<token t_id="46" sentence="3" number="9">warehouse</token>
<token t_id="47" sentence="3" number="10">early</token>
<token t_id="48" sentence="3" number="11">this</token>
<token t_id="49" sentence="3" number="12">morning</token>
<token t_id="50" sentence="3" number="13">.</token>
<token t_id="51" sentence="4" number="0">The</token>
<token t_id="52" sentence="4" number="1">building</token>
<token t_id="53" sentence="4" number="2">was</token>
<token t_id="54" sentence="4" number="3">long</token>
<token t_id="55" sentence="4" number="4">vacant</token>
<token t_id="56" sentence="4" number="5">.</token>
<token t_id="57" sentence="5" number="0">No</token>
<token t_id="58" sentence="5" number="1">injuries</token>
<token t_id="59" sentence="5" number="2">were</token>
<token t_id="60" sentence="5" number="3">reported</token>
<token t_id="61" sentence="5" number="4">.</token>
<token t_id="62" sentence="6" number="0">Firefighters</token>
<token t_id="63" sentence="6" number="1">arriving</token>
<token t_id="64" sentence="6" number="2">on</token>
<token t_id="65" sentence="6" number="3">scene</token>
<token t_id="66" sentence="6" number="4">could</token>
<token t_id="67" sentence="6" number="5">see</token>
<token t_id="68" sentence="6" number="6">the</token>
<token t_id="69" sentence="6" number="7">building</token>
<token t_id="70" sentence="6" number="8">was</token>
<token t_id="71" sentence="6" number="9">likely</token>
<token t_id="72" sentence="6" number="10">a</token>
<token t_id="73" sentence="6" number="11">total</token>
<token t_id="74" sentence="6" number="12">loss</token>
<token t_id="75" sentence="6" number="13">,</token>
<token t_id="76" sentence="6" number="14">so</token>
<token t_id="77" sentence="6" number="15">they</token>
<token t_id="78" sentence="6" number="16">focused</token>
<token t_id="79" sentence="6" number="17">on</token>
<token t_id="80" sentence="6" number="18">a</token>
<token t_id="81" sentence="6" number="19">bigger</token>
<token t_id="82" sentence="6" number="20">problem</token>
<token t_id="83" sentence="6" number="21">:</token>
<token t_id="84" sentence="6" number="22">making</token>
<token t_id="85" sentence="6" number="23">sure</token>
<token t_id="86" sentence="6" number="24">the</token>
<token t_id="87" sentence="6" number="25">blaze</token>
<token t_id="88" sentence="6" number="26">didn't</token>
<token t_id="89" sentence="6" number="27">reach</token>
<token t_id="90" sentence="6" number="28">the</token>
<token t_id="91" sentence="6" number="29">nearby</token>
<token t_id="92" sentence="6" number="30">,</token>
<token t_id="93" sentence="6" number="31">petroleum</token>
<token t_id="94" sentence="6" number="32">-</token>
<token t_id="95" sentence="6" number="33">loaded</token>
<token t_id="96" sentence="6" number="34">Crowley</token>
<token t_id="97" sentence="6" number="35">Maritime</token>
<token t_id="98" sentence="6" number="36">tank</token>
<token t_id="99" sentence="6" number="37">farm</token>
<token t_id="100" sentence="6" number="38">.</token>
<token t_id="101" sentence="7" number="0">The</token>
<token t_id="102" sentence="7" number="1">first</token>
<token t_id="103" sentence="7" number="2">9</token>
<token t_id="104" sentence="7" number="3">-</token>
<token t_id="105" sentence="7" number="4">1</token>
<token t_id="106" sentence="7" number="5">-</token>
<token t_id="107" sentence="7" number="6">1</token>
<token t_id="108" sentence="7" number="7">call</token>
<token t_id="109" sentence="7" number="8">came</token>
<token t_id="110" sentence="7" number="9">at</token>
<token t_id="111" sentence="7" number="10">3</token>
<token t_id="112" sentence="7" number="11">:</token>
<token t_id="113" sentence="7" number="12">33</token>
<token t_id="114" sentence="7" number="13">a</token>
<token t_id="115" sentence="7" number="14">.</token>
<token t_id="116" sentence="7" number="15">m</token>
<token t_id="117" sentence="7" number="16">.</token>
<token t_id="118" sentence="7" number="17">from</token>
<token t_id="119" sentence="7" number="18">someone</token>
<token t_id="120" sentence="7" number="19">at</token>
<token t_id="121" sentence="7" number="20">Valley</token>
<token t_id="122" sentence="7" number="21">Hotel</token>
<token t_id="123" sentence="7" number="22">,</token>
<token t_id="124" sentence="7" number="23">Palmer</token>
<token t_id="125" sentence="7" number="24">public</token>
<token t_id="126" sentence="7" number="25">safety</token>
<token t_id="127" sentence="7" number="26">director</token>
<token t_id="128" sentence="7" number="27">Jon</token>
<token t_id="129" sentence="7" number="28">Owen</token>
<token t_id="130" sentence="7" number="29">said</token>
<token t_id="131" sentence="7" number="30">this</token>
<token t_id="132" sentence="7" number="31">morning</token>
<token t_id="133" sentence="7" number="32">.</token>
<token t_id="134" sentence="8" number="0">A</token>
<token t_id="135" sentence="8" number="1">total</token>
<token t_id="136" sentence="8" number="2">of</token>
<token t_id="137" sentence="8" number="3">31</token>
<token t_id="138" sentence="8" number="4">separate</token>
<token t_id="139" sentence="8" number="5">pieces</token>
<token t_id="140" sentence="8" number="6">of</token>
<token t_id="141" sentence="8" number="7">firefighting</token>
<token t_id="142" sentence="8" number="8">apparatus</token>
<token t_id="143" sentence="8" number="9">responded</token>
<token t_id="144" sentence="8" number="10">to</token>
<token t_id="145" sentence="8" number="11">the</token>
<token t_id="146" sentence="8" number="12">blaze</token>
<token t_id="147" sentence="8" number="13">,</token>
<token t_id="148" sentence="8" number="14">including</token>
<token t_id="149" sentence="8" number="15">three</token>
<token t_id="150" sentence="8" number="16">ladder</token>
<token t_id="151" sentence="8" number="17">trucks</token>
<token t_id="152" sentence="8" number="18">.</token>
<token t_id="153" sentence="9" number="0">Engines</token>
<token t_id="154" sentence="9" number="1">came</token>
<token t_id="155" sentence="9" number="2">from</token>
<token t_id="156" sentence="9" number="3">Palmer</token>
<token t_id="157" sentence="9" number="4">Fire</token>
<token t_id="158" sentence="9" number="5">Department</token>
<token t_id="159" sentence="9" number="6">and</token>
<token t_id="160" sentence="9" number="7">Mat</token>
<token t_id="161" sentence="9" number="8">-</token>
<token t_id="162" sentence="9" number="9">Su</token>
<token t_id="163" sentence="9" number="10">Central</token>
<token t_id="164" sentence="9" number="11">Fire</token>
<token t_id="165" sentence="9" number="12">Department</token>
<token t_id="166" sentence="9" number="13">,</token>
<token t_id="167" sentence="9" number="14">where</token>
<token t_id="168" sentence="9" number="15">responders</token>
<token t_id="169" sentence="9" number="16">mustered</token>
<token t_id="170" sentence="9" number="17">to</token>
<token t_id="171" sentence="9" number="18">an</token>
<token t_id="172" sentence="9" number="19">"all</token>
<token t_id="173" sentence="9" number="20">-</token>
<token t_id="174" sentence="9" number="21">call"</token>
<token t_id="175" sentence="9" number="22">from</token>
<token t_id="176" sentence="9" number="23">emergency</token>
<token t_id="177" sentence="9" number="24">dispatchers</token>
<token t_id="178" sentence="9" number="25">.</token>
<token t_id="179" sentence="10" number="0">Palmer</token>
<token t_id="180" sentence="10" number="1">Fire</token>
<token t_id="181" sentence="10" number="2">Chief</token>
<token t_id="182" sentence="10" number="3">John</token>
<token t_id="183" sentence="10" number="4">McNutt</token>
<token t_id="184" sentence="10" number="5">was</token>
<token t_id="185" sentence="10" number="6">the</token>
<token t_id="186" sentence="10" number="7">first</token>
<token t_id="187" sentence="10" number="8">person</token>
<token t_id="188" sentence="10" number="9">to</token>
<token t_id="189" sentence="10" number="10">get</token>
<token t_id="190" sentence="10" number="11">to</token>
<token t_id="191" sentence="10" number="12">the</token>
<token t_id="192" sentence="10" number="13">fire</token>
<token t_id="193" sentence="10" number="14">.</token>
<token t_id="194" sentence="11" number="0">McNutt</token>
<token t_id="195" sentence="11" number="1">drove</token>
<token t_id="196" sentence="11" number="2">around</token>
<token t_id="197" sentence="11" number="3">the</token>
<token t_id="198" sentence="11" number="4">9</token>
<token t_id="199" sentence="11" number="5">-</token>
<token t_id="200" sentence="11" number="6">acre</token>
<token t_id="201" sentence="11" number="7">Mat</token>
<token t_id="202" sentence="11" number="8">Maid</token>
<token t_id="203" sentence="11" number="9">complex</token>
<token t_id="204" sentence="11" number="10">and</token>
<token t_id="205" sentence="11" number="11">spotted</token>
<token t_id="206" sentence="11" number="12">flames</token>
<token t_id="207" sentence="11" number="13">shooting</token>
<token t_id="208" sentence="11" number="14">out</token>
<token t_id="209" sentence="11" number="15">from</token>
<token t_id="210" sentence="11" number="16">below</token>
<token t_id="211" sentence="11" number="17">the</token>
<token t_id="212" sentence="11" number="18">eaves</token>
<token t_id="213" sentence="11" number="19">.</token>
<token t_id="214" sentence="12" number="0">Within</token>
<token t_id="215" sentence="12" number="1">minutes</token>
<token t_id="216" sentence="12" number="2">,</token>
<token t_id="217" sentence="12" number="3">the</token>
<token t_id="218" sentence="12" number="4">roof</token>
<token t_id="219" sentence="12" number="5">was</token>
<token t_id="220" sentence="12" number="6">engulfed</token>
<token t_id="221" sentence="12" number="7">,</token>
<token t_id="222" sentence="12" number="8">Owen</token>
<token t_id="223" sentence="12" number="9">said</token>
<token t_id="224" sentence="12" number="10">.</token>
<token t_id="225" sentence="13" number="0">Crews</token>
<token t_id="226" sentence="13" number="1">operating</token>
<token t_id="227" sentence="13" number="2">under</token>
<token t_id="228" sentence="13" number="3">a</token>
<token t_id="229" sentence="13" number="4">"surround</token>
<token t_id="230" sentence="13" number="5">and</token>
<token t_id="231" sentence="13" number="6">drown"</token>
<token t_id="232" sentence="13" number="7">strategy</token>
<token t_id="233" sentence="13" number="8">suppressed</token>
<token t_id="234" sentence="13" number="9">the</token>
<token t_id="235" sentence="13" number="10">fire</token>
<token t_id="236" sentence="13" number="11">.</token>
<token t_id="237" sentence="14" number="0">But</token>
<token t_id="238" sentence="14" number="1">their</token>
<token t_id="239" sentence="14" number="2">goal</token>
<token t_id="240" sentence="14" number="3">wasn't</token>
<token t_id="241" sentence="14" number="4">saving</token>
<token t_id="242" sentence="14" number="5">the</token>
<token t_id="243" sentence="14" number="6">old</token>
<token t_id="244" sentence="14" number="7">warehouse</token>
<token t_id="245" sentence="14" number="8">building</token>
<token t_id="246" sentence="14" number="9">,</token>
<token t_id="247" sentence="14" number="10">built</token>
<token t_id="248" sentence="14" number="11">in</token>
<token t_id="249" sentence="14" number="12">the</token>
<token t_id="250" sentence="14" number="13">1930s</token>
<token t_id="251" sentence="14" number="14">,</token>
<token t_id="252" sentence="14" number="15">Owen</token>
<token t_id="253" sentence="14" number="16">said</token>
<token t_id="254" sentence="14" number="17">.</token>
<token t_id="255" sentence="15" number="0">Their</token>
<token t_id="256" sentence="15" number="1">focus</token>
<token t_id="257" sentence="15" number="2">instead</token>
<token t_id="258" sentence="15" number="3">was</token>
<token t_id="259" sentence="15" number="4">preventing</token>
<token t_id="260" sentence="15" number="5">"the</token>
<token t_id="261" sentence="15" number="6">conflagration"</token>
<token t_id="262" sentence="15" number="7">sure</token>
<token t_id="263" sentence="15" number="8">to</token>
<token t_id="264" sentence="15" number="9">follow</token>
<token t_id="265" sentence="15" number="10">if</token>
<token t_id="266" sentence="15" number="11">the</token>
<token t_id="267" sentence="15" number="12">fire</token>
<token t_id="268" sentence="15" number="13">reached</token>
<token t_id="269" sentence="15" number="14">the</token>
<token t_id="270" sentence="15" number="15">adjacent</token>
<token t_id="271" sentence="15" number="16">Crowley</token>
<token t_id="272" sentence="15" number="17">Maritime</token>
<token t_id="273" sentence="15" number="18">Corp</token>
<token t_id="274" sentence="15" number="19">.</token>
<token t_id="275" sentence="15" number="20">fuel</token>
<token t_id="276" sentence="15" number="21">sales</token>
<token t_id="277" sentence="15" number="22">office</token>
<token t_id="278" sentence="15" number="23">next</token>
<token t_id="279" sentence="15" number="24">door</token>
<token t_id="280" sentence="15" number="25">,</token>
<token t_id="281" sentence="15" number="26">where</token>
<token t_id="282" sentence="15" number="27">all</token>
<token t_id="283" sentence="15" number="28">the</token>
<token t_id="284" sentence="15" number="29">petroleum</token>
<token t_id="285" sentence="15" number="30">products</token>
<token t_id="286" sentence="15" number="31">on</token>
<token t_id="287" sentence="15" number="32">site</token>
<token t_id="288" sentence="15" number="33">would</token>
<token t_id="289" sentence="15" number="34">pose</token>
<token t_id="290" sentence="15" number="35">a</token>
<token t_id="291" sentence="15" number="36">tremendous</token>
<token t_id="292" sentence="15" number="37">problem</token>
<token t_id="293" sentence="15" number="38">should</token>
<token t_id="294" sentence="15" number="39">they</token>
<token t_id="295" sentence="15" number="40">ignite</token>
<token t_id="296" sentence="15" number="41">,</token>
<token t_id="297" sentence="15" number="42">he</token>
<token t_id="298" sentence="15" number="43">said</token>
<token t_id="299" sentence="15" number="44">.</token>
<token t_id="300" sentence="16" number="0">The</token>
<token t_id="301" sentence="16" number="1">Palmer</token>
<token t_id="302" sentence="16" number="2">tank</token>
<token t_id="303" sentence="16" number="3">farm</token>
<token t_id="304" sentence="16" number="4">holds</token>
<token t_id="305" sentence="16" number="5">100</token>
<token t_id="306" sentence="16" number="6">,</token>
<token t_id="307" sentence="16" number="7">000</token>
<token t_id="308" sentence="16" number="8">gallons</token>
<token t_id="309" sentence="16" number="9">of</token>
<token t_id="310" sentence="16" number="10">petroleum</token>
<token t_id="311" sentence="16" number="11">products</token>
<token t_id="312" sentence="16" number="12">and</token>
<token t_id="313" sentence="16" number="13">serves</token>
<token t_id="314" sentence="16" number="14">as</token>
<token t_id="315" sentence="16" number="15">a</token>
<token t_id="316" sentence="16" number="16">distribution</token>
<token t_id="317" sentence="16" number="17">center</token>
<token t_id="318" sentence="16" number="18">for</token>
<token t_id="319" sentence="16" number="19">Anchorage</token>
<token t_id="320" sentence="16" number="20">,</token>
<token t_id="321" sentence="16" number="21">Palmer</token>
<token t_id="322" sentence="16" number="22">,</token>
<token t_id="323" sentence="16" number="23">Wasilla</token>
<token t_id="324" sentence="16" number="24">,</token>
<token t_id="325" sentence="16" number="25">and</token>
<token t_id="326" sentence="16" number="26">all</token>
<token t_id="327" sentence="16" number="27">the</token>
<token t_id="328" sentence="16" number="28">Matanuska</token>
<token t_id="329" sentence="16" number="29">Valley</token>
<token t_id="330" sentence="16" number="30">,</token>
<token t_id="331" sentence="16" number="31">according</token>
<token t_id="332" sentence="16" number="32">to</token>
<token t_id="333" sentence="16" number="33">Crowley's</token>
<token t_id="334" sentence="16" number="34">Web</token>
<token t_id="335" sentence="16" number="35">site</token>
<token t_id="336" sentence="16" number="36">.</token>
<token t_id="337" sentence="17" number="0">The</token>
<token t_id="338" sentence="17" number="1">fire</token>
<token t_id="339" sentence="17" number="2">was</token>
<token t_id="340" sentence="17" number="3">knocked</token>
<token t_id="341" sentence="17" number="4">down</token>
<token t_id="342" sentence="17" number="5">by</token>
<token t_id="343" sentence="17" number="6">6</token>
<token t_id="344" sentence="17" number="7">:</token>
<token t_id="345" sentence="17" number="8">40</token>
<token t_id="346" sentence="17" number="9">a</token>
<token t_id="347" sentence="17" number="10">.</token>
<token t_id="348" sentence="17" number="11">m</token>
<token t_id="349" sentence="17" number="12">.</token>
<token t_id="350" sentence="18" number="0">The</token>
<token t_id="351" sentence="18" number="1">warehouse</token>
<token t_id="352" sentence="18" number="2">used</token>
<token t_id="353" sentence="18" number="3">to</token>
<token t_id="354" sentence="18" number="4">be</token>
<token t_id="355" sentence="18" number="5">used</token>
<token t_id="356" sentence="18" number="6">for</token>
<token t_id="357" sentence="18" number="7">produce</token>
<token t_id="358" sentence="18" number="8">sold</token>
<token t_id="359" sentence="18" number="9">out</token>
<token t_id="360" sentence="18" number="10">of</token>
<token t_id="361" sentence="18" number="11">one</token>
<token t_id="362" sentence="18" number="12">end</token>
<token t_id="363" sentence="18" number="13">.</token>
<token t_id="364" sentence="19" number="0">Rindi</token>
<token t_id="365" sentence="19" number="1">remembers</token>
<token t_id="366" sentence="19" number="2">walking</token>
<token t_id="367" sentence="19" number="3">through</token>
<token t_id="368" sentence="19" number="4">it</token>
<token t_id="369" sentence="19" number="5">with</token>
<token t_id="370" sentence="19" number="6">owner</token>
<token t_id="371" sentence="19" number="7">Bill</token>
<token t_id="372" sentence="19" number="8">Ingaldson</token>
<token t_id="373" sentence="19" number="9">a</token>
<token t_id="374" sentence="19" number="10">few</token>
<token t_id="375" sentence="19" number="11">years</token>
<token t_id="376" sentence="19" number="12">back</token>
<token t_id="377" sentence="19" number="13">;</token>
<token t_id="378" sentence="19" number="14">during</token>
<token t_id="379" sentence="19" number="15">the</token>
<token t_id="380" sentence="19" number="16">visit</token>
<token t_id="381" sentence="19" number="17">,</token>
<token t_id="382" sentence="19" number="18">she</token>
<token t_id="383" sentence="19" number="19">picked</token>
<token t_id="384" sentence="19" number="20">up</token>
<token t_id="385" sentence="19" number="21">an</token>
<token t_id="386" sentence="19" number="22">old</token>
<token t_id="387" sentence="19" number="23">potato</token>
<token t_id="388" sentence="19" number="24">sack</token>
<token t_id="389" sentence="19" number="25">decorated</token>
<token t_id="390" sentence="19" number="26">with</token>
<token t_id="391" sentence="19" number="27">the</token>
<token t_id="392" sentence="19" number="28">Matanuska</token>
<token t_id="393" sentence="19" number="29">Maid</token>
<token t_id="394" sentence="19" number="30">in</token>
<token t_id="395" sentence="19" number="31">her</token>
<token t_id="396" sentence="19" number="32">skating</token>
<token t_id="397" sentence="19" number="33">costume</token>
<token t_id="398" sentence="19" number="34">.</token>
<token t_id="399" sentence="20" number="0">Palmerites</token>
<token t_id="400" sentence="20" number="1">may</token>
<token t_id="401" sentence="20" number="2">remember</token>
<token t_id="402" sentence="20" number="3">that</token>
<token t_id="403" sentence="20" number="4">former</token>
<token t_id="404" sentence="20" number="5">city</token>
<token t_id="405" sentence="20" number="6">manager</token>
<token t_id="406" sentence="20" number="7">Bill</token>
<token t_id="407" sentence="20" number="8">Allen</token>
<token t_id="408" sentence="20" number="9">hoped</token>
<token t_id="409" sentence="20" number="10">to</token>
<token t_id="410" sentence="20" number="11">put</token>
<token t_id="411" sentence="20" number="12">a</token>
<token t_id="412" sentence="20" number="13">convention</token>
<token t_id="413" sentence="20" number="14">center</token>
<token t_id="414" sentence="20" number="15">on</token>
<token t_id="415" sentence="20" number="16">the</token>
<token t_id="416" sentence="20" number="17">property</token>
<token t_id="417" sentence="20" number="18">.</token>
<token t_id="418" sentence="21" number="0">This</token>
<token t_id="419" sentence="21" number="1">is</token>
<token t_id="420" sentence="21" number="2">the</token>
<token t_id="421" sentence="21" number="3">second</token>
<token t_id="422" sentence="21" number="4">destructive</token>
<token t_id="423" sentence="21" number="5">fire</token>
<token t_id="424" sentence="21" number="6">at</token>
<token t_id="425" sentence="21" number="7">the</token>
<token t_id="426" sentence="21" number="8">Mat</token>
<token t_id="427" sentence="21" number="9">Maid</token>
<token t_id="428" sentence="21" number="10">complex</token>
<token t_id="429" sentence="21" number="11">.</token>
<token t_id="430" sentence="22" number="0">A</token>
<token t_id="431" sentence="22" number="1">wind</token>
<token t_id="432" sentence="22" number="2">-</token>
<token t_id="433" sentence="22" number="3">whipped</token>
<token t_id="434" sentence="22" number="4">arson</token>
<token t_id="435" sentence="22" number="5">fire</token>
<token t_id="436" sentence="22" number="6">set</token>
<token t_id="437" sentence="22" number="7">by</token>
<token t_id="438" sentence="22" number="8">three</token>
<token t_id="439" sentence="22" number="9">teenagers</token>
<token t_id="440" sentence="22" number="10">destroyed</token>
<token t_id="441" sentence="22" number="11">the</token>
<token t_id="442" sentence="22" number="12">hardware</token>
<token t_id="443" sentence="22" number="13">store</token>
<token t_id="444" sentence="22" number="14">in</token>
<token t_id="445" sentence="22" number="15">February</token>
<token t_id="446" sentence="22" number="16">,</token>
<token t_id="447" sentence="22" number="17">2003</token>
<token t_id="448" sentence="22" number="18">.</token>
<token t_id="449" sentence="23" number="0">Investigators</token>
<token t_id="450" sentence="23" number="1">were</token>
<token t_id="451" sentence="23" number="2">at</token>
<token t_id="452" sentence="23" number="3">the</token>
<token t_id="453" sentence="23" number="4">scene</token>
<token t_id="454" sentence="23" number="5">by</token>
<token t_id="455" sentence="23" number="6">10</token>
<token t_id="456" sentence="23" number="7">a</token>
<token t_id="457" sentence="23" number="8">.</token>
<token t_id="458" sentence="23" number="9">m</token>
<token t_id="459" sentence="23" number="10">.</token>
<token t_id="460" sentence="23" number="11">or</token>
<token t_id="461" sentence="23" number="12">so</token>
<token t_id="462" sentence="23" number="13">trying</token>
<token t_id="463" sentence="23" number="14">to</token>
<token t_id="464" sentence="23" number="15">determine</token>
<token t_id="465" sentence="23" number="16">the</token>
<token t_id="466" sentence="23" number="17">cause</token>
<token t_id="467" sentence="23" number="18">of</token>
<token t_id="468" sentence="23" number="19">the</token>
<token t_id="469" sentence="23" number="20">fire</token>
<token t_id="470" sentence="23" number="21">;</token>
<token t_id="471" sentence="23" number="22">finding</token>
<token t_id="472" sentence="23" number="23">the</token>
<token t_id="473" sentence="23" number="24">ignition</token>
<token t_id="474" sentence="23" number="25">source</token>
<token t_id="475" sentence="23" number="26">is</token>
<token t_id="476" sentence="23" number="27">key</token>
<token t_id="477" sentence="23" number="28">when</token>
<token t_id="478" sentence="23" number="29">there's</token>
<token t_id="479" sentence="23" number="30">no</token>
<token t_id="480" sentence="23" number="31">obvious</token>
<token t_id="481" sentence="23" number="32">heat</token>
<token t_id="482" sentence="23" number="33">source</token>
<token t_id="483" sentence="23" number="34">like</token>
<token t_id="484" sentence="23" number="35">a</token>
<token t_id="485" sentence="23" number="36">boiler</token>
<token t_id="486" sentence="23" number="37">,</token>
<token t_id="487" sentence="23" number="38">Owen</token>
<token t_id="488" sentence="23" number="39">said</token>
<token t_id="489" sentence="23" number="40">.</token>
<token t_id="490" sentence="24" number="0">Anything</token>
<token t_id="491" sentence="24" number="1">suspicious</token>
<token t_id="492" sentence="24" number="2">will</token>
<token t_id="493" sentence="24" number="3">be</token>
<token t_id="494" sentence="24" number="4">followed</token>
<token t_id="495" sentence="24" number="5">up</token>
<token t_id="496" sentence="24" number="6">.</token>
<token t_id="497" sentence="25" number="0">The</token>
<token t_id="498" sentence="25" number="1">investigation</token>
<token t_id="499" sentence="25" number="2">is</token>
<token t_id="500" sentence="25" number="3">being</token>
<token t_id="501" sentence="25" number="4">conducted</token>
<token t_id="502" sentence="25" number="5">by</token>
<token t_id="503" sentence="25" number="6">John</token>
<token t_id="504" sentence="25" number="7">Bond</token>
<token t_id="505" sentence="25" number="8">,</token>
<token t_id="506" sentence="25" number="9">an</token>
<token t_id="507" sentence="25" number="10">inspector</token>
<token t_id="508" sentence="25" number="11">with</token>
<token t_id="509" sentence="25" number="12">the</token>
<token t_id="510" sentence="25" number="13">Alaska</token>
<token t_id="511" sentence="25" number="14">State</token>
<token t_id="512" sentence="25" number="15">Fire</token>
<token t_id="513" sentence="25" number="16">Marshal's</token>
<token t_id="514" sentence="25" number="17">Office</token>
<token t_id="515" sentence="25" number="18">,</token>
<token t_id="516" sentence="25" number="19">and</token>
<token t_id="517" sentence="25" number="20">Palmer</token>
<token t_id="518" sentence="25" number="21">police</token>
<token t_id="519" sentence="25" number="22">Sgt</token>
<token t_id="520" sentence="25" number="23">.</token>
<token t_id="521" sentence="25" number="24">Shayne</token>
<token t_id="522" sentence="25" number="25">La</token>
<token t_id="523" sentence="25" number="26">Croix</token>
<token t_id="524" sentence="25" number="27">.</token>
<token t_id="525" sentence="26" number="0">Anyone</token>
<token t_id="526" sentence="26" number="1">with</token>
<token t_id="527" sentence="26" number="2">information</token>
<token t_id="528" sentence="26" number="3">about</token>
<token t_id="529" sentence="26" number="4">this</token>
<token t_id="530" sentence="26" number="5">morning's</token>
<token t_id="531" sentence="26" number="6">fire</token>
<token t_id="532" sentence="26" number="7">is</token>
<token t_id="533" sentence="26" number="8">asked</token>
<token t_id="534" sentence="26" number="9">to</token>
<token t_id="535" sentence="26" number="10">call</token>
<token t_id="536" sentence="26" number="11">Sgt</token>
<token t_id="537" sentence="26" number="12">.</token>
<token t_id="538" sentence="26" number="13">La</token>
<token t_id="539" sentence="26" number="14">Croix</token>
<token t_id="540" sentence="26" number="15">at</token>
<token t_id="541" sentence="26" number="16">745</token>
<token t_id="542" sentence="26" number="17">-</token>
<token t_id="543" sentence="26" number="18">4811</token>
<token t_id="544" sentence="26" number="19">.</token>


<Markables>
<ACTION_OCCURRENCE m_id="1" climaxEvent="FALSE" comment=""  >
<token_anchor t_id="30"/>
</ACTION_OCCURRENCE>
<ACTION_OCCURRENCE m_id="2" climaxEvent="FALSE" comment=""  >
<token_anchor t_id="40"/>
</ACTION_OCCURRENCE>
<ACTION_OCCURRENCE m_id="3" climaxEvent="FALSE" comment=""  >
<token_anchor t_id="41"/>
</ACTION_OCCURRENCE>
<ACTION_OCCURRENCE m_id="4" climaxEvent="FALSE" comment=""  >
<token_anchor t_id="338"/>
</ACTION_OCCURRENCE>
<ACTION_OCCURRENCE m_id="5" climaxEvent="FALSE" comment=""  >
<token_anchor t_id="340"/>
<token_anchor t_id="341"/>
</ACTION_OCCURRENCE>
<NON_HUMAN_PART m_id="6" comment=""  >
<token_anchor t_id="33"/>
<token_anchor t_id="34"/>
<token_anchor t_id="35"/>
<token_anchor t_id="36"/>
</NON_HUMAN_PART>
<NON_HUMAN_PART m_id="7" comment=""  >
<token_anchor t_id="44"/>
<token_anchor t_id="45"/>
<token_anchor t_id="46"/>
</NON_HUMAN_PART>
<TIME_DATE m_id="8" comment="" DCT="TRUE" value="2012-08-07" anchorTimeID=""  >
<token_anchor t_id="24"/>
<token_anchor t_id="25"/>
<token_anchor t_id="26"/>
<token_anchor t_id="27"/>
<token_anchor t_id="28"/>
<token_anchor t_id="29"/>
</TIME_DATE>
<TIME_OF_THE_DAY m_id="9" comment="" DCT="FALSE" value="2012-08-07TMO" anchorTimeID="8"  >
<token_anchor t_id="47"/>
<token_anchor t_id="48"/>
<token_anchor t_id="49"/>
</TIME_OF_THE_DAY>
<TIME_OF_THE_DAY m_id="10" DCT="FALSE" value="2012-08-07T15:40Z" anchorTimeID="9"  >
<token_anchor t_id="343"/>
<token_anchor t_id="344"/>
<token_anchor t_id="345"/>
<token_anchor t_id="346"/>
<token_anchor t_id="347"/>
<token_anchor t_id="348"/>
</TIME_OF_THE_DAY>


<TIME_DATE m_id="11" RELATED_TO="" TAG_DESCRIPTOR="t13_tuesday" comment="" DCT="FALSE" value="" anchorTimeID="" />
<ACTION_OCCURRENCE m_id="12" RELATED_TO="" TAG_DESCRIPTOR="t13_fire_destroyed" climaxEvent="FALSE" comment="" />
<ACTION_OCCURRENCE m_id="13" RELATED_TO="" TAG_DESCRIPTOR="t13_fire" climaxEvent="FALSE" comment="" />
<NON_HUMAN_PART m_id="14" RELATED_TO="" TAG_DESCRIPTOR="t13_manatuska_creamery_building" comment="" />
</Markables>

<Relations>
<TLINK r_id="242188" contextualModality="" relType="ENDS_ON" comment="" >
<source m_id="10" />
<target m_id="5" />
</TLINK>
<TLINK r_id="242189" contextualModality="" relType="ENDS_ON" comment="" >
<source m_id="10" />
<target m_id="4" />
</TLINK>
<TLINK r_id="242190" contextualModality="" relType="CONTAINS" comment="" >
<source m_id="9" />
<target m_id="2" />
</TLINK>
<TLINK r_id="242191" contextualModality="" relType="CONTAINS" comment="" >
<source m_id="9" />
<target m_id="3" />
</TLINK>
<TLINK r_id="242192" contextualModality="" relType="CONTAINS" comment="" >
<source m_id="8" />
<target m_id="2" />
</TLINK>
<TLINK r_id="242193" contextualModality="" relType="CONTAINS" comment="" >
<source m_id="8" />
<target m_id="3" />
</TLINK>
<TLINK r_id="242194" contextualModality="" relType="CONTAINS" comment="" >
<source m_id="8" />
<target m_id="4" />
</TLINK>
<TLINK r_id="242195" contextualModality="" relType="CONTAINS" comment="" >
<source m_id="8" />
<target m_id="5" />
</TLINK>
<PLOT_LINK r_id="242196" SIGNAL="" relType="FALLING_ACTION" CAUSES="FALSE" CAUSED_BY="FALSE" >
<source m_id="1" />
<target m_id="2" />
</PLOT_LINK>
<PLOT_LINK r_id="242197" SIGNAL="" relType="PRECONDITION" CAUSES="FALSE" CAUSED_BY="FALSE" >
<source m_id="2" />
<target m_id="3" />
</PLOT_LINK>
<PLOT_LINK r_id="242198" SIGNAL="" relType="PRECONDITION" CAUSES="FALSE" CAUSED_BY="FALSE" >
<source m_id="4" />
<target m_id="5" />
</PLOT_LINK>
</Relations>
</Document>
