<Document doc_name="13_7ecbplus.xml">
<token t_id="1" sentence="0" number="0">http</token>
<token t_id="2" sentence="0" number="1">:</token>
<token t_id="3" sentence="0" number="2">/</token>
<token t_id="4" sentence="0" number="3">/</token>
<token t_id="5" sentence="0" number="4">www</token>
<token t_id="6" sentence="0" number="5">.</token>
<token t_id="7" sentence="0" number="6">ktva</token>
<token t_id="8" sentence="0" number="7">.</token>
<token t_id="9" sentence="0" number="8">com</token>
<token t_id="10" sentence="0" number="9">/</token>
<token t_id="11" sentence="0" number="10">home</token>
<token t_id="12" sentence="0" number="11">/</token>
<token t_id="13" sentence="0" number="12">outbound</token>
<token t_id="14" sentence="0" number="13">-</token>
<token t_id="15" sentence="0" number="14">xml</token>
<token t_id="16" sentence="0" number="15">-</token>
<token t_id="17" sentence="0" number="16">feeds</token>
<token t_id="18" sentence="0" number="17">/</token>
<token t_id="19" sentence="0" number="18">Overnight</token>
<token t_id="20" sentence="0" number="19">-</token>
<token t_id="21" sentence="0" number="20">Fire</token>
<token t_id="22" sentence="0" number="21">-</token>
<token t_id="23" sentence="0" number="22">Destroys</token>
<token t_id="24" sentence="0" number="23">-</token>
<token t_id="25" sentence="0" number="24">Historic</token>
<token t_id="26" sentence="0" number="25">-</token>
<token t_id="27" sentence="0" number="26">Mat</token>
<token t_id="28" sentence="0" number="27">-</token>
<token t_id="29" sentence="0" number="28">Maid</token>
<token t_id="30" sentence="0" number="29">-</token>
<token t_id="31" sentence="0" number="30">Building</token>
<token t_id="32" sentence="0" number="31">-</token>
<token t_id="33" sentence="0" number="32">165301256</token>
<token t_id="34" sentence="0" number="33">.</token>
<token t_id="35" sentence="0" number="34">html</token>
<token t_id="36" sentence="1" number="0">Overnight</token>
<token t_id="37" sentence="1" number="1">Fire</token>
<token t_id="38" sentence="1" number="2">Destroys</token>
<token t_id="39" sentence="1" number="3">Historic</token>
<token t_id="40" sentence="1" number="4">Matanuska</token>
<token t_id="41" sentence="1" number="5">Maid</token>
<token t_id="42" sentence="1" number="6">Building</token>
<token t_id="43" sentence="2" number="0">No</token>
<token t_id="44" sentence="2" number="1">injuries</token>
<token t_id="45" sentence="2" number="2">reported</token>
<token t_id="46" sentence="3" number="0">Story</token>
<token t_id="47" sentence="3" number="1">Created</token>
<token t_id="48" sentence="3" number="2">:</token>
<token t_id="49" sentence="3" number="3">Aug</token>
<token t_id="50" sentence="3" number="4">7</token>
<token t_id="51" sentence="3" number="5">,</token>
<token t_id="52" sentence="3" number="6">2012</token>
<token t_id="53" sentence="3" number="7">at</token>
<token t_id="54" sentence="3" number="8">9</token>
<token t_id="55" sentence="3" number="9">:</token>
<token t_id="56" sentence="3" number="10">56</token>
<token t_id="57" sentence="3" number="11">AM</token>
<token t_id="58" sentence="3" number="12">AKDT</token>
<token t_id="59" sentence="4" number="0">ALASKA</token>
<token t_id="60" sentence="4" number="1">-</token>
<token t_id="61" sentence="4" number="2">Shortly</token>
<token t_id="62" sentence="4" number="3">after</token>
<token t_id="63" sentence="4" number="4">3</token>
<token t_id="64" sentence="4" number="5">:</token>
<token t_id="65" sentence="4" number="6">30</token>
<token t_id="66" sentence="4" number="7">Tuesday</token>
<token t_id="67" sentence="4" number="8">morning</token>
<token t_id="68" sentence="4" number="9">someone</token>
<token t_id="69" sentence="4" number="10">called</token>
<token t_id="70" sentence="4" number="11">911</token>
<token t_id="71" sentence="4" number="12">to</token>
<token t_id="72" sentence="4" number="13">and</token>
<token t_id="73" sentence="4" number="14">reported</token>
<token t_id="74" sentence="4" number="15">a</token>
<token t_id="75" sentence="4" number="16">fire</token>
<token t_id="76" sentence="4" number="17">at</token>
<token t_id="77" sentence="4" number="18">the</token>
<token t_id="78" sentence="4" number="19">Matanuska</token>
<token t_id="79" sentence="4" number="20">Maid</token>
<token t_id="80" sentence="4" number="21">building</token>
<token t_id="81" sentence="4" number="22">in</token>
<token t_id="82" sentence="4" number="23">downtown</token>
<token t_id="83" sentence="4" number="24">Palmer</token>
<token t_id="84" sentence="4" number="25">.</token>
<token t_id="85" sentence="5" number="0">Palmer</token>
<token t_id="86" sentence="5" number="1">Fire</token>
<token t_id="87" sentence="5" number="2">&amp;</token>
<token t_id="88" sentence="5" number="3">Rescue</token>
<token t_id="89" sentence="5" number="4">,</token>
<token t_id="90" sentence="5" number="5">along</token>
<token t_id="91" sentence="5" number="6">with</token>
<token t_id="92" sentence="5" number="7">the</token>
<token t_id="93" sentence="5" number="8">Mat</token>
<token t_id="94" sentence="5" number="9">-</token>
<token t_id="95" sentence="5" number="10">Su</token>
<token t_id="96" sentence="5" number="11">Central</token>
<token t_id="97" sentence="5" number="12">Fire</token>
<token t_id="98" sentence="5" number="13">Department</token>
<token t_id="99" sentence="5" number="14">,</token>
<token t_id="100" sentence="5" number="15">responded</token>
<token t_id="101" sentence="5" number="16">.</token>
<token t_id="102" sentence="6" number="0">Palmer</token>
<token t_id="103" sentence="6" number="1">Fire</token>
<token t_id="104" sentence="6" number="2">&amp;</token>
<token t_id="105" sentence="6" number="3">Rescue</token>
<token t_id="106" sentence="6" number="4">Chief</token>
<token t_id="107" sentence="6" number="5">John</token>
<token t_id="108" sentence="6" number="6">McNutt</token>
<token t_id="109" sentence="6" number="7">saw</token>
<token t_id="110" sentence="6" number="8">flames</token>
<token t_id="111" sentence="6" number="9">emerging</token>
<token t_id="112" sentence="6" number="10">from</token>
<token t_id="113" sentence="6" number="11">under</token>
<token t_id="114" sentence="6" number="12">the</token>
<token t_id="115" sentence="6" number="13">building's</token>
<token t_id="116" sentence="6" number="14">eaves</token>
<token t_id="117" sentence="6" number="15">when</token>
<token t_id="118" sentence="6" number="16">he</token>
<token t_id="119" sentence="6" number="17">arrived</token>
<token t_id="120" sentence="6" number="18">,</token>
<token t_id="121" sentence="6" number="19">and</token>
<token t_id="122" sentence="6" number="20">soon</token>
<token t_id="123" sentence="6" number="21">the</token>
<token t_id="124" sentence="6" number="22">entire</token>
<token t_id="125" sentence="6" number="23">roof</token>
<token t_id="126" sentence="6" number="24">was</token>
<token t_id="127" sentence="6" number="25">engulfed</token>
<token t_id="128" sentence="6" number="26">in</token>
<token t_id="129" sentence="6" number="27">flames</token>
<token t_id="130" sentence="6" number="28">.</token>
<token t_id="131" sentence="7" number="0">A</token>
<token t_id="132" sentence="7" number="1">total</token>
<token t_id="133" sentence="7" number="2">of</token>
<token t_id="134" sentence="7" number="3">31</token>
<token t_id="135" sentence="7" number="4">fire</token>
<token t_id="136" sentence="7" number="5">apparatus</token>
<token t_id="137" sentence="7" number="6">arrived</token>
<token t_id="138" sentence="7" number="7">to</token>
<token t_id="139" sentence="7" number="8">fight</token>
<token t_id="140" sentence="7" number="9">the</token>
<token t_id="141" sentence="7" number="10">fire</token>
<token t_id="142" sentence="7" number="11">,</token>
<token t_id="143" sentence="7" number="12">and</token>
<token t_id="144" sentence="7" number="13">it</token>
<token t_id="145" sentence="7" number="14">was</token>
<token t_id="146" sentence="7" number="15">extinguished</token>
<token t_id="147" sentence="7" number="16">by</token>
<token t_id="148" sentence="7" number="17">6</token>
<token t_id="149" sentence="7" number="18">:</token>
<token t_id="150" sentence="7" number="19">40</token>
<token t_id="151" sentence="7" number="20">a</token>
<token t_id="152" sentence="7" number="21">.</token>
<token t_id="153" sentence="7" number="22">m</token>
<token t_id="154" sentence="7" number="23">.</token>
<token t_id="155" sentence="7" number="24">The</token>
<token t_id="156" sentence="7" number="25">building</token>
<token t_id="157" sentence="7" number="26">is</token>
<token t_id="158" sentence="7" number="27">a</token>
<token t_id="159" sentence="7" number="28">total</token>
<token t_id="160" sentence="7" number="29">loss</token>
<token t_id="161" sentence="7" number="30">according</token>
<token t_id="162" sentence="7" number="31">to</token>
<token t_id="163" sentence="7" number="32">the</token>
<token t_id="164" sentence="7" number="33">City</token>
<token t_id="165" sentence="7" number="34">of</token>
<token t_id="166" sentence="7" number="35">Palmer</token>
<token t_id="167" sentence="7" number="36">.</token>
<token t_id="168" sentence="8" number="0">The</token>
<token t_id="169" sentence="8" number="1">state's</token>
<token t_id="170" sentence="8" number="2">Fire</token>
<token t_id="171" sentence="8" number="3">Marshal's</token>
<token t_id="172" sentence="8" number="4">office</token>
<token t_id="173" sentence="8" number="5">is</token>
<token t_id="174" sentence="8" number="6">assisting</token>
<token t_id="175" sentence="8" number="7">in</token>
<token t_id="176" sentence="8" number="8">the</token>
<token t_id="177" sentence="8" number="9">investigation</token>
<token t_id="178" sentence="8" number="10">of</token>
<token t_id="179" sentence="8" number="11">the</token>
<token t_id="180" sentence="8" number="12">cause</token>
<token t_id="181" sentence="8" number="13">of</token>
<token t_id="182" sentence="8" number="14">the</token>
<token t_id="183" sentence="8" number="15">fire</token>
<token t_id="184" sentence="8" number="16">,</token>
<token t_id="185" sentence="8" number="17">and</token>
<token t_id="186" sentence="8" number="18">anyone</token>
<token t_id="187" sentence="8" number="19">with</token>
<token t_id="188" sentence="8" number="20">knowledge</token>
<token t_id="189" sentence="8" number="21">of</token>
<token t_id="190" sentence="8" number="22">the</token>
<token t_id="191" sentence="8" number="23">fire</token>
<token t_id="192" sentence="8" number="24">is</token>
<token t_id="193" sentence="8" number="25">asked</token>
<token t_id="194" sentence="8" number="26">to</token>
<token t_id="195" sentence="8" number="27">call</token>
<token t_id="196" sentence="8" number="28">Palmer</token>
<token t_id="197" sentence="8" number="29">Police</token>
<token t_id="198" sentence="8" number="30">Sergeant</token>
<token t_id="199" sentence="8" number="31">Shayne</token>
<token t_id="200" sentence="8" number="32">La</token>
<token t_id="201" sentence="8" number="33">Croix</token>
<token t_id="202" sentence="8" number="34">at</token>
<token t_id="203" sentence="8" number="35">907</token>
<token t_id="204" sentence="8" number="36">-</token>
<token t_id="205" sentence="8" number="37">745</token>
<token t_id="206" sentence="8" number="38">-</token>
<token t_id="207" sentence="8" number="39">4811</token>
<token t_id="208" sentence="8" number="40">.</token>


<Markables>
<ACTION_OCCURRENCE m_id="1" climaxEvent="FALSE" comment=""  >
<token_anchor t_id="75"/>
</ACTION_OCCURRENCE>
<ACTION_OCCURRENCE m_id="2" climaxEvent="FALSE" comment=""  >
<token_anchor t_id="137"/>
</ACTION_OCCURRENCE>
<ACTION_OCCURRENCE m_id="3" climaxEvent="FALSE" comment=""  >
<token_anchor t_id="139"/>
</ACTION_OCCURRENCE>
<ACTION_OCCURRENCE m_id="4" climaxEvent="FALSE" comment=""  >
<token_anchor t_id="141"/>
</ACTION_OCCURRENCE>
<ACTION_OCCURRENCE m_id="5" climaxEvent="FALSE" comment=""  >
<token_anchor t_id="146"/>
</ACTION_OCCURRENCE>
<ACTION_OCCURRENCE m_id="6" climaxEvent="FALSE" comment=""  >
<token_anchor t_id="174"/>
</ACTION_OCCURRENCE>
<ACTION_OCCURRENCE m_id="7" climaxEvent="FALSE" comment=""  >
<token_anchor t_id="177"/>
</ACTION_OCCURRENCE>
<ACTION_OCCURRENCE m_id="8" climaxEvent="FALSE" comment=""  >
<token_anchor t_id="183"/>
</ACTION_OCCURRENCE>
<ACTION_OCCURRENCE m_id="9" climaxEvent="FALSE" comment=""  >
<token_anchor t_id="191"/>
</ACTION_OCCURRENCE>
<ACTION_OCCURRENCE m_id="10" climaxEvent="FALSE" comment=""  >
<token_anchor t_id="193"/>
</ACTION_OCCURRENCE>
<ACTION_OCCURRENCE m_id="11" climaxEvent="FALSE" comment=""  >
<token_anchor t_id="195"/>
</ACTION_OCCURRENCE>
<ACTION_OCCURRENCE m_id="12" climaxEvent="FALSE" comment=""  >
<token_anchor t_id="180"/>
</ACTION_OCCURRENCE>
<ACTION_OCCURRENCE m_id="13" climaxEvent="TRUE" comment=""  >
<token_anchor t_id="37"/>
</ACTION_OCCURRENCE>
<ACTION_OCCURRENCE m_id="14" climaxEvent="FALSE" comment=""  >
<token_anchor t_id="38"/>
</ACTION_OCCURRENCE>
<ACTION_OCCURRENCE m_id="15" climaxEvent="FALSE" comment=""  >
<token_anchor t_id="69"/>
</ACTION_OCCURRENCE>
<ACTION_REPORTING m_id="16" comment=""  >
<token_anchor t_id="73"/>
</ACTION_REPORTING>
<ACTION_STATE m_id="17" climaxEvent="FALSE" comment=""  >
<token_anchor t_id="159"/>
<token_anchor t_id="160"/>
</ACTION_STATE>
<HUMAN_PART_GENERIC m_id="18"  >
<token_anchor t_id="186"/>
</HUMAN_PART_GENERIC>
<HUMAN_PART_ORG m_id="19"  >
<token_anchor t_id="70"/>
</HUMAN_PART_ORG>
<HUMAN_PART_ORG m_id="20"  >
<token_anchor t_id="136"/>
</HUMAN_PART_ORG>
<HUMAN_PART_ORG m_id="21"  >
<token_anchor t_id="172"/>
</HUMAN_PART_ORG>
<HUMAN_PART_PER m_id="22" comment=""  >
<token_anchor t_id="199"/>
<token_anchor t_id="200"/>
<token_anchor t_id="201"/>
</HUMAN_PART_PER>
<HUMAN_PART_PER m_id="23" comment=""  >
<token_anchor t_id="68"/>
</HUMAN_PART_PER>
<LOC_GEO m_id="24" comment=""  >
<token_anchor t_id="81"/>
<token_anchor t_id="82"/>
<token_anchor t_id="83"/>
</LOC_GEO>
<LOC_GEO m_id="25" comment=""  >
<token_anchor t_id="164"/>
<token_anchor t_id="165"/>
<token_anchor t_id="166"/>
</LOC_GEO>
<NON_HUMAN_PART m_id="26" comment=""  >
<token_anchor t_id="78"/>
<token_anchor t_id="79"/>
<token_anchor t_id="80"/>
</NON_HUMAN_PART>
<NON_HUMAN_PART m_id="27" comment=""  >
<token_anchor t_id="39"/>
<token_anchor t_id="40"/>
<token_anchor t_id="41"/>
<token_anchor t_id="42"/>
</NON_HUMAN_PART>
<NON_HUMAN_PART m_id="28" comment=""  >
<token_anchor t_id="156"/>
</NON_HUMAN_PART>
<NON_HUMAN_PART m_id="29" comment=""  >
<token_anchor t_id="188"/>
</NON_HUMAN_PART>
<TIME_DURATION m_id="30" endPoint="" value="" begin="" anchorTimeID=""  >
<token_anchor t_id="36"/>
</TIME_DURATION>
<TIME_OF_THE_DAY m_id="33" DCT="FALSE" value="2012-08-07T12:33Z" anchorTimeID="32"  >
<token_anchor t_id="61"/>
<token_anchor t_id="62"/>
<token_anchor t_id="63"/>
<token_anchor t_id="64"/>
<token_anchor t_id="65"/>
<token_anchor t_id="66"/>
<token_anchor t_id="67"/>
</TIME_OF_THE_DAY>
<TIME_OF_THE_DAY m_id="31" DCT="FALSE" value="2012-08-07T15:40" anchorTimeID="33"  >
<token_anchor t_id="148"/>
<token_anchor t_id="149"/>
<token_anchor t_id="150"/>
<token_anchor t_id="151"/>
<token_anchor t_id="152"/>
<token_anchor t_id="153"/>
</TIME_OF_THE_DAY>
<TIME_OF_THE_DAY m_id="32" DCT="TRUE" value="2012-08-07T18:56Z" anchorTimeID=""  >
<token_anchor t_id="49"/>
<token_anchor t_id="50"/>
<token_anchor t_id="51"/>
<token_anchor t_id="52"/>
<token_anchor t_id="53"/>
<token_anchor t_id="54"/>
<token_anchor t_id="55"/>
<token_anchor t_id="56"/>
<token_anchor t_id="57"/>
<token_anchor t_id="58"/>
</TIME_OF_THE_DAY>


<ACTION_OCCURRENCE m_id="34" RELATED_TO="" TAG_DESCRIPTOR="t13_called_emergency_services" climaxEvent="FALSE" comment="" />
<LOC_GEO m_id="35" RELATED_TO="" TAG_DESCRIPTOR="t13_palmer" comment="" />
<ACTION_OCCURRENCE m_id="36" RELATED_TO="" TAG_DESCRIPTOR="t13_fire_destroyed" climaxEvent="FALSE" comment="" />
<ACTION_REPORTING m_id="37" RELATED_TO="" TAG_DESCRIPTOR="t13_reported_fire" comment="" />
<TIME_OF_THE_DAY m_id="38" RELATED_TO="" TAG_DESCRIPTOR="t13_3.33" DCT="FALSE" value="" anchorTimeID="" />
<ACTION_OCCURRENCE m_id="39" RELATED_TO="" TAG_DESCRIPTOR="t13_firefighters_arrived" climaxEvent="FALSE" comment="" />
<ACTION_OCCURRENCE m_id="40" RELATED_TO="" TAG_DESCRIPTOR="t13_cause" climaxEvent="FALSE" comment="" />
<ACTION_OCCURRENCE m_id="41" RELATED_TO="" TAG_DESCRIPTOR="t13_fire" climaxEvent="FALSE" comment="" />
<ACTION_OCCURRENCE m_id="42" RELATED_TO="" TAG_DESCRIPTOR="t13_extinguished" climaxEvent="FALSE" comment="" />
<HUMAN_PART_PER m_id="43" RELATED_TO="" TAG_DESCRIPTOR="t13_la_croix" comment="" />
<HUMAN_PART_PER m_id="44" RELATED_TO="" TAG_DESCRIPTOR="t13_person_who_called_911" comment="" />
<NON_HUMAN_PART m_id="45" RELATED_TO="" TAG_DESCRIPTOR="t13_manatuska_creamery_building" comment="" />
</Markables>

<Relations>
<TLINK r_id="242082" contextualModality="" relType="SIMULTANEOUS" comment="" >
<source m_id="33" />
<target m_id="15" />
</TLINK>
<TLINK r_id="242083" contextualModality="" relType="SIMULTANEOUS" comment="" >
<source m_id="33" />
<target m_id="16" />
</TLINK>
<TLINK r_id="242084" contextualModality="" relType="OVERLAP" comment="" >
<source m_id="33" />
<target m_id="1" />
</TLINK>
<TLINK r_id="242088" contextualModality="" relType="AFTER" comment="" >
<source m_id="31" />
<target m_id="5" />
</TLINK>
<TLINK r_id="242091" contextualModality="" relType="BEFORE" comment="" >
<source m_id="31" />
<target m_id="7" />
</TLINK>
<TLINK r_id="242093" contextualModality="" relType="ENDED_ON" comment="" >
<source m_id="31" />
<target m_id="4" />
</TLINK>
<TLINK r_id="242097" contextualModality="" relType="AFTER" comment="" >
<source m_id="32" />
<target m_id="15" />
</TLINK>
<TLINK r_id="242098" contextualModality="" relType="AFTER" comment="" >
<source m_id="32" />
<target m_id="16" />
</TLINK>
<TLINK r_id="242099" contextualModality="" relType="AFTER" comment="" >
<source m_id="32" />
<target m_id="1" />
</TLINK>
<TLINK r_id="242100" contextualModality="" relType="AFTER" comment="" >
<source m_id="32" />
<target m_id="2" />
</TLINK>
<TLINK r_id="242101" contextualModality="" relType="AFTER" comment="" >
<source m_id="32" />
<target m_id="3" />
</TLINK>
<TLINK r_id="242102" contextualModality="" relType="AFTER" comment="" >
<source m_id="32" />
<target m_id="4" />
</TLINK>
<TLINK r_id="242103" contextualModality="" relType="AFTER" comment="" >
<source m_id="32" />
<target m_id="5" />
</TLINK>
<TLINK r_id="242104" contextualModality="" relType="OVERLAP" comment="" >
<source m_id="32" />
<target m_id="17" />
</TLINK>
<TLINK r_id="242105" contextualModality="" relType="OVERLAP" comment="" >
<source m_id="32" />
<target m_id="6" />
</TLINK>
<TLINK r_id="242106" contextualModality="" relType="OVERLAP" comment="" >
<source m_id="32" />
<target m_id="7" />
</TLINK>
<TLINK r_id="242107" contextualModality="" relType="AFTER" comment="" >
<source m_id="32" />
<target m_id="12" />
</TLINK>
<TLINK r_id="242108" contextualModality="" relType="AFTER" comment="" >
<source m_id="32" />
<target m_id="8" />
</TLINK>
<TLINK r_id="242109" contextualModality="" relType="AFTER" comment="" >
<source m_id="32" />
<target m_id="9" />
</TLINK>
<TLINK r_id="242110" contextualModality="" relType="OVERLAP" comment="" >
<source m_id="32" />
<target m_id="10" />
</TLINK>
<TLINK r_id="242111" contextualModality="" relType="OVERLAP" comment="" >
<source m_id="32" />
<target m_id="11" />
</TLINK>
<PLOT_LINK r_id="242112" SIGNAL="" relType="PRECONDITION" CAUSES="FALSE" CAUSED_BY="FALSE" >
<source m_id="13" />
<target m_id="14" />
</PLOT_LINK>
<PLOT_LINK r_id="242113" SIGNAL="" relType="FALLING_ACTION" CAUSES="FALSE" CAUSED_BY="FALSE" >
<source m_id="15" />
<target m_id="1" />
</PLOT_LINK>
<PLOT_LINK r_id="242114" SIGNAL="" relType="PRECONDITION" CAUSES="FALSE" CAUSED_BY="FALSE" >
<source m_id="3" />
<target m_id="4" />
</PLOT_LINK>
<PLOT_LINK r_id="242115" SIGNAL="" relType="PRECONDITION" CAUSES="FALSE" CAUSED_BY="FALSE" >
<source m_id="4" />
<target m_id="5" />
</PLOT_LINK>
<PLOT_LINK r_id="242116" SIGNAL="" relType="FALLING_ACTION" CAUSES="FALSE" CAUSED_BY="FALSE" >
<source m_id="3" />
<target m_id="5" />
</PLOT_LINK>
<PLOT_LINK r_id="242117" SIGNAL="" relType="PRECONDITION" CAUSES="FALSE" CAUSED_BY="FALSE" >
<source m_id="4" />
<target m_id="17" />
</PLOT_LINK>
<PLOT_LINK r_id="242118" SIGNAL="" relType="FALLING_ACTION" CAUSES="FALSE" CAUSED_BY="FALSE" >
<source m_id="7" />
<target m_id="8" />
</PLOT_LINK>
<PLOT_LINK r_id="242119" SIGNAL="" relType="FALLING_ACTION" CAUSES="FALSE" CAUSED_BY="FALSE" >
<source m_id="7" />
<target m_id="12" />
</PLOT_LINK>
<PLOT_LINK r_id="242120" SIGNAL="" relType="PRECONDITION" CAUSES="FALSE" CAUSED_BY="FALSE" >
<source m_id="7" />
<target m_id="11" />
</PLOT_LINK>
<TLINK r_id="252378" contextualModality="" relType="AFTER" comment="" >
<source m_id="31" />
<target m_id="2" />
</TLINK>
<TLINK r_id="252379" contextualModality="" relType="AFTER" comment="" >
<source m_id="31" />
<target m_id="3" />
</TLINK>
</Relations>
</Document>
