<Document doc_name="13_8ecbplus.xml">
<token t_id="1" sentence="0" number="0">http</token>
<token t_id="2" sentence="0" number="1">:</token>
<token t_id="3" sentence="0" number="2">/</token>
<token t_id="4" sentence="0" number="3">/</token>
<token t_id="5" sentence="0" number="4">www</token>
<token t_id="6" sentence="0" number="5">.</token>
<token t_id="7" sentence="0" number="6">adn</token>
<token t_id="8" sentence="0" number="7">.</token>
<token t_id="9" sentence="0" number="8">com</token>
<token t_id="10" sentence="0" number="9">/</token>
<token t_id="11" sentence="0" number="10">2012</token>
<token t_id="12" sentence="0" number="11">/</token>
<token t_id="13" sentence="0" number="12">08</token>
<token t_id="14" sentence="0" number="13">/</token>
<token t_id="15" sentence="0" number="14">07</token>
<token t_id="16" sentence="0" number="15">/</token>
<token t_id="17" sentence="0" number="16">2576122</token>
<token t_id="18" sentence="0" number="17">/</token>
<token t_id="19" sentence="0" number="18">unoccupied</token>
<token t_id="20" sentence="0" number="19">-</token>
<token t_id="21" sentence="0" number="20">palmer</token>
<token t_id="22" sentence="0" number="21">-</token>
<token t_id="23" sentence="0" number="22">dairy</token>
<token t_id="24" sentence="0" number="23">-</token>
<token t_id="25" sentence="0" number="24">warehouse</token>
<token t_id="26" sentence="0" number="25">.</token>
<token t_id="27" sentence="0" number="26">html</token>
<token t_id="28" sentence="1" number="0">Fire</token>
<token t_id="29" sentence="1" number="1">destroys</token>
<token t_id="30" sentence="1" number="2">historic</token>
<token t_id="31" sentence="1" number="3">Mat</token>
<token t_id="32" sentence="1" number="4">Maid</token>
<token t_id="33" sentence="1" number="5">dairy</token>
<token t_id="34" sentence="1" number="6">building</token>
<token t_id="35" sentence="1" number="7">in</token>
<token t_id="36" sentence="1" number="8">Palmer</token>
<token t_id="37" sentence="2" number="0">Published</token>
<token t_id="38" sentence="2" number="1">:</token>
<token t_id="39" sentence="2" number="2">August</token>
<token t_id="40" sentence="2" number="3">7</token>
<token t_id="41" sentence="2" number="4">,</token>
<token t_id="42" sentence="2" number="5">2012</token>
<token t_id="43" sentence="3" number="0">Warehouse</token>
<token t_id="44" sentence="3" number="1">was</token>
<token t_id="45" sentence="3" number="2">one</token>
<token t_id="46" sentence="3" number="3">of</token>
<token t_id="47" sentence="3" number="4">the</token>
<token t_id="48" sentence="3" number="5">last</token>
<token t_id="49" sentence="3" number="6">original</token>
<token t_id="50" sentence="3" number="7">buildings</token>
<token t_id="51" sentence="3" number="8">remaining</token>
<token t_id="52" sentence="3" number="9">from</token>
<token t_id="53" sentence="3" number="10">the</token>
<token t_id="54" sentence="3" number="11">Matanuska</token>
<token t_id="55" sentence="3" number="12">Colony</token>
<token t_id="56" sentence="4" number="0">The</token>
<token t_id="57" sentence="4" number="1">Matanuska</token>
<token t_id="58" sentence="4" number="2">Maid</token>
<token t_id="59" sentence="4" number="3">Block</token>
<token t_id="60" sentence="4" number="4">Building</token>
<token t_id="61" sentence="4" number="5">,</token>
<token t_id="62" sentence="4" number="6">one</token>
<token t_id="63" sentence="4" number="7">of</token>
<token t_id="64" sentence="4" number="8">the</token>
<token t_id="65" sentence="4" number="9">oldest</token>
<token t_id="66" sentence="4" number="10">buildings</token>
<token t_id="67" sentence="4" number="11">in</token>
<token t_id="68" sentence="4" number="12">Palmer</token>
<token t_id="69" sentence="4" number="13">,</token>
<token t_id="70" sentence="4" number="14">burned</token>
<token t_id="71" sentence="4" number="15">to</token>
<token t_id="72" sentence="4" number="16">the</token>
<token t_id="73" sentence="4" number="17">ground</token>
<token t_id="74" sentence="4" number="18">in</token>
<token t_id="75" sentence="4" number="19">a</token>
<token t_id="76" sentence="4" number="20">spectacular</token>
<token t_id="77" sentence="4" number="21">fire</token>
<token t_id="78" sentence="4" number="22">Tuesday</token>
<token t_id="79" sentence="4" number="23">morning</token>
<token t_id="80" sentence="4" number="24">.</token>
<token t_id="81" sentence="5" number="0">The</token>
<token t_id="82" sentence="5" number="1">wooden</token>
<token t_id="83" sentence="5" number="2">structure</token>
<token t_id="84" sentence="5" number="3">at</token>
<token t_id="85" sentence="5" number="4">325</token>
<token t_id="86" sentence="5" number="5">E</token>
<token t_id="87" sentence="5" number="6">.</token>
<token t_id="88" sentence="5" number="7">Dahlia</token>
<token t_id="89" sentence="5" number="8">Ave</token>
<token t_id="90" sentence="5" number="9">.</token>
<token t_id="91" sentence="5" number="10">was</token>
<token t_id="92" sentence="5" number="11">known</token>
<token t_id="93" sentence="5" number="12">as</token>
<token t_id="94" sentence="5" number="13">the</token>
<token t_id="95" sentence="5" number="14">"Old</token>
<token t_id="96" sentence="5" number="15">Mat</token>
<token t_id="97" sentence="5" number="16">Maid</token>
<token t_id="98" sentence="5" number="17">Warehouse</token>
<token t_id="99" sentence="5" number="18">.</token>
<token t_id="100" sentence="5" number="19">"</token>
<token t_id="101" sentence="6" number="0">It</token>
<token t_id="102" sentence="6" number="1">was</token>
<token t_id="103" sentence="6" number="2">built</token>
<token t_id="104" sentence="6" number="3">in</token>
<token t_id="105" sentence="6" number="4">1935</token>
<token t_id="106" sentence="6" number="5">,</token>
<token t_id="107" sentence="6" number="6">the</token>
<token t_id="108" sentence="6" number="7">same</token>
<token t_id="109" sentence="6" number="8">year</token>
<token t_id="110" sentence="6" number="9">that</token>
<token t_id="111" sentence="6" number="10">the</token>
<token t_id="112" sentence="6" number="11">first</token>
<token t_id="113" sentence="6" number="12">farm</token>
<token t_id="114" sentence="6" number="13">families</token>
<token t_id="115" sentence="6" number="14">arrived</token>
<token t_id="116" sentence="6" number="15">as</token>
<token t_id="117" sentence="6" number="16">part</token>
<token t_id="118" sentence="6" number="17">of</token>
<token t_id="119" sentence="6" number="18">the</token>
<token t_id="120" sentence="6" number="19">federal</token>
<token t_id="121" sentence="6" number="20">government's</token>
<token t_id="122" sentence="6" number="21">Matanuska</token>
<token t_id="123" sentence="6" number="22">Colony</token>
<token t_id="124" sentence="6" number="23">project</token>
<token t_id="125" sentence="6" number="24">.</token>
<token t_id="126" sentence="7" number="0">A</token>
<token t_id="127" sentence="7" number="1">911</token>
<token t_id="128" sentence="7" number="2">caller</token>
<token t_id="129" sentence="7" number="3">reported</token>
<token t_id="130" sentence="7" number="4">the</token>
<token t_id="131" sentence="7" number="5">fire</token>
<token t_id="132" sentence="7" number="6">at</token>
<token t_id="133" sentence="7" number="7">3</token>
<token t_id="134" sentence="7" number="8">:</token>
<token t_id="135" sentence="7" number="9">33</token>
<token t_id="136" sentence="7" number="10">a</token>
<token t_id="137" sentence="7" number="11">.</token>
<token t_id="138" sentence="7" number="12">m</token>
<token t_id="139" sentence="7" number="13">.</token>
<token t_id="140" sentence="8" number="0">Palmer</token>
<token t_id="141" sentence="8" number="1">Fire</token>
<token t_id="142" sentence="8" number="2">and</token>
<token t_id="143" sentence="8" number="3">Rescue</token>
<token t_id="144" sentence="8" number="4">Chief</token>
<token t_id="145" sentence="8" number="5">John</token>
<token t_id="146" sentence="8" number="6">McNutt</token>
<token t_id="147" sentence="8" number="7">arrived</token>
<token t_id="148" sentence="8" number="8">and</token>
<token t_id="149" sentence="8" number="9">saw</token>
<token t_id="150" sentence="8" number="10">fire</token>
<token t_id="151" sentence="8" number="11">under</token>
<token t_id="152" sentence="8" number="12">the</token>
<token t_id="153" sentence="8" number="13">eaves</token>
<token t_id="154" sentence="8" number="14">of</token>
<token t_id="155" sentence="8" number="15">the</token>
<token t_id="156" sentence="8" number="16">building</token>
<token t_id="157" sentence="8" number="17">.</token>
<token t_id="158" sentence="9" number="0">"Within</token>
<token t_id="159" sentence="9" number="1">one</token>
<token t_id="160" sentence="9" number="2">minute</token>
<token t_id="161" sentence="9" number="3">or</token>
<token t_id="162" sentence="9" number="4">two</token>
<token t_id="163" sentence="9" number="5">,</token>
<token t_id="164" sentence="9" number="6">the</token>
<token t_id="165" sentence="9" number="7">whole</token>
<token t_id="166" sentence="9" number="8">roof</token>
<token t_id="167" sentence="9" number="9">was</token>
<token t_id="168" sentence="9" number="10">ablaze</token>
<token t_id="169" sentence="9" number="11">,</token>
<token t_id="170" sentence="9" number="12">"</token>
<token t_id="171" sentence="9" number="13">said</token>
<token t_id="172" sentence="9" number="14">Palmer</token>
<token t_id="173" sentence="9" number="15">Public</token>
<token t_id="174" sentence="9" number="16">Safety</token>
<token t_id="175" sentence="9" number="17">Director</token>
<token t_id="176" sentence="9" number="18">Jon</token>
<token t_id="177" sentence="9" number="19">Owen</token>
<token t_id="178" sentence="9" number="20">.</token>
<token t_id="179" sentence="10" number="0">After</token>
<token t_id="180" sentence="10" number="1">a</token>
<token t_id="181" sentence="10" number="2">quick</token>
<token t_id="182" sentence="10" number="3">survey</token>
<token t_id="183" sentence="10" number="4">of</token>
<token t_id="184" sentence="10" number="5">the</token>
<token t_id="185" sentence="10" number="6">scene</token>
<token t_id="186" sentence="10" number="7">,</token>
<token t_id="187" sentence="10" number="8">Owen</token>
<token t_id="188" sentence="10" number="9">said</token>
<token t_id="189" sentence="10" number="10">,</token>
<token t_id="190" sentence="10" number="11">McNutt's</token>
<token t_id="191" sentence="10" number="12">main</token>
<token t_id="192" sentence="10" number="13">concern</token>
<token t_id="193" sentence="10" number="14">was</token>
<token t_id="194" sentence="10" number="15">keeping</token>
<token t_id="195" sentence="10" number="16">the</token>
<token t_id="196" sentence="10" number="17">fire</token>
<token t_id="197" sentence="10" number="18">from</token>
<token t_id="198" sentence="10" number="19">spreading</token>
<token t_id="199" sentence="10" number="20">to</token>
<token t_id="200" sentence="10" number="21">the</token>
<token t_id="201" sentence="10" number="22">heating</token>
<token t_id="202" sentence="10" number="23">oil</token>
<token t_id="203" sentence="10" number="24">stored</token>
<token t_id="204" sentence="10" number="25">next</token>
<token t_id="205" sentence="10" number="26">door</token>
<token t_id="206" sentence="10" number="27">at</token>
<token t_id="207" sentence="10" number="28">the</token>
<token t_id="208" sentence="10" number="29">Crowley</token>
<token t_id="209" sentence="10" number="30">fuel</token>
<token t_id="210" sentence="10" number="31">distribution</token>
<token t_id="211" sentence="10" number="32">center</token>
<token t_id="212" sentence="10" number="33">.</token>
<token t_id="213" sentence="11" number="0">The</token>
<token t_id="214" sentence="11" number="1">Mat</token>
<token t_id="215" sentence="11" number="2">-</token>
<token t_id="216" sentence="11" number="3">Su</token>
<token t_id="217" sentence="11" number="4">Central</token>
<token t_id="218" sentence="11" number="5">Fire</token>
<token t_id="219" sentence="11" number="6">Department</token>
<token t_id="220" sentence="11" number="7">joined</token>
<token t_id="221" sentence="11" number="8">Palmer</token>
<token t_id="222" sentence="11" number="9">firefighters</token>
<token t_id="223" sentence="11" number="10">with</token>
<token t_id="224" sentence="11" number="11">men</token>
<token t_id="225" sentence="11" number="12">and</token>
<token t_id="226" sentence="11" number="13">equipment</token>
<token t_id="227" sentence="11" number="14">.</token>
<token t_id="228" sentence="12" number="0">Photos</token>
<token t_id="229" sentence="12" number="1">show</token>
<token t_id="230" sentence="12" number="2">the</token>
<token t_id="231" sentence="12" number="3">entire</token>
<token t_id="232" sentence="12" number="4">two</token>
<token t_id="233" sentence="12" number="5">-</token>
<token t_id="234" sentence="12" number="6">story</token>
<token t_id="235" sentence="12" number="7">building</token>
<token t_id="236" sentence="12" number="8">seeming</token>
<token t_id="237" sentence="12" number="9">to</token>
<token t_id="238" sentence="12" number="10">go</token>
<token t_id="239" sentence="12" number="11">up</token>
<token t_id="240" sentence="12" number="12">in</token>
<token t_id="241" sentence="12" number="13">flames</token>
<token t_id="242" sentence="12" number="14">at</token>
<token t_id="243" sentence="12" number="15">once</token>
<token t_id="244" sentence="12" number="16">,</token>
<token t_id="245" sentence="12" number="17">with</token>
<token t_id="246" sentence="12" number="18">a</token>
<token t_id="247" sentence="12" number="19">ball</token>
<token t_id="248" sentence="12" number="20">of</token>
<token t_id="249" sentence="12" number="21">fire</token>
<token t_id="250" sentence="12" number="22">boiling</token>
<token t_id="251" sentence="12" number="23">into</token>
<token t_id="252" sentence="12" number="24">the</token>
<token t_id="253" sentence="12" number="25">air</token>
<token t_id="254" sentence="12" number="26">20</token>
<token t_id="255" sentence="12" number="27">feet</token>
<token t_id="256" sentence="12" number="28">above</token>
<token t_id="257" sentence="12" number="29">the</token>
<token t_id="258" sentence="12" number="30">roof</token>
<token t_id="259" sentence="12" number="31">.</token>
<token t_id="260" sentence="13" number="0">Owen</token>
<token t_id="261" sentence="13" number="1">said</token>
<token t_id="262" sentence="13" number="2">a</token>
<token t_id="263" sentence="13" number="3">total</token>
<token t_id="264" sentence="13" number="4">of</token>
<token t_id="265" sentence="13" number="5">31</token>
<token t_id="266" sentence="13" number="6">fire</token>
<token t_id="267" sentence="13" number="7">trucks</token>
<token t_id="268" sentence="13" number="8">,</token>
<token t_id="269" sentence="13" number="9">emergency</token>
<token t_id="270" sentence="13" number="10">vehicles</token>
<token t_id="271" sentence="13" number="11">and</token>
<token t_id="272" sentence="13" number="12">other</token>
<token t_id="273" sentence="13" number="13">equipment</token>
<token t_id="274" sentence="13" number="14">were</token>
<token t_id="275" sentence="13" number="15">eventually</token>
<token t_id="276" sentence="13" number="16">on</token>
<token t_id="277" sentence="13" number="17">scene</token>
<token t_id="278" sentence="13" number="18">.</token>
<token t_id="279" sentence="14" number="0">Three</token>
<token t_id="280" sentence="14" number="1">"aerials</token>
<token t_id="281" sentence="14" number="2">,</token>
<token t_id="282" sentence="14" number="3">"</token>
<token t_id="283" sentence="14" number="4">ladders</token>
<token t_id="284" sentence="14" number="5">with</token>
<token t_id="285" sentence="14" number="6">hoses</token>
<token t_id="286" sentence="14" number="7">,</token>
<token t_id="287" sentence="14" number="8">fought</token>
<token t_id="288" sentence="14" number="9">the</token>
<token t_id="289" sentence="14" number="10">fire</token>
<token t_id="290" sentence="14" number="11">from</token>
<token t_id="291" sentence="14" number="12">above</token>
<token t_id="292" sentence="14" number="13">,</token>
<token t_id="293" sentence="14" number="14">two</token>
<token t_id="294" sentence="14" number="15">of</token>
<token t_id="295" sentence="14" number="16">which</token>
<token t_id="296" sentence="14" number="17">were</token>
<token t_id="297" sentence="14" number="18">positioned</token>
<token t_id="298" sentence="14" number="19">between</token>
<token t_id="299" sentence="14" number="20">the</token>
<token t_id="300" sentence="14" number="21">fire</token>
<token t_id="301" sentence="14" number="22">and</token>
<token t_id="302" sentence="14" number="23">Crowley</token>
<token t_id="303" sentence="14" number="24">.</token>
<token t_id="304" sentence="15" number="0">At</token>
<token t_id="305" sentence="15" number="1">its</token>
<token t_id="306" sentence="15" number="2">height</token>
<token t_id="307" sentence="15" number="3">,</token>
<token t_id="308" sentence="15" number="4">5</token>
<token t_id="309" sentence="15" number="5">,</token>
<token t_id="310" sentence="15" number="6">000</token>
<token t_id="311" sentence="15" number="7">gallons</token>
<token t_id="312" sentence="15" number="8">of</token>
<token t_id="313" sentence="15" number="9">water</token>
<token t_id="314" sentence="15" number="10">were</token>
<token t_id="315" sentence="15" number="11">being</token>
<token t_id="316" sentence="15" number="12">poured</token>
<token t_id="317" sentence="15" number="13">onto</token>
<token t_id="318" sentence="15" number="14">the</token>
<token t_id="319" sentence="15" number="15">blaze</token>
<token t_id="320" sentence="15" number="16">every</token>
<token t_id="321" sentence="15" number="17">minute</token>
<token t_id="322" sentence="15" number="18">.</token>
<token t_id="323" sentence="16" number="0">"It</token>
<token t_id="324" sentence="16" number="1">was</token>
<token t_id="325" sentence="16" number="2">a</token>
<token t_id="326" sentence="16" number="3">testament</token>
<token t_id="327" sentence="16" number="4">to</token>
<token t_id="328" sentence="16" number="5">the</token>
<token t_id="329" sentence="16" number="6">Palmer</token>
<token t_id="330" sentence="16" number="7">water</token>
<token t_id="331" sentence="16" number="8">system</token>
<token t_id="332" sentence="16" number="9">,</token>
<token t_id="333" sentence="16" number="10">"</token>
<token t_id="334" sentence="16" number="11">Owen</token>
<token t_id="335" sentence="16" number="12">said</token>
<token t_id="336" sentence="16" number="13">.</token>
<token t_id="337" sentence="17" number="0">"We</token>
<token t_id="338" sentence="17" number="1">could</token>
<token t_id="339" sentence="17" number="2">have</token>
<token t_id="340" sentence="17" number="3">had</token>
<token t_id="341" sentence="17" number="4">a</token>
<token t_id="342" sentence="17" number="5">(</token>
<token t_id="343" sentence="17" number="6">larger</token>
<token t_id="344" sentence="17" number="7">)</token>
<token t_id="345" sentence="17" number="8">conflagration</token>
<token t_id="346" sentence="17" number="9">.</token>
<token t_id="347" sentence="17" number="10">"</token>
<token t_id="348" sentence="18" number="0">A</token>
<token t_id="349" sentence="18" number="1">Crowley</token>
<token t_id="350" sentence="18" number="2">employee</token>
<token t_id="351" sentence="18" number="3">was</token>
<token t_id="352" sentence="18" number="4">at</token>
<token t_id="353" sentence="18" number="5">the</token>
<token t_id="354" sentence="18" number="6">office</token>
<token t_id="355" sentence="18" number="7">within</token>
<token t_id="356" sentence="18" number="8">minutes</token>
<token t_id="357" sentence="18" number="9">,</token>
<token t_id="358" sentence="18" number="10">said</token>
<token t_id="359" sentence="18" number="11">terminal</token>
<token t_id="360" sentence="18" number="12">manager</token>
<token t_id="361" sentence="18" number="13">Jasper</token>
<token t_id="362" sentence="18" number="14">Hall</token>
<token t_id="363" sentence="18" number="15">,</token>
<token t_id="364" sentence="18" number="16">ready</token>
<token t_id="365" sentence="18" number="17">to</token>
<token t_id="366" sentence="18" number="18">move</token>
<token t_id="367" sentence="18" number="19">the</token>
<token t_id="368" sentence="18" number="20">fuel</token>
<token t_id="369" sentence="18" number="21">delivery</token>
<token t_id="370" sentence="18" number="22">trucks</token>
<token t_id="371" sentence="18" number="23">out</token>
<token t_id="372" sentence="18" number="24">of</token>
<token t_id="373" sentence="18" number="25">harm's</token>
<token t_id="374" sentence="18" number="26">way</token>
<token t_id="375" sentence="18" number="27">.</token>
<token t_id="376" sentence="19" number="0">The</token>
<token t_id="377" sentence="19" number="1">terminal</token>
<token t_id="378" sentence="19" number="2">mainly</token>
<token t_id="379" sentence="19" number="3">holds</token>
<token t_id="380" sentence="19" number="4">heating</token>
<token t_id="381" sentence="19" number="5">oil</token>
<token t_id="382" sentence="19" number="6">,</token>
<token t_id="383" sentence="19" number="7">he</token>
<token t_id="384" sentence="19" number="8">said</token>
<token t_id="385" sentence="19" number="9">.</token>
<token t_id="386" sentence="20" number="0">By</token>
<token t_id="387" sentence="20" number="1">6</token>
<token t_id="388" sentence="20" number="2">:</token>
<token t_id="389" sentence="20" number="3">40</token>
<token t_id="390" sentence="20" number="4">a</token>
<token t_id="391" sentence="20" number="5">.</token>
<token t_id="392" sentence="20" number="6">m</token>
<token t_id="393" sentence="20" number="7">.</token>
<token t_id="394" sentence="20" number="8">the</token>
<token t_id="395" sentence="20" number="9">fire</token>
<token t_id="396" sentence="20" number="10">was</token>
<token t_id="397" sentence="20" number="11">under</token>
<token t_id="398" sentence="20" number="12">control</token>
<token t_id="399" sentence="20" number="13">,</token>
<token t_id="400" sentence="20" number="14">Owen</token>
<token t_id="401" sentence="20" number="15">said</token>
<token t_id="402" sentence="20" number="16">.</token>
<token t_id="403" sentence="21" number="0">By</token>
<token t_id="404" sentence="21" number="1">noon</token>
<token t_id="405" sentence="21" number="2">,</token>
<token t_id="406" sentence="21" number="3">small</token>
<token t_id="407" sentence="21" number="4">clouds</token>
<token t_id="408" sentence="21" number="5">of</token>
<token t_id="409" sentence="21" number="6">smoke</token>
<token t_id="410" sentence="21" number="7">still</token>
<token t_id="411" sentence="21" number="8">rose</token>
<token t_id="412" sentence="21" number="9">from</token>
<token t_id="413" sentence="21" number="10">the</token>
<token t_id="414" sentence="21" number="11">pile</token>
<token t_id="415" sentence="21" number="12">of</token>
<token t_id="416" sentence="21" number="13">ash</token>
<token t_id="417" sentence="21" number="14">and</token>
<token t_id="418" sentence="21" number="15">a</token>
<token t_id="419" sentence="21" number="16">few</token>
<token t_id="420" sentence="21" number="17">charred</token>
<token t_id="421" sentence="21" number="18">upright</token>
<token t_id="422" sentence="21" number="19">timbers</token>
<token t_id="423" sentence="21" number="20">teetered</token>
<token t_id="424" sentence="21" number="21">over</token>
<token t_id="425" sentence="21" number="22">the</token>
<token t_id="426" sentence="21" number="23">ruin</token>
<token t_id="427" sentence="21" number="24">.</token>
<token t_id="428" sentence="22" number="0">The</token>
<token t_id="429" sentence="22" number="1">building</token>
<token t_id="430" sentence="22" number="2">,</token>
<token t_id="431" sentence="22" number="3">which</token>
<token t_id="432" sentence="22" number="4">the</token>
<token t_id="433" sentence="22" number="5">city</token>
<token t_id="434" sentence="22" number="6">of</token>
<token t_id="435" sentence="22" number="7">Palmer</token>
<token t_id="436" sentence="22" number="8">had</token>
<token t_id="437" sentence="22" number="9">valued</token>
<token t_id="438" sentence="22" number="10">at</token>
<token t_id="439" sentence="22" number="11">about</token>
<token t_id="440" sentence="22" number="12">$380</token>
<token t_id="441" sentence="22" number="13">,</token>
<token t_id="442" sentence="22" number="14">600</token>
<token t_id="443" sentence="22" number="15">,</token>
<token t_id="444" sentence="22" number="16">was</token>
<token t_id="445" sentence="22" number="17">a</token>
<token t_id="446" sentence="22" number="18">total</token>
<token t_id="447" sentence="22" number="19">loss</token>
<token t_id="448" sentence="22" number="20">.</token>
<token t_id="449" sentence="23" number="0">Anchorage</token>
<token t_id="450" sentence="23" number="1">lawyer</token>
<token t_id="451" sentence="23" number="2">William</token>
<token t_id="452" sentence="23" number="3">Ingaldson</token>
<token t_id="453" sentence="23" number="4">,</token>
<token t_id="454" sentence="23" number="5">the</token>
<token t_id="455" sentence="23" number="6">building's</token>
<token t_id="456" sentence="23" number="7">owner</token>
<token t_id="457" sentence="23" number="8">,</token>
<token t_id="458" sentence="23" number="9">was</token>
<token t_id="459" sentence="23" number="10">there</token>
<token t_id="460" sentence="23" number="11">to</token>
<token t_id="461" sentence="23" number="12">inspect</token>
<token t_id="462" sentence="23" number="13">the</token>
<token t_id="463" sentence="23" number="14">damage</token>
<token t_id="464" sentence="23" number="15">.</token>
<token t_id="465" sentence="24" number="0">He</token>
<token t_id="466" sentence="24" number="1">said</token>
<token t_id="467" sentence="24" number="2">he</token>
<token t_id="468" sentence="24" number="3">had</token>
<token t_id="469" sentence="24" number="4">owned</token>
<token t_id="470" sentence="24" number="5">the</token>
<token t_id="471" sentence="24" number="6">property</token>
<token t_id="472" sentence="24" number="7">for</token>
<token t_id="473" sentence="24" number="8">six</token>
<token t_id="474" sentence="24" number="9">or</token>
<token t_id="475" sentence="24" number="10">seven</token>
<token t_id="476" sentence="24" number="11">years</token>
<token t_id="477" sentence="24" number="12">.</token>
<token t_id="478" sentence="25" number="0">He</token>
<token t_id="479" sentence="25" number="1">estimated</token>
<token t_id="480" sentence="25" number="2">the</token>
<token t_id="481" sentence="25" number="3">size</token>
<token t_id="482" sentence="25" number="4">of</token>
<token t_id="483" sentence="25" number="5">the</token>
<token t_id="484" sentence="25" number="6">structure</token>
<token t_id="485" sentence="25" number="7">at</token>
<token t_id="486" sentence="25" number="8">12</token>
<token t_id="487" sentence="25" number="9">,</token>
<token t_id="488" sentence="25" number="10">000</token>
<token t_id="489" sentence="25" number="11">square</token>
<token t_id="490" sentence="25" number="12">feet</token>
<token t_id="491" sentence="25" number="13">.</token>
<token t_id="492" sentence="26" number="0">"None</token>
<token t_id="493" sentence="26" number="1">of</token>
<token t_id="494" sentence="26" number="2">it</token>
<token t_id="495" sentence="26" number="3">was</token>
<token t_id="496" sentence="26" number="4">insured</token>
<token t_id="497" sentence="26" number="5">,</token>
<token t_id="498" sentence="26" number="6">"</token>
<token t_id="499" sentence="26" number="7">he</token>
<token t_id="500" sentence="26" number="8">said</token>
<token t_id="501" sentence="26" number="9">.</token>
<token t_id="502" sentence="27" number="0">"I'm</token>
<token t_id="503" sentence="27" number="1">assuming</token>
<token t_id="504" sentence="27" number="2">it's</token>
<token t_id="505" sentence="27" number="3">arson</token>
<token t_id="506" sentence="27" number="4">or</token>
<token t_id="507" sentence="27" number="5">vandalism</token>
<token t_id="508" sentence="27" number="6">.</token>
<token t_id="509" sentence="27" number="7">"</token>
<token t_id="510" sentence="28" number="0">There</token>
<token t_id="511" sentence="28" number="1">were</token>
<token t_id="512" sentence="28" number="2">no</token>
<token t_id="513" sentence="28" number="3">reports</token>
<token t_id="514" sentence="28" number="4">of</token>
<token t_id="515" sentence="28" number="5">injuries</token>
<token t_id="516" sentence="28" number="6">.</token>
<token t_id="517" sentence="29" number="0">The</token>
<token t_id="518" sentence="29" number="1">building</token>
<token t_id="519" sentence="29" number="2">was</token>
<token t_id="520" sentence="29" number="3">vacant</token>
<token t_id="521" sentence="29" number="4">and</token>
<token t_id="522" sentence="29" number="5">not</token>
<token t_id="523" sentence="29" number="6">in</token>
<token t_id="524" sentence="29" number="7">use</token>
<token t_id="525" sentence="29" number="8">at</token>
<token t_id="526" sentence="29" number="9">the</token>
<token t_id="527" sentence="29" number="10">time</token>
<token t_id="528" sentence="29" number="11">of</token>
<token t_id="529" sentence="29" number="12">the</token>
<token t_id="530" sentence="29" number="13">fire</token>
<token t_id="531" sentence="29" number="14">.</token>
<token t_id="532" sentence="30" number="0">The</token>
<token t_id="533" sentence="30" number="1">structure</token>
<token t_id="534" sentence="30" number="2">made</token>
<token t_id="535" sentence="30" number="3">the</token>
<token t_id="536" sentence="30" number="4">Alaska</token>
<token t_id="537" sentence="30" number="5">Association</token>
<token t_id="538" sentence="30" number="6">for</token>
<token t_id="539" sentence="30" number="7">Historic</token>
<token t_id="540" sentence="30" number="8">Preservation's</token>
<token t_id="541" sentence="30" number="9">list</token>
<token t_id="542" sentence="30" number="10">of</token>
<token t_id="543" sentence="30" number="11">10</token>
<token t_id="544" sentence="30" number="12">most</token>
<token t_id="545" sentence="30" number="13">endangered</token>
<token t_id="546" sentence="30" number="14">properties</token>
<token t_id="547" sentence="30" number="15">in</token>
<token t_id="548" sentence="30" number="16">the</token>
<token t_id="549" sentence="30" number="17">state</token>
<token t_id="550" sentence="30" number="18">for</token>
<token t_id="551" sentence="30" number="19">the</token>
<token t_id="552" sentence="30" number="20">past</token>
<token t_id="553" sentence="30" number="21">four</token>
<token t_id="554" sentence="30" number="22">years</token>
<token t_id="555" sentence="30" number="23">.</token>
<token t_id="556" sentence="31" number="0">It</token>
<token t_id="557" sentence="31" number="1">was</token>
<token t_id="558" sentence="31" number="2">also</token>
<token t_id="559" sentence="31" number="3">known</token>
<token t_id="560" sentence="31" number="4">as</token>
<token t_id="561" sentence="31" number="5">the</token>
<token t_id="562" sentence="31" number="6">Colony</token>
<token t_id="563" sentence="31" number="7">Project</token>
<token t_id="564" sentence="31" number="8">Warehouse</token>
<token t_id="565" sentence="31" number="9">because</token>
<token t_id="566" sentence="31" number="10">it</token>
<token t_id="567" sentence="31" number="11">was</token>
<token t_id="568" sentence="31" number="12">built</token>
<token t_id="569" sentence="31" number="13">as</token>
<token t_id="570" sentence="31" number="14">part</token>
<token t_id="571" sentence="31" number="15">of</token>
<token t_id="572" sentence="31" number="16">the</token>
<token t_id="573" sentence="31" number="17">federal</token>
<token t_id="574" sentence="31" number="18">Matanuska</token>
<token t_id="575" sentence="31" number="19">Colony</token>
<token t_id="576" sentence="31" number="20">Project</token>
<token t_id="577" sentence="31" number="21">during</token>
<token t_id="578" sentence="31" number="22">the</token>
<token t_id="579" sentence="31" number="23">New</token>
<token t_id="580" sentence="31" number="24">Deal</token>
<token t_id="581" sentence="31" number="25">era</token>
<token t_id="582" sentence="31" number="26">.</token>
<token t_id="583" sentence="32" number="0">Families</token>
<token t_id="584" sentence="32" number="1">were</token>
<token t_id="585" sentence="32" number="2">brought</token>
<token t_id="586" sentence="32" number="3">to</token>
<token t_id="587" sentence="32" number="4">Palmer</token>
<token t_id="588" sentence="32" number="5">and</token>
<token t_id="589" sentence="32" number="6">given</token>
<token t_id="590" sentence="32" number="7">land</token>
<token t_id="591" sentence="32" number="8">.</token>
<token t_id="592" sentence="33" number="0">They</token>
<token t_id="593" sentence="33" number="1">formed</token>
<token t_id="594" sentence="33" number="2">the</token>
<token t_id="595" sentence="33" number="3">Matanuska</token>
<token t_id="596" sentence="33" number="4">Valley</token>
<token t_id="597" sentence="33" number="5">Farmers</token>
<token t_id="598" sentence="33" number="6">Cooperating</token>
<token t_id="599" sentence="33" number="7">Association</token>
<token t_id="600" sentence="33" number="8">.</token>
<token t_id="601" sentence="34" number="0">The</token>
<token t_id="602" sentence="34" number="1">warehouse</token>
<token t_id="603" sentence="34" number="2">stored</token>
<token t_id="604" sentence="34" number="3">feed</token>
<token t_id="605" sentence="34" number="4">and</token>
<token t_id="606" sentence="34" number="5">other</token>
<token t_id="607" sentence="34" number="6">supplies</token>
<token t_id="608" sentence="34" number="7">for</token>
<token t_id="609" sentence="34" number="8">the</token>
<token t_id="610" sentence="34" number="9">farmers</token>
<token t_id="611" sentence="34" number="10">.</token>
<token t_id="612" sentence="35" number="0">The</token>
<token t_id="613" sentence="35" number="1">Matanuska</token>
<token t_id="614" sentence="35" number="2">Colony</token>
<token t_id="615" sentence="35" number="3">had</token>
<token t_id="616" sentence="35" number="4">a</token>
<token t_id="617" sentence="35" number="5">mixed</token>
<token t_id="618" sentence="35" number="6">record</token>
<token t_id="619" sentence="35" number="7">.</token>
<token t_id="620" sentence="36" number="0">Within</token>
<token t_id="621" sentence="36" number="1">five</token>
<token t_id="622" sentence="36" number="2">years</token>
<token t_id="623" sentence="36" number="3">,</token>
<token t_id="624" sentence="36" number="4">half</token>
<token t_id="625" sentence="36" number="5">of</token>
<token t_id="626" sentence="36" number="6">the</token>
<token t_id="627" sentence="36" number="7">settlers</token>
<token t_id="628" sentence="36" number="8">gave</token>
<token t_id="629" sentence="36" number="9">up</token>
<token t_id="630" sentence="36" number="10">and</token>
<token t_id="631" sentence="36" number="11">left</token>
<token t_id="632" sentence="36" number="12">.</token>
<token t_id="633" sentence="37" number="0">But</token>
<token t_id="634" sentence="37" number="1">dairy</token>
<token t_id="635" sentence="37" number="2">operations</token>
<token t_id="636" sentence="37" number="3">proved</token>
<token t_id="637" sentence="37" number="4">successful</token>
<token t_id="638" sentence="37" number="5">.</token>
<token t_id="639" sentence="38" number="0">At</token>
<token t_id="640" sentence="38" number="1">a</token>
<token t_id="641" sentence="38" number="2">time</token>
<token t_id="642" sentence="38" number="3">when</token>
<token t_id="643" sentence="38" number="4">shipment</token>
<token t_id="644" sentence="38" number="5">of</token>
<token t_id="645" sentence="38" number="6">food</token>
<token t_id="646" sentence="38" number="7">from</token>
<token t_id="647" sentence="38" number="8">the</token>
<token t_id="648" sentence="38" number="9">states</token>
<token t_id="649" sentence="38" number="10">could</token>
<token t_id="650" sentence="38" number="11">take</token>
<token t_id="651" sentence="38" number="12">a</token>
<token t_id="652" sentence="38" number="13">month</token>
<token t_id="653" sentence="38" number="14">,</token>
<token t_id="654" sentence="38" number="15">Valley</token>
<token t_id="655" sentence="38" number="16">producers</token>
<token t_id="656" sentence="38" number="17">supplied</token>
<token t_id="657" sentence="38" number="18">fresh</token>
<token t_id="658" sentence="38" number="19">milk</token>
<token t_id="659" sentence="38" number="20">to</token>
<token t_id="660" sentence="38" number="21">customers</token>
<token t_id="661" sentence="38" number="22">along</token>
<token t_id="662" sentence="38" number="23">the</token>
<token t_id="663" sentence="38" number="24">rail</token>
<token t_id="664" sentence="38" number="25">belt</token>
<token t_id="665" sentence="38" number="26">.</token>
<token t_id="666" sentence="39" number="0">The</token>
<token t_id="667" sentence="39" number="1">co</token>
<token t_id="668" sentence="39" number="2">-</token>
<token t_id="669" sentence="39" number="3">op</token>
<token t_id="670" sentence="39" number="4">became</token>
<token t_id="671" sentence="39" number="5">the</token>
<token t_id="672" sentence="39" number="6">Matanuska</token>
<token t_id="673" sentence="39" number="7">Maid</token>
<token t_id="674" sentence="39" number="8">corporation</token>
<token t_id="675" sentence="39" number="9">.</token>
<token t_id="676" sentence="40" number="0">In</token>
<token t_id="677" sentence="40" number="1">the</token>
<token t_id="678" sentence="40" number="2">1950s</token>
<token t_id="679" sentence="40" number="3">,</token>
<token t_id="680" sentence="40" number="4">dairy</token>
<token t_id="681" sentence="40" number="5">operators</token>
<token t_id="682" sentence="40" number="6">fought</token>
<token t_id="683" sentence="40" number="7">a</token>
<token t_id="684" sentence="40" number="8">losing</token>
<token t_id="685" sentence="40" number="9">battle</token>
<token t_id="686" sentence="40" number="10">against</token>
<token t_id="687" sentence="40" number="11">the</token>
<token t_id="688" sentence="40" number="12">importation</token>
<token t_id="689" sentence="40" number="13">of</token>
<token t_id="690" sentence="40" number="14">reconstituted</token>
<token t_id="691" sentence="40" number="15">milk</token>
<token t_id="692" sentence="40" number="16">,</token>
<token t_id="693" sentence="40" number="17">which</token>
<token t_id="694" sentence="40" number="18">allowed</token>
<token t_id="695" sentence="40" number="19">powdered</token>
<token t_id="696" sentence="40" number="20">milk</token>
<token t_id="697" sentence="40" number="21">to</token>
<token t_id="698" sentence="40" number="22">be</token>
<token t_id="699" sentence="40" number="23">mixed</token>
<token t_id="700" sentence="40" number="24">with</token>
<token t_id="701" sentence="40" number="25">fresh</token>
<token t_id="702" sentence="40" number="26">milk</token>
<token t_id="703" sentence="40" number="27">and</token>
<token t_id="704" sentence="40" number="28">sold</token>
<token t_id="705" sentence="40" number="29">at</token>
<token t_id="706" sentence="40" number="30">a</token>
<token t_id="707" sentence="40" number="31">lower</token>
<token t_id="708" sentence="40" number="32">price</token>
<token t_id="709" sentence="40" number="33">.</token>
<token t_id="710" sentence="41" number="0">As</token>
<token t_id="711" sentence="41" number="1">transportation</token>
<token t_id="712" sentence="41" number="2">improved</token>
<token t_id="713" sentence="41" number="3">,</token>
<token t_id="714" sentence="41" number="4">it</token>
<token t_id="715" sentence="41" number="5">became</token>
<token t_id="716" sentence="41" number="6">cheaper</token>
<token t_id="717" sentence="41" number="7">to</token>
<token t_id="718" sentence="41" number="8">ship</token>
<token t_id="719" sentence="41" number="9">milk</token>
<token t_id="720" sentence="41" number="10">from</token>
<token t_id="721" sentence="41" number="11">the</token>
<token t_id="722" sentence="41" number="12">Lower</token>
<token t_id="723" sentence="41" number="13">48</token>
<token t_id="724" sentence="41" number="14">.</token>
<token t_id="725" sentence="42" number="0">The</token>
<token t_id="726" sentence="42" number="1">state's</token>
<token t_id="727" sentence="42" number="2">Point</token>
<token t_id="728" sentence="42" number="3">MacKenzie</token>
<token t_id="729" sentence="42" number="4">project</token>
<token t_id="730" sentence="42" number="5">,</token>
<token t_id="731" sentence="42" number="6">designed</token>
<token t_id="732" sentence="42" number="7">to</token>
<token t_id="733" sentence="42" number="8">rescue</token>
<token t_id="734" sentence="42" number="9">Alaska's</token>
<token t_id="735" sentence="42" number="10">dairy</token>
<token t_id="736" sentence="42" number="11">industry</token>
<token t_id="737" sentence="42" number="12">,</token>
<token t_id="738" sentence="42" number="13">turned</token>
<token t_id="739" sentence="42" number="14">out</token>
<token t_id="740" sentence="42" number="15">to</token>
<token t_id="741" sentence="42" number="16">be</token>
<token t_id="742" sentence="42" number="17">a</token>
<token t_id="743" sentence="42" number="18">colossal</token>
<token t_id="744" sentence="42" number="19">failure</token>
<token t_id="745" sentence="42" number="20">.</token>
<token t_id="746" sentence="43" number="0">Mat</token>
<token t_id="747" sentence="43" number="1">Maid</token>
<token t_id="748" sentence="43" number="2">filed</token>
<token t_id="749" sentence="43" number="3">for</token>
<token t_id="750" sentence="43" number="4">bankruptcy</token>
<token t_id="751" sentence="43" number="5">in</token>
<token t_id="752" sentence="43" number="6">November</token>
<token t_id="753" sentence="43" number="7">1983</token>
<token t_id="754" sentence="43" number="8">.</token>
<token t_id="755" sentence="44" number="0">The</token>
<token t_id="756" sentence="44" number="1">state</token>
<token t_id="757" sentence="44" number="2">took</token>
<token t_id="758" sentence="44" number="3">over</token>
<token t_id="759" sentence="44" number="4">and</token>
<token t_id="760" sentence="44" number="5">ran</token>
<token t_id="761" sentence="44" number="6">the</token>
<token t_id="762" sentence="44" number="7">business</token>
<token t_id="763" sentence="44" number="8">until</token>
<token t_id="764" sentence="44" number="9">economic</token>
<token t_id="765" sentence="44" number="10">pressures</token>
<token t_id="766" sentence="44" number="11">forced</token>
<token t_id="767" sentence="44" number="12">it</token>
<token t_id="768" sentence="44" number="13">to</token>
<token t_id="769" sentence="44" number="14">close</token>
<token t_id="770" sentence="44" number="15">in</token>
<token t_id="771" sentence="44" number="16">December</token>
<token t_id="772" sentence="44" number="17">2007</token>
<token t_id="773" sentence="44" number="18">.</token>
<token t_id="774" sentence="45" number="0">Even</token>
<token t_id="775" sentence="45" number="1">before</token>
<token t_id="776" sentence="45" number="2">then</token>
<token t_id="777" sentence="45" number="3">,</token>
<token t_id="778" sentence="45" number="4">Mat</token>
<token t_id="779" sentence="45" number="5">Maid</token>
<token t_id="780" sentence="45" number="6">assets</token>
<token t_id="781" sentence="45" number="7">were</token>
<token t_id="782" sentence="45" number="8">being</token>
<token t_id="783" sentence="45" number="9">put</token>
<token t_id="784" sentence="45" number="10">on</token>
<token t_id="785" sentence="45" number="11">the</token>
<token t_id="786" sentence="45" number="12">auction</token>
<token t_id="787" sentence="45" number="13">block</token>
<token t_id="788" sentence="45" number="14">or</token>
<token t_id="789" sentence="45" number="15">abandoned</token>
<token t_id="790" sentence="45" number="16">.</token>
<token t_id="791" sentence="46" number="0">The</token>
<token t_id="792" sentence="46" number="1">trading</token>
<token t_id="793" sentence="46" number="2">post</token>
<token t_id="794" sentence="46" number="3">,</token>
<token t_id="795" sentence="46" number="4">also</token>
<token t_id="796" sentence="46" number="5">built</token>
<token t_id="797" sentence="46" number="6">in</token>
<token t_id="798" sentence="46" number="7">1935</token>
<token t_id="799" sentence="46" number="8">,</token>
<token t_id="800" sentence="46" number="9">is</token>
<token t_id="801" sentence="46" number="10">beautifully</token>
<token t_id="802" sentence="46" number="11">restored</token>
<token t_id="803" sentence="46" number="12">and</token>
<token t_id="804" sentence="46" number="13">still</token>
<token t_id="805" sentence="46" number="14">open</token>
<token t_id="806" sentence="46" number="15">for</token>
<token t_id="807" sentence="46" number="16">business</token>
<token t_id="808" sentence="46" number="17">as</token>
<token t_id="809" sentence="46" number="18">Dahlia</token>
<token t_id="810" sentence="46" number="19">Street</token>
<token t_id="811" sentence="46" number="20">Market</token>
<token t_id="812" sentence="46" number="21">,</token>
<token t_id="813" sentence="46" number="22">on</token>
<token t_id="814" sentence="46" number="23">the</token>
<token t_id="815" sentence="46" number="24">other</token>
<token t_id="816" sentence="46" number="25">side</token>
<token t_id="817" sentence="46" number="26">of</token>
<token t_id="818" sentence="46" number="27">the</token>
<token t_id="819" sentence="46" number="28">street</token>
<token t_id="820" sentence="46" number="29">.</token>
<token t_id="821" sentence="47" number="0">But</token>
<token t_id="822" sentence="47" number="1">the</token>
<token t_id="823" sentence="47" number="2">Matanuska</token>
<token t_id="824" sentence="47" number="3">Maid</token>
<token t_id="825" sentence="47" number="4">creamery</token>
<token t_id="826" sentence="47" number="5">building</token>
<token t_id="827" sentence="47" number="6">,</token>
<token t_id="828" sentence="47" number="7">which</token>
<token t_id="829" sentence="47" number="8">stood</token>
<token t_id="830" sentence="47" number="9">between</token>
<token t_id="831" sentence="47" number="10">the</token>
<token t_id="832" sentence="47" number="11">street</token>
<token t_id="833" sentence="47" number="12">and</token>
<token t_id="834" sentence="47" number="13">the</token>
<token t_id="835" sentence="47" number="14">warehouse</token>
<token t_id="836" sentence="47" number="15">in</token>
<token t_id="837" sentence="47" number="16">the</token>
<token t_id="838" sentence="47" number="17">old</token>
<token t_id="839" sentence="47" number="18">days</token>
<token t_id="840" sentence="47" number="19">,</token>
<token t_id="841" sentence="47" number="20">was</token>
<token t_id="842" sentence="47" number="21">burned</token>
<token t_id="843" sentence="47" number="22">down</token>
<token t_id="844" sentence="47" number="23">by</token>
<token t_id="845" sentence="47" number="24">teenagers</token>
<token t_id="846" sentence="47" number="25">in</token>
<token t_id="847" sentence="47" number="26">2003</token>
<token t_id="848" sentence="47" number="27">.</token>
<token t_id="849" sentence="48" number="0">Grass</token>
<token t_id="850" sentence="48" number="1">and</token>
<token t_id="851" sentence="48" number="2">cottonwoods</token>
<token t_id="852" sentence="48" number="3">now</token>
<token t_id="853" sentence="48" number="4">cover</token>
<token t_id="854" sentence="48" number="5">the</token>
<token t_id="855" sentence="48" number="6">site</token>
<token t_id="856" sentence="48" number="7">.</token>
<token t_id="857" sentence="49" number="0">The</token>
<token t_id="858" sentence="49" number="1">long</token>
<token t_id="859" sentence="49" number="2">warehouse</token>
<token t_id="860" sentence="49" number="3">boasted</token>
<token t_id="861" sentence="49" number="4">a</token>
<token t_id="862" sentence="49" number="5">full</token>
<token t_id="863" sentence="49" number="6">-</token>
<token t_id="864" sentence="49" number="7">length</token>
<token t_id="865" sentence="49" number="8">porch</token>
<token t_id="866" sentence="49" number="9">and</token>
<token t_id="867" sentence="49" number="10">distinctive</token>
<token t_id="868" sentence="49" number="11">chevron</token>
<token t_id="869" sentence="49" number="12">pattern</token>
<token t_id="870" sentence="49" number="13">at</token>
<token t_id="871" sentence="49" number="14">the</token>
<token t_id="872" sentence="49" number="15">gable</token>
<token t_id="873" sentence="49" number="16">ends</token>
<token t_id="874" sentence="49" number="17">of</token>
<token t_id="875" sentence="49" number="18">the</token>
<token t_id="876" sentence="49" number="19">roof</token>
<token t_id="877" sentence="49" number="20">.</token>
<token t_id="878" sentence="50" number="0">It</token>
<token t_id="879" sentence="50" number="1">had</token>
<token t_id="880" sentence="50" number="2">its</token>
<token t_id="881" sentence="50" number="3">own</token>
<token t_id="882" sentence="50" number="4">railroad</token>
<token t_id="883" sentence="50" number="5">siding</token>
<token t_id="884" sentence="50" number="6">.</token>
<token t_id="885" sentence="51" number="0">Three</token>
<token t_id="886" sentence="51" number="1">cupolas</token>
<token t_id="887" sentence="51" number="2">drew</token>
<token t_id="888" sentence="51" number="3">light</token>
<token t_id="889" sentence="51" number="4">into</token>
<token t_id="890" sentence="51" number="5">the</token>
<token t_id="891" sentence="51" number="6">building</token>
<token t_id="892" sentence="51" number="7">.</token>
<token t_id="893" sentence="52" number="0">A</token>
<token t_id="894" sentence="52" number="1">recessed</token>
<token t_id="895" sentence="52" number="2">entry</token>
<token t_id="896" sentence="52" number="3">let</token>
<token t_id="897" sentence="52" number="4">workers</token>
<token t_id="898" sentence="52" number="5">unload</token>
<token t_id="899" sentence="52" number="6">wagons</token>
<token t_id="900" sentence="52" number="7">or</token>
<token t_id="901" sentence="52" number="8">trucks</token>
<token t_id="902" sentence="52" number="9">out</token>
<token t_id="903" sentence="52" number="10">of</token>
<token t_id="904" sentence="52" number="11">the</token>
<token t_id="905" sentence="52" number="12">wind</token>
<token t_id="906" sentence="52" number="13">.</token>
<token t_id="907" sentence="53" number="0">A</token>
<token t_id="908" sentence="53" number="1">historical</token>
<token t_id="909" sentence="53" number="2">marker</token>
<token t_id="910" sentence="53" number="3">reads</token>
<token t_id="911" sentence="53" number="4">,</token>
<token t_id="912" sentence="53" number="5">"These</token>
<token t_id="913" sentence="53" number="6">buildings</token>
<token t_id="914" sentence="53" number="7">were</token>
<token t_id="915" sentence="53" number="8">the</token>
<token t_id="916" sentence="53" number="9">heart</token>
<token t_id="917" sentence="53" number="10">and</token>
<token t_id="918" sentence="53" number="11">economic</token>
<token t_id="919" sentence="53" number="12">center</token>
<token t_id="920" sentence="53" number="13">of</token>
<token t_id="921" sentence="53" number="14">Palmer</token>
<token t_id="922" sentence="53" number="15">and</token>
<token t_id="923" sentence="53" number="16">the</token>
<token t_id="924" sentence="53" number="17">colony</token>
<token t_id="925" sentence="53" number="18">.</token>
<token t_id="926" sentence="53" number="19">"</token>
<token t_id="927" sentence="54" number="0">The</token>
<token t_id="928" sentence="54" number="1">old</token>
<token t_id="929" sentence="54" number="2">warehouse</token>
<token t_id="930" sentence="54" number="3">was</token>
<token t_id="931" sentence="54" number="4">weathered</token>
<token t_id="932" sentence="54" number="5">and</token>
<token t_id="933" sentence="54" number="6">battered</token>
<token t_id="934" sentence="54" number="7">on</token>
<token t_id="935" sentence="54" number="8">the</token>
<token t_id="936" sentence="54" number="9">outside</token>
<token t_id="937" sentence="54" number="10">,</token>
<token t_id="938" sentence="54" number="11">Ingaldson</token>
<token t_id="939" sentence="54" number="12">said</token>
<token t_id="940" sentence="54" number="13">.</token>
<token t_id="941" sentence="55" number="0">"But</token>
<token t_id="942" sentence="55" number="1">inside</token>
<token t_id="943" sentence="55" number="2">,</token>
<token t_id="944" sentence="55" number="3">there</token>
<token t_id="945" sentence="55" number="4">was</token>
<token t_id="946" sentence="55" number="5">all</token>
<token t_id="947" sentence="55" number="6">this</token>
<token t_id="948" sentence="55" number="7">beautiful</token>
<token t_id="949" sentence="55" number="8">timber</token>
<token t_id="950" sentence="55" number="9">.</token>
<token t_id="951" sentence="56" number="0">Clear</token>
<token t_id="952" sentence="56" number="1">,</token>
<token t_id="953" sentence="56" number="2">old</token>
<token t_id="954" sentence="56" number="3">-</token>
<token t_id="955" sentence="56" number="4">growth</token>
<token t_id="956" sentence="56" number="5">fir</token>
<token t_id="957" sentence="56" number="6">.</token>
<token t_id="958" sentence="57" number="0">Not</token>
<token t_id="959" sentence="57" number="1">a</token>
<token t_id="960" sentence="57" number="2">knot</token>
<token t_id="961" sentence="57" number="3">in</token>
<token t_id="962" sentence="57" number="4">it</token>
<token t_id="963" sentence="57" number="5">.</token>
<token t_id="964" sentence="58" number="0">Cedar</token>
<token t_id="965" sentence="58" number="1">tongue</token>
<token t_id="966" sentence="58" number="2">-</token>
<token t_id="967" sentence="58" number="3">and</token>
<token t_id="968" sentence="58" number="4">-</token>
<token t_id="969" sentence="58" number="5">groove</token>
<token t_id="970" sentence="58" number="6">floors</token>
<token t_id="971" sentence="58" number="7">.</token>
<token t_id="972" sentence="58" number="8">"</token>
<token t_id="973" sentence="59" number="0">The</token>
<token t_id="974" sentence="59" number="1">building</token>
<token t_id="975" sentence="59" number="2">still</token>
<token t_id="976" sentence="59" number="3">stored</token>
<token t_id="977" sentence="59" number="4">relics</token>
<token t_id="978" sentence="59" number="5">from</token>
<token t_id="979" sentence="59" number="6">its</token>
<token t_id="980" sentence="59" number="7">glory</token>
<token t_id="981" sentence="59" number="8">days</token>
<token t_id="982" sentence="59" number="9">,</token>
<token t_id="983" sentence="59" number="10">he</token>
<token t_id="984" sentence="59" number="11">said</token>
<token t_id="985" sentence="59" number="12">,</token>
<token t_id="986" sentence="59" number="13">canvas</token>
<token t_id="987" sentence="59" number="14">potato</token>
<token t_id="988" sentence="59" number="15">bags</token>
<token t_id="989" sentence="59" number="16">and</token>
<token t_id="990" sentence="59" number="17">containers</token>
<token t_id="991" sentence="59" number="18">for</token>
<token t_id="992" sentence="59" number="19">cheese</token>
<token t_id="993" sentence="59" number="20">products</token>
<token t_id="994" sentence="59" number="21">.</token>
<token t_id="995" sentence="60" number="0">Ingaldson</token>
<token t_id="996" sentence="60" number="1">said</token>
<token t_id="997" sentence="60" number="2">he</token>
<token t_id="998" sentence="60" number="3">had</token>
<token t_id="999" sentence="60" number="4">explored</token>
<token t_id="1000" sentence="60" number="5">different</token>
<token t_id="1001" sentence="60" number="6">options</token>
<token t_id="1002" sentence="60" number="7">for</token>
<token t_id="1003" sentence="60" number="8">developing</token>
<token t_id="1004" sentence="60" number="9">the</token>
<token t_id="1005" sentence="60" number="10">building</token>
<token t_id="1006" sentence="60" number="11">,</token>
<token t_id="1007" sentence="60" number="12">which</token>
<token t_id="1008" sentence="60" number="13">was</token>
<token t_id="1009" sentence="60" number="14">not</token>
<token t_id="1010" sentence="60" number="15">being</token>
<token t_id="1011" sentence="60" number="16">used</token>
<token t_id="1012" sentence="60" number="17">at</token>
<token t_id="1013" sentence="60" number="18">the</token>
<token t_id="1014" sentence="60" number="19">time</token>
<token t_id="1015" sentence="60" number="20">of</token>
<token t_id="1016" sentence="60" number="21">the</token>
<token t_id="1017" sentence="60" number="22">fire</token>
<token t_id="1018" sentence="60" number="23">.</token>
<token t_id="1019" sentence="61" number="0">Ideas</token>
<token t_id="1020" sentence="61" number="1">included</token>
<token t_id="1021" sentence="61" number="2">turning</token>
<token t_id="1022" sentence="61" number="3">it</token>
<token t_id="1023" sentence="61" number="4">into</token>
<token t_id="1024" sentence="61" number="5">apartments</token>
<token t_id="1025" sentence="61" number="6">,</token>
<token t_id="1026" sentence="61" number="7">shops</token>
<token t_id="1027" sentence="61" number="8">and</token>
<token t_id="1028" sentence="61" number="9">offices</token>
<token t_id="1029" sentence="61" number="10">for</token>
<token t_id="1030" sentence="61" number="11">nonprofit</token>
<token t_id="1031" sentence="61" number="12">groups</token>
<token t_id="1032" sentence="61" number="13">or</token>
<token t_id="1033" sentence="61" number="14">as</token>
<token t_id="1034" sentence="61" number="15">part</token>
<token t_id="1035" sentence="61" number="16">of</token>
<token t_id="1036" sentence="61" number="17">a</token>
<token t_id="1037" sentence="61" number="18">convention</token>
<token t_id="1038" sentence="61" number="19">area</token>
<token t_id="1039" sentence="61" number="20">.</token>
<token t_id="1040" sentence="62" number="0">"There</token>
<token t_id="1041" sentence="62" number="1">were</token>
<token t_id="1042" sentence="62" number="2">lots</token>
<token t_id="1043" sentence="62" number="3">of</token>
<token t_id="1044" sentence="62" number="4">really</token>
<token t_id="1045" sentence="62" number="5">good</token>
<token t_id="1046" sentence="62" number="6">plans</token>
<token t_id="1047" sentence="62" number="7">we</token>
<token t_id="1048" sentence="62" number="8">had</token>
<token t_id="1049" sentence="62" number="9">,</token>
<token t_id="1050" sentence="62" number="10">"</token>
<token t_id="1051" sentence="62" number="11">he</token>
<token t_id="1052" sentence="62" number="12">said</token>
<token t_id="1053" sentence="62" number="13">.</token>
<token t_id="1054" sentence="63" number="0">"It</token>
<token t_id="1055" sentence="63" number="1">was</token>
<token t_id="1056" sentence="63" number="2">a</token>
<token t_id="1057" sentence="63" number="3">historic</token>
<token t_id="1058" sentence="63" number="4">building</token>
<token t_id="1059" sentence="63" number="5">with</token>
<token t_id="1060" sentence="63" number="6">lots</token>
<token t_id="1061" sentence="63" number="7">of</token>
<token t_id="1062" sentence="63" number="8">possibilities</token>
<token t_id="1063" sentence="63" number="9">.</token>
<token t_id="1064" sentence="64" number="0">You</token>
<token t_id="1065" sentence="64" number="1">can't</token>
<token t_id="1066" sentence="64" number="2">replace</token>
<token t_id="1067" sentence="64" number="3">that</token>
<token t_id="1068" sentence="64" number="4">.</token>
<token t_id="1069" sentence="65" number="0">"It's</token>
<token t_id="1070" sentence="65" number="1">devastating</token>
<token t_id="1071" sentence="65" number="2">.</token>
<token t_id="1072" sentence="65" number="3">"</token>
<token t_id="1073" sentence="66" number="0">The</token>
<token t_id="1074" sentence="66" number="1">State</token>
<token t_id="1075" sentence="66" number="2">Fire</token>
<token t_id="1076" sentence="66" number="3">Marshall's</token>
<token t_id="1077" sentence="66" number="4">office</token>
<token t_id="1078" sentence="66" number="5">is</token>
<token t_id="1079" sentence="66" number="6">helping</token>
<token t_id="1080" sentence="66" number="7">investigate</token>
<token t_id="1081" sentence="66" number="8">the</token>
<token t_id="1082" sentence="66" number="9">fire</token>
<token t_id="1083" sentence="66" number="10">.</token>
<token t_id="1084" sentence="67" number="0">Palmer</token>
<token t_id="1085" sentence="67" number="1">police</token>
<token t_id="1086" sentence="67" number="2">ask</token>
<token t_id="1087" sentence="67" number="3">anyone</token>
<token t_id="1088" sentence="67" number="4">with</token>
<token t_id="1089" sentence="67" number="5">information</token>
<token t_id="1090" sentence="67" number="6">about</token>
<token t_id="1091" sentence="67" number="7">how</token>
<token t_id="1092" sentence="67" number="8">the</token>
<token t_id="1093" sentence="67" number="9">fire</token>
<token t_id="1094" sentence="67" number="10">started</token>
<token t_id="1095" sentence="67" number="11">to</token>
<token t_id="1096" sentence="67" number="12">call</token>
<token t_id="1097" sentence="67" number="13">Sgt</token>
<token t_id="1098" sentence="67" number="14">.</token>
<token t_id="1099" sentence="67" number="15">Shayne</token>
<token t_id="1100" sentence="67" number="16">La</token>
<token t_id="1101" sentence="67" number="17">Croix</token>
<token t_id="1102" sentence="67" number="18">at</token>
<token t_id="1103" sentence="67" number="19">745</token>
<token t_id="1104" sentence="67" number="20">-</token>
<token t_id="1105" sentence="67" number="21">4811</token>
<token t_id="1106" sentence="67" number="22">.</token>


<Markables>
<ACTION_OCCURRENCE m_id="1" climaxEvent="FALSE" comment=""  >
<token_anchor t_id="131"/>
</ACTION_OCCURRENCE>
<ACTION_OCCURRENCE m_id="2" climaxEvent="FALSE" comment=""  >
<token_anchor t_id="147"/>
</ACTION_OCCURRENCE>
<ACTION_OCCURRENCE m_id="3" climaxEvent="FALSE" comment=""  >
<token_anchor t_id="150"/>
</ACTION_OCCURRENCE>
<ACTION_OCCURRENCE m_id="4" climaxEvent="FALSE" comment=""  >
<token_anchor t_id="182"/>
</ACTION_OCCURRENCE>
<ACTION_OCCURRENCE m_id="5" climaxEvent="FALSE" comment=""  >
<token_anchor t_id="194"/>
</ACTION_OCCURRENCE>
<ACTION_OCCURRENCE m_id="6" climaxEvent="FALSE" comment=""  >
<token_anchor t_id="196"/>
</ACTION_OCCURRENCE>
<ACTION_OCCURRENCE m_id="7" climaxEvent="FALSE" comment=""  >
<token_anchor t_id="198"/>
</ACTION_OCCURRENCE>
<ACTION_OCCURRENCE m_id="8" climaxEvent="FALSE" comment=""  >
<token_anchor t_id="203"/>
</ACTION_OCCURRENCE>
<ACTION_OCCURRENCE m_id="9" climaxEvent="FALSE" comment=""  >
<token_anchor t_id="192"/>
</ACTION_OCCURRENCE>
<ACTION_OCCURRENCE m_id="10" climaxEvent="TRUE" comment=""  >
<token_anchor t_id="28"/>
</ACTION_OCCURRENCE>
<ACTION_OCCURRENCE m_id="11" climaxEvent="FALSE" comment=""  >
<token_anchor t_id="29"/>
</ACTION_OCCURRENCE>
<ACTION_OCCURRENCE m_id="12" climaxEvent="FALSE" comment=""  >
<token_anchor t_id="70"/>
</ACTION_OCCURRENCE>
<ACTION_OCCURRENCE m_id="13" climaxEvent="FALSE" comment=""  >
<token_anchor t_id="77"/>
</ACTION_OCCURRENCE>
<ACTION_PERCEPTION m_id="14" comment="" climaxEvent="FALSE"  >
<token_anchor t_id="149"/>
</ACTION_PERCEPTION>
<ACTION_REPORTING m_id="15" comment=""  >
<token_anchor t_id="129"/>
</ACTION_REPORTING>
<ACTION_REPORTING m_id="16" comment=""  >
<token_anchor t_id="188"/>
</ACTION_REPORTING>
<HUMAN_PART_PER m_id="17" comment=""  >
<token_anchor t_id="145"/>
<token_anchor t_id="146"/>
</HUMAN_PART_PER>
<HUMAN_PART_PER m_id="18" comment=""  >
<token_anchor t_id="187"/>
</HUMAN_PART_PER>
<HUMAN_PART_PER m_id="19" comment=""  >
<token_anchor t_id="190"/>
</HUMAN_PART_PER>
<HUMAN_PART_PER m_id="20" comment=""  >
<token_anchor t_id="128"/>
</HUMAN_PART_PER>
<LOC_FAC m_id="21"  >
<token_anchor t_id="207"/>
<token_anchor t_id="208"/>
<token_anchor t_id="209"/>
<token_anchor t_id="210"/>
<token_anchor t_id="211"/>
</LOC_FAC>
<LOC_GEO m_id="22" comment=""  >
<token_anchor t_id="35"/>
<token_anchor t_id="36"/>
</LOC_GEO>
<LOC_GEO m_id="23" comment=""  >
<token_anchor t_id="67"/>
<token_anchor t_id="68"/>
</LOC_GEO>
<LOC_OTHER m_id="24"  >
<token_anchor t_id="151"/>
<token_anchor t_id="152"/>
<token_anchor t_id="153"/>
<token_anchor t_id="154"/>
<token_anchor t_id="155"/>
<token_anchor t_id="156"/>
</LOC_OTHER>
<LOC_OTHER m_id="25"  >
<token_anchor t_id="185"/>
</LOC_OTHER>
<NON_HUMAN_PART m_id="26" comment=""  >
<token_anchor t_id="31"/>
<token_anchor t_id="32"/>
<token_anchor t_id="33"/>
<token_anchor t_id="34"/>
</NON_HUMAN_PART>
<NON_HUMAN_PART m_id="27" comment=""  >
<token_anchor t_id="56"/>
<token_anchor t_id="57"/>
<token_anchor t_id="58"/>
<token_anchor t_id="59"/>
<token_anchor t_id="60"/>
</NON_HUMAN_PART>
<NON_HUMAN_PART m_id="28" comment=""  >
<token_anchor t_id="201"/>
<token_anchor t_id="202"/>
</NON_HUMAN_PART>
<TIME_OF_THE_DAY m_id="29" comment="" DCT="FALSE" value="2012-08-07TMO" anchorTimeID="30"  >
<token_anchor t_id="78"/>
<token_anchor t_id="79"/>
</TIME_OF_THE_DAY>
<TIME_DATE m_id="30" comment="" DCT="TRUE" value="2012-08-07" anchorTimeID=""  >
<token_anchor t_id="39"/>
<token_anchor t_id="40"/>
<token_anchor t_id="41"/>
<token_anchor t_id="42"/>
</TIME_DATE>
<TIME_OF_THE_DAY m_id="31" DCT="FALSE" value="2012-08-07T12:33Z" anchorTimeID="29"  >
<token_anchor t_id="133"/>
<token_anchor t_id="134"/>
<token_anchor t_id="135"/>
<token_anchor t_id="136"/>
<token_anchor t_id="137"/>
<token_anchor t_id="138"/>
</TIME_OF_THE_DAY>


<ACTION_OCCURRENCE m_id="32" RELATED_TO="" TAG_DESCRIPTOR="t13_fire_destroyed" climaxEvent="FALSE" comment="" />
<LOC_GEO m_id="33" RELATED_TO="" TAG_DESCRIPTOR="t13_palmer" comment="" />
<TIME_OF_THE_DAY m_id="34" RELATED_TO="" TAG_DESCRIPTOR="t13_3.33" DCT="FALSE" value="" anchorTimeID="" />
<ACTION_OCCURRENCE m_id="35" RELATED_TO="" TAG_DESCRIPTOR="t13_burned" climaxEvent="FALSE" comment="" />
<ACTION_OCCURRENCE m_id="36" RELATED_TO="" TAG_DESCRIPTOR="t13_fire" climaxEvent="FALSE" comment="" />
<HUMAN_PART_PER m_id="37" RELATED_TO="" TAG_DESCRIPTOR="t13_owen" comment="" />
<TIME_DATE m_id="38" RELATED_TO="" TAG_DESCRIPTOR="t13_tuesday" comment="" DCT="FALSE" value="" anchorTimeID="" />
<NON_HUMAN_PART m_id="39" RELATED_TO="" TAG_DESCRIPTOR="t13_manatuska_creamery_building" comment="" />
</Markables>

<Relations>
<TLINK r_id="242121" contextualModality="" relType="CONTAINS" comment="" >
<source m_id="29" />
<target m_id="12" />
</TLINK>
<TLINK r_id="242122" contextualModality="" relType="CONTAINS" comment="" >
<source m_id="29" />
<target m_id="13" />
</TLINK>
<TLINK r_id="242123" contextualModality="" relType="SIMULTANEOUS" comment="" >
<source m_id="31" />
<target m_id="15" />
</TLINK>
<TLINK r_id="242124" contextualModality="" relType="OVERLAP" comment="" >
<source m_id="31" />
<target m_id="1" />
</TLINK>
<TLINK r_id="242125" contextualModality="" relType="CONTAINS" comment="" >
<source m_id="29" />
<target m_id="2" />
</TLINK>
<TLINK r_id="242126" contextualModality="" relType="CONTAINS" comment="" >
<source m_id="29" />
<target m_id="14" />
</TLINK>
<TLINK r_id="242127" contextualModality="" relType="CONTAINS" comment="" >
<source m_id="29" />
<target m_id="3" />
</TLINK>
<TLINK r_id="242128" contextualModality="" relType="CONTAINS" comment="" >
<source m_id="29" />
<target m_id="4" />
</TLINK>
<TLINK r_id="242129" contextualModality="" relType="CONTAINS" comment="" >
<source m_id="29" />
<target m_id="9" />
</TLINK>
<TLINK r_id="242130" contextualModality="" relType="CONTAINS" comment="" >
<source m_id="29" />
<target m_id="5" />
</TLINK>
<TLINK r_id="242131" contextualModality="" relType="CONTAINS" comment="" >
<source m_id="29" />
<target m_id="6" />
</TLINK>
<TLINK r_id="242132" contextualModality="" relType="CONTAINS" comment="" >
<source m_id="29" />
<target m_id="7" />
</TLINK>
<TLINK r_id="242133" contextualModality="" relType="CONTAINS" comment="" >
<source m_id="29" />
<target m_id="8" />
</TLINK>
<TLINK r_id="242134" contextualModality="" relType="CONTAINS" comment="" >
<source m_id="30" />
<target m_id="12" />
</TLINK>
<TLINK r_id="242135" contextualModality="" relType="CONTAINS" comment="" >
<source m_id="30" />
<target m_id="13" />
</TLINK>
<TLINK r_id="242136" contextualModality="" relType="CONTAINS" comment="" >
<source m_id="30" />
<target m_id="15" />
</TLINK>
<TLINK r_id="242137" contextualModality="" relType="CONTAINS" comment="" >
<source m_id="30" />
<target m_id="1" />
</TLINK>
<TLINK r_id="242138" contextualModality="" relType="CONTAINS" comment="" >
<source m_id="30" />
<target m_id="2" />
</TLINK>
<TLINK r_id="242139" contextualModality="" relType="CONTAINS" comment="" >
<source m_id="30" />
<target m_id="14" />
</TLINK>
<TLINK r_id="242140" contextualModality="" relType="CONTAINS" comment="" >
<source m_id="30" />
<target m_id="3" />
</TLINK>
<TLINK r_id="242141" contextualModality="" relType="CONTAINS" comment="" >
<source m_id="30" />
<target m_id="4" />
</TLINK>
<TLINK r_id="242142" contextualModality="" relType="CONTAINS" comment="" >
<source m_id="30" />
<target m_id="9" />
</TLINK>
<TLINK r_id="242143" contextualModality="" relType="CONTAINS" comment="" >
<source m_id="30" />
<target m_id="5" />
</TLINK>
<TLINK r_id="242144" contextualModality="" relType="CONTAINS" comment="" >
<source m_id="30" />
<target m_id="7" />
</TLINK>
<TLINK r_id="242145" contextualModality="" relType="CONTAINS" comment="" >
<source m_id="30" />
<target m_id="8" />
</TLINK>
<PLOT_LINK r_id="242146" SIGNAL="" relType="PRECONDITION" CAUSES="FALSE" CAUSED_BY="FALSE" >
<source m_id="10" />
<target m_id="11" />
</PLOT_LINK>
<PLOT_LINK r_id="242147" SIGNAL="" relType="FALLING_ACTION" CAUSES="FALSE" CAUSED_BY="FALSE" >
<source m_id="12" />
<target m_id="13" />
</PLOT_LINK>
<PLOT_LINK r_id="242148" SIGNAL="" relType="FALLING_ACTION" CAUSES="FALSE" CAUSED_BY="FALSE" >
<source m_id="15" />
<target m_id="1" />
</PLOT_LINK>
<PLOT_LINK r_id="242149" SIGNAL="" relType="FALLING_ACTION" CAUSES="FALSE" CAUSED_BY="FALSE" >
<source m_id="9" />
<target m_id="7" />
</PLOT_LINK>
<PLOT_LINK r_id="242150" SIGNAL="" relType="FALLING_ACTION" CAUSES="FALSE" CAUSED_BY="FALSE" >
<source m_id="9" />
<target m_id="6" />
</PLOT_LINK>
<TLINK r_id="252380" contextualModality="" relType="CONTAINS" comment="" >
<source m_id="30" />
<target m_id="10" />
</TLINK>
<TLINK r_id="252381" contextualModality="" relType="CONTAINS" comment="" >
<source m_id="30" />
<target m_id="11" />
</TLINK>
<TLINK r_id="252383" contextualModality="" relType="CONTAINS" comment="" >
<source m_id="29" />
<target m_id="10" />
</TLINK>
<TLINK r_id="252384" contextualModality="" relType="CONTAINS" comment="" >
<source m_id="29" />
<target m_id="11" />
</TLINK>
</Relations>
</Document>
