<Document doc_name="20_10ecbplus.xml">
<token t_id="1" sentence="0" number="0">http</token>
<token t_id="2" sentence="0" number="1">:</token>
<token t_id="3" sentence="0" number="2">/</token>
<token t_id="4" sentence="0" number="3">/</token>
<token t_id="5" sentence="0" number="4">secretdubai</token>
<token t_id="6" sentence="0" number="5">.</token>
<token t_id="7" sentence="0" number="6">blogspot</token>
<token t_id="8" sentence="0" number="7">.</token>
<token t_id="9" sentence="0" number="8">nl</token>
<token t_id="10" sentence="0" number="9">/</token>
<token t_id="11" sentence="0" number="10">2005</token>
<token t_id="12" sentence="0" number="11">/</token>
<token t_id="13" sentence="0" number="12">11</token>
<token t_id="14" sentence="0" number="13">/</token>
<token t_id="15" sentence="0" number="14">did</token>
<token t_id="16" sentence="0" number="15">-</token>
<token t_id="17" sentence="0" number="16">earth</token>
<token t_id="18" sentence="0" number="17">-</token>
<token t_id="19" sentence="0" number="18">move</token>
<token t_id="20" sentence="0" number="19">-</token>
<token t_id="21" sentence="0" number="20">for</token>
<token t_id="22" sentence="0" number="21">-</token>
<token t_id="23" sentence="0" number="22">you</token>
<token t_id="24" sentence="0" number="23">.</token>
<token t_id="25" sentence="0" number="24">html</token>
<token t_id="26" sentence="1" number="0">27</token>
<token t_id="27" sentence="1" number="1">NOVEMBER</token>
<token t_id="28" sentence="1" number="2">,</token>
<token t_id="29" sentence="1" number="3">2005</token>
<token t_id="30" sentence="2" number="0">Did</token>
<token t_id="31" sentence="2" number="1">the</token>
<token t_id="32" sentence="2" number="2">earth</token>
<token t_id="33" sentence="2" number="3">move</token>
<token t_id="34" sentence="2" number="4">for</token>
<token t_id="35" sentence="2" number="5">you</token>
<token t_id="36" sentence="2" number="6">?</token>
<token t_id="37" sentence="3" number="0">Because</token>
<token t_id="38" sentence="3" number="1">it</token>
<token t_id="39" sentence="3" number="2">didn't</token>
<token t_id="40" sentence="3" number="3">down</token>
<token t_id="41" sentence="3" number="4">here</token>
<token t_id="42" sentence="3" number="5">at</token>
<token t_id="43" sentence="3" number="6">Cell</token>
<token t_id="44" sentence="3" number="7">Block</token>
<token t_id="45" sentence="3" number="8">G</token>
<token t_id="46" sentence="3" number="9">.</token>
<token t_id="47" sentence="3" number="10">Dubai</token>
<token t_id="48" sentence="3" number="11">experienced</token>
<token t_id="49" sentence="3" number="12">a</token>
<token t_id="50" sentence="3" number="13">slight</token>
<token t_id="51" sentence="3" number="14">"tremor"</token>
<token t_id="52" sentence="3" number="15">today</token>
<token t_id="53" sentence="3" number="16">,</token>
<token t_id="54" sentence="3" number="17">after</token>
<token t_id="55" sentence="3" number="18">a</token>
<token t_id="56" sentence="3" number="19">more</token>
<token t_id="57" sentence="3" number="20">serious</token>
<token t_id="58" sentence="3" number="21">earthquake</token>
<token t_id="59" sentence="3" number="22">in</token>
<token t_id="60" sentence="3" number="23">Southern</token>
<token t_id="61" sentence="3" number="24">Iran</token>
<token t_id="62" sentence="3" number="25">,</token>
<token t_id="63" sentence="3" number="26">resulting</token>
<token t_id="64" sentence="3" number="27">in</token>
<token t_id="65" sentence="3" number="28">the</token>
<token t_id="66" sentence="3" number="29">evacuation</token>
<token t_id="67" sentence="3" number="30">of</token>
<token t_id="68" sentence="3" number="31">Emirates</token>
<token t_id="69" sentence="3" number="32">Towers</token>
<token t_id="70" sentence="3" number="33">and</token>
<token t_id="71" sentence="3" number="34">a</token>
<token t_id="72" sentence="3" number="35">few</token>
<token t_id="73" sentence="3" number="36">other</token>
<token t_id="74" sentence="3" number="37">scrapers</token>
<token t_id="75" sentence="3" number="38">:</token>
<token t_id="76" sentence="4" number="0">"Witnesses</token>
<token t_id="77" sentence="4" number="1">in</token>
<token t_id="78" sentence="4" number="2">high</token>
<token t_id="79" sentence="4" number="3">-</token>
<token t_id="80" sentence="4" number="4">rise</token>
<token t_id="81" sentence="4" number="5">buildings</token>
<token t_id="82" sentence="4" number="6">said</token>
<token t_id="83" sentence="4" number="7">they</token>
<token t_id="84" sentence="4" number="8">felt</token>
<token t_id="85" sentence="4" number="9">the</token>
<token t_id="86" sentence="4" number="10">ground</token>
<token t_id="87" sentence="4" number="11">shaking</token>
<token t_id="88" sentence="4" number="12">beneath</token>
<token t_id="89" sentence="4" number="13">them</token>
<token t_id="90" sentence="4" number="14">for</token>
<token t_id="91" sentence="4" number="15">about</token>
<token t_id="92" sentence="4" number="16">a</token>
<token t_id="93" sentence="4" number="17">minute</token>
<token t_id="94" sentence="4" number="18">.</token>
<token t_id="95" sentence="5" number="0">Many</token>
<token t_id="96" sentence="5" number="1">residents</token>
<token t_id="97" sentence="5" number="2">evacuated</token>
<token t_id="98" sentence="5" number="3">their</token>
<token t_id="99" sentence="5" number="4">buildings</token>
<token t_id="100" sentence="5" number="5">and</token>
<token t_id="101" sentence="5" number="6">waited</token>
<token t_id="102" sentence="5" number="7">on</token>
<token t_id="103" sentence="5" number="8">the</token>
<token t_id="104" sentence="5" number="9">streets</token>
<token t_id="105" sentence="5" number="10">.</token>
<token t_id="106" sentence="5" number="11">"</token>
<token t_id="107" sentence="6" number="0">Expect</token>
<token t_id="108" sentence="6" number="1">endless</token>
<token t_id="109" sentence="6" number="2">earthquake</token>
<token t_id="110" sentence="6" number="3">experts</token>
<token t_id="111" sentence="6" number="4">in</token>
<token t_id="112" sentence="6" number="5">the</token>
<token t_id="113" sentence="6" number="6">papers</token>
<token t_id="114" sentence="6" number="7">tomorrow</token>
<token t_id="115" sentence="6" number="8">,</token>
<token t_id="116" sentence="6" number="9">such</token>
<token t_id="117" sentence="6" number="10">as</token>
<token t_id="118" sentence="6" number="11">the</token>
<token t_id="119" sentence="6" number="12">prophetic</token>
<token t_id="120" sentence="6" number="13">Dr</token>
<token t_id="121" sentence="6" number="14">Azm</token>
<token t_id="122" sentence="6" number="15">Al</token>
<token t_id="123" sentence="6" number="16">Homoud</token>
<token t_id="124" sentence="6" number="17">:</token>
<token t_id="125" sentence="7" number="0">"We</token>
<token t_id="126" sentence="7" number="1">should</token>
<token t_id="127" sentence="7" number="2">stop</token>
<token t_id="128" sentence="7" number="3">saying</token>
<token t_id="129" sentence="7" number="4">the</token>
<token t_id="130" sentence="7" number="5">UAE</token>
<token t_id="131" sentence="7" number="6">is</token>
<token t_id="132" sentence="7" number="7">not</token>
<token t_id="133" sentence="7" number="8">in</token>
<token t_id="134" sentence="7" number="9">an</token>
<token t_id="135" sentence="7" number="10">earthquake</token>
<token t_id="136" sentence="7" number="11">prone</token>
<token t_id="137" sentence="7" number="12">area</token>
<token t_id="138" sentence="7" number="13">.</token>
<token t_id="139" sentence="8" number="0">I</token>
<token t_id="140" sentence="8" number="1">must</token>
<token t_id="141" sentence="8" number="2">say</token>
<token t_id="142" sentence="8" number="3">we</token>
<token t_id="143" sentence="8" number="4">are</token>
<token t_id="144" sentence="8" number="5">near</token>
<token t_id="145" sentence="8" number="6">major</token>
<token t_id="146" sentence="8" number="7">epicentres</token>
<token t_id="147" sentence="8" number="8">across</token>
<token t_id="148" sentence="8" number="9">the</token>
<token t_id="149" sentence="8" number="10">Arabian</token>
<token t_id="150" sentence="8" number="11">Gulf</token>
<token t_id="151" sentence="8" number="12">and</token>
<token t_id="152" sentence="8" number="13">fall</token>
<token t_id="153" sentence="8" number="14">within</token>
<token t_id="154" sentence="8" number="15">the</token>
<token t_id="155" sentence="8" number="16">collision</token>
<token t_id="156" sentence="8" number="17">area</token>
<token t_id="157" sentence="8" number="18">.</token>
<token t_id="158" sentence="8" number="19">"</token>
<token t_id="159" sentence="9" number="0">Inmates</token>
<token t_id="160" sentence="9" number="1">in</token>
<token t_id="161" sentence="9" number="2">the</token>
<token t_id="162" sentence="9" number="3">far</token>
<token t_id="163" sentence="9" number="4">southern</token>
<token t_id="164" sentence="9" number="5">gulags</token>
<token t_id="165" sentence="9" number="6">miss</token>
<token t_id="166" sentence="9" number="7">out</token>
<token t_id="167" sentence="9" number="8">on</token>
<token t_id="168" sentence="9" number="9">everything</token>
<token t_id="169" sentence="9" number="10">.</token>
<token t_id="170" sentence="10" number="0">Cut</token>
<token t_id="171" sentence="10" number="1">off</token>
<token t_id="172" sentence="10" number="2">by</token>
<token t_id="173" sentence="10" number="3">distance</token>
<token t_id="174" sentence="10" number="4">,</token>
<token t_id="175" sentence="10" number="5">traffic</token>
<token t_id="176" sentence="10" number="6">and</token>
<token t_id="177" sentence="10" number="7">general</token>
<token t_id="178" sentence="10" number="8">lethargy</token>
<token t_id="179" sentence="10" number="9">:</token>
<token t_id="180" sentence="10" number="10">the</token>
<token t_id="181" sentence="10" number="11">forgotten</token>
<token t_id="182" sentence="10" number="12">folk</token>
<token t_id="183" sentence="10" number="13">in</token>
<token t_id="184" sentence="10" number="14">the</token>
<token t_id="185" sentence="10" number="15">shadow</token>
<token t_id="186" sentence="10" number="16">of</token>
<token t_id="187" sentence="10" number="17">the</token>
<token t_id="188" sentence="10" number="18">Jebel</token>
<token t_id="189" sentence="10" number="19">.</token>


<Markables>
<ACTION_OCCURRENCE m_id="1" climaxEvent="FALSE" comment=""  >
<token_anchor t_id="48"/>
</ACTION_OCCURRENCE>
<ACTION_OCCURRENCE m_id="2" climaxEvent="TRUE" comment=""  >
<token_anchor t_id="51"/>
</ACTION_OCCURRENCE>
<ACTION_OCCURRENCE m_id="3" climaxEvent="FALSE" comment=""  >
<token_anchor t_id="58"/>
</ACTION_OCCURRENCE>
<ACTION_CAUSATIVE m_id="4" climaxEvent="FALSE" comment=""  >
<token_anchor t_id="63"/>
</ACTION_CAUSATIVE>
<ACTION_OCCURRENCE m_id="5" climaxEvent="FALSE" comment=""  >
<token_anchor t_id="66"/>
</ACTION_OCCURRENCE>
<ACTION_OCCURRENCE m_id="6" climaxEvent="FALSE" comment=""  >
<token_anchor t_id="33"/>
</ACTION_OCCURRENCE>
<HUMAN_PART_GENERIC m_id="7"  >
<token_anchor t_id="35"/>
</HUMAN_PART_GENERIC>
<LOC_FAC m_id="8"  >
<token_anchor t_id="68"/>
<token_anchor t_id="69"/>
</LOC_FAC>
<LOC_FAC m_id="9"  >
<token_anchor t_id="71"/>
<token_anchor t_id="72"/>
<token_anchor t_id="73"/>
<token_anchor t_id="74"/>
</LOC_FAC>
<LOC_FAC m_id="10"  >
<token_anchor t_id="40"/>
<token_anchor t_id="41"/>
<token_anchor t_id="42"/>
<token_anchor t_id="43"/>
<token_anchor t_id="44"/>
<token_anchor t_id="45"/>
</LOC_FAC>
<LOC_GEO m_id="11" comment=""  >
<token_anchor t_id="47"/>
</LOC_GEO>
<LOC_GEO m_id="12" comment=""  >
<token_anchor t_id="59"/>
<token_anchor t_id="60"/>
<token_anchor t_id="61"/>
</LOC_GEO>
<NEG_ACTION_OCCURRENCE m_id="13" climaxEvent="FALSE" comment=""  >
<token_anchor t_id="38"/>
</NEG_ACTION_OCCURRENCE>
<NON_HUMAN_PART m_id="14" comment=""  >
<token_anchor t_id="32"/>
</NON_HUMAN_PART>
<TIME_DATE m_id="15" comment="" DCT="FALSE" value="2005-11-27" anchorTimeID="16"  >
<token_anchor t_id="52"/>
</TIME_DATE>
<TIME_DATE m_id="16" comment="" DCT="TRUE" value="2005-11-27" anchorTimeID=""  >
<token_anchor t_id="26"/>
<token_anchor t_id="27"/>
<token_anchor t_id="28"/>
<token_anchor t_id="29"/>
</TIME_DATE>


<LOC_GEO m_id="17" RELATED_TO="" TAG_DESCRIPTOR="t20_southern_iran" comment="" />
<TIME_DATE m_id="18" RELATED_TO="" TAG_DESCRIPTOR="t20_sunday" comment="" DCT="FALSE" value="" anchorTimeID="" />
<ACTION_OCCURRENCE m_id="19" RELATED_TO="" TAG_DESCRIPTOR="t20_earthquake" climaxEvent="FALSE" comment="" />
<ACTION_OCCURRENCE m_id="20" RELATED_TO="" TAG_DESCRIPTOR="move" climaxEvent="FALSE" comment="" />
</Markables>

<Relations>
<TLINK r_id="244251" contextualModality="" relType="CONTAINS" comment="" >
<source m_id="15" />
<target m_id="6" />
</TLINK>
<TLINK r_id="244252" contextualModality="" relType="CONTAINS" comment="" >
<source m_id="15" />
<target m_id="1" />
</TLINK>
<TLINK r_id="244253" contextualModality="" relType="CONTAINS" comment="" >
<source m_id="15" />
<target m_id="2" />
</TLINK>
<TLINK r_id="244254" contextualModality="" relType="CONTAINS" comment="" >
<source m_id="15" />
<target m_id="3" />
</TLINK>
<TLINK r_id="244256" contextualModality="" relType="CONTAINS" comment="" >
<source m_id="15" />
<target m_id="5" />
</TLINK>
<TLINK r_id="244257" contextualModality="" relType="CONTAINS" comment="" >
<source m_id="16" />
<target m_id="6" />
</TLINK>
<TLINK r_id="244258" contextualModality="" relType="CONTAINS" comment="" >
<source m_id="16" />
<target m_id="1" />
</TLINK>
<TLINK r_id="244259" contextualModality="" relType="CONTAINS" comment="" >
<source m_id="16" />
<target m_id="2" />
</TLINK>
<TLINK r_id="244260" contextualModality="" relType="CONTAINS" comment="" >
<source m_id="16" />
<target m_id="3" />
</TLINK>
<TLINK r_id="244262" contextualModality="" relType="CONTAINS" comment="" >
<source m_id="16" />
<target m_id="5" />
</TLINK>
<PLOT_LINK r_id="244263" SIGNAL="" relType="FALLING_ACTION" CAUSES="FALSE" CAUSED_BY="FALSE" >
<source m_id="6" />
<target m_id="2" />
</PLOT_LINK>
<PLOT_LINK r_id="244264" SIGNAL="4" relType="PRECONDITION" CAUSES="TRUE" CAUSED_BY="FALSE" >
<source m_id="2" />
<target m_id="5" />
</PLOT_LINK>
<PLOT_LINK r_id="244265" SIGNAL="" relType="FALLING_ACTION" CAUSES="FALSE" CAUSED_BY="FALSE" >
<source m_id="2" />
<target m_id="3" />
</PLOT_LINK>
</Relations>
</Document>
