<Document doc_name="20_9ecbplus.xml">
<token t_id="1" sentence="0" number="0">http</token>
<token t_id="2" sentence="0" number="1">:</token>
<token t_id="3" sentence="0" number="2">/</token>
<token t_id="4" sentence="0" number="3">/</token>
<token t_id="5" sentence="0" number="4">www</token>
<token t_id="6" sentence="0" number="5">.</token>
<token t_id="7" sentence="0" number="6">ameinfo</token>
<token t_id="8" sentence="0" number="7">.</token>
<token t_id="9" sentence="0" number="8">com</token>
<token t_id="10" sentence="0" number="9">/</token>
<token t_id="11" sentence="0" number="10">72760</token>
<token t_id="12" sentence="0" number="11">.</token>
<token t_id="13" sentence="0" number="12">html</token>
<token t_id="14" sentence="1" number="0">Iranian</token>
<token t_id="15" sentence="1" number="1">earthquake</token>
<token t_id="16" sentence="1" number="2">tremor</token>
<token t_id="17" sentence="1" number="3">hits</token>
<token t_id="18" sentence="1" number="4">Dubai</token>
<token t_id="19" sentence="2" number="0">Sunday</token>
<token t_id="20" sentence="2" number="1">,</token>
<token t_id="21" sentence="2" number="2">November</token>
<token t_id="22" sentence="2" number="3">27</token>
<token t_id="23" sentence="2" number="4">-</token>
<token t_id="24" sentence="2" number="5">2005</token>
<token t_id="25" sentence="2" number="6">at</token>
<token t_id="26" sentence="2" number="7">16</token>
<token t_id="27" sentence="2" number="8">:</token>
<token t_id="28" sentence="2" number="9">12</token>
<token t_id="29" sentence="3" number="0">Tremors</token>
<token t_id="30" sentence="3" number="1">from</token>
<token t_id="31" sentence="3" number="2">an</token>
<token t_id="32" sentence="3" number="3">earthquake</token>
<token t_id="33" sentence="3" number="4">registering</token>
<token t_id="34" sentence="3" number="5">6</token>
<token t_id="35" sentence="3" number="6">.</token>
<token t_id="36" sentence="3" number="7">1</token>
<token t_id="37" sentence="3" number="8">on</token>
<token t_id="38" sentence="3" number="9">the</token>
<token t_id="39" sentence="3" number="10">Richter</token>
<token t_id="40" sentence="3" number="11">scale</token>
<token t_id="41" sentence="3" number="12">60km</token>
<token t_id="42" sentence="3" number="13">south</token>
<token t_id="43" sentence="3" number="14">west</token>
<token t_id="44" sentence="3" number="15">of</token>
<token t_id="45" sentence="3" number="16">Bandar</token>
<token t_id="46" sentence="3" number="17">Abbas</token>
<token t_id="47" sentence="3" number="18">in</token>
<token t_id="48" sentence="3" number="19">Iran</token>
<token t_id="49" sentence="3" number="20">were</token>
<token t_id="50" sentence="3" number="21">felt</token>
<token t_id="51" sentence="3" number="22">in</token>
<token t_id="52" sentence="3" number="23">Dubai</token>
<token t_id="53" sentence="3" number="24">today</token>
<token t_id="54" sentence="3" number="25">,</token>
<token t_id="55" sentence="3" number="26">prompting</token>
<token t_id="56" sentence="3" number="27">the</token>
<token t_id="57" sentence="3" number="28">evacuation</token>
<token t_id="58" sentence="3" number="29">of</token>
<token t_id="59" sentence="3" number="30">high</token>
<token t_id="60" sentence="3" number="31">-</token>
<token t_id="61" sentence="3" number="32">rise</token>
<token t_id="62" sentence="3" number="33">buildings</token>
<token t_id="63" sentence="3" number="34">on</token>
<token t_id="64" sentence="3" number="35">the</token>
<token t_id="65" sentence="3" number="36">Sheikh</token>
<token t_id="66" sentence="3" number="37">Zayed</token>
<token t_id="67" sentence="3" number="38">Road</token>
<token t_id="68" sentence="3" number="39">and</token>
<token t_id="69" sentence="3" number="40">in</token>
<token t_id="70" sentence="3" number="41">the</token>
<token t_id="71" sentence="3" number="42">Dubai</token>
<token t_id="72" sentence="3" number="43">Media</token>
<token t_id="73" sentence="3" number="44">City</token>
<token t_id="74" sentence="3" number="45">.</token>
<token t_id="75" sentence="4" number="0">Some</token>
<token t_id="76" sentence="4" number="1">eye</token>
<token t_id="77" sentence="4" number="2">witnesses</token>
<token t_id="78" sentence="4" number="3">reported</token>
<token t_id="79" sentence="4" number="4">sensing</token>
<token t_id="80" sentence="4" number="5">a</token>
<token t_id="81" sentence="4" number="6">definite</token>
<token t_id="82" sentence="4" number="7">tremor</token>
<token t_id="83" sentence="4" number="8">for</token>
<token t_id="84" sentence="4" number="9">one</token>
<token t_id="85" sentence="4" number="10">minute</token>
<token t_id="86" sentence="4" number="11">,</token>
<token t_id="87" sentence="4" number="12">although</token>
<token t_id="88" sentence="4" number="13">others</token>
<token t_id="89" sentence="4" number="14">told</token>
<token t_id="90" sentence="4" number="15">AME</token>
<token t_id="91" sentence="4" number="16">Info</token>
<token t_id="92" sentence="4" number="17">they</token>
<token t_id="93" sentence="4" number="18">had</token>
<token t_id="94" sentence="4" number="19">not</token>
<token t_id="95" sentence="4" number="20">felt</token>
<token t_id="96" sentence="4" number="21">anything</token>
<token t_id="97" sentence="4" number="22">.</token>
<token t_id="98" sentence="5" number="0">UAE</token>
<token t_id="99" sentence="5" number="1">authorities</token>
<token t_id="100" sentence="5" number="2">are</token>
<token t_id="101" sentence="5" number="3">now</token>
<token t_id="102" sentence="5" number="4">said</token>
<token t_id="103" sentence="5" number="5">to</token>
<token t_id="104" sentence="5" number="6">be</token>
<token t_id="105" sentence="5" number="7">contacting</token>
<token t_id="106" sentence="5" number="8">the</token>
<token t_id="107" sentence="5" number="9">US</token>
<token t_id="108" sentence="5" number="10">Geological</token>
<token t_id="109" sentence="5" number="11">Survey</token>
<token t_id="110" sentence="5" number="12">for</token>
<token t_id="111" sentence="5" number="13">details</token>
<token t_id="112" sentence="5" number="14">of</token>
<token t_id="113" sentence="5" number="15">this</token>
<token t_id="114" sentence="5" number="16">seismic</token>
<token t_id="115" sentence="5" number="17">activity</token>
<token t_id="116" sentence="5" number="18">,</token>
<token t_id="117" sentence="5" number="19">which</token>
<token t_id="118" sentence="5" number="20">is</token>
<token t_id="119" sentence="5" number="21">already</token>
<token t_id="120" sentence="5" number="22">listed</token>
<token t_id="121" sentence="5" number="23">on</token>
<token t_id="122" sentence="5" number="24">the</token>
<token t_id="123" sentence="5" number="25">USGS</token>
<token t_id="124" sentence="5" number="26">website</token>
<token t_id="125" sentence="5" number="27">,</token>
<token t_id="126" sentence="5" number="28">www</token>
<token t_id="127" sentence="5" number="29">.</token>
<token t_id="128" sentence="5" number="30">earthquake</token>
<token t_id="129" sentence="5" number="31">.</token>
<token t_id="130" sentence="5" number="32">usgs</token>
<token t_id="131" sentence="5" number="33">.</token>
<token t_id="132" sentence="5" number="34">gov</token>
<token t_id="133" sentence="5" number="35">,</token>
<token t_id="134" sentence="5" number="36">under</token>
<token t_id="135" sentence="5" number="37">the</token>
<token t_id="136" sentence="5" number="38">section</token>
<token t_id="137" sentence="5" number="39">for</token>
<token t_id="138" sentence="5" number="40">recent</token>
<token t_id="139" sentence="5" number="41">activity</token>
<token t_id="140" sentence="5" number="42">(</token>
<token t_id="141" sentence="5" number="43">see</token>
<token t_id="142" sentence="5" number="44">address</token>
<token t_id="143" sentence="5" number="45">below</token>
<token t_id="144" sentence="5" number="46">)</token>
<token t_id="145" sentence="5" number="47">.</token>
<token t_id="146" sentence="6" number="0">The</token>
<token t_id="147" sentence="6" number="1">website</token>
<token t_id="148" sentence="6" number="2">reported</token>
<token t_id="149" sentence="6" number="3">65</token>
<token t_id="150" sentence="6" number="4">responses</token>
<token t_id="151" sentence="6" number="5">from</token>
<token t_id="152" sentence="6" number="6">Dubai</token>
<token t_id="153" sentence="6" number="7">.</token>
<token t_id="154" sentence="7" number="0">The</token>
<token t_id="155" sentence="7" number="1">earth</token>
<token t_id="156" sentence="7" number="2">tremor</token>
<token t_id="157" sentence="7" number="3">hit</token>
<token t_id="158" sentence="7" number="4">a</token>
<token t_id="159" sentence="7" number="5">triangular</token>
<token t_id="160" sentence="7" number="6">area</token>
<token t_id="161" sentence="7" number="7">between</token>
<token t_id="162" sentence="7" number="8">Ras</token>
<token t_id="163" sentence="7" number="9">Al</token>
<token t_id="164" sentence="7" number="10">Khaimah</token>
<token t_id="165" sentence="7" number="11">,</token>
<token t_id="166" sentence="7" number="12">Al</token>
<token t_id="167" sentence="7" number="13">Ain</token>
<token t_id="168" sentence="7" number="14">and</token>
<token t_id="169" sentence="7" number="15">Dubai</token>
<token t_id="170" sentence="7" number="16">.</token>
<token t_id="171" sentence="8" number="0">This</token>
<token t_id="172" sentence="8" number="1">follows</token>
<token t_id="173" sentence="8" number="2">warnings</token>
<token t_id="174" sentence="8" number="3">from</token>
<token t_id="175" sentence="8" number="4">local</token>
<token t_id="176" sentence="8" number="5">UAE</token>
<token t_id="177" sentence="8" number="6">academics</token>
<token t_id="178" sentence="8" number="7">that</token>
<token t_id="179" sentence="8" number="8">earthquake</token>
<token t_id="180" sentence="8" number="9">faultlines</token>
<token t_id="181" sentence="8" number="10">in</token>
<token t_id="182" sentence="8" number="11">Iran</token>
<token t_id="183" sentence="8" number="12">could</token>
<token t_id="184" sentence="8" number="13">have</token>
<token t_id="185" sentence="8" number="14">serious</token>
<token t_id="186" sentence="8" number="15">implications</token>
<token t_id="187" sentence="8" number="16">for</token>
<token t_id="188" sentence="8" number="17">building</token>
<token t_id="189" sentence="8" number="18">stability</token>
<token t_id="190" sentence="8" number="19">in</token>
<token t_id="191" sentence="8" number="20">the</token>
<token t_id="192" sentence="8" number="21">UAE</token>
<token t_id="193" sentence="8" number="22">.</token>
<token t_id="194" sentence="9" number="0">Seismic</token>
<token t_id="195" sentence="9" number="1">risk</token>
<token t_id="196" sentence="10" number="0">Scientists</token>
<token t_id="197" sentence="10" number="1">such</token>
<token t_id="198" sentence="10" number="2">as</token>
<token t_id="199" sentence="10" number="3">Dr</token>
<token t_id="200" sentence="10" number="4">Azm</token>
<token t_id="201" sentence="10" number="5">Al</token>
<token t_id="202" sentence="10" number="6">-</token>
<token t_id="203" sentence="10" number="7">Homoud</token>
<token t_id="204" sentence="10" number="8">from</token>
<token t_id="205" sentence="10" number="9">the</token>
<token t_id="206" sentence="10" number="10">American</token>
<token t_id="207" sentence="10" number="11">University</token>
<token t_id="208" sentence="10" number="12">of</token>
<token t_id="209" sentence="10" number="13">Sharjah</token>
<token t_id="210" sentence="10" number="14">have</token>
<token t_id="211" sentence="10" number="15">been</token>
<token t_id="212" sentence="10" number="16">trying</token>
<token t_id="213" sentence="10" number="17">to</token>
<token t_id="214" sentence="10" number="18">educate</token>
<token t_id="215" sentence="10" number="19">engineers</token>
<token t_id="216" sentence="10" number="20">,</token>
<token t_id="217" sentence="10" number="21">governments</token>
<token t_id="218" sentence="10" number="22">and</token>
<token t_id="219" sentence="10" number="23">the</token>
<token t_id="220" sentence="10" number="24">construction</token>
<token t_id="221" sentence="10" number="25">industry</token>
<token t_id="222" sentence="10" number="26">about</token>
<token t_id="223" sentence="10" number="27">the</token>
<token t_id="224" sentence="10" number="28">risks</token>
<token t_id="225" sentence="10" number="29">.</token>
<token t_id="226" sentence="11" number="0">Today's</token>
<token t_id="227" sentence="11" number="1">incident</token>
<token t_id="228" sentence="11" number="2">is</token>
<token t_id="229" sentence="11" number="3">bound</token>
<token t_id="230" sentence="11" number="4">to</token>
<token t_id="231" sentence="11" number="5">prompt</token>
<token t_id="232" sentence="11" number="6">a</token>
<token t_id="233" sentence="11" number="7">more</token>
<token t_id="234" sentence="11" number="8">serious</token>
<token t_id="235" sentence="11" number="9">interest</token>
<token t_id="236" sentence="11" number="10">in</token>
<token t_id="237" sentence="11" number="11">their</token>
<token t_id="238" sentence="11" number="12">work</token>
<token t_id="239" sentence="11" number="13">.</token>
<token t_id="240" sentence="12" number="0">However</token>
<token t_id="241" sentence="12" number="1">,</token>
<token t_id="242" sentence="12" number="2">high</token>
<token t_id="243" sentence="12" number="3">-</token>
<token t_id="244" sentence="12" number="4">rise</token>
<token t_id="245" sentence="12" number="5">buildings</token>
<token t_id="246" sentence="12" number="6">in</token>
<token t_id="247" sentence="12" number="7">the</token>
<token t_id="248" sentence="12" number="8">UAE</token>
<token t_id="249" sentence="12" number="9">all</token>
<token t_id="250" sentence="12" number="10">conform</token>
<token t_id="251" sentence="12" number="11">to</token>
<token t_id="252" sentence="12" number="12">international</token>
<token t_id="253" sentence="12" number="13">construction</token>
<token t_id="254" sentence="12" number="14">standards</token>
<token t_id="255" sentence="12" number="15">and</token>
<token t_id="256" sentence="12" number="16">are</token>
<token t_id="257" sentence="12" number="17">designed</token>
<token t_id="258" sentence="12" number="18">to</token>
<token t_id="259" sentence="12" number="19">withstand</token>
<token t_id="260" sentence="12" number="20">the</token>
<token t_id="261" sentence="12" number="21">sort</token>
<token t_id="262" sentence="12" number="22">of</token>
<token t_id="263" sentence="12" number="23">minor</token>
<token t_id="264" sentence="12" number="24">tremors</token>
<token t_id="265" sentence="12" number="25">reported</token>
<token t_id="266" sentence="12" number="26">today</token>
<token t_id="267" sentence="12" number="27">,</token>
<token t_id="268" sentence="12" number="28">although</token>
<token t_id="269" sentence="12" number="29">buildings</token>
<token t_id="270" sentence="12" number="30">are</token>
<token t_id="271" sentence="12" number="31">always</token>
<token t_id="272" sentence="12" number="32">thoroughly</token>
<token t_id="273" sentence="12" number="33">checked</token>
<token t_id="274" sentence="12" number="34">after</token>
<token t_id="275" sentence="12" number="35">such</token>
<token t_id="276" sentence="12" number="36">events</token>
<token t_id="277" sentence="12" number="37">to</token>
<token t_id="278" sentence="12" number="38">ensure</token>
<token t_id="279" sentence="12" number="39">their</token>
<token t_id="280" sentence="12" number="40">integrity</token>
<token t_id="281" sentence="12" number="41">.</token>
<token t_id="282" sentence="13" number="0">The</token>
<token t_id="283" sentence="13" number="1">Dubai</token>
<token t_id="284" sentence="13" number="2">authorities</token>
<token t_id="285" sentence="13" number="3">are</token>
<token t_id="286" sentence="13" number="4">expected</token>
<token t_id="287" sentence="13" number="5">to</token>
<token t_id="288" sentence="13" number="6">move</token>
<token t_id="289" sentence="13" number="7">swiftly</token>
<token t_id="290" sentence="13" number="8">to</token>
<token t_id="291" sentence="13" number="9">reassure</token>
<token t_id="292" sentence="13" number="10">residents</token>
<token t_id="293" sentence="13" number="11">that</token>
<token t_id="294" sentence="13" number="12">there</token>
<token t_id="295" sentence="13" number="13">has</token>
<token t_id="296" sentence="13" number="14">been</token>
<token t_id="297" sentence="13" number="15">no</token>
<token t_id="298" sentence="13" number="16">damage</token>
<token t_id="299" sentence="13" number="17">to</token>
<token t_id="300" sentence="13" number="18">persons</token>
<token t_id="301" sentence="13" number="19">or</token>
<token t_id="302" sentence="13" number="20">property</token>
<token t_id="303" sentence="13" number="21">.</token>
<token t_id="304" sentence="14" number="0">The</token>
<token t_id="305" sentence="14" number="1">emirate</token>
<token t_id="306" sentence="14" number="2">is</token>
<token t_id="307" sentence="14" number="3">not</token>
<token t_id="308" sentence="14" number="4">believed</token>
<token t_id="309" sentence="14" number="5">to</token>
<token t_id="310" sentence="14" number="6">have</token>
<token t_id="311" sentence="14" number="7">had</token>
<token t_id="312" sentence="14" number="8">such</token>
<token t_id="313" sentence="14" number="9">a</token>
<token t_id="314" sentence="14" number="10">tremor</token>
<token t_id="315" sentence="14" number="11">in</token>
<token t_id="316" sentence="14" number="12">living</token>
<token t_id="317" sentence="14" number="13">memory</token>
<token t_id="318" sentence="14" number="14">,</token>
<token t_id="319" sentence="14" number="15">and</token>
<token t_id="320" sentence="14" number="16">clearly</token>
<token t_id="321" sentence="14" number="17">some</token>
<token t_id="322" sentence="14" number="18">people</token>
<token t_id="323" sentence="14" number="19">have</token>
<token t_id="324" sentence="14" number="20">been</token>
<token t_id="325" sentence="14" number="21">shaken</token>
<token t_id="326" sentence="14" number="22">.</token>
<token t_id="327" sentence="15" number="0">Such</token>
<token t_id="328" sentence="15" number="1">tremors</token>
<token t_id="329" sentence="15" number="2">are</token>
<token t_id="330" sentence="15" number="3">common</token>
<token t_id="331" sentence="15" number="4">in</token>
<token t_id="332" sentence="15" number="5">many</token>
<token t_id="333" sentence="15" number="6">major</token>
<token t_id="334" sentence="15" number="7">cities</token>
<token t_id="335" sentence="15" number="8">of</token>
<token t_id="336" sentence="15" number="9">the</token>
<token t_id="337" sentence="15" number="10">world</token>
<token t_id="338" sentence="15" number="11">,</token>
<token t_id="339" sentence="15" number="12">but</token>
<token t_id="340" sentence="15" number="13">Dubai</token>
<token t_id="341" sentence="15" number="14">residents</token>
<token t_id="342" sentence="15" number="15">have</token>
<token t_id="343" sentence="15" number="16">not</token>
<token t_id="344" sentence="15" number="17">felt</token>
<token t_id="345" sentence="15" number="18">them</token>
<token t_id="346" sentence="15" number="19">before</token>
<token t_id="347" sentence="15" number="20">and</token>
<token t_id="348" sentence="15" number="21">will</token>
<token t_id="349" sentence="15" number="22">be</token>
<token t_id="350" sentence="15" number="23">looking</token>
<token t_id="351" sentence="15" number="24">for</token>
<token t_id="352" sentence="15" number="25">answers</token>
<token t_id="353" sentence="15" number="26">to</token>
<token t_id="354" sentence="15" number="27">the</token>
<token t_id="355" sentence="15" number="28">question</token>
<token t_id="356" sentence="15" number="29">of</token>
<token t_id="357" sentence="15" number="30">likely</token>
<token t_id="358" sentence="15" number="31">future</token>
<token t_id="359" sentence="15" number="32">seismic</token>
<token t_id="360" sentence="15" number="33">activity</token>
<token t_id="361" sentence="15" number="34">in</token>
<token t_id="362" sentence="15" number="35">the</token>
<token t_id="363" sentence="15" number="36">emirate</token>
<token t_id="364" sentence="15" number="37">.</token>
<token t_id="365" sentence="16" number="0">But</token>
<token t_id="366" sentence="16" number="1">there</token>
<token t_id="367" sentence="16" number="2">appears</token>
<token t_id="368" sentence="16" number="3">no</token>
<token t_id="369" sentence="16" number="4">reason</token>
<token t_id="370" sentence="16" number="5">for</token>
<token t_id="371" sentence="16" number="6">alarm</token>
<token t_id="372" sentence="16" number="7">,</token>
<token t_id="373" sentence="16" number="8">as</token>
<token t_id="374" sentence="16" number="9">the</token>
<token t_id="375" sentence="16" number="10">earthquake</token>
<token t_id="376" sentence="16" number="11">was</token>
<token t_id="377" sentence="16" number="12">in</token>
<token t_id="378" sentence="16" number="13">Iran</token>
<token t_id="379" sentence="16" number="14">.</token>


<Markables>
<ACTION_OCCURRENCE m_id="1" climaxEvent="FALSE" comment=""  >
<token_anchor t_id="50"/>
</ACTION_OCCURRENCE>
<ACTION_OCCURRENCE m_id="2" climaxEvent="FALSE" comment=""  >
<token_anchor t_id="55"/>
</ACTION_OCCURRENCE>
<ACTION_OCCURRENCE m_id="3" climaxEvent="FALSE" comment=""  >
<token_anchor t_id="57"/>
</ACTION_OCCURRENCE>
<ACTION_OCCURRENCE m_id="4" climaxEvent="TRUE" comment=""  >
<token_anchor t_id="15"/>
</ACTION_OCCURRENCE>
<ACTION_OCCURRENCE m_id="5" climaxEvent="FALSE" comment=""  >
<token_anchor t_id="16"/>
</ACTION_OCCURRENCE>
<ACTION_OCCURRENCE m_id="6" climaxEvent="FALSE" comment=""  >
<token_anchor t_id="17"/>
</ACTION_OCCURRENCE>
<ACTION_OCCURRENCE m_id="7" climaxEvent="FALSE" comment=""  >
<token_anchor t_id="29"/>
</ACTION_OCCURRENCE>
<ACTION_OCCURRENCE m_id="8" climaxEvent="FALSE" comment=""  >
<token_anchor t_id="32"/>
</ACTION_OCCURRENCE>
<ACTION_OCCURRENCE m_id="9" climaxEvent="FALSE" comment=""  >
<token_anchor t_id="33"/>
</ACTION_OCCURRENCE>
<LOC_FAC m_id="10"  >
<token_anchor t_id="58"/>
<token_anchor t_id="59"/>
<token_anchor t_id="60"/>
<token_anchor t_id="61"/>
<token_anchor t_id="62"/>
<token_anchor t_id="63"/>
<token_anchor t_id="64"/>
<token_anchor t_id="65"/>
<token_anchor t_id="66"/>
<token_anchor t_id="67"/>
</LOC_FAC>
<LOC_GEO m_id="11" comment=""  >
<token_anchor t_id="51"/>
<token_anchor t_id="52"/>
</LOC_GEO>
<LOC_GEO m_id="12" comment=""  >
<token_anchor t_id="69"/>
<token_anchor t_id="70"/>
<token_anchor t_id="71"/>
<token_anchor t_id="72"/>
<token_anchor t_id="73"/>
</LOC_GEO>
<LOC_GEO m_id="13" comment=""  >
<token_anchor t_id="18"/>
</LOC_GEO>
<LOC_GEO m_id="14" comment=""  >
<token_anchor t_id="41"/>
<token_anchor t_id="42"/>
<token_anchor t_id="43"/>
<token_anchor t_id="44"/>
<token_anchor t_id="45"/>
<token_anchor t_id="46"/>
<token_anchor t_id="47"/>
<token_anchor t_id="48"/>
</LOC_GEO>
<NON_HUMAN_PART m_id="15" comment=""  >
<token_anchor t_id="39"/>
<token_anchor t_id="40"/>
</NON_HUMAN_PART>
<NON_HUMAN_PART m_id="16" comment=""  >
<token_anchor t_id="34"/>
<token_anchor t_id="35"/>
<token_anchor t_id="36"/>
</NON_HUMAN_PART>
<TIME_DATE m_id="17" comment="" DCT="FALSE" value="2005-11-27" anchorTimeID="18"  >
<token_anchor t_id="53"/>
</TIME_DATE>
<TIME_OF_THE_DAY m_id="18" DCT="TRUE" value="2005-11-27T21:12" anchorTimeID=""  >
<token_anchor t_id="19"/>
<token_anchor t_id="20"/>
<token_anchor t_id="21"/>
<token_anchor t_id="22"/>
<token_anchor t_id="23"/>
<token_anchor t_id="24"/>
<token_anchor t_id="25"/>
<token_anchor t_id="26"/>
<token_anchor t_id="27"/>
<token_anchor t_id="28"/>
</TIME_OF_THE_DAY>


<LOC_GEO m_id="19" RELATED_TO="" TAG_DESCRIPTOR="t20_bandar_abbas" comment="" />
<TIME_DATE m_id="20" RELATED_TO="" TAG_DESCRIPTOR="t20_sunday" comment="" DCT="FALSE" value="" anchorTimeID="" />
<ACTION_OCCURRENCE m_id="21" RELATED_TO="" TAG_DESCRIPTOR="t20_felt" climaxEvent="FALSE" comment="" />
<NON_HUMAN_PART m_id="22" RELATED_TO="" TAG_DESCRIPTOR="t20_magnitude_5_9" comment="" />
<ACTION_OCCURRENCE m_id="23" RELATED_TO="" TAG_DESCRIPTOR="t20_earthquake" climaxEvent="FALSE" comment="" />
<ACTION_OCCURRENCE m_id="24" RELATED_TO="" TAG_DESCRIPTOR="tremor" climaxEvent="FALSE" comment="" />
<LOC_GEO m_id="25" RELATED_TO="" TAG_DESCRIPTOR="dubai" comment="" />
</Markables>

<Relations>
<TLINK r_id="244235" contextualModality="" relType="AFTER" comment="" >
<source m_id="18" />
<target m_id="4" />
</TLINK>
<TLINK r_id="244236" contextualModality="" relType="AFTER" comment="" >
<source m_id="18" />
<target m_id="5" />
</TLINK>
<TLINK r_id="244237" contextualModality="" relType="AFTER" comment="" >
<source m_id="18" />
<target m_id="7" />
</TLINK>
<TLINK r_id="244238" contextualModality="" relType="AFTER" comment="" >
<source m_id="18" />
<target m_id="8" />
</TLINK>
<TLINK r_id="244239" contextualModality="" relType="AFTER" comment="" >
<source m_id="18" />
<target m_id="9" />
</TLINK>
<TLINK r_id="244240" contextualModality="" relType="AFTER" comment="" >
<source m_id="18" />
<target m_id="1" />
</TLINK>
<TLINK r_id="244241" contextualModality="" relType="AFTER" comment="" >
<source m_id="18" />
<target m_id="3" />
</TLINK>
<TLINK r_id="244242" contextualModality="" relType="CONTAINS" comment="" >
<source m_id="17" />
<target m_id="4" />
</TLINK>
<TLINK r_id="244243" contextualModality="" relType="CONTAINS" comment="" >
<source m_id="17" />
<target m_id="5" />
</TLINK>
<TLINK r_id="244244" contextualModality="" relType="CONTAINS" comment="" >
<source m_id="17" />
<target m_id="8" />
</TLINK>
<TLINK r_id="244245" contextualModality="" relType="CONTAINS" comment="" >
<source m_id="17" />
<target m_id="9" />
</TLINK>
<TLINK r_id="244246" contextualModality="" relType="CONTAINS" comment="" >
<source m_id="17" />
<target m_id="3" />
</TLINK>
<PLOT_LINK r_id="244247" SIGNAL="" relType="PRECONDITION" CAUSES="FALSE" CAUSED_BY="FALSE" >
<source m_id="4" />
<target m_id="5" />
</PLOT_LINK>
<PLOT_LINK r_id="244248" SIGNAL="" relType="FALLING_ACTION" CAUSES="FALSE" CAUSED_BY="FALSE" >
<source m_id="7" />
<target m_id="8" />
</PLOT_LINK>
<PLOT_LINK r_id="244249" SIGNAL="" relType="PRECONDITION" CAUSES="FALSE" CAUSED_BY="FALSE" >
<source m_id="7" />
<target m_id="1" />
</PLOT_LINK>
<PLOT_LINK r_id="244250" SIGNAL="2" relType="PRECONDITION" CAUSES="TRUE" CAUSED_BY="FALSE" >
<source m_id="7" />
<target m_id="3" />
</PLOT_LINK>
</Relations>
</Document>
