<Document doc_name="1_11ecbplus.xml">
<token t_id="1" sentence="0" number="0">http</token>
<token t_id="2" sentence="0" number="1">:</token>
<token t_id="3" sentence="0" number="2">/</token>
<token t_id="4" sentence="0" number="3">/</token>
<token t_id="5" sentence="0" number="4">www</token>
<token t_id="6" sentence="0" number="5">.</token>
<token t_id="7" sentence="0" number="6">nydailynews</token>
<token t_id="8" sentence="0" number="7">.</token>
<token t_id="9" sentence="0" number="8">com</token>
<token t_id="10" sentence="0" number="9">/</token>
<token t_id="11" sentence="0" number="10">entertainment</token>
<token t_id="12" sentence="0" number="11">/</token>
<token t_id="13" sentence="0" number="12">gossip</token>
<token t_id="14" sentence="0" number="13">/</token>
<token t_id="15" sentence="0" number="14">lindsay</token>
<token t_id="16" sentence="0" number="15">-</token>
<token t_id="17" sentence="0" number="16">lohan</token>
<token t_id="18" sentence="0" number="17">-</token>
<token t_id="19" sentence="0" number="18">checks</token>
<token t_id="20" sentence="0" number="19">-</token>
<token t_id="21" sentence="0" number="20">newport</token>
<token t_id="22" sentence="0" number="21">-</token>
<token t_id="23" sentence="0" number="22">beach</token>
<token t_id="24" sentence="0" number="23">-</token>
<token t_id="25" sentence="0" number="24">rehab</token>
<token t_id="26" sentence="0" number="25">-</token>
<token t_id="27" sentence="0" number="26">article</token>
<token t_id="28" sentence="0" number="27">-</token>
<token t_id="29" sentence="0" number="28">1</token>
<token t_id="30" sentence="0" number="29">.</token>
<token t_id="31" sentence="0" number="30">1333220</token>
<token t_id="32" sentence="1" number="0">Lindsay</token>
<token t_id="33" sentence="1" number="1">Lohan</token>
<token t_id="34" sentence="1" number="2">checks</token>
<token t_id="35" sentence="1" number="3">into</token>
<token t_id="36" sentence="1" number="4">rehab</token>
<token t_id="37" sentence="1" number="5">at</token>
<token t_id="38" sentence="1" number="6">Betty</token>
<token t_id="39" sentence="1" number="7">Ford</token>
<token t_id="40" sentence="1" number="8">Center</token>
<token t_id="41" sentence="1" number="9">,</token>
<token t_id="42" sentence="1" number="10">rehires</token>
<token t_id="43" sentence="1" number="11">longtime</token>
<token t_id="44" sentence="1" number="12">lawyer</token>
<token t_id="45" sentence="1" number="13">Shawn</token>
<token t_id="46" sentence="1" number="14">Holley</token>
<token t_id="47" sentence="2" number="0">Actress</token>
<token t_id="48" sentence="2" number="1">Lindsay</token>
<token t_id="49" sentence="2" number="2">Lohan</token>
<token t_id="50" sentence="2" number="3">finally</token>
<token t_id="51" sentence="2" number="4">checked</token>
<token t_id="52" sentence="2" number="5">into</token>
<token t_id="53" sentence="2" number="6">court</token>
<token t_id="54" sentence="2" number="7">-</token>
<token t_id="55" sentence="2" number="8">mandated</token>
<token t_id="56" sentence="2" number="9">rehab</token>
<token t_id="57" sentence="2" number="10">at</token>
<token t_id="58" sentence="2" number="11">the</token>
<token t_id="59" sentence="2" number="12">Betty</token>
<token t_id="60" sentence="2" number="13">Ford</token>
<token t_id="61" sentence="2" number="14">Center</token>
<token t_id="62" sentence="2" number="15">late</token>
<token t_id="63" sentence="2" number="16">Thursday</token>
<token t_id="64" sentence="2" number="17">,</token>
<token t_id="65" sentence="2" number="18">after</token>
<token t_id="66" sentence="2" number="19">hiring</token>
<token t_id="67" sentence="2" number="20">former</token>
<token t_id="68" sentence="2" number="21">lawyer</token>
<token t_id="69" sentence="2" number="22">Shawn</token>
<token t_id="70" sentence="2" number="23">Holley</token>
<token t_id="71" sentence="2" number="24">for</token>
<token t_id="72" sentence="2" number="25">help</token>
<token t_id="73" sentence="2" number="26">.</token>
<token t_id="74" sentence="3" number="0">PUBLISHED</token>
<token t_id="75" sentence="3" number="1">:</token>
<token t_id="76" sentence="3" number="2">THURSDAY</token>
<token t_id="77" sentence="3" number="3">,</token>
<token t_id="78" sentence="3" number="4">MAY</token>
<token t_id="79" sentence="3" number="5">2</token>
<token t_id="80" sentence="3" number="6">,</token>
<token t_id="81" sentence="3" number="7">2013</token>
<token t_id="82" sentence="3" number="8">,</token>
<token t_id="83" sentence="3" number="9">1</token>
<token t_id="84" sentence="3" number="10">:</token>
<token t_id="85" sentence="3" number="11">32</token>
<token t_id="86" sentence="3" number="12">PM</token>
<token t_id="87" sentence="4" number="0">UPDATED</token>
<token t_id="88" sentence="4" number="1">:</token>
<token t_id="89" sentence="4" number="2">FRIDAY</token>
<token t_id="90" sentence="4" number="3">,</token>
<token t_id="91" sentence="4" number="4">MAY</token>
<token t_id="92" sentence="4" number="5">3</token>
<token t_id="93" sentence="4" number="6">,</token>
<token t_id="94" sentence="4" number="7">2013</token>
<token t_id="95" sentence="4" number="8">,</token>
<token t_id="96" sentence="4" number="9">9</token>
<token t_id="97" sentence="4" number="10">:</token>
<token t_id="98" sentence="4" number="11">56</token>
<token t_id="99" sentence="4" number="12">AM</token>
<token t_id="100" sentence="5" number="0">Lindsay</token>
<token t_id="101" sentence="5" number="1">Lohan</token>
<token t_id="102" sentence="5" number="2">checked</token>
<token t_id="103" sentence="5" number="3">into</token>
<token t_id="104" sentence="5" number="4">California's</token>
<token t_id="105" sentence="5" number="5">Betty</token>
<token t_id="106" sentence="5" number="6">Ford</token>
<token t_id="107" sentence="5" number="7">Center</token>
<token t_id="108" sentence="5" number="8">rehab</token>
<token t_id="109" sentence="5" number="9">facility</token>
<token t_id="110" sentence="5" number="10">late</token>
<token t_id="111" sentence="5" number="11">Thursday</token>
<token t_id="112" sentence="5" number="12">,</token>
<token t_id="113" sentence="5" number="13">dodging</token>
<token t_id="114" sentence="5" number="14">arrest</token>
<token t_id="115" sentence="5" number="15">after</token>
<token t_id="116" sentence="5" number="16">whirlwind</token>
<token t_id="117" sentence="5" number="17">confusion</token>
<token t_id="118" sentence="5" number="18">surrounding</token>
<token t_id="119" sentence="5" number="19">the</token>
<token t_id="120" sentence="5" number="20">actress'</token>
<token t_id="121" sentence="5" number="21">whereabouts</token>
<token t_id="122" sentence="5" number="22">,</token>
<token t_id="123" sentence="5" number="23">sources</token>
<token t_id="124" sentence="5" number="24">told</token>
<token t_id="125" sentence="5" number="25">the</token>
<token t_id="126" sentence="5" number="26">Daily</token>
<token t_id="127" sentence="5" number="27">News</token>
<token t_id="128" sentence="5" number="28">.</token>
<token t_id="129" sentence="6" number="0">It's</token>
<token t_id="130" sentence="6" number="1">the</token>
<token t_id="131" sentence="6" number="2">same</token>
<token t_id="132" sentence="6" number="3">place</token>
<token t_id="133" sentence="6" number="4">the</token>
<token t_id="134" sentence="6" number="5">troubled</token>
<token t_id="135" sentence="6" number="6">starlet</token>
<token t_id="136" sentence="6" number="7">sought</token>
<token t_id="137" sentence="6" number="8">help</token>
<token t_id="138" sentence="6" number="9">in</token>
<token t_id="139" sentence="6" number="10">2010</token>
<token t_id="140" sentence="6" number="11">,</token>
<token t_id="141" sentence="6" number="12">where</token>
<token t_id="142" sentence="6" number="13">she</token>
<token t_id="143" sentence="6" number="14">got</token>
<token t_id="144" sentence="6" number="15">into</token>
<token t_id="145" sentence="6" number="16">a</token>
<token t_id="146" sentence="6" number="17">physical</token>
<token t_id="147" sentence="6" number="18">altercation</token>
<token t_id="148" sentence="6" number="19">with</token>
<token t_id="149" sentence="6" number="20">a</token>
<token t_id="150" sentence="6" number="21">staffer</token>
<token t_id="151" sentence="6" number="22">.</token>


<Markables>
<ACTION_OCCURRENCE m_id="1" climaxEvent="TRUE" comment=""  >
<token_anchor t_id="34"/>
<token_anchor t_id="35"/>
</ACTION_OCCURRENCE>
<ACTION_OCCURRENCE m_id="2" climaxEvent="FALSE" comment=""  >
<token_anchor t_id="56"/>
</ACTION_OCCURRENCE>
<ACTION_OCCURRENCE m_id="3" climaxEvent="FALSE" comment=""  >
<token_anchor t_id="42"/>
</ACTION_OCCURRENCE>
<ACTION_OCCURRENCE m_id="4" climaxEvent="FALSE" comment=""  >
<token_anchor t_id="51"/>
<token_anchor t_id="52"/>
</ACTION_OCCURRENCE>
<ACTION_OCCURRENCE m_id="5" climaxEvent="FALSE" comment=""  >
<token_anchor t_id="66"/>
</ACTION_OCCURRENCE>
<ACTION_OCCURRENCE m_id="6" climaxEvent="FALSE" comment=""  >
<token_anchor t_id="102"/>
<token_anchor t_id="103"/>
</ACTION_OCCURRENCE>
<ACTION_OCCURRENCE m_id="7" climaxEvent="FALSE" comment=""  >
<token_anchor t_id="136"/>
</ACTION_OCCURRENCE>
<ACTION_OCCURRENCE m_id="8" climaxEvent="FALSE" comment=""  >
<token_anchor t_id="143"/>
<token_anchor t_id="144"/>
</ACTION_OCCURRENCE>
<ACTION_OCCURRENCE m_id="9" climaxEvent="FALSE" comment=""  >
<token_anchor t_id="72"/>
</ACTION_OCCURRENCE>
<ACTION_OCCURRENCE m_id="10" climaxEvent="FALSE" comment=""  >
<token_anchor t_id="147"/>
</ACTION_OCCURRENCE>
<ACTION_REPORTING m_id="11" comment=""  >
<token_anchor t_id="124"/>
</ACTION_REPORTING>
<ACTION_STATE m_id="12" climaxEvent="FALSE" comment=""  >
<token_anchor t_id="117"/>
</ACTION_STATE>
<ACTION_STATE m_id="13" climaxEvent="FALSE" comment=""  >
<token_anchor t_id="137"/>
</ACTION_STATE>
<HUMAN_PART_ORG m_id="14"  >
<token_anchor t_id="126"/>
<token_anchor t_id="127"/>
</HUMAN_PART_ORG>
<HUMAN_PART_PER m_id="15" comment=""  >
<token_anchor t_id="123"/>
</HUMAN_PART_PER>
<HUMAN_PART_PER m_id="16" comment=""  >
<token_anchor t_id="142"/>
</HUMAN_PART_PER>
<HUMAN_PART_PER m_id="17" comment=""  >
<token_anchor t_id="150"/>
</HUMAN_PART_PER>
<HUMAN_PART_PER m_id="18" comment=""  >
<token_anchor t_id="120"/>
</HUMAN_PART_PER>
<HUMAN_PART_PER m_id="19" comment=""  >
<token_anchor t_id="32"/>
<token_anchor t_id="33"/>
</HUMAN_PART_PER>
<HUMAN_PART_PER m_id="20" comment=""  >
<token_anchor t_id="45"/>
<token_anchor t_id="46"/>
</HUMAN_PART_PER>
<HUMAN_PART_PER m_id="21" comment=""  >
<token_anchor t_id="48"/>
<token_anchor t_id="49"/>
</HUMAN_PART_PER>
<HUMAN_PART_PER m_id="22" comment=""  >
<token_anchor t_id="69"/>
<token_anchor t_id="70"/>
</HUMAN_PART_PER>
<HUMAN_PART_PER m_id="23" comment=""  >
<token_anchor t_id="100"/>
<token_anchor t_id="101"/>
</HUMAN_PART_PER>
<HUMAN_PART_PER m_id="24" comment=""  >
<token_anchor t_id="135"/>
</HUMAN_PART_PER>
<LOC_FAC m_id="25"  >
<token_anchor t_id="57"/>
<token_anchor t_id="58"/>
<token_anchor t_id="59"/>
<token_anchor t_id="60"/>
<token_anchor t_id="61"/>
</LOC_FAC>
<LOC_FAC m_id="26"  >
<token_anchor t_id="37"/>
<token_anchor t_id="38"/>
<token_anchor t_id="39"/>
<token_anchor t_id="40"/>
</LOC_FAC>
<LOC_FAC m_id="27"  >
<token_anchor t_id="104"/>
<token_anchor t_id="105"/>
<token_anchor t_id="106"/>
<token_anchor t_id="107"/>
<token_anchor t_id="108"/>
<token_anchor t_id="109"/>
</LOC_FAC>
<LOC_FAC m_id="28"  >
<token_anchor t_id="130"/>
<token_anchor t_id="131"/>
<token_anchor t_id="132"/>
</LOC_FAC>
<LOC_FAC m_id="29"  >
<token_anchor t_id="141"/>
</LOC_FAC>
<LOC_FAC m_id="30"  >
<token_anchor t_id="129"/>
</LOC_FAC>
<NEG_ACTION_OCCURRENCE m_id="31" climaxEvent="FALSE" comment=""  >
<token_anchor t_id="114"/>
</NEG_ACTION_OCCURRENCE>
<TIME_DATE m_id="32" comment="" DCT="FALSE" value="2010" anchorTimeID=""  >
<token_anchor t_id="139"/>
</TIME_DATE>
<TIME_OF_THE_DAY m_id="33" DCT="FALSE" value="2013-05-02" anchorTimeID="35"  >
<token_anchor t_id="62"/>
<token_anchor t_id="63"/>
</TIME_OF_THE_DAY>
<TIME_OF_THE_DAY m_id="34" DCT="FALSE" value="2013-05-02" anchorTimeID="35"  >
<token_anchor t_id="110"/>
<token_anchor t_id="111"/>
</TIME_OF_THE_DAY>
<TIME_OF_THE_DAY m_id="35" DCT="FALSE" value="2013-05-02T18:32Z" anchorTimeID=""  >
<token_anchor t_id="76"/>
<token_anchor t_id="77"/>
<token_anchor t_id="78"/>
<token_anchor t_id="79"/>
<token_anchor t_id="80"/>
<token_anchor t_id="81"/>
<token_anchor t_id="82"/>
<token_anchor t_id="83"/>
<token_anchor t_id="84"/>
<token_anchor t_id="85"/>
<token_anchor t_id="86"/>
</TIME_OF_THE_DAY>
<TIME_OF_THE_DAY m_id="36" DCT="TRUE" value="2013-05-03T16:56Z" anchorTimeID=""  >
<token_anchor t_id="89"/>
<token_anchor t_id="90"/>
<token_anchor t_id="91"/>
<token_anchor t_id="92"/>
<token_anchor t_id="93"/>
<token_anchor t_id="94"/>
<token_anchor t_id="95"/>
<token_anchor t_id="96"/>
<token_anchor t_id="97"/>
<token_anchor t_id="98"/>
<token_anchor t_id="99"/>
</TIME_OF_THE_DAY>


<ACTION_STATE m_id="37" RELATED_TO="" TAG_DESCRIPTOR="t1_whereabouts" climaxEvent="FALSE" comment="" />
<TIME_DATE m_id="38" RELATED_TO="" TAG_DESCRIPTOR="t1_2010" comment="" DCT="FALSE" value="" anchorTimeID="" />
<LOC_FAC m_id="39" RELATED_TO="" TAG_DESCRIPTOR="t1_betty_ford" />
<HUMAN_PART_PER m_id="40" RELATED_TO="" TAG_DESCRIPTOR="t1_lindsay_lohan" comment="" />
<NEG_ACTION_OCCURRENCE m_id="41" RELATED_TO="" TAG_DESCRIPTOR="t1_arrest" climaxEvent="FALSE" comment="" />
<HUMAN_PART_PER m_id="42" RELATED_TO="" TAG_DESCRIPTOR="t1_shawn_holley" comment="" />
<ACTION_OCCURRENCE m_id="43" RELATED_TO="" TAG_DESCRIPTOR="t1_sought_help" climaxEvent="FALSE" comment="" />
<HUMAN_PART_ORG m_id="44" RELATED_TO="" TAG_DESCRIPTOR="t1_daily_news" />
<ACTION_OCCURRENCE m_id="45" RELATED_TO="" TAG_DESCRIPTOR="t1_altercation_with_staffer" climaxEvent="FALSE" comment="" />
<ACTION_REPORTING m_id="46" RELATED_TO="" TAG_DESCRIPTOR="t1_source_told_daily_news" comment="" />
<HUMAN_PART_PER m_id="47" RELATED_TO="" TAG_DESCRIPTOR="t1_sources_who_told_daily_news" comment="" />
<ACTION_STATE m_id="48" RELATED_TO="" TAG_DESCRIPTOR="t1_confusion" climaxEvent="FALSE" comment="" />
<ACTION_OCCURRENCE m_id="49" RELATED_TO="" TAG_DESCRIPTOR="t1_rehire_attorney" climaxEvent="FALSE" comment="" />
<ACTION_OCCURRENCE m_id="50" RELATED_TO="" TAG_DESCRIPTOR="t1_help" climaxEvent="FALSE" comment="" />
<ACTION_OCCURRENCE m_id="51" RELATED_TO="" TAG_DESCRIPTOR="t1_got_into_altercation" climaxEvent="FALSE" comment="" />
<ACTION_OCCURRENCE m_id="52" RELATED_TO="" TAG_DESCRIPTOR="t1_treatment" climaxEvent="FALSE" comment="" />
<ACTION_OCCURRENCE m_id="53" RELATED_TO="" TAG_DESCRIPTOR="t1_checking_into_betty_ford" climaxEvent="FALSE" comment="" />
<TIME_OF_THE_DAY m_id="54" RELATED_TO="" TAG_DESCRIPTOR="t1_late_thursday" DCT="FALSE" value="" anchorTimeID="" />
<ACTION_STATE m_id="55" RELATED_TO="" TAG_DESCRIPTOR="t1_help_state" climaxEvent="FALSE" comment="" />
<HUMAN_PART_PER m_id="56" RELATED_TO="" TAG_DESCRIPTOR="t1_staffer" comment="" />
</Markables>

<Relations>
<TLINK r_id="234203" contextualModality="ACT" relType="AFTER" comment="" >
<source m_id="36" />
<target m_id="1" />
</TLINK>
<TLINK r_id="234205" contextualModality="ACT" relType="AFTER" comment="" >
<source m_id="36" />
<target m_id="3" />
</TLINK>
<TLINK r_id="234206" contextualModality="ACT" relType="AFTER" comment="" >
<source m_id="36" />
<target m_id="4" />
</TLINK>
<TLINK r_id="234207" contextualModality="ACT" relType="AFTER" comment="" >
<source m_id="36" />
<target m_id="2" />
</TLINK>
<TLINK r_id="234208" contextualModality="ACT" relType="AFTER" comment="" >
<source m_id="36" />
<target m_id="5" />
</TLINK>
<TLINK r_id="234209" contextualModality="ACT" relType="OVERLAP" comment="" >
<source m_id="36" />
<target m_id="9" />
</TLINK>
<TLINK r_id="234210" contextualModality="ACT" relType="AFTER" comment="" >
<source m_id="36" />
<target m_id="6" />
</TLINK>
<TLINK r_id="234211" contextualModality="ACT" relType="AFTER" comment="" >
<source m_id="36" />
<target m_id="31" />
</TLINK>
<TLINK r_id="234212" contextualModality="ACT" relType="AFTER" comment="" >
<source m_id="36" />
<target m_id="12" />
</TLINK>
<TLINK r_id="234213" contextualModality="ACT" relType="AFTER" comment="" >
<source m_id="36" />
<target m_id="13" />
</TLINK>
<TLINK r_id="234214" contextualModality="ACT" relType="AFTER" comment="" >
<source m_id="36" />
<target m_id="8" />
</TLINK>
<TLINK r_id="234215" contextualModality="ACT" relType="AFTER" comment="" >
<source m_id="36" />
<target m_id="10" />
</TLINK>
<TLINK r_id="234216" contextualModality="ACT" relType="CONTAINS" comment="" >
<source m_id="33" />
<target m_id="1" />
</TLINK>
<TLINK r_id="234219" contextualModality="ACT" relType="CONTAINS" comment="" >
<source m_id="33" />
<target m_id="4" />
</TLINK>
<TLINK r_id="234220" contextualModality="ACT" relType="CONTAINS" comment="" >
<source m_id="33" />
<target m_id="2" />
</TLINK>
<TLINK r_id="234221" contextualModality="ACT" relType="AFTER" comment="" >
<source m_id="33" />
<target m_id="5" />
</TLINK>
<TLINK r_id="234222" contextualModality="ACT" relType="OVERLAP" comment="" >
<source m_id="33" />
<target m_id="9" />
</TLINK>
<TLINK r_id="234223" contextualModality="ACT" relType="CONTAINS" comment="" >
<source m_id="34" />
<target m_id="6" />
</TLINK>
<TLINK r_id="234224" contextualModality="ACT" relType="AFTER" comment="" >
<source m_id="34" />
<target m_id="31" />
</TLINK>
<TLINK r_id="234225" contextualModality="ACT" relType="AFTER" comment="" >
<source m_id="34" />
<target m_id="12" />
</TLINK>
<TLINK r_id="234226" contextualModality="ACT" relType="CONTAINS" comment="" >
<source m_id="32" />
<target m_id="13" />
</TLINK>
<TLINK r_id="234227" contextualModality="ACT" relType="CONTAINS" comment="" >
<source m_id="32" />
<target m_id="8" />
</TLINK>
<TLINK r_id="234228" contextualModality="ACT" relType="CONTAINS" comment="" >
<source m_id="32" />
<target m_id="10" />
</TLINK>
<PLOT_LINK r_id="234229" SIGNAL="" relType="PRECONDITION" CAUSES="FALSE" CAUSED_BY="FALSE" >
<source m_id="5" />
<target m_id="9" />
</PLOT_LINK>
<PLOT_LINK r_id="234230" SIGNAL="" relType="FALLING_ACTION" CAUSES="FALSE" CAUSED_BY="FALSE" >
<source m_id="2" />
<target m_id="31" />
</PLOT_LINK>
<PLOT_LINK r_id="234232" SIGNAL="" relType="FALLING_ACTION" CAUSES="FALSE" CAUSED_BY="FALSE" >
<source m_id="31" />
<target m_id="12" />
</PLOT_LINK>
<PLOT_LINK r_id="234234" SIGNAL="" relType="FALLING_ACTION" CAUSES="FALSE" CAUSED_BY="FALSE" >
<source m_id="13" />
<target m_id="10" />
</PLOT_LINK>
<TLINK r_id="234244" contextualModality="ACT" relType="BEFORE" comment="" >
<source m_id="33" />
<target m_id="36" />
</TLINK>
<TLINK r_id="234247" contextualModality="ACT" relType="AFTER" comment="" >
<source m_id="33" />
<target m_id="32" />
</TLINK>
<TLINK r_id="234248" contextualModality="ACT" relType="AFTER" comment="" >
<source m_id="36" />
<target m_id="32" />
</TLINK>
<PLOT_LINK r_id="234251" SIGNAL="" relType="FALLING_ACTION" CAUSES="FALSE" CAUSED_BY="FALSE" >
<source m_id="31" />
<target m_id="12" />
</PLOT_LINK>
<PLOT_LINK r_id="234252" SIGNAL="" relType="FALLING_ACTION" CAUSES="FALSE" CAUSED_BY="FALSE" >
<source m_id="4" />
<target m_id="2" />
</PLOT_LINK>
<PLOT_LINK r_id="234253" SIGNAL="" relType="PRECONDITION" CAUSES="FALSE" CAUSED_BY="FALSE" >
<source m_id="3" />
<target m_id="9" />
</PLOT_LINK>
</Relations>
</Document>
