<Document doc_name="1_15ecbplus.xml">
<token t_id="1" sentence="0" number="0">http</token>
<token t_id="2" sentence="0" number="1">:</token>
<token t_id="3" sentence="0" number="2">/</token>
<token t_id="4" sentence="0" number="3">/</token>
<token t_id="5" sentence="0" number="4">www</token>
<token t_id="6" sentence="0" number="5">.</token>
<token t_id="7" sentence="0" number="6">starpulse</token>
<token t_id="8" sentence="0" number="7">.</token>
<token t_id="9" sentence="0" number="8">com</token>
<token t_id="10" sentence="0" number="9">/</token>
<token t_id="11" sentence="0" number="10">news</token>
<token t_id="12" sentence="0" number="11">/</token>
<token t_id="13" sentence="0" number="12">index</token>
<token t_id="14" sentence="0" number="13">.</token>
<token t_id="15" sentence="0" number="14">php</token>
<token t_id="16" sentence="0" number="15">/</token>
<token t_id="17" sentence="0" number="16">2013</token>
<token t_id="18" sentence="0" number="17">/</token>
<token t_id="19" sentence="0" number="18">05</token>
<token t_id="20" sentence="0" number="19">/</token>
<token t_id="21" sentence="0" number="20">03</token>
<token t_id="22" sentence="0" number="21">/</token>
<token t_id="23" sentence="0" number="22">lindsay</token>
<token t_id="24" sentence="0" number="23">_</token>
<token t_id="25" sentence="0" number="24">lohan</token>
<token t_id="26" sentence="0" number="25">_</token>
<token t_id="27" sentence="0" number="26">check</token>
<token t_id="28" sentence="0" number="27">_</token>
<token t_id="29" sentence="0" number="28">into</token>
<token t_id="30" sentence="0" number="29">_</token>
<token t_id="31" sentence="0" number="30">betty</token>
<token t_id="32" sentence="0" number="31">_</token>
<token t_id="33" sentence="0" number="32">ford</token>
<token t_id="34" sentence="0" number="33">_</token>
<token t_id="35" sentence="0" number="34">af</token>
<token t_id="36" sentence="1" number="0">Lindsay</token>
<token t_id="37" sentence="1" number="1">Lohan</token>
<token t_id="38" sentence="1" number="2">Check</token>
<token t_id="39" sentence="1" number="3">Into</token>
<token t_id="40" sentence="1" number="4">Betty</token>
<token t_id="41" sentence="1" number="5">Ford</token>
<token t_id="42" sentence="1" number="6">After</token>
<token t_id="43" sentence="1" number="7">Fleeing</token>
<token t_id="44" sentence="1" number="8">Other</token>
<token t_id="45" sentence="1" number="9">Rehab</token>
<token t_id="46" sentence="1" number="10">Facility</token>
<token t_id="47" sentence="2" number="0">May</token>
<token t_id="48" sentence="2" number="1">3rd</token>
<token t_id="49" sentence="2" number="2">,</token>
<token t_id="50" sentence="2" number="3">2013</token>
<token t_id="51" sentence="2" number="4">2</token>
<token t_id="52" sentence="2" number="5">:</token>
<token t_id="53" sentence="2" number="6">00pm</token>
<token t_id="54" sentence="2" number="7">EDT</token>
<token t_id="55" sentence="3" number="0">After</token>
<token t_id="56" sentence="3" number="1">leaving</token>
<token t_id="57" sentence="3" number="2">rehab</token>
<token t_id="58" sentence="3" number="3">in</token>
<token t_id="59" sentence="3" number="4">Newport</token>
<token t_id="60" sentence="3" number="5">Beach</token>
<token t_id="61" sentence="3" number="6">,</token>
<token t_id="62" sentence="3" number="7">Calif</token>
<token t_id="63" sentence="3" number="8">.</token>
<token t_id="64" sentence="3" number="9">,</token>
<token t_id="65" sentence="3" number="10">less</token>
<token t_id="66" sentence="3" number="11">than</token>
<token t_id="67" sentence="3" number="12">an</token>
<token t_id="68" sentence="3" number="13">hour</token>
<token t_id="69" sentence="3" number="14">after</token>
<token t_id="70" sentence="3" number="15">checking</token>
<token t_id="71" sentence="3" number="16">in</token>
<token t_id="72" sentence="3" number="17">on</token>
<token t_id="73" sentence="3" number="18">Thursday</token>
<token t_id="74" sentence="3" number="19">,</token>
<token t_id="75" sentence="3" number="20">Lindsay</token>
<token t_id="76" sentence="3" number="21">Lohan</token>
<token t_id="77" sentence="3" number="22">admitted</token>
<token t_id="78" sentence="3" number="23">herself</token>
<token t_id="79" sentence="3" number="24">to</token>
<token t_id="80" sentence="3" number="25">the</token>
<token t_id="81" sentence="3" number="26">Betty</token>
<token t_id="82" sentence="3" number="27">Ford</token>
<token t_id="83" sentence="3" number="28">Center</token>
<token t_id="84" sentence="3" number="29">,</token>
<token t_id="85" sentence="3" number="30">according</token>
<token t_id="86" sentence="3" number="31">to</token>
<token t_id="87" sentence="3" number="32">TMZ</token>
<token t_id="88" sentence="3" number="33">.</token>
<token t_id="89" sentence="3" number="34">com</token>
<token t_id="90" sentence="3" number="35">.</token>
<token t_id="91" sentence="4" number="0">Her</token>
<token t_id="92" sentence="4" number="1">lawyer</token>
<token t_id="93" sentence="4" number="2">negotiated</token>
<token t_id="94" sentence="4" number="3">with</token>
<token t_id="95" sentence="4" number="4">court</token>
<token t_id="96" sentence="4" number="5">officials</token>
<token t_id="97" sentence="4" number="6">to</token>
<token t_id="98" sentence="4" number="7">change</token>
<token t_id="99" sentence="4" number="8">the</token>
<token t_id="100" sentence="4" number="9">venue</token>
<token t_id="101" sentence="4" number="10">of</token>
<token t_id="102" sentence="4" number="11">her</token>
<token t_id="103" sentence="4" number="12">90</token>
<token t_id="104" sentence="4" number="13">-</token>
<token t_id="105" sentence="4" number="14">day</token>
<token t_id="106" sentence="4" number="15">treatment</token>
<token t_id="107" sentence="4" number="16">,</token>
<token t_id="108" sentence="4" number="17">and</token>
<token t_id="109" sentence="4" number="18">the</token>
<token t_id="110" sentence="4" number="19">actress</token>
<token t_id="111" sentence="4" number="20">traveled</token>
<token t_id="112" sentence="4" number="21">to</token>
<token t_id="113" sentence="4" number="22">nearby</token>
<token t_id="114" sentence="4" number="23">Rancho</token>
<token t_id="115" sentence="4" number="24">Mirage</token>
<token t_id="116" sentence="4" number="25">to</token>
<token t_id="117" sentence="4" number="26">register</token>
<token t_id="118" sentence="4" number="27">as</token>
<token t_id="119" sentence="4" number="28">a</token>
<token t_id="120" sentence="4" number="29">patient</token>
<token t_id="121" sentence="4" number="30">.</token>
<token t_id="122" sentence="5" number="0">The</token>
<token t_id="123" sentence="5" number="1">actress</token>
<token t_id="124" sentence="5" number="2">spent</token>
<token t_id="125" sentence="5" number="3">time</token>
<token t_id="126" sentence="5" number="4">at</token>
<token t_id="127" sentence="5" number="5">the</token>
<token t_id="128" sentence="5" number="6">Betty</token>
<token t_id="129" sentence="5" number="7">Ford</token>
<token t_id="130" sentence="5" number="8">Center</token>
<token t_id="131" sentence="5" number="9">in</token>
<token t_id="132" sentence="5" number="10">2010</token>
<token t_id="133" sentence="5" number="11">;</token>
<token t_id="134" sentence="5" number="12">however</token>
<token t_id="135" sentence="5" number="13">,</token>
<token t_id="136" sentence="5" number="14">a</token>
<token t_id="137" sentence="5" number="15">member</token>
<token t_id="138" sentence="5" number="16">of</token>
<token t_id="139" sentence="5" number="17">the</token>
<token t_id="140" sentence="5" number="18">staff</token>
<token t_id="141" sentence="5" number="19">ended</token>
<token t_id="142" sentence="5" number="20">up</token>
<token t_id="143" sentence="5" number="21">suing</token>
<token t_id="144" sentence="5" number="22">her</token>
<token t_id="145" sentence="5" number="23">for</token>
<token t_id="146" sentence="5" number="24">assault</token>
<token t_id="147" sentence="5" number="25">.</token>


<Markables>
<ACTION_OCCURRENCE m_id="1" climaxEvent="FALSE" comment=""  >
<token_anchor t_id="93"/>
</ACTION_OCCURRENCE>
<ACTION_OCCURRENCE m_id="2" climaxEvent="FALSE" comment=""  >
<token_anchor t_id="98"/>
</ACTION_OCCURRENCE>
<ACTION_OCCURRENCE m_id="3" climaxEvent="FALSE" comment=""  >
<token_anchor t_id="111"/>
</ACTION_OCCURRENCE>
<ACTION_OCCURRENCE m_id="4" climaxEvent="FALSE" comment=""  >
<token_anchor t_id="117"/>
</ACTION_OCCURRENCE>
<ACTION_OCCURRENCE m_id="5" climaxEvent="FALSE" comment=""  >
<token_anchor t_id="124"/>
<token_anchor t_id="125"/>
</ACTION_OCCURRENCE>
<ACTION_OCCURRENCE m_id="6" climaxEvent="FALSE" comment=""  >
<token_anchor t_id="143"/>
</ACTION_OCCURRENCE>
<ACTION_OCCURRENCE m_id="7" climaxEvent="FALSE" comment=""  >
<token_anchor t_id="70"/>
<token_anchor t_id="71"/>
</ACTION_OCCURRENCE>
<ACTION_OCCURRENCE m_id="8" climaxEvent="FALSE" comment=""  >
<token_anchor t_id="106"/>
</ACTION_OCCURRENCE>
<ACTION_OCCURRENCE m_id="9" climaxEvent="FALSE" comment=""  >
<token_anchor t_id="146"/>
</ACTION_OCCURRENCE>
<ACTION_OCCURRENCE m_id="10" climaxEvent="TRUE" comment=""  >
<token_anchor t_id="38"/>
<token_anchor t_id="39"/>
</ACTION_OCCURRENCE>
<ACTION_OCCURRENCE m_id="11" climaxEvent="FALSE" comment=""  >
<token_anchor t_id="43"/>
</ACTION_OCCURRENCE>
<ACTION_OCCURRENCE m_id="12" climaxEvent="FALSE" comment=""  >
<token_anchor t_id="56"/>
</ACTION_OCCURRENCE>
<ACTION_OCCURRENCE m_id="13" climaxEvent="FALSE" comment=""  >
<token_anchor t_id="77"/>
</ACTION_OCCURRENCE>
<ACTION_REPORTING m_id="14" comment=""  >
<token_anchor t_id="85"/>
</ACTION_REPORTING>
<HUMAN_PART_GENERIC m_id="15"  >
<token_anchor t_id="120"/>
</HUMAN_PART_GENERIC>
<HUMAN_PART_ORG m_id="16"  >
<token_anchor t_id="87"/>
<token_anchor t_id="88"/>
<token_anchor t_id="89"/>
</HUMAN_PART_ORG>
<HUMAN_PART_PER m_id="17" comment=""  >
<token_anchor t_id="75"/>
<token_anchor t_id="76"/>
</HUMAN_PART_PER>
<HUMAN_PART_PER m_id="18" comment=""  >
<token_anchor t_id="78"/>
</HUMAN_PART_PER>
<HUMAN_PART_PER m_id="19" comment=""  >
<token_anchor t_id="92"/>
</HUMAN_PART_PER>
<HUMAN_PART_PER m_id="20" comment=""  >
<token_anchor t_id="96"/>
</HUMAN_PART_PER>
<HUMAN_PART_PER m_id="21" comment=""  >
<token_anchor t_id="110"/>
</HUMAN_PART_PER>
<HUMAN_PART_PER m_id="22" comment=""  >
<token_anchor t_id="123"/>
</HUMAN_PART_PER>
<HUMAN_PART_PER m_id="23" comment=""  >
<token_anchor t_id="144"/>
</HUMAN_PART_PER>
<HUMAN_PART_PER m_id="24" comment=""  >
<token_anchor t_id="137"/>
</HUMAN_PART_PER>
<HUMAN_PART_PER m_id="25" comment=""  >
<token_anchor t_id="36"/>
<token_anchor t_id="37"/>
</HUMAN_PART_PER>
<LOC_FAC m_id="26"  >
<token_anchor t_id="40"/>
<token_anchor t_id="41"/>
</LOC_FAC>
<LOC_FAC m_id="27"  >
<token_anchor t_id="126"/>
<token_anchor t_id="127"/>
<token_anchor t_id="128"/>
<token_anchor t_id="129"/>
<token_anchor t_id="130"/>
</LOC_FAC>
<LOC_FAC m_id="28"  >
<token_anchor t_id="44"/>
<token_anchor t_id="45"/>
<token_anchor t_id="46"/>
</LOC_FAC>
<LOC_FAC m_id="29"  >
<token_anchor t_id="57"/>
<token_anchor t_id="58"/>
<token_anchor t_id="59"/>
<token_anchor t_id="60"/>
<token_anchor t_id="61"/>
<token_anchor t_id="62"/>
</LOC_FAC>
<LOC_FAC m_id="30"  >
<token_anchor t_id="100"/>
</LOC_FAC>
<LOC_FAC m_id="31"  >
<token_anchor t_id="114"/>
<token_anchor t_id="115"/>
</LOC_FAC>
<LOC_FAC m_id="32"  >
<token_anchor t_id="80"/>
<token_anchor t_id="81"/>
<token_anchor t_id="82"/>
<token_anchor t_id="83"/>
</LOC_FAC>
<TIME_DATE m_id="33" comment="" DCT="FALSE" value="2013-05-02" anchorTimeID="36"  >
<token_anchor t_id="73"/>
</TIME_DATE>
<TIME_DATE m_id="34" comment="" DCT="FALSE" value="2010" anchorTimeID=""  >
<token_anchor t_id="132"/>
</TIME_DATE>
<TIME_DURATION m_id="35" endPoint="61" value="" begin="33" anchorTimeID="33"  >
<token_anchor t_id="103"/>
<token_anchor t_id="104"/>
<token_anchor t_id="105"/>
</TIME_DURATION>
<TIME_DURATION m_id="62" endPoint="" value="PT1H" begin="" anchorTimeID="33"  >
<token_anchor t_id="65"/>
<token_anchor t_id="66"/>
<token_anchor t_id="67"/>
<token_anchor t_id="68"/>
</TIME_DURATION>
<TIME_OF_THE_DAY m_id="36" DCT="TRUE" value="2013-05-03T19:00" anchorTimeID=""  >
<token_anchor t_id="47"/>
<token_anchor t_id="48"/>
<token_anchor t_id="49"/>
<token_anchor t_id="50"/>
<token_anchor t_id="51"/>
<token_anchor t_id="52"/>
<token_anchor t_id="53"/>
<token_anchor t_id="54"/>
</TIME_OF_THE_DAY>


<TIME_DURATION m_id="37" RELATED_TO="" TAG_DESCRIPTOR="t1_90_days" endPoint="" value="" begin="" anchorTimeID="" />
<TIME_DATE m_id="38" RELATED_TO="" TAG_DESCRIPTOR="t1_2010" comment="" DCT="FALSE" value="" anchorTimeID="" />
<ACTION_OCCURRENCE m_id="39" RELATED_TO="" TAG_DESCRIPTOR="t1_suing_assault" climaxEvent="FALSE" comment="" />
<HUMAN_PART_ORG m_id="40" RELATED_TO="" TAG_DESCRIPTOR="t1_tmz" />
<LOC_FAC m_id="41" RELATED_TO="" TAG_DESCRIPTOR="t1_betty_ford" />
<HUMAN_PART_PER m_id="42" RELATED_TO="" TAG_DESCRIPTOR="t1_lindsay_lohan" comment="" />
<LOC_FAC m_id="43" RELATED_TO="" TAG_DESCRIPTOR="t1_morningside" />
<ACTION_OCCURRENCE m_id="44" RELATED_TO="" TAG_DESCRIPTOR="t1_checking_into_betty_ford" climaxEvent="FALSE" comment="" />
<ACTION_REPORTING m_id="45" RELATED_TO="" TAG_DESCRIPTOR="t1_reported_tmz" comment="" />
<HUMAN_PART_PER m_id="46" RELATED_TO="" TAG_DESCRIPTOR="t1_heller" comment="" />
<ACTION_OCCURRENCE m_id="47" RELATED_TO="" TAG_DESCRIPTOR="t1_checking_out_morningside" climaxEvent="FALSE" comment="" />
<HUMAN_PART_PER m_id="48" RELATED_TO="" TAG_DESCRIPTOR="t1_court_officials" comment="" />
<HUMAN_PART_PER m_id="49" RELATED_TO="" TAG_DESCRIPTOR="t1_staffer" comment="" />
<LOC_FAC m_id="50" RELATED_TO="" TAG_DESCRIPTOR="t1_general_rehab_facility" />
<ACTION_OCCURRENCE m_id="51" RELATED_TO="" TAG_DESCRIPTOR="t1_checking_into_morningside_or_showing_up" climaxEvent="FALSE" comment="" />
<ACTION_OCCURRENCE m_id="52" RELATED_TO="" TAG_DESCRIPTOR="t1_stay_betty_ford_previously" climaxEvent="FALSE" comment="" />
<ACTION_OCCURRENCE m_id="53" RELATED_TO="" TAG_DESCRIPTOR="t1_travel_to_betty_ford" climaxEvent="FALSE" comment="" />
<ACTION_OCCURRENCE m_id="54" RELATED_TO="" TAG_DESCRIPTOR="t1_assault" climaxEvent="FALSE" comment="" />
<ACTION_OCCURRENCE m_id="55" RELATED_TO="" TAG_DESCRIPTOR="t1_heller_negotiated_facility_change" climaxEvent="FALSE" comment="" />
<LOC_FAC m_id="56" RELATED_TO="" TAG_DESCRIPTOR="t1_rancho_mirage" />
<HUMAN_PART_GENERIC m_id="57" RELATED_TO="" TAG_DESCRIPTOR="t1_patient" />
<ACTION_OCCURRENCE m_id="58" RELATED_TO="" TAG_DESCRIPTOR="t1_change_facilities" climaxEvent="FALSE" comment="" />
<ACTION_OCCURRENCE m_id="59" RELATED_TO="" TAG_DESCRIPTOR="t1_treatment" climaxEvent="FALSE" comment="" />
<TIME_DATE m_id="60" RELATED_TO="" TAG_DESCRIPTOR="t1_thursday" comment="" DCT="FALSE" value="" anchorTimeID="" />
<TIME_DATE m_id="61" RELATED_TO="" TAG_DESCRIPTOR="t1_2013-08" comment="" DCT="FALSE" value="2013-08" anchorTimeID="33" />
</Markables>

<Relations>
<TLINK r_id="234010" contextualModality="" relType="AFTER" comment="" >
<source m_id="36" />
<target m_id="10" />
</TLINK>
<TLINK r_id="234011" contextualModality="ACT" relType="AFTER" comment="" >
<source m_id="36" />
<target m_id="11" />
</TLINK>
<TLINK r_id="234012" contextualModality="ACT" relType="AFTER" comment="" >
<source m_id="36" />
<target m_id="12" />
</TLINK>
<TLINK r_id="234013" contextualModality="ACT" relType="AFTER" comment="" >
<source m_id="36" />
<target m_id="7" />
</TLINK>
<TLINK r_id="234014" contextualModality="ACT" relType="AFTER" comment="" >
<source m_id="36" />
<target m_id="13" />
</TLINK>
<TLINK r_id="234015" contextualModality="ACT" relType="AFTER" comment="" >
<source m_id="36" />
<target m_id="1" />
</TLINK>
<TLINK r_id="234016" contextualModality="ACT" relType="AFTER" comment="" >
<source m_id="36" />
<target m_id="2" />
</TLINK>
<TLINK r_id="234017" contextualModality="ACT" relType="OVERLAP" comment="" >
<source m_id="36" />
<target m_id="8" />
</TLINK>
<TLINK r_id="234018" contextualModality="" relType="AFTER" comment="" >
<source m_id="36" />
<target m_id="3" />
</TLINK>
<TLINK r_id="234019" contextualModality="ACT" relType="AFTER" comment="" >
<source m_id="36" />
<target m_id="4" />
</TLINK>
<TLINK r_id="234020" contextualModality="ACT" relType="AFTER" comment="" >
<source m_id="36" />
<target m_id="5" />
</TLINK>
<TLINK r_id="234021" contextualModality="ACT" relType="AFTER" comment="" >
<source m_id="36" />
<target m_id="6" />
</TLINK>
<TLINK r_id="234022" contextualModality="ACT" relType="AFTER" comment="" >
<source m_id="36" />
<target m_id="9" />
</TLINK>
<TLINK r_id="234023" contextualModality="ACT" relType="CONTAINS" comment="" >
<source m_id="33" />
<target m_id="10" />
</TLINK>
<TLINK r_id="234024" contextualModality="ACT" relType="CONTAINS" comment="" >
<source m_id="33" />
<target m_id="11" />
</TLINK>
<TLINK r_id="234025" contextualModality="ACT" relType="CONTAINS" comment="" >
<source m_id="33" />
<target m_id="7" />
</TLINK>
<TLINK r_id="234026" contextualModality="ACT" relType="CONTAINS" comment="" >
<source m_id="33" />
<target m_id="13" />
</TLINK>
<TLINK r_id="234029" contextualModality="ACT" relType="BEGUN_ON" comment="" >
<source m_id="33" />
<target m_id="8" />
</TLINK>
<TLINK r_id="234030" contextualModality="ACT" relType="CONTAINS" comment="" >
<source m_id="33" />
<target m_id="3" />
</TLINK>
<TLINK r_id="234031" contextualModality="ACT" relType="CONTAINS" comment="" >
<source m_id="33" />
<target m_id="4" />
</TLINK>
<TLINK r_id="234032" contextualModality="ACT" relType="CONTAINS" comment="" >
<source m_id="34" />
<target m_id="5" />
</TLINK>
<TLINK r_id="234033" contextualModality="ACT" relType="CONTAINS" comment="" >
<source m_id="34" />
<target m_id="6" />
</TLINK>
<TLINK r_id="234034" contextualModality="ACT" relType="CONTAINS" comment="" >
<source m_id="34" />
<target m_id="9" />
</TLINK>
<PLOT_LINK r_id="234035" SIGNAL="" relType="PRECONDITION" CAUSES="FALSE" CAUSED_BY="FALSE" >
<source m_id="12" />
<target m_id="13" />
</PLOT_LINK>
<PLOT_LINK r_id="234036" SIGNAL="" relType="PRECONDITION" CAUSES="FALSE" CAUSED_BY="FALSE" >
<source m_id="1" />
<target m_id="2" />
</PLOT_LINK>
<PLOT_LINK r_id="234037" SIGNAL="" relType="PRECONDITION" CAUSES="FALSE" CAUSED_BY="FALSE" >
<source m_id="3" />
<target m_id="4" />
</PLOT_LINK>
<PLOT_LINK r_id="234038" SIGNAL="" relType="FALLING_ACTION" CAUSES="FALSE" CAUSED_BY="FALSE" >
<source m_id="6" />
<target m_id="9" />
</PLOT_LINK>
<PLOT_LINK r_id="234367" SIGNAL="" relType="FALLING_ACTION" CAUSES="FALSE" CAUSED_BY="FALSE" >
<source m_id="10" />
<target m_id="11" />
</PLOT_LINK>
<PLOT_LINK r_id="234368" SIGNAL="" relType="PRECONDITION" CAUSES="FALSE" CAUSED_BY="FALSE" >
<source m_id="8" />
<target m_id="4" />
</PLOT_LINK>
<PLOT_LINK r_id="234369" SIGNAL="" relType="PRECONDITION" CAUSES="FALSE" CAUSED_BY="FALSE" >
<source m_id="7" />
<target m_id="8" />
</PLOT_LINK>
<TLINK r_id="234370" contextualModality="" relType="CONTAINS" comment="" >
<source m_id="35" />
<target m_id="8" />
</TLINK>
<TLINK r_id="234371" contextualModality="ACT" relType="ENDED_ON" comment="" >
<source m_id="61" />
<target m_id="8" />
</TLINK>
<TLINK r_id="234372" contextualModality="ACT" relType="AFTER" comment="" >
<source m_id="33" />
<target m_id="1" />
</TLINK>
<TLINK r_id="234384" contextualModality="ACT" relType="AFTER" comment="" >
<source m_id="62" />
<target m_id="7" />
</TLINK>
<TLINK r_id="234385" contextualModality="ACT" relType="BEFORE" comment="" >
<source m_id="62" />
<target m_id="12" />
</TLINK>
</Relations>
</Document>
