<Document doc_name="1_16ecbplus.xml">
<token t_id="1" sentence="0" number="0">http</token>
<token t_id="2" sentence="0" number="1">:</token>
<token t_id="3" sentence="0" number="2">/</token>
<token t_id="4" sentence="0" number="3">/</token>
<token t_id="5" sentence="0" number="4">www</token>
<token t_id="6" sentence="0" number="5">.</token>
<token t_id="7" sentence="0" number="6">thehollywoodgossip</token>
<token t_id="8" sentence="0" number="7">.</token>
<token t_id="9" sentence="0" number="8">com</token>
<token t_id="10" sentence="0" number="9">/</token>
<token t_id="11" sentence="0" number="10">2013</token>
<token t_id="12" sentence="0" number="11">/</token>
<token t_id="13" sentence="0" number="12">05</token>
<token t_id="14" sentence="0" number="13">/</token>
<token t_id="15" sentence="0" number="14">lindsay</token>
<token t_id="16" sentence="0" number="15">-</token>
<token t_id="17" sentence="0" number="16">lohan</token>
<token t_id="18" sentence="0" number="17">-</token>
<token t_id="19" sentence="0" number="18">checks</token>
<token t_id="20" sentence="0" number="19">-</token>
<token t_id="21" sentence="0" number="20">into</token>
<token t_id="22" sentence="0" number="21">-</token>
<token t_id="23" sentence="0" number="22">rehab</token>
<token t_id="24" sentence="0" number="23">-</token>
<token t_id="25" sentence="0" number="24">in</token>
<token t_id="26" sentence="0" number="25">-</token>
<token t_id="27" sentence="0" number="26">newport</token>
<token t_id="28" sentence="0" number="27">-</token>
<token t_id="29" sentence="0" number="28">beach</token>
<token t_id="30" sentence="0" number="29">-</token>
<token t_id="31" sentence="0" number="30">investigation</token>
<token t_id="32" sentence="0" number="31">-</token>
<token t_id="33" sentence="0" number="32">p</token>
<token t_id="34" sentence="0" number="33">/</token>
<token t_id="35" sentence="1" number="0">Lindsay</token>
<token t_id="36" sentence="1" number="1">Lohan</token>
<token t_id="37" sentence="1" number="2">Checks</token>
<token t_id="38" sentence="1" number="3">Into</token>
<token t_id="39" sentence="1" number="4">Rehab</token>
<token t_id="40" sentence="1" number="5">in</token>
<token t_id="41" sentence="1" number="6">Newport</token>
<token t_id="42" sentence="1" number="7">Beach</token>
<token t_id="43" sentence="1" number="8">;</token>
<token t_id="44" sentence="1" number="9">Investigation</token>
<token t_id="45" sentence="1" number="10">of</token>
<token t_id="46" sentence="1" number="11">Facility</token>
<token t_id="47" sentence="1" number="12">Pending</token>
<token t_id="48" sentence="2" number="0">May</token>
<token t_id="49" sentence="2" number="1">2</token>
<token t_id="50" sentence="2" number="2">,</token>
<token t_id="51" sentence="2" number="3">2013</token>
<token t_id="52" sentence="2" number="4">1</token>
<token t_id="53" sentence="2" number="5">:</token>
<token t_id="54" sentence="2" number="6">35</token>
<token t_id="55" sentence="2" number="7">pm</token>
<token t_id="56" sentence="2" number="8">.</token>
<token t_id="57" sentence="3" number="0">Lindsay</token>
<token t_id="58" sentence="3" number="1">Lohan</token>
<token t_id="59" sentence="3" number="2">has</token>
<token t_id="60" sentence="3" number="3">checked</token>
<token t_id="61" sentence="3" number="4">into</token>
<token t_id="62" sentence="3" number="5">rehab</token>
<token t_id="63" sentence="3" number="6">in</token>
<token t_id="64" sentence="3" number="7">Newport</token>
<token t_id="65" sentence="3" number="8">Beach</token>
<token t_id="66" sentence="3" number="9">,</token>
<token t_id="67" sentence="3" number="10">Calif</token>
<token t_id="68" sentence="3" number="11">.</token>
<token t_id="69" sentence="3" number="12">,</token>
<token t_id="70" sentence="3" number="13">and</token>
<token t_id="71" sentence="3" number="14">will</token>
<token t_id="72" sentence="3" number="15">remain</token>
<token t_id="73" sentence="3" number="16">there</token>
<token t_id="74" sentence="3" number="17">for</token>
<token t_id="75" sentence="3" number="18">the</token>
<token t_id="76" sentence="3" number="19">time</token>
<token t_id="77" sentence="3" number="20">being</token>
<token t_id="78" sentence="3" number="21">,</token>
<token t_id="79" sentence="3" number="22">pending</token>
<token t_id="80" sentence="3" number="23">an</token>
<token t_id="81" sentence="3" number="24">investigation</token>
<token t_id="82" sentence="3" number="25">of</token>
<token t_id="83" sentence="3" number="26">the</token>
<token t_id="84" sentence="3" number="27">facility</token>
<token t_id="85" sentence="3" number="28">she</token>
<token t_id="86" sentence="3" number="29">chose</token>
<token t_id="87" sentence="3" number="30">.</token>
<token t_id="88" sentence="4" number="0">This</token>
<token t_id="89" sentence="4" number="1">despite</token>
<token t_id="90" sentence="4" number="2">the</token>
<token t_id="91" sentence="4" number="3">fact</token>
<token t_id="92" sentence="4" number="4">that</token>
<token t_id="93" sentence="4" number="5">,</token>
<token t_id="94" sentence="4" number="6">at</token>
<token t_id="95" sentence="4" number="7">the</token>
<token t_id="96" sentence="4" number="8">11th</token>
<token t_id="97" sentence="4" number="9">hour</token>
<token t_id="98" sentence="4" number="10">,</token>
<token t_id="99" sentence="4" number="11">Lohan</token>
<token t_id="100" sentence="4" number="12">bailed</token>
<token t_id="101" sentence="4" number="13">on</token>
<token t_id="102" sentence="4" number="14">rehab</token>
<token t_id="103" sentence="4" number="15">in</token>
<token t_id="104" sentence="4" number="16">a</token>
<token t_id="105" sentence="4" number="17">New</token>
<token t_id="106" sentence="4" number="18">York</token>
<token t_id="107" sentence="4" number="19">facility</token>
<token t_id="108" sentence="4" number="20">that</token>
<token t_id="109" sentence="4" number="21">was</token>
<token t_id="110" sentence="4" number="22">approved</token>
<token t_id="111" sentence="4" number="23">by</token>
<token t_id="112" sentence="4" number="24">prosecutors</token>
<token t_id="113" sentence="4" number="25">and</token>
<token t_id="114" sentence="4" number="26">a</token>
<token t_id="115" sentence="4" number="27">judge</token>
<token t_id="116" sentence="4" number="28">and</token>
<token t_id="117" sentence="4" number="29">flew</token>
<token t_id="118" sentence="4" number="30">to</token>
<token t_id="119" sentence="4" number="31">L</token>
<token t_id="120" sentence="4" number="32">.</token>
<token t_id="121" sentence="4" number="33">A</token>
<token t_id="122" sentence="4" number="34">.</token>


<Markables>
<ACTION_OCCURRENCE m_id="1" climaxEvent="FALSE" comment=""  >
<token_anchor t_id="44"/>
</ACTION_OCCURRENCE>
<ACTION_OCCURRENCE m_id="2" climaxEvent="FALSE" comment=""  >
<token_anchor t_id="60"/>
<token_anchor t_id="61"/>
</ACTION_OCCURRENCE>
<ACTION_OCCURRENCE m_id="3" climaxEvent="FALSE" comment=""  >
<token_anchor t_id="81"/>
</ACTION_OCCURRENCE>
<ACTION_OCCURRENCE m_id="4" climaxEvent="FALSE" comment=""  >
<token_anchor t_id="86"/>
</ACTION_OCCURRENCE>
<ACTION_OCCURRENCE m_id="5" climaxEvent="FALSE" comment=""  >
<token_anchor t_id="100"/>
</ACTION_OCCURRENCE>
<ACTION_OCCURRENCE m_id="6" climaxEvent="FALSE" comment=""  >
<token_anchor t_id="110"/>
</ACTION_OCCURRENCE>
<ACTION_OCCURRENCE m_id="7" climaxEvent="FALSE" comment=""  >
<token_anchor t_id="117"/>
</ACTION_OCCURRENCE>
<ACTION_OCCURRENCE m_id="8" climaxEvent="FALSE" comment=""  >
<token_anchor t_id="37"/>
<token_anchor t_id="38"/>
</ACTION_OCCURRENCE>
<ACTION_OCCURRENCE m_id="9" climaxEvent="FALSE" comment=""  >
<token_anchor t_id="79"/>
</ACTION_OCCURRENCE>
<ACTION_OCCURRENCE m_id="10" climaxEvent="FALSE" comment=""  >
<token_anchor t_id="47"/>
</ACTION_OCCURRENCE>
<ACTION_OCCURRENCE m_id="11" climaxEvent="FALSE" comment=""  >
<token_anchor t_id="72"/>
</ACTION_OCCURRENCE>
<HUMAN_PART_PER m_id="12" comment=""  >
<token_anchor t_id="112"/>
</HUMAN_PART_PER>
<HUMAN_PART_PER m_id="13" comment=""  >
<token_anchor t_id="115"/>
</HUMAN_PART_PER>
<HUMAN_PART_PER m_id="14" comment=""  >
<token_anchor t_id="35"/>
<token_anchor t_id="36"/>
</HUMAN_PART_PER>
<HUMAN_PART_PER m_id="15" comment=""  >
<token_anchor t_id="57"/>
<token_anchor t_id="58"/>
</HUMAN_PART_PER>
<HUMAN_PART_PER m_id="16" comment=""  >
<token_anchor t_id="85"/>
</HUMAN_PART_PER>
<HUMAN_PART_PER m_id="17" comment=""  >
<token_anchor t_id="99"/>
</HUMAN_PART_PER>
<LOC_FAC m_id="18"  >
<token_anchor t_id="73"/>
</LOC_FAC>
<LOC_FAC m_id="19"  >
<token_anchor t_id="102"/>
<token_anchor t_id="103"/>
<token_anchor t_id="104"/>
<token_anchor t_id="105"/>
<token_anchor t_id="106"/>
<token_anchor t_id="107"/>
</LOC_FAC>
<LOC_FAC m_id="20"  >
<token_anchor t_id="46"/>
</LOC_FAC>
<LOC_FAC m_id="21"  >
<token_anchor t_id="84"/>
</LOC_FAC>
<LOC_FAC m_id="22"  >
<token_anchor t_id="40"/>
<token_anchor t_id="41"/>
<token_anchor t_id="42"/>
</LOC_FAC>
<LOC_FAC m_id="23"  >
<token_anchor t_id="63"/>
<token_anchor t_id="64"/>
<token_anchor t_id="65"/>
</LOC_FAC>
<LOC_GEO m_id="24" comment=""  >
<token_anchor t_id="119"/>
<token_anchor t_id="120"/>
<token_anchor t_id="121"/>
</LOC_GEO>
<TIME_OF_THE_DAY m_id="25" DCT="TRUE" value="2013-05-02T13:35" anchorTimeID=""  >
<token_anchor t_id="48"/>
<token_anchor t_id="49"/>
<token_anchor t_id="50"/>
<token_anchor t_id="51"/>
<token_anchor t_id="52"/>
<token_anchor t_id="53"/>
<token_anchor t_id="54"/>
<token_anchor t_id="55"/>
</TIME_OF_THE_DAY>


<ACTION_OCCURRENCE m_id="26" RELATED_TO="" TAG_DESCRIPTOR="t1_bailed" climaxEvent="FALSE" comment="" />
<HUMAN_PART_PER m_id="27" RELATED_TO="" TAG_DESCRIPTOR="t1_lindsay_lohan" comment="" />
<ACTION_OCCURRENCE m_id="28" RELATED_TO="" TAG_DESCRIPTOR="t1_remain_morningside" climaxEvent="FALSE" comment="" />
<LOC_FAC m_id="29" RELATED_TO="" TAG_DESCRIPTOR="t1_morningside" />
<HUMAN_PART_PER m_id="30" RELATED_TO="" TAG_DESCRIPTOR="t1_a_judge" comment="" />
<ACTION_OCCURRENCE m_id="31" RELATED_TO="" TAG_DESCRIPTOR="t1_flight_to_la" climaxEvent="FALSE" comment="" />
<ACTION_OCCURRENCE m_id="32" RELATED_TO="" TAG_DESCRIPTOR="t1_choice_of_facilities" climaxEvent="FALSE" comment="" />
<ACTION_OCCURRENCE m_id="33" RELATED_TO="" TAG_DESCRIPTOR="t1_approved_new_york_facility" climaxEvent="FALSE" comment="" />
<ACTION_OCCURRENCE m_id="34" RELATED_TO="" TAG_DESCRIPTOR="t1_treatment" climaxEvent="FALSE" comment="" />
<ACTION_OCCURRENCE m_id="35" RELATED_TO="" TAG_DESCRIPTOR="t1_investigate_new_facility" climaxEvent="FALSE" comment="" />
<ACTION_OCCURRENCE m_id="36" RELATED_TO="" TAG_DESCRIPTOR="t1_pending_investigation" climaxEvent="FALSE" comment="" />
<HUMAN_PART_PER m_id="37" RELATED_TO="" TAG_DESCRIPTOR="t1_prosecutors" comment="" />
<ACTION_OCCURRENCE m_id="38" RELATED_TO="" TAG_DESCRIPTOR="t1_checking_into_morningside_or_showing_up" climaxEvent="FALSE" comment="" />
<TIME_DATE m_id="39" RELATED_TO="" TAG_DESCRIPTOR="t1_2013-05-02" comment="" DCT="FALSE" value="2013-05-02" anchorTimeID="25" />
</Markables>

<Relations>
<TLINK r_id="234040" contextualModality="ACT" relType="AFTER" comment="" >
<source m_id="25" />
<target m_id="8" />
</TLINK>
<TLINK r_id="234042" contextualModality="ACT" relType="OVERLAP" comment="" >
<source m_id="25" />
<target m_id="1" />
</TLINK>
<TLINK r_id="234043" contextualModality="ACT" relType="OVERLAP" comment="" >
<source m_id="25" />
<target m_id="10" />
</TLINK>
<TLINK r_id="234044" contextualModality="ACT" relType="AFTER" comment="" >
<source m_id="25" />
<target m_id="2" />
</TLINK>
<TLINK r_id="234046" contextualModality="ACT" relType="OVERLAP" comment="" >
<source m_id="25" />
<target m_id="11" />
</TLINK>
<TLINK r_id="234047" contextualModality="ACT" relType="OVERLAP" comment="" >
<source m_id="25" />
<target m_id="9" />
</TLINK>
<TLINK r_id="234048" contextualModality="ACT" relType="OVERLAP" comment="" >
<source m_id="25" />
<target m_id="3" />
</TLINK>
<TLINK r_id="234049" contextualModality="ACT" relType="AFTER" comment="" >
<source m_id="25" />
<target m_id="4" />
</TLINK>
<TLINK r_id="234050" contextualModality="ACT" relType="AFTER" comment="" >
<source m_id="25" />
<target m_id="5" />
</TLINK>
<TLINK r_id="234051" contextualModality="ACT" relType="AFTER" comment="" >
<source m_id="25" />
<target m_id="6" />
</TLINK>
<TLINK r_id="234052" contextualModality="ACT" relType="AFTER" comment="" >
<source m_id="25" />
<target m_id="7" />
</TLINK>
<PLOT_LINK r_id="234055" SIGNAL="" relType="FALLING_ACTION" CAUSES="FALSE" CAUSED_BY="FALSE" >
<source m_id="3" />
<target m_id="4" />
</PLOT_LINK>
<PLOT_LINK r_id="234056" SIGNAL="" relType="PRECONDITION" CAUSES="FALSE" CAUSED_BY="FALSE" >
<source m_id="5" />
<target m_id="7" />
</PLOT_LINK>
<TLINK r_id="234373" contextualModality="ACT" relType="CONTAINS" comment="" >
<source m_id="39" />
<target m_id="2" />
</TLINK>
<TLINK r_id="234374" contextualModality="ACT" relType="CONTAINS" comment="" >
<source m_id="39" />
<target m_id="8" />
</TLINK>
</Relations>
</Document>
