<Document doc_name="1_21ecbplus.xml">
<token t_id="1" sentence="0" number="0">http</token>
<token t_id="2" sentence="0" number="1">:</token>
<token t_id="3" sentence="0" number="2">/</token>
<token t_id="4" sentence="0" number="3">/</token>
<token t_id="5" sentence="0" number="4">music</token>
<token t_id="6" sentence="0" number="5">.</token>
<token t_id="7" sentence="0" number="6">yahoo</token>
<token t_id="8" sentence="0" number="7">.</token>
<token t_id="9" sentence="0" number="8">com</token>
<token t_id="10" sentence="0" number="9">/</token>
<token t_id="11" sentence="0" number="10">news</token>
<token t_id="12" sentence="0" number="11">/</token>
<token t_id="13" sentence="0" number="12">lawyer</token>
<token t_id="14" sentence="0" number="13">-</token>
<token t_id="15" sentence="0" number="14">lindsay</token>
<token t_id="16" sentence="0" number="15">-</token>
<token t_id="17" sentence="0" number="16">lohan</token>
<token t_id="18" sentence="0" number="17">-</token>
<token t_id="19" sentence="0" number="18">checks</token>
<token t_id="20" sentence="0" number="19">-</token>
<token t_id="21" sentence="0" number="20">rehab</token>
<token t_id="22" sentence="0" number="21">-</token>
<token t_id="23" sentence="0" number="22">facility</token>
<token t_id="24" sentence="0" number="23">-</token>
<token t_id="25" sentence="0" number="24">162019483</token>
<token t_id="26" sentence="0" number="25">.</token>
<token t_id="27" sentence="0" number="26">html</token>
<token t_id="28" sentence="1" number="0">Lawyer</token>
<token t_id="29" sentence="1" number="1">:</token>
<token t_id="30" sentence="1" number="2">Lindsay</token>
<token t_id="31" sentence="1" number="3">Lohan</token>
<token t_id="32" sentence="1" number="4">checks</token>
<token t_id="33" sentence="1" number="5">into</token>
<token t_id="34" sentence="1" number="6">rehab</token>
<token t_id="35" sentence="1" number="7">facility</token>
<token t_id="36" sentence="2" number="0">May</token>
<token t_id="37" sentence="2" number="1">2</token>
<token t_id="38" sentence="2" number="2">,</token>
<token t_id="39" sentence="2" number="3">2013</token>
<token t_id="40" sentence="2" number="4">12</token>
<token t_id="41" sentence="2" number="5">:</token>
<token t_id="42" sentence="2" number="6">50</token>
<token t_id="43" sentence="2" number="7">PM</token>
<token t_id="44" sentence="3" number="0">Lindsay</token>
<token t_id="45" sentence="3" number="1">Lohan</token>
<token t_id="46" sentence="3" number="2">has</token>
<token t_id="47" sentence="3" number="3">checked</token>
<token t_id="48" sentence="3" number="4">into</token>
<token t_id="49" sentence="3" number="5">a</token>
<token t_id="50" sentence="3" number="6">rehab</token>
<token t_id="51" sentence="3" number="7">facility</token>
<token t_id="52" sentence="3" number="8">to</token>
<token t_id="53" sentence="3" number="9">comply</token>
<token t_id="54" sentence="3" number="10">with</token>
<token t_id="55" sentence="3" number="11">her</token>
<token t_id="56" sentence="3" number="12">sentence</token>
<token t_id="57" sentence="3" number="13">in</token>
<token t_id="58" sentence="3" number="14">a</token>
<token t_id="59" sentence="3" number="15">misdemeanor</token>
<token t_id="60" sentence="3" number="16">driving</token>
<token t_id="61" sentence="3" number="17">case</token>
<token t_id="62" sentence="3" number="18">,</token>
<token t_id="63" sentence="3" number="19">but</token>
<token t_id="64" sentence="3" number="20">her</token>
<token t_id="65" sentence="3" number="21">arrival</token>
<token t_id="66" sentence="3" number="22">there</token>
<token t_id="67" sentence="3" number="23">was</token>
<token t_id="68" sentence="3" number="24">not</token>
<token t_id="69" sentence="3" number="25">without</token>
<token t_id="70" sentence="3" number="26">drama</token>
<token t_id="71" sentence="3" number="27">.</token>
<token t_id="72" sentence="4" number="0">"My</token>
<token t_id="73" sentence="4" number="1">client</token>
<token t_id="74" sentence="4" number="2">is</token>
<token t_id="75" sentence="4" number="3">ensconced</token>
<token t_id="76" sentence="4" number="4">in</token>
<token t_id="77" sentence="4" number="5">the</token>
<token t_id="78" sentence="4" number="6">bosom</token>
<token t_id="79" sentence="4" number="7">of</token>
<token t_id="80" sentence="4" number="8">that</token>
<token t_id="81" sentence="4" number="9">facility</token>
<token t_id="82" sentence="4" number="10">right</token>
<token t_id="83" sentence="4" number="11">now</token>
<token t_id="84" sentence="4" number="12">,</token>
<token t_id="85" sentence="4" number="13">"</token>
<token t_id="86" sentence="4" number="14">Heller</token>
<token t_id="87" sentence="4" number="15">argued</token>
<token t_id="88" sentence="4" number="16">after</token>
<token t_id="89" sentence="4" number="17">a</token>
<token t_id="90" sentence="4" number="18">prosecutor</token>
<token t_id="91" sentence="4" number="19">objected</token>
<token t_id="92" sentence="4" number="20">to</token>
<token t_id="93" sentence="4" number="21">Lohan's</token>
<token t_id="94" sentence="4" number="22">choice</token>
<token t_id="95" sentence="4" number="23">of</token>
<token t_id="96" sentence="4" number="24">rehab</token>
<token t_id="97" sentence="4" number="25">facilities</token>
<token t_id="98" sentence="4" number="26">.</token>
<token t_id="99" sentence="4" number="27">"</token>
<token t_id="100" sentence="5" number="0">She's</token>
<token t_id="101" sentence="5" number="1">in</token>
<token t_id="102" sentence="5" number="2">rehab</token>
<token t_id="103" sentence="5" number="3">right</token>
<token t_id="104" sentence="5" number="4">now</token>
<token t_id="105" sentence="5" number="5">.</token>
<token t_id="106" sentence="6" number="0">Nothing</token>
<token t_id="107" sentence="6" number="1">bad</token>
<token t_id="108" sentence="6" number="2">is</token>
<token t_id="109" sentence="6" number="3">going</token>
<token t_id="110" sentence="6" number="4">to</token>
<token t_id="111" sentence="6" number="5">happen</token>
<token t_id="112" sentence="6" number="6">.</token>
<token t_id="113" sentence="6" number="7">"</token>
<token t_id="114" sentence="7" number="0">White</token>
<token t_id="115" sentence="7" number="1">said</token>
<token t_id="116" sentence="7" number="2">he</token>
<token t_id="117" sentence="7" number="3">was</token>
<token t_id="118" sentence="7" number="4">"completely</token>
<token t_id="119" sentence="7" number="5">blindsided"</token>
<token t_id="120" sentence="7" number="6">by</token>
<token t_id="121" sentence="7" number="7">Lohan's</token>
<token t_id="122" sentence="7" number="8">placement</token>
<token t_id="123" sentence="7" number="9">at</token>
<token t_id="124" sentence="7" number="10">Morningside</token>
<token t_id="125" sentence="7" number="11">because</token>
<token t_id="126" sentence="7" number="12">Heller</token>
<token t_id="127" sentence="7" number="13">had</token>
<token t_id="128" sentence="7" number="14">previously</token>
<token t_id="129" sentence="7" number="15">agreed</token>
<token t_id="130" sentence="7" number="16">to</token>
<token t_id="131" sentence="7" number="17">send</token>
<token t_id="132" sentence="7" number="18">the</token>
<token t_id="133" sentence="7" number="19">actress</token>
<token t_id="134" sentence="7" number="20">to</token>
<token t_id="135" sentence="7" number="21">a</token>
<token t_id="136" sentence="7" number="22">different</token>
<token t_id="137" sentence="7" number="23">facility</token>
<token t_id="138" sentence="7" number="24">that</token>
<token t_id="139" sentence="7" number="25">had</token>
<token t_id="140" sentence="7" number="26">been</token>
<token t_id="141" sentence="7" number="27">vetted</token>
<token t_id="142" sentence="7" number="28">.</token>


<Markables>
<ACTION_OCCURRENCE m_id="1" climaxEvent="FALSE" comment=""  >
<token_anchor t_id="60"/>
</ACTION_OCCURRENCE>
<ACTION_OCCURRENCE m_id="2" climaxEvent="FALSE" comment=""  >
<token_anchor t_id="61"/>
</ACTION_OCCURRENCE>
<ACTION_OCCURRENCE m_id="3" climaxEvent="FALSE" comment=""  >
<token_anchor t_id="70"/>
</ACTION_OCCURRENCE>
<ACTION_OCCURRENCE m_id="4" climaxEvent="FALSE" comment=""  >
<token_anchor t_id="122"/>
</ACTION_OCCURRENCE>
<ACTION_OCCURRENCE m_id="5" climaxEvent="TRUE" comment=""  >
<token_anchor t_id="32"/>
<token_anchor t_id="33"/>
</ACTION_OCCURRENCE>
<ACTION_OCCURRENCE m_id="6" climaxEvent="FALSE" comment=""  >
<token_anchor t_id="47"/>
<token_anchor t_id="48"/>
</ACTION_OCCURRENCE>
<ACTION_OCCURRENCE m_id="7" climaxEvent="FALSE" comment=""  >
<token_anchor t_id="53"/>
</ACTION_OCCURRENCE>
<ACTION_OCCURRENCE m_id="8" climaxEvent="FALSE" comment=""  >
<token_anchor t_id="65"/>
</ACTION_OCCURRENCE>
<ACTION_OCCURRENCE m_id="9" climaxEvent="FALSE" comment=""  >
<token_anchor t_id="87"/>
</ACTION_OCCURRENCE>
<ACTION_OCCURRENCE m_id="10" climaxEvent="FALSE" comment=""  >
<token_anchor t_id="91"/>
</ACTION_OCCURRENCE>
<ACTION_OCCURRENCE m_id="11" climaxEvent="FALSE" comment=""  >
<token_anchor t_id="94"/>
</ACTION_OCCURRENCE>
<ACTION_OCCURRENCE m_id="12" climaxEvent="FALSE" comment=""  >
<token_anchor t_id="119"/>
</ACTION_OCCURRENCE>
<ACTION_OCCURRENCE m_id="13" climaxEvent="FALSE" comment=""  >
<token_anchor t_id="129"/>
</ACTION_OCCURRENCE>
<ACTION_OCCURRENCE m_id="14" climaxEvent="FALSE" comment=""  >
<token_anchor t_id="115"/>
</ACTION_OCCURRENCE>
<ACTION_OCCURRENCE m_id="15" climaxEvent="FALSE" comment=""  >
<token_anchor t_id="131"/>
</ACTION_OCCURRENCE>
<ACTION_STATE m_id="16" climaxEvent="FALSE" comment=""  >
<token_anchor t_id="102"/>
</ACTION_STATE>
<ACTION_OCCURRENCE m_id="17" climaxEvent="FALSE" comment=""  >
<token_anchor t_id="141"/>
</ACTION_OCCURRENCE>
<ACTION_OCCURRENCE m_id="18" climaxEvent="FALSE" comment=""  >
<token_anchor t_id="75"/>
</ACTION_OCCURRENCE>
<ACTION_OCCURRENCE m_id="19" climaxEvent="FALSE" comment=""  >
<token_anchor t_id="56"/>
</ACTION_OCCURRENCE>
<HUMAN_PART_PER m_id="33" comment=""  >
<token_anchor t_id="30"/>
<token_anchor t_id="31"/>
</HUMAN_PART_PER>
<HUMAN_PART_PER m_id="34" comment=""  >
<token_anchor t_id="44"/>
<token_anchor t_id="45"/>
</HUMAN_PART_PER>
<HUMAN_PART_PER m_id="20" comment=""  >
<token_anchor t_id="55"/>
</HUMAN_PART_PER>
<HUMAN_PART_PER m_id="21" comment=""  >
<token_anchor t_id="64"/>
</HUMAN_PART_PER>
<HUMAN_PART_PER m_id="22" comment=""  >
<token_anchor t_id="73"/>
</HUMAN_PART_PER>
<HUMAN_PART_PER m_id="23" comment=""  >
<token_anchor t_id="116"/>
</HUMAN_PART_PER>
<HUMAN_PART_PER m_id="24" comment=""  >
<token_anchor t_id="93"/>
</HUMAN_PART_PER>
<HUMAN_PART_PER m_id="25" comment=""  >
<token_anchor t_id="121"/>
</HUMAN_PART_PER>
<HUMAN_PART_PER m_id="26" comment=""  >
<token_anchor t_id="133"/>
</HUMAN_PART_PER>
<HUMAN_PART_PER m_id="27" comment=""  >
<token_anchor t_id="86"/>
</HUMAN_PART_PER>
<HUMAN_PART_PER m_id="28" comment=""  >
<token_anchor t_id="90"/>
</HUMAN_PART_PER>
<HUMAN_PART_PER m_id="29" comment=""  >
<token_anchor t_id="100"/>
</HUMAN_PART_PER>
<HUMAN_PART_PER m_id="30" comment=""  >
<token_anchor t_id="114"/>
</HUMAN_PART_PER>
<HUMAN_PART_PER m_id="31" comment=""  >
<token_anchor t_id="126"/>
</HUMAN_PART_PER>
<HUMAN_PART_PER m_id="32" comment=""  >
<token_anchor t_id="28"/>
</HUMAN_PART_PER>
<LOC_FAC m_id="35"  >
<token_anchor t_id="34"/>
<token_anchor t_id="35"/>
</LOC_FAC>
<LOC_FAC m_id="36"  >
<token_anchor t_id="50"/>
<token_anchor t_id="51"/>
</LOC_FAC>
<LOC_FAC m_id="37"  >
<token_anchor t_id="81"/>
</LOC_FAC>
<LOC_FAC m_id="38"  >
<token_anchor t_id="96"/>
<token_anchor t_id="97"/>
</LOC_FAC>
<LOC_FAC m_id="39"  >
<token_anchor t_id="124"/>
</LOC_FAC>
<LOC_FAC m_id="40"  >
<token_anchor t_id="137"/>
</LOC_FAC>
<LOC_FAC m_id="41"  >
<token_anchor t_id="66"/>
</LOC_FAC>
<LOC_OTHER m_id="42"  >
<token_anchor t_id="78"/>
</LOC_OTHER>
<NEG_ACTION_OCCURRENCE m_id="43" climaxEvent="FALSE" comment=""  >
<token_anchor t_id="111"/>
</NEG_ACTION_OCCURRENCE>
<TIME_DATE m_id="73" comment="" DCT="FALSE" value="2013-05-02" anchorTimeID="44"  >
<token_anchor t_id="104"/>
</TIME_DATE>
<TIME_OF_THE_DAY m_id="44" DCT="TRUE" value="2013-05-02T12:50Z" anchorTimeID=""  >
<token_anchor t_id="36"/>
<token_anchor t_id="37"/>
<token_anchor t_id="38"/>
<token_anchor t_id="39"/>
<token_anchor t_id="40"/>
<token_anchor t_id="41"/>
<token_anchor t_id="42"/>
<token_anchor t_id="43"/>
</TIME_OF_THE_DAY>


<ACTION_OCCURRENCE m_id="45" RELATED_TO="" TAG_DESCRIPTOR="t1_arrival_at_rehab" climaxEvent="FALSE" comment="" />
<LOC_OTHER m_id="46" RELATED_TO="" TAG_DESCRIPTOR="t1_bosom" />
<ACTION_OCCURRENCE m_id="47" RELATED_TO="" TAG_DESCRIPTOR="t1_white_said" climaxEvent="FALSE" comment="" />
<HUMAN_PART_PER m_id="48" RELATED_TO="" TAG_DESCRIPTOR="t1_white" comment="" />
<ACTION_OCCURRENCE m_id="49" RELATED_TO="" TAG_DESCRIPTOR="t1_comply" climaxEvent="FALSE" comment="" />
<ACTION_OCCURRENCE m_id="50" RELATED_TO="" TAG_DESCRIPTOR="t1_send" climaxEvent="FALSE" comment="" />
<LOC_FAC m_id="51" RELATED_TO="" TAG_DESCRIPTOR="t1_different_facility" />
<ACTION_OCCURRENCE m_id="52" RELATED_TO="" TAG_DESCRIPTOR="t1_heller_argued" climaxEvent="FALSE" comment="" />
<ACTION_OCCURRENCE m_id="53" RELATED_TO="" TAG_DESCRIPTOR="t1_treatment" climaxEvent="FALSE" comment="" />
<ACTION_OCCURRENCE m_id="54" RELATED_TO="" TAG_DESCRIPTOR="t1_prosecutor_objected" climaxEvent="FALSE" comment="" />
<TIME_DATE m_id="55" RELATED_TO="" TAG_DESCRIPTOR="t1_previously" comment="" DCT="FALSE" value="" anchorTimeID="" />
<ACTION_OCCURRENCE m_id="56" RELATED_TO="" TAG_DESCRIPTOR="t1_ensconsed" climaxEvent="FALSE" comment="" />
<HUMAN_PART_PER m_id="57" RELATED_TO="" TAG_DESCRIPTOR="t1_prosecutor" comment="" />
<HUMAN_PART_PER m_id="58" RELATED_TO="" TAG_DESCRIPTOR="t1_lindsay_lohan" comment="" />
<LOC_FAC m_id="59" RELATED_TO="" TAG_DESCRIPTOR="t1_morningside" />
<TIME_OF_THE_DAY m_id="60" RELATED_TO="" TAG_DESCRIPTOR="t1_may_2" DCT="FALSE" value="" anchorTimeID="" />
<ACTION_OCCURRENCE m_id="61" RELATED_TO="" TAG_DESCRIPTOR="t1_heller_blindsided" climaxEvent="FALSE" comment="" />
<ACTION_OCCURRENCE m_id="62" RELATED_TO="" TAG_DESCRIPTOR="t1_choice_of_facilities" climaxEvent="FALSE" comment="" />
<ACTION_OCCURRENCE m_id="63" RELATED_TO="" TAG_DESCRIPTOR="t1_vetted" climaxEvent="FALSE" comment="" />
<LOC_FAC m_id="64" RELATED_TO="" TAG_DESCRIPTOR="t1_choice_rehab_facilities" />
<ACTION_OCCURRENCE m_id="65" RELATED_TO="" TAG_DESCRIPTOR="t1_drama" climaxEvent="FALSE" comment="" />
<ACTION_OCCURRENCE m_id="66" RELATED_TO="" TAG_DESCRIPTOR="t1_sentence" climaxEvent="FALSE" comment="" />
<ACTION_OCCURRENCE m_id="67" RELATED_TO="" TAG_DESCRIPTOR="t1_drunk_driving" climaxEvent="FALSE" comment="" />
<HUMAN_PART_PER m_id="68" RELATED_TO="" TAG_DESCRIPTOR="t1_heller" comment="" />
<ACTION_OCCURRENCE m_id="69" RELATED_TO="" TAG_DESCRIPTOR="t1_drunk_driving_case" climaxEvent="FALSE" comment="" />
<NEG_ACTION_OCCURRENCE m_id="70" RELATED_TO="" TAG_DESCRIPTOR="t1_happen" climaxEvent="FALSE" comment="" />
<ACTION_OCCURRENCE m_id="71" RELATED_TO="" TAG_DESCRIPTOR="t1_heller_agreed" climaxEvent="FALSE" comment="" />
<ACTION_OCCURRENCE m_id="72" RELATED_TO="" TAG_DESCRIPTOR="t1_checking_into_morningside_or_showing_up" climaxEvent="FALSE" comment="" />
<TIME_DATE m_id="74" RELATED_TO="" TAG_DESCRIPTOR="t1_2013-05-02" value="" anchorTimeID="" DCT="FALSE" comment="" />
<TIME_DATE m_id="75" RELATED_TO="" TAG_DESCRIPTOR="t1_PAST_REF" comment="" DCT="FALSE" value="PAST_REF" anchorTimeID="44" />
</Markables>

<Relations>
<TLINK r_id="234160" contextualModality="" relType="AFTER" comment="" >
<source m_id="44" />
<target m_id="5" />
</TLINK>
<TLINK r_id="234161" contextualModality="" relType="AFTER" comment="" >
<source m_id="44" />
<target m_id="6" />
</TLINK>
<TLINK r_id="234162" contextualModality="" relType="AFTER" comment="" >
<source m_id="44" />
<target m_id="7" />
</TLINK>
<TLINK r_id="234163" contextualModality="" relType="AFTER" comment="" >
<source m_id="44" />
<target m_id="19" />
</TLINK>
<TLINK r_id="234164" contextualModality="" relType="AFTER" comment="" >
<source m_id="44" />
<target m_id="2" />
</TLINK>
<TLINK r_id="234165" contextualModality="" relType="AFTER" comment="" >
<source m_id="44" />
<target m_id="8" />
</TLINK>
<TLINK r_id="234166" contextualModality="" relType="AFTER" comment="" >
<source m_id="44" />
<target m_id="3" />
</TLINK>
<TLINK r_id="234167" contextualModality="" relType="AFTER" comment="" >
<source m_id="44" />
<target m_id="18" />
</TLINK>
<TLINK r_id="234168" contextualModality="" relType="AFTER" comment="" >
<source m_id="44" />
<target m_id="10" />
</TLINK>
<TLINK r_id="234169" contextualModality="" relType="AFTER" comment="" >
<source m_id="44" />
<target m_id="11" />
</TLINK>
<TLINK r_id="234170" contextualModality="" relType="AFTER" comment="" >
<source m_id="44" />
<target m_id="16" />
</TLINK>
<TLINK r_id="234171" contextualModality="" relType="AFTER" comment="" >
<source m_id="44" />
<target m_id="43" />
</TLINK>
<TLINK r_id="234172" contextualModality="" relType="AFTER" comment="" >
<source m_id="44" />
<target m_id="12" />
</TLINK>
<TLINK r_id="234173" contextualModality="" relType="AFTER" comment="" >
<source m_id="44" />
<target m_id="4" />
</TLINK>
<TLINK r_id="234174" contextualModality="" relType="AFTER" comment="" >
<source m_id="44" />
<target m_id="15" />
</TLINK>
<TLINK r_id="234175" contextualModality="" relType="AFTER" comment="" >
<source m_id="44" />
<target m_id="17" />
</TLINK>
<PLOT_LINK r_id="234176" SIGNAL="" relType="FALLING_ACTION" CAUSES="FALSE" CAUSED_BY="FALSE" >
<source m_id="5" />
<target m_id="7" />
</PLOT_LINK>
<PLOT_LINK r_id="234177" SIGNAL="" relType="PRECONDITION" CAUSES="FALSE" CAUSED_BY="FALSE" >
<source m_id="6" />
<target m_id="7" />
</PLOT_LINK>
<PLOT_LINK r_id="234178" SIGNAL="" relType="FALLING_ACTION" CAUSES="FALSE" CAUSED_BY="FALSE" >
<source m_id="7" />
<target m_id="19" />
</PLOT_LINK>
<PLOT_LINK r_id="234179" SIGNAL="" relType="FALLING_ACTION" CAUSES="FALSE" CAUSED_BY="FALSE" >
<source m_id="19" />
<target m_id="2" />
</PLOT_LINK>
<PLOT_LINK r_id="234180" SIGNAL="" relType="PRECONDITION" CAUSES="FALSE" CAUSED_BY="FALSE" >
<source m_id="8" />
<target m_id="3" />
</PLOT_LINK>
<PLOT_LINK r_id="234181" SIGNAL="" relType="FALLING_ACTION" CAUSES="FALSE" CAUSED_BY="FALSE" >
<source m_id="10" />
<target m_id="11" />
</PLOT_LINK>
<PLOT_LINK r_id="234182" SIGNAL="" relType="FALLING_ACTION" CAUSES="FALSE" CAUSED_BY="FALSE" >
<source m_id="12" />
<target m_id="4" />
</PLOT_LINK>
<PLOT_LINK r_id="234183" SIGNAL="" relType="FALLING_ACTION" CAUSES="FALSE" CAUSED_BY="FALSE" >
<source m_id="12" />
<target m_id="13" />
</PLOT_LINK>
<TLINK r_id="234423" contextualModality="" relType="CONTAINS" comment="" >
<source m_id="74" />
<target m_id="5" />
</TLINK>
<TLINK r_id="234424" contextualModality="" relType="CONTAINS" comment="" >
<source m_id="74" />
<target m_id="6" />
</TLINK>
<TLINK r_id="234428" contextualModality="" relType="CONTAINS" comment="" >
<source m_id="74" />
<target m_id="4" />
</TLINK>
<TLINK r_id="234429" contextualModality="" relType="CONTAINS" comment="" >
<source m_id="74" />
<target m_id="12" />
</TLINK>
<TLINK r_id="234430" contextualModality="" relType="CONTAINS" comment="" >
<source m_id="74" />
<target m_id="43" />
</TLINK>
<TLINK r_id="234431" contextualModality="" relType="CONTAINS" comment="" >
<source m_id="74" />
<target m_id="16" />
</TLINK>
<TLINK r_id="234432" contextualModality="" relType="CONTAINS" comment="" >
<source m_id="74" />
<target m_id="11" />
</TLINK>
<TLINK r_id="234433" contextualModality="" relType="CONTAINS" comment="" >
<source m_id="74" />
<target m_id="10" />
</TLINK>
<TLINK r_id="234434" contextualModality="" relType="CONTAINS" comment="" >
<source m_id="74" />
<target m_id="18" />
</TLINK>
<TLINK r_id="234435" contextualModality="" relType="CONTAINS" comment="" >
<source m_id="74" />
<target m_id="3" />
</TLINK>
<TLINK r_id="234436" contextualModality="" relType="CONTAINS" comment="" >
<source m_id="74" />
<target m_id="8" />
</TLINK>
<TLINK r_id="234438" contextualModality="" relType="CONTAINS" comment="" >
<source m_id="75" />
<target m_id="19" />
</TLINK>
<TLINK r_id="234439" contextualModality="" relType="CONTAINS" comment="" >
<source m_id="75" />
<target m_id="2" />
</TLINK>
<TLINK r_id="234440" contextualModality="" relType="CONTAINS" comment="" >
<source m_id="75" />
<target m_id="17" />
</TLINK>
<TLINK r_id="234441" contextualModality="" relType="CONTAINS" comment="" >
<source m_id="75" />
<target m_id="13" />
</TLINK>
<TLINK r_id="234442" contextualModality="" relType="CONTAINS" comment="" >
<source m_id="73" />
<target m_id="16" />
</TLINK>
<PLOT_LINK r_id="234443" SIGNAL="" relType="PRECONDITION" CAUSES="FALSE" CAUSED_BY="FALSE" >
<source m_id="6" />
<target m_id="18" />
</PLOT_LINK>
<PLOT_LINK r_id="234444" >
<source m_id="12" />
<target m_id="17" />
</PLOT_LINK>
</Relations>
</Document>
