<Document doc_name="1_3ecbplus.xml">
<token t_id="1" sentence="0" number="0">http</token>
<token t_id="2" sentence="0" number="1">:</token>
<token t_id="3" sentence="0" number="2">/</token>
<token t_id="4" sentence="0" number="3">/</token>
<token t_id="5" sentence="0" number="4">www</token>
<token t_id="6" sentence="0" number="5">.</token>
<token t_id="7" sentence="0" number="6">contactmusic</token>
<token t_id="8" sentence="0" number="7">.</token>
<token t_id="9" sentence="0" number="8">com</token>
<token t_id="10" sentence="0" number="9">/</token>
<token t_id="11" sentence="0" number="10">news</token>
<token t_id="12" sentence="0" number="11">/</token>
<token t_id="13" sentence="0" number="12">lindsay</token>
<token t_id="14" sentence="0" number="13">-</token>
<token t_id="15" sentence="0" number="14">lohan</token>
<token t_id="16" sentence="0" number="15">-</token>
<token t_id="17" sentence="0" number="16">rehab</token>
<token t_id="18" sentence="0" number="17">_</token>
<token t_id="19" sentence="0" number="18">3719638</token>
<token t_id="20" sentence="1" number="0">Lindsay</token>
<token t_id="21" sentence="1" number="1">Lohan</token>
<token t_id="22" sentence="1" number="2">Checks</token>
<token t_id="23" sentence="1" number="3">Out</token>
<token t_id="24" sentence="1" number="4">Of</token>
<token t_id="25" sentence="1" number="5">Rehab</token>
<token t_id="26" sentence="1" number="6">.</token>
<token t_id="27" sentence="1" number="7">.</token>
<token t_id="28" sentence="1" number="8">.</token>
<token t_id="29" sentence="1" number="9">To</token>
<token t_id="30" sentence="1" number="10">Check</token>
<token t_id="31" sentence="1" number="11">Into</token>
<token t_id="32" sentence="1" number="12">Different</token>
<token t_id="33" sentence="1" number="13">Rehab</token>
<token t_id="34" sentence="1" number="14">Centre</token>
<token t_id="35" sentence="2" number="0">14</token>
<token t_id="36" sentence="2" number="1">June</token>
<token t_id="37" sentence="2" number="2">2013</token>
<token t_id="38" sentence="3" number="0">The</token>
<token t_id="39" sentence="3" number="1">actress</token>
<token t_id="40" sentence="3" number="2">has</token>
<token t_id="41" sentence="3" number="3">left</token>
<token t_id="42" sentence="3" number="4">the</token>
<token t_id="43" sentence="3" number="5">Betty</token>
<token t_id="44" sentence="3" number="6">Ford</token>
<token t_id="45" sentence="3" number="7">Centre</token>
<token t_id="46" sentence="3" number="8">and</token>
<token t_id="47" sentence="3" number="9">gone</token>
<token t_id="48" sentence="3" number="10">to</token>
<token t_id="49" sentence="3" number="11">Malibu's</token>
<token t_id="50" sentence="3" number="12">Cliffside</token>
<token t_id="51" sentence="3" number="13">resort</token>
<token t_id="52" sentence="3" number="14">.</token>
<token t_id="53" sentence="4" number="0">One</token>
<token t_id="54" sentence="4" number="1">place</token>
<token t_id="55" sentence="4" number="2">Lindsay</token>
<token t_id="56" sentence="4" number="3">is</token>
<token t_id="57" sentence="4" number="4">finding</token>
<token t_id="58" sentence="4" number="5">this</token>
<token t_id="59" sentence="4" number="6">particularly</token>
<token t_id="60" sentence="4" number="7">difficult</token>
<token t_id="61" sentence="4" number="8">though</token>
<token t_id="62" sentence="4" number="9">is</token>
<token t_id="63" sentence="4" number="10">at</token>
<token t_id="64" sentence="4" number="11">the</token>
<token t_id="65" sentence="4" number="12">Betty</token>
<token t_id="66" sentence="4" number="13">Ford</token>
<token t_id="67" sentence="4" number="14">Centre</token>
<token t_id="68" sentence="4" number="15">,</token>
<token t_id="69" sentence="4" number="16">where</token>
<token t_id="70" sentence="4" number="17">the</token>
<token t_id="71" sentence="4" number="18">actress</token>
<token t_id="72" sentence="4" number="19">has</token>
<token t_id="73" sentence="4" number="20">just</token>
<token t_id="74" sentence="4" number="21">finished</token>
<token t_id="75" sentence="4" number="22">30</token>
<token t_id="76" sentence="4" number="23">days'</token>
<token t_id="77" sentence="4" number="24">worth</token>
<token t_id="78" sentence="4" number="25">of</token>
<token t_id="79" sentence="4" number="26">treatment</token>
<token t_id="80" sentence="4" number="27">and</token>
<token t_id="81" sentence="4" number="28">has</token>
<token t_id="82" sentence="4" number="29">decided</token>
<token t_id="83" sentence="4" number="30">that</token>
<token t_id="84" sentence="4" number="31">the</token>
<token t_id="85" sentence="4" number="32">renowned</token>
<token t_id="86" sentence="4" number="33">facilities</token>
<token t_id="87" sentence="4" number="34">there</token>
<token t_id="88" sentence="4" number="35">won't</token>
<token t_id="89" sentence="4" number="36">be</token>
<token t_id="90" sentence="4" number="37">enough</token>
<token t_id="91" sentence="4" number="38">to</token>
<token t_id="92" sentence="4" number="39">keep</token>
<token t_id="93" sentence="4" number="40">her</token>
<token t_id="94" sentence="4" number="41">around</token>
<token t_id="95" sentence="4" number="42">for</token>
<token t_id="96" sentence="4" number="43">her</token>
<token t_id="97" sentence="4" number="44">court</token>
<token t_id="98" sentence="4" number="45">-</token>
<token t_id="99" sentence="4" number="46">ordered</token>
<token t_id="100" sentence="4" number="47">90</token>
<token t_id="101" sentence="4" number="48">-</token>
<token t_id="102" sentence="4" number="49">day</token>
<token t_id="103" sentence="4" number="50">stay</token>
<token t_id="104" sentence="4" number="51">in</token>
<token t_id="105" sentence="4" number="52">rehab</token>
<token t_id="106" sentence="4" number="53">,</token>
<token t_id="107" sentence="4" number="54">so</token>
<token t_id="108" sentence="4" number="55">she's</token>
<token t_id="109" sentence="4" number="56">gone</token>
<token t_id="110" sentence="4" number="57">elsewhere</token>
<token t_id="111" sentence="4" number="58">.</token>
<token t_id="112" sentence="5" number="0">According</token>
<token t_id="113" sentence="5" number="1">to</token>
<token t_id="114" sentence="5" number="2">a</token>
<token t_id="115" sentence="5" number="3">report</token>
<token t_id="116" sentence="5" number="4">from</token>
<token t_id="117" sentence="5" number="5">TMZ</token>
<token t_id="118" sentence="5" number="6">published</token>
<token t_id="119" sentence="5" number="7">this</token>
<token t_id="120" sentence="5" number="8">week</token>
<token t_id="121" sentence="5" number="9">(</token>
<token t_id="122" sentence="5" number="10">June</token>
<token t_id="123" sentence="5" number="11">13</token>
<token t_id="124" sentence="5" number="12">)</token>
<token t_id="125" sentence="5" number="13">,</token>
<token t_id="126" sentence="5" number="14">the</token>
<token t_id="127" sentence="5" number="15">Mean</token>
<token t_id="128" sentence="5" number="16">Girls</token>
<token t_id="129" sentence="5" number="17">actress</token>
<token t_id="130" sentence="5" number="18">has</token>
<token t_id="131" sentence="5" number="19">had</token>
<token t_id="132" sentence="5" number="20">enough</token>
<token t_id="133" sentence="5" number="21">of</token>
<token t_id="134" sentence="5" number="22">the</token>
<token t_id="135" sentence="5" number="23">Palm</token>
<token t_id="136" sentence="5" number="24">Springs</token>
<token t_id="137" sentence="5" number="25">rehab</token>
<token t_id="138" sentence="5" number="26">centre</token>
<token t_id="139" sentence="5" number="27">and</token>
<token t_id="140" sentence="5" number="28">has</token>
<token t_id="141" sentence="5" number="29">decided</token>
<token t_id="142" sentence="5" number="30">to</token>
<token t_id="143" sentence="5" number="31">spend</token>
<token t_id="144" sentence="5" number="32">the</token>
<token t_id="145" sentence="5" number="33">rest</token>
<token t_id="146" sentence="5" number="34">of</token>
<token t_id="147" sentence="5" number="35">her</token>
<token t_id="148" sentence="5" number="36">court</token>
<token t_id="149" sentence="5" number="37">-</token>
<token t_id="150" sentence="5" number="38">ordered</token>
<token t_id="151" sentence="5" number="39">stay</token>
<token t_id="152" sentence="5" number="40">in</token>
<token t_id="153" sentence="5" number="41">a</token>
<token t_id="154" sentence="5" number="42">rehab</token>
<token t_id="155" sentence="5" number="43">centre</token>
<token t_id="156" sentence="5" number="44">in</token>
<token t_id="157" sentence="5" number="45">Malibu</token>
<token t_id="158" sentence="5" number="46">,</token>
<token t_id="159" sentence="5" number="47">named</token>
<token t_id="160" sentence="5" number="48">the</token>
<token t_id="161" sentence="5" number="49">Cliffside</token>
<token t_id="162" sentence="5" number="50">.</token>
<token t_id="163" sentence="6" number="0">Lindsay</token>
<token t_id="164" sentence="6" number="1">hasn't</token>
<token t_id="165" sentence="6" number="2">messed</token>
<token t_id="166" sentence="6" number="3">around</token>
<token t_id="167" sentence="6" number="4">in</token>
<token t_id="168" sentence="6" number="5">getting</token>
<token t_id="169" sentence="6" number="6">to</token>
<token t_id="170" sentence="6" number="7">the</token>
<token t_id="171" sentence="6" number="8">new</token>
<token t_id="172" sentence="6" number="9">facility</token>
<token t_id="173" sentence="6" number="10">either</token>
<token t_id="174" sentence="6" number="11">and</token>
<token t_id="175" sentence="6" number="12">she</token>
<token t_id="176" sentence="6" number="13">is</token>
<token t_id="177" sentence="6" number="14">reportedly</token>
<token t_id="178" sentence="6" number="15">already</token>
<token t_id="179" sentence="6" number="16">a</token>
<token t_id="180" sentence="6" number="17">patient</token>
<token t_id="181" sentence="6" number="18">of</token>
<token t_id="182" sentence="6" number="19">the</token>
<token t_id="183" sentence="6" number="20">Cliffside</token>
<token t_id="184" sentence="6" number="21">rehab</token>
<token t_id="185" sentence="6" number="22">centre</token>
<token t_id="186" sentence="6" number="23">,</token>
<token t_id="187" sentence="6" number="24">having</token>
<token t_id="188" sentence="6" number="25">checked</token>
<token t_id="189" sentence="6" number="26">out</token>
<token t_id="190" sentence="6" number="27">of</token>
<token t_id="191" sentence="6" number="28">the</token>
<token t_id="192" sentence="6" number="29">Betty</token>
<token t_id="193" sentence="6" number="30">Ford</token>
<token t_id="194" sentence="6" number="31">Centre</token>
<token t_id="195" sentence="6" number="32">on</token>
<token t_id="196" sentence="6" number="33">Thursday</token>
<token t_id="197" sentence="6" number="34">(</token>
<token t_id="198" sentence="6" number="35">June</token>
<token t_id="199" sentence="6" number="36">13</token>
<token t_id="200" sentence="6" number="37">)</token>
<token t_id="201" sentence="6" number="38">this</token>
<token t_id="202" sentence="6" number="39">week</token>
<token t_id="203" sentence="6" number="40">and</token>
<token t_id="204" sentence="6" number="41">committing</token>
<token t_id="205" sentence="6" number="42">herself</token>
<token t_id="206" sentence="6" number="43">to</token>
<token t_id="207" sentence="6" number="44">Cliffside</token>
<token t_id="208" sentence="6" number="45">almost</token>
<token t_id="209" sentence="6" number="46">immediately</token>
<token t_id="210" sentence="6" number="47">afterward</token>
<token t_id="211" sentence="6" number="48">.</token>


<Markables>
<ACTION_ASPECTUAL m_id="1" comment=""  >
<token_anchor t_id="74"/>
</ACTION_ASPECTUAL>
<ACTION_OCCURRENCE m_id="2" climaxEvent="FALSE" comment=""  >
<token_anchor t_id="22"/>
<token_anchor t_id="23"/>
</ACTION_OCCURRENCE>
<ACTION_OCCURRENCE m_id="3" climaxEvent="TRUE" comment=""  >
<token_anchor t_id="30"/>
<token_anchor t_id="31"/>
</ACTION_OCCURRENCE>
<ACTION_OCCURRENCE m_id="4" climaxEvent="FALSE" comment=""  >
<token_anchor t_id="41"/>
</ACTION_OCCURRENCE>
<ACTION_OCCURRENCE m_id="5" climaxEvent="FALSE" comment=""  >
<token_anchor t_id="47"/>
</ACTION_OCCURRENCE>
<ACTION_OCCURRENCE m_id="6" climaxEvent="FALSE" comment=""  >
<token_anchor t_id="57"/>
</ACTION_OCCURRENCE>
<ACTION_OCCURRENCE m_id="7" climaxEvent="FALSE" comment=""  >
<token_anchor t_id="150"/>
</ACTION_OCCURRENCE>
<ACTION_OCCURRENCE m_id="8" climaxEvent="FALSE" comment=""  >
<token_anchor t_id="82"/>
</ACTION_OCCURRENCE>
<ACTION_OCCURRENCE m_id="9" climaxEvent="FALSE" comment=""  >
<token_anchor t_id="92"/>
</ACTION_OCCURRENCE>
<ACTION_OCCURRENCE m_id="10" climaxEvent="FALSE" comment=""  >
<token_anchor t_id="165"/>
<token_anchor t_id="166"/>
</ACTION_OCCURRENCE>
<ACTION_OCCURRENCE m_id="11" climaxEvent="FALSE" comment=""  >
<token_anchor t_id="109"/>
</ACTION_OCCURRENCE>
<ACTION_OCCURRENCE m_id="12" climaxEvent="FALSE" comment=""  >
<token_anchor t_id="118"/>
</ACTION_OCCURRENCE>
<ACTION_OCCURRENCE m_id="13" climaxEvent="FALSE" comment=""  >
<token_anchor t_id="131"/>
<token_anchor t_id="132"/>
</ACTION_OCCURRENCE>
<ACTION_OCCURRENCE m_id="14" climaxEvent="FALSE" comment=""  >
<token_anchor t_id="141"/>
</ACTION_OCCURRENCE>
<ACTION_OCCURRENCE m_id="15" climaxEvent="FALSE" comment=""  >
<token_anchor t_id="159"/>
</ACTION_OCCURRENCE>
<ACTION_OCCURRENCE m_id="16" climaxEvent="FALSE" comment=""  >
<token_anchor t_id="168"/>
</ACTION_OCCURRENCE>
<ACTION_OCCURRENCE m_id="17" climaxEvent="FALSE" comment=""  >
<token_anchor t_id="188"/>
<token_anchor t_id="189"/>
</ACTION_OCCURRENCE>
<ACTION_OCCURRENCE m_id="18" climaxEvent="FALSE" comment=""  >
<token_anchor t_id="204"/>
</ACTION_OCCURRENCE>
<ACTION_OCCURRENCE m_id="19" climaxEvent="FALSE" comment=""  >
<token_anchor t_id="79"/>
</ACTION_OCCURRENCE>
<ACTION_OCCURRENCE m_id="82" comment="" climaxEvent="FALSE"  >
<token_anchor t_id="103"/>
</ACTION_OCCURRENCE>
<ACTION_STATE m_id="20" climaxEvent="FALSE" comment=""  >
<token_anchor t_id="151"/>
</ACTION_STATE>
<HUMAN_PART_ORG m_id="21"  >
<token_anchor t_id="117"/>
</HUMAN_PART_ORG>
<HUMAN_PART_PER m_id="33" comment=""  >
<token_anchor t_id="55"/>
</HUMAN_PART_PER>
<HUMAN_PART_PER m_id="22" comment=""  >
<token_anchor t_id="71"/>
</HUMAN_PART_PER>
<HUMAN_PART_PER m_id="23" comment=""  >
<token_anchor t_id="93"/>
</HUMAN_PART_PER>
<HUMAN_PART_PER m_id="24" comment=""  >
<token_anchor t_id="108"/>
</HUMAN_PART_PER>
<HUMAN_PART_PER m_id="25" comment=""  >
<token_anchor t_id="129"/>
</HUMAN_PART_PER>
<HUMAN_PART_PER m_id="26" comment=""  >
<token_anchor t_id="147"/>
</HUMAN_PART_PER>
<HUMAN_PART_PER m_id="27" comment=""  >
<token_anchor t_id="163"/>
</HUMAN_PART_PER>
<HUMAN_PART_PER m_id="28" comment=""  >
<token_anchor t_id="175"/>
</HUMAN_PART_PER>
<HUMAN_PART_PER m_id="29" comment=""  >
<token_anchor t_id="205"/>
</HUMAN_PART_PER>
<HUMAN_PART_PER m_id="30" comment=""  >
<token_anchor t_id="20"/>
<token_anchor t_id="21"/>
</HUMAN_PART_PER>
<HUMAN_PART_PER m_id="31" comment=""  >
<token_anchor t_id="180"/>
</HUMAN_PART_PER>
<HUMAN_PART_PER m_id="32" comment=""  >
<token_anchor t_id="39"/>
</HUMAN_PART_PER>
<LOC_FAC m_id="34"  >
<token_anchor t_id="87"/>
</LOC_FAC>
<LOC_FAC m_id="35"  >
<token_anchor t_id="84"/>
<token_anchor t_id="85"/>
<token_anchor t_id="86"/>
</LOC_FAC>
<LOC_FAC m_id="36"  >
<token_anchor t_id="42"/>
<token_anchor t_id="43"/>
<token_anchor t_id="44"/>
<token_anchor t_id="45"/>
</LOC_FAC>
<LOC_FAC m_id="37"  >
<token_anchor t_id="48"/>
<token_anchor t_id="49"/>
<token_anchor t_id="50"/>
<token_anchor t_id="51"/>
</LOC_FAC>
<LOC_FAC m_id="38"  >
<token_anchor t_id="64"/>
<token_anchor t_id="65"/>
<token_anchor t_id="66"/>
<token_anchor t_id="67"/>
</LOC_FAC>
<LOC_FAC m_id="39"  >
<token_anchor t_id="207"/>
</LOC_FAC>
<LOC_FAC m_id="40"  >
<token_anchor t_id="153"/>
<token_anchor t_id="154"/>
<token_anchor t_id="155"/>
<token_anchor t_id="156"/>
<token_anchor t_id="157"/>
</LOC_FAC>
<LOC_FAC m_id="41"  >
<token_anchor t_id="160"/>
<token_anchor t_id="161"/>
</LOC_FAC>
<LOC_FAC m_id="42"  >
<token_anchor t_id="25"/>
</LOC_FAC>
<LOC_FAC m_id="43"  >
<token_anchor t_id="134"/>
<token_anchor t_id="135"/>
<token_anchor t_id="136"/>
<token_anchor t_id="137"/>
<token_anchor t_id="138"/>
</LOC_FAC>
<LOC_FAC m_id="44"  >
<token_anchor t_id="33"/>
<token_anchor t_id="34"/>
</LOC_FAC>
<LOC_FAC m_id="45"  >
<token_anchor t_id="170"/>
<token_anchor t_id="171"/>
<token_anchor t_id="172"/>
</LOC_FAC>
<LOC_FAC m_id="46"  >
<token_anchor t_id="182"/>
<token_anchor t_id="183"/>
<token_anchor t_id="184"/>
<token_anchor t_id="185"/>
</LOC_FAC>
<LOC_FAC m_id="47"  >
<token_anchor t_id="191"/>
<token_anchor t_id="192"/>
<token_anchor t_id="193"/>
<token_anchor t_id="194"/>
</LOC_FAC>
<LOC_FAC m_id="48"  >
<token_anchor t_id="148"/>
</LOC_FAC>
<LOC_FAC m_id="49"  >
<token_anchor t_id="54"/>
</LOC_FAC>
<LOC_FAC m_id="50"  >
<token_anchor t_id="69"/>
</LOC_FAC>
<NON_HUMAN_PART m_id="51" comment=""  >
<token_anchor t_id="115"/>
</NON_HUMAN_PART>
<TIME_DATE m_id="52" comment="" DCT="FALSE" value="2013-06-13" anchorTimeID="53"  >
<token_anchor t_id="196"/>
<token_anchor t_id="197"/>
<token_anchor t_id="198"/>
<token_anchor t_id="199"/>
<token_anchor t_id="200"/>
<token_anchor t_id="201"/>
<token_anchor t_id="202"/>
</TIME_DATE>
<TIME_DATE m_id="53" comment="" DCT="TRUE" value="2013-06-14" anchorTimeID=""  >
<token_anchor t_id="35"/>
<token_anchor t_id="36"/>
<token_anchor t_id="37"/>
</TIME_DATE>
<TIME_DATE m_id="54" comment="" DCT="FALSE" value="2013-06-13" anchorTimeID="53"  >
<token_anchor t_id="121"/>
<token_anchor t_id="122"/>
<token_anchor t_id="123"/>
<token_anchor t_id="124"/>
</TIME_DATE>
<TIME_DURATION m_id="55" endPoint="53" value="P30D" begin="83" anchorTimeID="53"  >
<token_anchor t_id="75"/>
<token_anchor t_id="76"/>
</TIME_DURATION>
<TIME_DURATION m_id="56" endPoint="" value="" begin="" anchorTimeID=""  >
<token_anchor t_id="100"/>
<token_anchor t_id="101"/>
<token_anchor t_id="102"/>
</TIME_DURATION>


<ACTION_OCCURRENCE m_id="57" RELATED_TO="" TAG_DESCRIPTOR="t1_named_cliffside" climaxEvent="FALSE" comment="" />
<ACTION_OCCURRENCE m_id="58" RELATED_TO="" TAG_DESCRIPTOR="t1_court_ordered" climaxEvent="FALSE" comment="" />
<TIME_DATE m_id="59" RELATED_TO="" TAG_DESCRIPTOR="t1_immediately_afterward" comment="" DCT="FALSE" value="" anchorTimeID="" />
<ACTION_OCCURRENCE m_id="60" RELATED_TO="" TAG_DESCRIPTOR="t1_publish_report_tmz" climaxEvent="FALSE" comment="" />
<ACTION_OCCURRENCE m_id="61" RELATED_TO="" TAG_DESCRIPTOR="t1_messed_around" climaxEvent="FALSE" comment="" />
<ACTION_OCCURRENCE m_id="62" RELATED_TO="" TAG_DESCRIPTOR="t1_decided_leave_betty_ford" climaxEvent="FALSE" comment="" />
<ACTION_OCCURRENCE m_id="63" RELATED_TO="" TAG_DESCRIPTOR="t1_checking_out_betty_ford" climaxEvent="FALSE" comment="" />
<LOC_FAC m_id="64" RELATED_TO="" TAG_DESCRIPTOR="t1_court" />
<ACTION_OCCURRENCE m_id="65" RELATED_TO="" TAG_DESCRIPTOR="t1_treatment" climaxEvent="FALSE" comment="" />
<NON_HUMAN_PART m_id="66" RELATED_TO="" TAG_DESCRIPTOR="t1_report_from_tmz" comment="" />
<TIME_DATE m_id="67" RELATED_TO="" TAG_DESCRIPTOR="t1_thursday" comment="" DCT="FALSE" value="" anchorTimeID="" />
<TIME_DURATION m_id="68" RELATED_TO="" TAG_DESCRIPTOR="t1_90_days" endPoint="84" value="P90D" begin="83" anchorTimeID="55" />
<ACTION_OCCURRENCE m_id="69" RELATED_TO="" TAG_DESCRIPTOR="t1_finding_difficult" climaxEvent="FALSE" comment="" />
<ACTION_STATE m_id="70" RELATED_TO="" TAG_DESCRIPTOR="t1_stay_in_rehab" climaxEvent="FALSE" comment="" />
<ACTION_OCCURRENCE m_id="71" RELATED_TO="" TAG_DESCRIPTOR="t1_leaving_betty_ford" climaxEvent="FALSE" comment="" />
<ACTION_OCCURRENCE m_id="72" RELATED_TO="" TAG_DESCRIPTOR="t1_keep_around" climaxEvent="FALSE" comment="" />
<ACTION_ASPECTUAL m_id="73" RELATED_TO="" TAG_DESCRIPTOR="t1_finished_treatment" comment="" />
<LOC_FAC m_id="74" RELATED_TO="" TAG_DESCRIPTOR="t1_cliffside" />
<HUMAN_PART_ORG m_id="75" RELATED_TO="" TAG_DESCRIPTOR="t1_tmz" />
<LOC_FAC m_id="76" RELATED_TO="" TAG_DESCRIPTOR="t1_betty_ford" />
<ACTION_OCCURRENCE m_id="77" RELATED_TO="" TAG_DESCRIPTOR="t1_checking_into_cliffside" climaxEvent="FALSE" comment="" />
<HUMAN_PART_PER m_id="78" RELATED_TO="" TAG_DESCRIPTOR="t1_lindsay_lohan" comment="" />
<ACTION_OCCURRENCE m_id="79" RELATED_TO="" TAG_DESCRIPTOR="t1_getting_to_cliffside" climaxEvent="FALSE" comment="" />
<TIME_DURATION m_id="80" RELATED_TO="" TAG_DESCRIPTOR="t1_30_days" endPoint="" value="" begin="" anchorTimeID="" />
<ACTION_OCCURRENCE m_id="81" RELATED_TO="" TAG_DESCRIPTOR="t1_had_enough_of_betty_ford" climaxEvent="FALSE" comment="" />
<TIME_DATE m_id="83" RELATED_TO="" TAG_DESCRIPTOR="t1_2013-05" value="" anchorTimeID="" DCT="FALSE" comment="" />
<TIME_DATE m_id="84" RELATED_TO="" TAG_DESCRIPTOR="t1_2013-08" value="" anchorTimeID="" DCT="FALSE" comment="" />
</Markables>

<Relations>
<TLINK r_id="233646" contextualModality="" relType="AFTER" comment="" >
<source m_id="53" />
<target m_id="2" />
</TLINK>
<TLINK r_id="233647" contextualModality="" relType="AFTER" comment="" >
<source m_id="53" />
<target m_id="3" />
</TLINK>
<TLINK r_id="233648" contextualModality="" relType="AFTER" comment="" >
<source m_id="53" />
<target m_id="4" />
</TLINK>
<TLINK r_id="233649" contextualModality="" relType="AFTER" comment="" >
<source m_id="53" />
<target m_id="5" />
</TLINK>
<TLINK r_id="233651" contextualModality="" relType="AFTER" comment="" >
<source m_id="53" />
<target m_id="19" />
</TLINK>
<TLINK r_id="233652" contextualModality="" relType="AFTER" comment="" >
<source m_id="53" />
<target m_id="9" />
</TLINK>
<TLINK r_id="233653" contextualModality="" relType="AFTER" comment="" >
<source m_id="53" />
<target m_id="8" />
</TLINK>
<TLINK r_id="233654" contextualModality="" relType="AFTER" comment="" >
<source m_id="53" />
<target m_id="11" />
</TLINK>
<TLINK r_id="233655" contextualModality="" relType="AFTER" comment="" >
<source m_id="53" />
<target m_id="12" />
</TLINK>
<TLINK r_id="233656" contextualModality="" relType="OVERLAP" comment="" >
<source m_id="53" />
<target m_id="20" />
</TLINK>
<TLINK r_id="233657" contextualModality="" relType="AFTER" comment="" >
<source m_id="53" />
<target m_id="14" />
</TLINK>
<TLINK r_id="233658" contextualModality="" relType="AFTER" comment="" >
<source m_id="53" />
<target m_id="10" />
</TLINK>
<TLINK r_id="233659" contextualModality="" relType="AFTER" comment="" >
<source m_id="53" />
<target m_id="16" />
</TLINK>
<TLINK r_id="233660" contextualModality="" relType="AFTER" comment="" >
<source m_id="53" />
<target m_id="17" />
</TLINK>
<TLINK r_id="233661" contextualModality="" relType="AFTER" comment="" >
<source m_id="53" />
<target m_id="18" />
</TLINK>
<TLINK r_id="233662" contextualModality="" relType="CONTAINS" comment="" >
<source m_id="52" />
<target m_id="18" />
</TLINK>
<TLINK r_id="233663" contextualModality="" relType="CONTAINS" comment="" >
<source m_id="52" />
<target m_id="17" />
</TLINK>
<TLINK r_id="233664" contextualModality="" relType="CONTAINS" comment="" >
<source m_id="52" />
<target m_id="10" />
</TLINK>
<TLINK r_id="233665" contextualModality="" relType="CONTAINS" comment="" >
<source m_id="52" />
<target m_id="16" />
</TLINK>
<TLINK r_id="233666" contextualModality="" relType="CONTAINS" comment="" >
<source m_id="54" />
<target m_id="4" />
</TLINK>
<TLINK r_id="233667" contextualModality="" relType="CONTAINS" comment="" >
<source m_id="54" />
<target m_id="5" />
</TLINK>
<TLINK r_id="233669" contextualModality="" relType="ENDED_ON" comment="" >
<source m_id="54" />
<target m_id="19" />
</TLINK>
<TLINK r_id="233670" contextualModality="" relType="CONTAINS" comment="" >
<source m_id="54" />
<target m_id="8" />
</TLINK>
<TLINK r_id="233671" contextualModality="" relType="CONTAINS" comment="" >
<source m_id="54" />
<target m_id="9" />
</TLINK>
<TLINK r_id="233673" contextualModality="" relType="CONTAINS" comment="" >
<source m_id="54" />
<target m_id="11" />
</TLINK>
<TLINK r_id="233674" contextualModality="" relType="CONTAINS" comment="" >
<source m_id="54" />
<target m_id="12" />
</TLINK>
<TLINK r_id="233675" contextualModality="" relType="CONTAINS" comment="" >
<source m_id="54" />
<target m_id="13" />
</TLINK>
<TLINK r_id="233676" contextualModality="" relType="CONTAINS" comment="" >
<source m_id="54" />
<target m_id="14" />
</TLINK>
<TLINK r_id="233677" contextualModality="" relType="OVERLAP" comment="" >
<source m_id="54" />
<target m_id="20" />
</TLINK>
<TLINK r_id="233678" contextualModality="" relType="CONTAINS" comment="" >
<source m_id="54" />
<target m_id="2" />
</TLINK>
<TLINK r_id="233679" contextualModality="" relType="CONTAINS" comment="" >
<source m_id="54" />
<target m_id="3" />
</TLINK>
<PLOT_LINK r_id="233680" SIGNAL="" relType="PRECONDITION" CAUSES="FALSE" CAUSED_BY="FALSE" >
<source m_id="2" />
<target m_id="3" />
</PLOT_LINK>
<PLOT_LINK r_id="233681" SIGNAL="" relType="PRECONDITION" CAUSES="FALSE" CAUSED_BY="FALSE" >
<source m_id="4" />
<target m_id="5" />
</PLOT_LINK>
<PLOT_LINK r_id="233682" SIGNAL="" relType="PRECONDITION" CAUSES="FALSE" CAUSED_BY="FALSE" >
<source m_id="19" />
<target m_id="9" />
</PLOT_LINK>
<PLOT_LINK r_id="233683" SIGNAL="" relType="PRECONDITION" CAUSES="FALSE" CAUSED_BY="FALSE" >
<source m_id="13" />
<target m_id="11" />
</PLOT_LINK>
<PLOT_LINK r_id="233684" SIGNAL="" relType="PRECONDITION" CAUSES="FALSE" CAUSED_BY="FALSE" >
<source m_id="13" />
<target m_id="14" />
</PLOT_LINK>
<PLOT_LINK r_id="233686" SIGNAL="" relType="PRECONDITION" CAUSES="FALSE" CAUSED_BY="FALSE" >
<source m_id="13" />
<target m_id="17" />
</PLOT_LINK>
<PLOT_LINK r_id="233687" SIGNAL="" relType="PRECONDITION" CAUSES="FALSE" CAUSED_BY="FALSE" >
<source m_id="13" />
<target m_id="18" />
</PLOT_LINK>
<PLOT_LINK r_id="233688" SIGNAL="" relType="FALLING_ACTION" CAUSES="FALSE" CAUSED_BY="FALSE" >
<source m_id="20" />
<target m_id="17" />
</PLOT_LINK>
<PLOT_LINK r_id="233689" SIGNAL="" relType="PRECONDITION" CAUSES="FALSE" CAUSED_BY="FALSE" >
<source m_id="20" />
<target m_id="18" />
</PLOT_LINK>
<PLOT_LINK r_id="234448" SIGNAL="" relType="PRECONDITION" CAUSES="FALSE" CAUSED_BY="FALSE" >
<source m_id="13" />
<target m_id="2" />
</PLOT_LINK>
<PLOT_LINK r_id="234449" SIGNAL="" relType="PRECONDITION" CAUSES="FALSE" CAUSED_BY="FALSE" >
<source m_id="19" />
<target m_id="3" />
</PLOT_LINK>
<PLOT_LINK r_id="234450" SIGNAL="" relType="PRECONDITION" CAUSES="FALSE" CAUSED_BY="FALSE" >
<source m_id="13" />
<target m_id="4" />
</PLOT_LINK>
<PLOT_LINK r_id="234451" SIGNAL="" relType="PRECONDITION" CAUSES="FALSE" CAUSED_BY="FALSE" >
<source m_id="13" />
<target m_id="5" />
</PLOT_LINK>
<TLINK r_id="234452" contextualModality="" relType="CONTAINS" comment="" >
<source m_id="55" />
<target m_id="19" />
</TLINK>
<TLINK r_id="234453" contextualModality="" relType="BEGUN_ON" comment="" >
<source m_id="83" />
<target m_id="19" />
</TLINK>
</Relations>
</Document>
