<Document doc_name="1_9ecbplus.xml">
<token t_id="1" sentence="0" number="0">http</token>
<token t_id="2" sentence="0" number="1">:</token>
<token t_id="3" sentence="0" number="2">/</token>
<token t_id="4" sentence="0" number="3">/</token>
<token t_id="5" sentence="0" number="4">ktla</token>
<token t_id="6" sentence="0" number="5">.</token>
<token t_id="7" sentence="0" number="6">com</token>
<token t_id="8" sentence="0" number="7">/</token>
<token t_id="9" sentence="0" number="8">2013</token>
<token t_id="10" sentence="0" number="9">/</token>
<token t_id="11" sentence="0" number="10">05</token>
<token t_id="12" sentence="0" number="11">/</token>
<token t_id="13" sentence="0" number="12">03</token>
<token t_id="14" sentence="0" number="13">/</token>
<token t_id="15" sentence="0" number="14">lohan</token>
<token t_id="16" sentence="0" number="15">-</token>
<token t_id="17" sentence="0" number="16">may</token>
<token t_id="18" sentence="0" number="17">-</token>
<token t_id="19" sentence="0" number="18">miss</token>
<token t_id="20" sentence="0" number="19">-</token>
<token t_id="21" sentence="0" number="20">rehab</token>
<token t_id="22" sentence="0" number="21">-</token>
<token t_id="23" sentence="0" number="22">deadline</token>
<token t_id="24" sentence="0" number="23">-</token>
<token t_id="25" sentence="0" number="24">dad</token>
<token t_id="26" sentence="0" number="25">-</token>
<token t_id="27" sentence="0" number="26">says</token>
<token t_id="28" sentence="0" number="27">/</token>
<token t_id="29" sentence="1" number="0">Lohan</token>
<token t_id="30" sentence="1" number="1">Checks</token>
<token t_id="31" sentence="1" number="2">into</token>
<token t_id="32" sentence="1" number="3">Betty</token>
<token t_id="33" sentence="1" number="4">Ford</token>
<token t_id="34" sentence="1" number="5">,</token>
<token t_id="35" sentence="1" number="6">Rehires</token>
<token t_id="36" sentence="1" number="7">Attorney</token>
<token t_id="37" sentence="2" number="0">After</token>
<token t_id="38" sentence="2" number="1">she</token>
<token t_id="39" sentence="2" number="2">abruptly</token>
<token t_id="40" sentence="2" number="3">left</token>
<token t_id="41" sentence="2" number="4">a</token>
<token t_id="42" sentence="2" number="5">rehab</token>
<token t_id="43" sentence="2" number="6">facility</token>
<token t_id="44" sentence="2" number="7">in</token>
<token t_id="45" sentence="2" number="8">Newport</token>
<token t_id="46" sentence="2" number="9">Beach</token>
<token t_id="47" sentence="2" number="10">on</token>
<token t_id="48" sentence="2" number="11">Thursday</token>
<token t_id="49" sentence="2" number="12">,</token>
<token t_id="50" sentence="2" number="13">Lindsay</token>
<token t_id="51" sentence="2" number="14">Lohan</token>
<token t_id="52" sentence="2" number="15">has</token>
<token t_id="53" sentence="2" number="16">checked</token>
<token t_id="54" sentence="2" number="17">into</token>
<token t_id="55" sentence="2" number="18">the</token>
<token t_id="56" sentence="2" number="19">Betty</token>
<token t_id="57" sentence="2" number="20">Ford</token>
<token t_id="58" sentence="2" number="21">Center</token>
<token t_id="59" sentence="2" number="22">in</token>
<token t_id="60" sentence="2" number="23">Rancho</token>
<token t_id="61" sentence="2" number="24">Mirage</token>
<token t_id="62" sentence="2" number="25">.</token>
<token t_id="63" sentence="3" number="0">The</token>
<token t_id="64" sentence="3" number="1">actress</token>
<token t_id="65" sentence="3" number="2">,</token>
<token t_id="66" sentence="3" number="3">26</token>
<token t_id="67" sentence="3" number="4">,</token>
<token t_id="68" sentence="3" number="5">checked</token>
<token t_id="69" sentence="3" number="6">in</token>
<token t_id="70" sentence="3" number="7">late</token>
<token t_id="71" sentence="3" number="8">Thursday</token>
<token t_id="72" sentence="3" number="9">night</token>
<token t_id="73" sentence="3" number="10">,</token>
<token t_id="74" sentence="3" number="11">TMZ</token>
<token t_id="75" sentence="3" number="12">reports</token>
<token t_id="76" sentence="3" number="13">,</token>
<token t_id="77" sentence="3" number="14">barely</token>
<token t_id="78" sentence="3" number="15">making</token>
<token t_id="79" sentence="3" number="16">the</token>
<token t_id="80" sentence="3" number="17">deadline</token>
<token t_id="81" sentence="3" number="18">and</token>
<token t_id="82" sentence="3" number="19">dodging</token>
<token t_id="83" sentence="3" number="20">an</token>
<token t_id="84" sentence="3" number="21">arrest</token>
<token t_id="85" sentence="3" number="22">warrant</token>
<token t_id="86" sentence="3" number="23">.</token>
<token t_id="87" sentence="4" number="0">TMZ</token>
<token t_id="88" sentence="4" number="1">also</token>
<token t_id="89" sentence="4" number="2">reports</token>
<token t_id="90" sentence="4" number="3">that</token>
<token t_id="91" sentence="4" number="4">Lohan</token>
<token t_id="92" sentence="4" number="5">has</token>
<token t_id="93" sentence="4" number="6">re</token>
<token t_id="94" sentence="4" number="7">-</token>
<token t_id="95" sentence="4" number="8">hired</token>
<token t_id="96" sentence="4" number="9">attorney</token>
<token t_id="97" sentence="4" number="10">Shawn</token>
<token t_id="98" sentence="4" number="11">Holley</token>
<token t_id="99" sentence="4" number="12">.</token>
<token t_id="100" sentence="5" number="0">Lohan</token>
<token t_id="101" sentence="5" number="1">had</token>
<token t_id="102" sentence="5" number="2">checked</token>
<token t_id="103" sentence="5" number="3">into</token>
<token t_id="104" sentence="5" number="4">Morningside</token>
<token t_id="105" sentence="5" number="5">Recovery</token>
<token t_id="106" sentence="5" number="6">Center</token>
<token t_id="107" sentence="5" number="7">Thursday</token>
<token t_id="108" sentence="5" number="8">morning</token>
<token t_id="109" sentence="5" number="9">,</token>
<token t_id="110" sentence="5" number="10">but</token>
<token t_id="111" sentence="5" number="11">then</token>
<token t_id="112" sentence="5" number="12">left</token>
<token t_id="113" sentence="5" number="13">because</token>
<token t_id="114" sentence="5" number="14">“</token>
<token t_id="115" sentence="5" number="15">she</token>
<token t_id="116" sentence="5" number="16">was</token>
<token t_id="117" sentence="5" number="17">not</token>
<token t_id="118" sentence="5" number="18">happy</token>
<token t_id="119" sentence="5" number="19">with</token>
<token t_id="120" sentence="5" number="20">the</token>
<token t_id="121" sentence="5" number="21">place</token>
<token t_id="122" sentence="5" number="22">,</token>
<token t_id="123" sentence="5" number="23">”</token>
<token t_id="124" sentence="5" number="24">her</token>
<token t_id="125" sentence="5" number="25">father</token>
<token t_id="126" sentence="5" number="26">said</token>
<token t_id="127" sentence="5" number="27">.</token>


<Markables>
<ACTION_OCCURRENCE m_id="1" climaxEvent="TRUE" comment=""  >
<token_anchor t_id="30"/>
<token_anchor t_id="31"/>
</ACTION_OCCURRENCE>
<ACTION_OCCURRENCE m_id="2" climaxEvent="FALSE" comment=""  >
<token_anchor t_id="35"/>
</ACTION_OCCURRENCE>
<ACTION_OCCURRENCE m_id="3" climaxEvent="FALSE" comment=""  >
<token_anchor t_id="40"/>
</ACTION_OCCURRENCE>
<ACTION_OCCURRENCE m_id="4" climaxEvent="FALSE" comment=""  >
<token_anchor t_id="53"/>
<token_anchor t_id="54"/>
</ACTION_OCCURRENCE>
<ACTION_OCCURRENCE m_id="5" climaxEvent="FALSE" comment=""  >
<token_anchor t_id="68"/>
<token_anchor t_id="69"/>
</ACTION_OCCURRENCE>
<ACTION_OCCURRENCE m_id="6" climaxEvent="FALSE" comment=""  >
<token_anchor t_id="78"/>
</ACTION_OCCURRENCE>
<ACTION_OCCURRENCE m_id="7" climaxEvent="FALSE" comment=""  >
<token_anchor t_id="93"/>
<token_anchor t_id="94"/>
<token_anchor t_id="95"/>
</ACTION_OCCURRENCE>
<ACTION_OCCURRENCE m_id="8" climaxEvent="FALSE" comment=""  >
<token_anchor t_id="102"/>
<token_anchor t_id="103"/>
</ACTION_OCCURRENCE>
<ACTION_OCCURRENCE m_id="9" climaxEvent="FALSE" comment=""  >
<token_anchor t_id="112"/>
</ACTION_OCCURRENCE>
<ACTION_OCCURRENCE m_id="10" climaxEvent="FALSE" comment=""  >
<token_anchor t_id="80"/>
</ACTION_OCCURRENCE>
<ACTION_REPORTING m_id="11" comment=""  >
<token_anchor t_id="89"/>
</ACTION_REPORTING>
<ACTION_REPORTING m_id="12" comment=""  >
<token_anchor t_id="126"/>
</ACTION_REPORTING>
<ACTION_REPORTING m_id="13" comment=""  >
<token_anchor t_id="75"/>
</ACTION_REPORTING>
<HUMAN_PART_ORG m_id="14"  >
<token_anchor t_id="74"/>
</HUMAN_PART_ORG>
<HUMAN_PART_ORG m_id="15"  >
<token_anchor t_id="87"/>
</HUMAN_PART_ORG>
<HUMAN_PART_PER m_id="16" comment=""  >
<token_anchor t_id="96"/>
</HUMAN_PART_PER>
<HUMAN_PART_PER m_id="17" comment=""  >
<token_anchor t_id="125"/>
</HUMAN_PART_PER>
<HUMAN_PART_PER m_id="18" comment=""  >
<token_anchor t_id="36"/>
</HUMAN_PART_PER>
<HUMAN_PART_PER m_id="19" comment=""  >
<token_anchor t_id="97"/>
<token_anchor t_id="98"/>
</HUMAN_PART_PER>
<HUMAN_PART_PER m_id="20" comment=""  >
<token_anchor t_id="29"/>
</HUMAN_PART_PER>
<HUMAN_PART_PER m_id="21" comment=""  >
<token_anchor t_id="38"/>
</HUMAN_PART_PER>
<HUMAN_PART_PER m_id="22" comment=""  >
<token_anchor t_id="50"/>
<token_anchor t_id="51"/>
</HUMAN_PART_PER>
<HUMAN_PART_PER m_id="23" comment=""  >
<token_anchor t_id="64"/>
</HUMAN_PART_PER>
<HUMAN_PART_PER m_id="24" comment=""  >
<token_anchor t_id="91"/>
</HUMAN_PART_PER>
<HUMAN_PART_PER m_id="25" comment=""  >
<token_anchor t_id="100"/>
</HUMAN_PART_PER>
<HUMAN_PART_PER m_id="26" comment=""  >
<token_anchor t_id="115"/>
</HUMAN_PART_PER>
<HUMAN_PART_PER m_id="27" comment=""  >
<token_anchor t_id="124"/>
</HUMAN_PART_PER>
<LOC_FAC m_id="28"  >
<token_anchor t_id="42"/>
<token_anchor t_id="43"/>
<token_anchor t_id="44"/>
<token_anchor t_id="45"/>
<token_anchor t_id="46"/>
</LOC_FAC>
<LOC_FAC m_id="29"  >
<token_anchor t_id="104"/>
<token_anchor t_id="105"/>
<token_anchor t_id="106"/>
</LOC_FAC>
<LOC_FAC m_id="30"  >
<token_anchor t_id="120"/>
<token_anchor t_id="121"/>
</LOC_FAC>
<LOC_FAC m_id="31"  >
<token_anchor t_id="56"/>
<token_anchor t_id="57"/>
<token_anchor t_id="58"/>
<token_anchor t_id="59"/>
<token_anchor t_id="60"/>
<token_anchor t_id="61"/>
</LOC_FAC>
<LOC_FAC m_id="32"  >
<token_anchor t_id="32"/>
<token_anchor t_id="33"/>
</LOC_FAC>
<NEG_ACTION_OCCURRENCE m_id="33" climaxEvent="FALSE" comment=""  >
<token_anchor t_id="84"/>
</NEG_ACTION_OCCURRENCE>
<NEG_ACTION_STATE m_id="34" climaxEvent="FALSE" comment=""  >
<token_anchor t_id="118"/>
</NEG_ACTION_STATE>
<TIME_DATE m_id="35" comment="" DCT="FALSE" value="2013-05-02" anchorTimeID=""  >
<token_anchor t_id="48"/>
</TIME_DATE>
<TIME_DATE m_id="36" comment="" DCT="FALSE" value="2013-05-02" anchorTimeID="35"  >
<token_anchor t_id="107"/>
<token_anchor t_id="108"/>
</TIME_DATE>
<TIME_OF_THE_DAY m_id="37" DCT="FALSE" value="2013-05-02TNI" anchorTimeID=""  >
<token_anchor t_id="70"/>
<token_anchor t_id="71"/>
<token_anchor t_id="72"/>
</TIME_OF_THE_DAY>


<ACTION_REPORTING m_id="38" RELATED_TO="" TAG_DESCRIPTOR="t1_reported_tmz" comment="" />
<HUMAN_PART_ORG m_id="39" RELATED_TO="" TAG_DESCRIPTOR="t1_tmz" />
<LOC_FAC m_id="40" RELATED_TO="" TAG_DESCRIPTOR="t1_betty_ford" />
<HUMAN_PART_PER m_id="41" RELATED_TO="" TAG_DESCRIPTOR="t1_lindsay_lohan" comment="" />
<TIME_OF_THE_DAY m_id="42" RELATED_TO="" TAG_DESCRIPTOR="t1_late_thursday" DCT="FALSE" value="" anchorTimeID="" />
<ACTION_OCCURRENCE m_id="43" RELATED_TO="" TAG_DESCRIPTOR="t1_checking_out_morningside" climaxEvent="FALSE" comment="" />
<HUMAN_PART_PER m_id="44" RELATED_TO="" TAG_DESCRIPTOR="t1_father" comment="" />
<ACTION_REPORTING m_id="45" RELATED_TO="" TAG_DESCRIPTOR="t1_said_father" comment="" />
<ACTION_OCCURRENCE m_id="46" RELATED_TO="" TAG_DESCRIPTOR="t1_checking_into_morningside_or_showing_up" climaxEvent="FALSE" comment="" />
<LOC_FAC m_id="47" RELATED_TO="" TAG_DESCRIPTOR="t1_morningside" />
<NEG_ACTION_OCCURRENCE m_id="48" RELATED_TO="" TAG_DESCRIPTOR="t1_arrest" climaxEvent="FALSE" comment="" />
<HUMAN_PART_PER m_id="49" RELATED_TO="" TAG_DESCRIPTOR="t1_shawn_holley" comment="" />
<NEG_ACTION_STATE m_id="50" RELATED_TO="" TAG_DESCRIPTOR="t1_not_happy_morningside" climaxEvent="FALSE" comment="" />
<ACTION_OCCURRENCE m_id="51" RELATED_TO="" TAG_DESCRIPTOR="t1_rehire_attorney" climaxEvent="FALSE" comment="" />
<ACTION_OCCURRENCE m_id="52" RELATED_TO="" TAG_DESCRIPTOR="t1_making_deadline" climaxEvent="FALSE" comment="" />
<TIME_DATE m_id="53" RELATED_TO="" TAG_DESCRIPTOR="t1_thursday" comment="" DCT="FALSE" value="" anchorTimeID="" />
<ACTION_OCCURRENCE m_id="54" RELATED_TO="" TAG_DESCRIPTOR="t1_deadline_rehab" climaxEvent="FALSE" comment="" />
<ACTION_OCCURRENCE m_id="55" RELATED_TO="" TAG_DESCRIPTOR="t1_checking_into_betty_ford" climaxEvent="FALSE" comment="" />
</Markables>

<Relations>
<TLINK r_id="233863" contextualModality="" relType="CONTAINS" comment="" >
<source m_id="35" />
<target m_id="1" />
</TLINK>
<TLINK r_id="233864" contextualModality="" relType="CONTAINS" comment="" >
<source m_id="35" />
<target m_id="2" />
</TLINK>
<TLINK r_id="233865" contextualModality="" relType="CONTAINS" comment="" >
<source m_id="35" />
<target m_id="4" />
</TLINK>
<TLINK r_id="233866" contextualModality="" relType="CONTAINS" comment="" >
<source m_id="37" />
<target m_id="5" />
</TLINK>
<TLINK r_id="233868" contextualModality="" relType="CONTAINS" comment="" >
<source m_id="37" />
<target m_id="10" />
</TLINK>
<TLINK r_id="233869" contextualModality="" relType="CONTAINS" comment="" >
<source m_id="37" />
<target m_id="33" />
</TLINK>
<TLINK r_id="233870" contextualModality="" relType="CONTAINS" comment="" >
<source m_id="37" />
<target m_id="7" />
</TLINK>
<TLINK r_id="233871" contextualModality="" relType="CONTAINS" comment="" >
<source m_id="36" />
<target m_id="8" />
</TLINK>
<TLINK r_id="233872" contextualModality="" relType="CONTAINS" comment="" >
<source m_id="36" />
<target m_id="9" />
</TLINK>
<TLINK r_id="233873" contextualModality="" relType="CONTAINS" comment="" >
<source m_id="36" />
<target m_id="34" />
</TLINK>
<PLOT_LINK r_id="233874" SIGNAL="" relType="FALLING_ACTION" CAUSES="FALSE" CAUSED_BY="FALSE" >
<source m_id="9" />
<target m_id="34" />
</PLOT_LINK>
<PLOT_LINK r_id="233875" SIGNAL="" relType="FALLING_ACTION" CAUSES="FALSE" CAUSED_BY="FALSE" >
<source m_id="1" />
<target m_id="3" />
</PLOT_LINK>
<PLOT_LINK r_id="233876" SIGNAL="" relType="PRECONDITION" CAUSES="FALSE" CAUSED_BY="FALSE" >
<source m_id="3" />
<target m_id="4" />
</PLOT_LINK>
<PLOT_LINK r_id="233877" SIGNAL="" relType="PRECONDITION" CAUSES="FALSE" CAUSED_BY="FALSE" >
<source m_id="5" />
<target m_id="10" />
</PLOT_LINK>
<PLOT_LINK r_id="233878" SIGNAL="" relType="PRECONDITION" CAUSES="FALSE" CAUSED_BY="FALSE" >
<source m_id="10" />
<target m_id="33" />
</PLOT_LINK>
<PLOT_LINK r_id="233879" SIGNAL="" relType="PRECONDITION" CAUSES="FALSE" CAUSED_BY="FALSE" >
<source m_id="8" />
<target m_id="9" />
</PLOT_LINK>
<PLOT_LINK r_id="234526" SIGNAL="" relType="PRECONDITION" CAUSES="FALSE" CAUSED_BY="FALSE" >
<source m_id="5" />
<target m_id="33" />
</PLOT_LINK>
</Relations>
</Document>
