<Document doc_name="32_10ecbplus.xml">
<token t_id="1" sentence="0" number="0">http</token>
<token t_id="2" sentence="0" number="1">:</token>
<token t_id="3" sentence="0" number="2">/</token>
<token t_id="4" sentence="0" number="3">/</token>
<token t_id="5" sentence="0" number="4">www</token>
<token t_id="6" sentence="0" number="5">.</token>
<token t_id="7" sentence="0" number="6">thewestmorlandgazette</token>
<token t_id="8" sentence="0" number="7">.</token>
<token t_id="9" sentence="0" number="8">co</token>
<token t_id="10" sentence="0" number="9">.</token>
<token t_id="11" sentence="0" number="10">uk</token>
<token t_id="12" sentence="0" number="11">/</token>
<token t_id="13" sentence="0" number="12">news</token>
<token t_id="14" sentence="0" number="13">/</token>
<token t_id="15" sentence="0" number="14">crime</token>
<token t_id="16" sentence="0" number="15">/</token>
<token t_id="17" sentence="0" number="16">10473630</token>
<token t_id="18" sentence="0" number="17">.</token>
<token t_id="19" sentence="0" number="18">print</token>
<token t_id="20" sentence="0" number="19">/</token>
<token t_id="21" sentence="1" number="0">Millom</token>
<token t_id="22" sentence="1" number="1">double</token>
<token t_id="23" sentence="1" number="2">murder</token>
<token t_id="24" sentence="1" number="3">:</token>
<token t_id="25" sentence="1" number="4">Man</token>
<token t_id="26" sentence="1" number="5">charged</token>
<token t_id="27" sentence="1" number="6">with</token>
<token t_id="28" sentence="1" number="7">killing</token>
<token t_id="29" sentence="1" number="8">mother</token>
<token t_id="30" sentence="1" number="9">and</token>
<token t_id="31" sentence="1" number="10">sister</token>
<token t_id="32" sentence="2" number="0">8</token>
<token t_id="33" sentence="2" number="1">:</token>
<token t_id="34" sentence="2" number="2">56am</token>
<token t_id="35" sentence="2" number="3">Monday</token>
<token t_id="36" sentence="2" number="4">10th</token>
<token t_id="37" sentence="2" number="5">June</token>
<token t_id="38" sentence="2" number="6">2013</token>
<token t_id="39" sentence="3" number="0">A</token>
<token t_id="40" sentence="3" number="1">MAN</token>
<token t_id="41" sentence="3" number="2">has</token>
<token t_id="42" sentence="3" number="3">been</token>
<token t_id="43" sentence="3" number="4">charged</token>
<token t_id="44" sentence="3" number="5">with</token>
<token t_id="45" sentence="3" number="6">the</token>
<token t_id="46" sentence="3" number="7">murder</token>
<token t_id="47" sentence="3" number="8">of</token>
<token t_id="48" sentence="3" number="9">his</token>
<token t_id="49" sentence="3" number="10">mother</token>
<token t_id="50" sentence="3" number="11">and</token>
<token t_id="51" sentence="3" number="12">sister</token>
<token t_id="52" sentence="3" number="13">in</token>
<token t_id="53" sentence="3" number="14">Millom</token>
<token t_id="54" sentence="3" number="15">.</token>
<token t_id="55" sentence="4" number="0">John</token>
<token t_id="56" sentence="4" number="1">Jenkin</token>
<token t_id="57" sentence="4" number="2">,</token>
<token t_id="58" sentence="4" number="3">23</token>
<token t_id="59" sentence="4" number="4">,</token>
<token t_id="60" sentence="4" number="5">of</token>
<token t_id="61" sentence="4" number="6">Newton</token>
<token t_id="62" sentence="4" number="7">Street</token>
<token t_id="63" sentence="4" number="8">,</token>
<token t_id="64" sentence="4" number="9">Millom</token>
<token t_id="65" sentence="4" number="10">was</token>
<token t_id="66" sentence="4" number="11">arrested</token>
<token t_id="67" sentence="4" number="12">Saturday</token>
<token t_id="68" sentence="4" number="13">morning</token>
<token t_id="69" sentence="4" number="14">after</token>
<token t_id="70" sentence="4" number="15">police</token>
<token t_id="71" sentence="4" number="16">found</token>
<token t_id="72" sentence="4" number="17">two</token>
<token t_id="73" sentence="4" number="18">women</token>
<token t_id="74" sentence="4" number="19">dead</token>
<token t_id="75" sentence="4" number="20">in</token>
<token t_id="76" sentence="4" number="21">a</token>
<token t_id="77" sentence="4" number="22">house</token>
<token t_id="78" sentence="4" number="23">.</token>
<token t_id="79" sentence="5" number="0">The</token>
<token t_id="80" sentence="5" number="1">victims</token>
<token t_id="81" sentence="5" number="2">have</token>
<token t_id="82" sentence="5" number="3">been</token>
<token t_id="83" sentence="5" number="4">identified</token>
<token t_id="84" sentence="5" number="5">as</token>
<token t_id="85" sentence="5" number="6">mother</token>
<token t_id="86" sentence="5" number="7">Alice</token>
<token t_id="87" sentence="5" number="8">McMeekin</token>
<token t_id="88" sentence="5" number="9">,</token>
<token t_id="89" sentence="5" number="10">58</token>
<token t_id="90" sentence="5" number="11">,</token>
<token t_id="91" sentence="5" number="12">of</token>
<token t_id="92" sentence="5" number="13">Newton</token>
<token t_id="93" sentence="5" number="14">Street</token>
<token t_id="94" sentence="5" number="15">,</token>
<token t_id="95" sentence="5" number="16">Millom</token>
<token t_id="96" sentence="5" number="17">and</token>
<token t_id="97" sentence="5" number="18">her</token>
<token t_id="98" sentence="5" number="19">20</token>
<token t_id="99" sentence="5" number="20">-</token>
<token t_id="100" sentence="5" number="21">year</token>
<token t_id="101" sentence="5" number="22">-</token>
<token t_id="102" sentence="5" number="23">old</token>
<token t_id="103" sentence="5" number="24">daughter</token>
<token t_id="104" sentence="5" number="25">Kathryn</token>
<token t_id="105" sentence="5" number="26">Jenkin</token>
<token t_id="106" sentence="5" number="27">of</token>
<token t_id="107" sentence="5" number="28">Aberdare</token>
<token t_id="108" sentence="5" number="29">,</token>
<token t_id="109" sentence="5" number="30">South</token>
<token t_id="110" sentence="5" number="31">Wales</token>
<token t_id="111" sentence="5" number="32">.</token>
<token t_id="112" sentence="6" number="0">Police</token>
<token t_id="113" sentence="6" number="1">have</token>
<token t_id="114" sentence="6" number="2">this</token>
<token t_id="115" sentence="6" number="3">morning</token>
<token t_id="116" sentence="6" number="4">charged</token>
<token t_id="117" sentence="6" number="5">him</token>
<token t_id="118" sentence="6" number="6">and</token>
<token t_id="119" sentence="6" number="7">he</token>
<token t_id="120" sentence="6" number="8">will</token>
<token t_id="121" sentence="6" number="9">appear</token>
<token t_id="122" sentence="6" number="10">before</token>
<token t_id="123" sentence="6" number="11">Furness</token>
<token t_id="124" sentence="6" number="12">District</token>
<token t_id="125" sentence="6" number="13">Magistrates</token>
<token t_id="126" sentence="6" number="14">.</token>
<token t_id="127" sentence="7" number="0">He</token>
<token t_id="128" sentence="7" number="1">has</token>
<token t_id="129" sentence="7" number="2">also</token>
<token t_id="130" sentence="7" number="3">been</token>
<token t_id="131" sentence="7" number="4">charged</token>
<token t_id="132" sentence="7" number="5">with</token>
<token t_id="133" sentence="7" number="6">animal</token>
<token t_id="134" sentence="7" number="7">cruelty</token>
<token t_id="135" sentence="7" number="8">after</token>
<token t_id="136" sentence="7" number="9">the</token>
<token t_id="137" sentence="7" number="10">family</token>
<token t_id="138" sentence="7" number="11">dog</token>
<token t_id="139" sentence="7" number="12">was</token>
<token t_id="140" sentence="7" number="13">discovered</token>
<token t_id="141" sentence="7" number="14">dead</token>
<token t_id="142" sentence="7" number="15">.</token>


<Markables>
<ACTION_OCCURRENCE m_id="1" climaxEvent="TRUE" comment=""  >
<token_anchor t_id="22"/>
<token_anchor t_id="23"/>
</ACTION_OCCURRENCE>
<ACTION_OCCURRENCE m_id="2" climaxEvent="FALSE" comment=""  >
<token_anchor t_id="28"/>
</ACTION_OCCURRENCE>
<ACTION_OCCURRENCE m_id="3" climaxEvent="FALSE" comment=""  >
<token_anchor t_id="66"/>
</ACTION_OCCURRENCE>
<ACTION_OCCURRENCE m_id="4" climaxEvent="FALSE" comment=""  >
<token_anchor t_id="46"/>
</ACTION_OCCURRENCE>
<ACTION_OCCURRENCE m_id="5" climaxEvent="FALSE" comment=""  >
<token_anchor t_id="83"/>
</ACTION_OCCURRENCE>
<ACTION_OCCURRENCE m_id="6" climaxEvent="FALSE" comment=""  >
<token_anchor t_id="116"/>
</ACTION_OCCURRENCE>
<ACTION_OCCURRENCE m_id="7" climaxEvent="FALSE" comment=""  >
<token_anchor t_id="121"/>
</ACTION_OCCURRENCE>
<ACTION_OCCURRENCE m_id="8" climaxEvent="FALSE" comment=""  >
<token_anchor t_id="131"/>
</ACTION_OCCURRENCE>
<ACTION_OCCURRENCE m_id="9" climaxEvent="FALSE" comment=""  >
<token_anchor t_id="133"/>
<token_anchor t_id="134"/>
</ACTION_OCCURRENCE>
<ACTION_OCCURRENCE m_id="10" climaxEvent="FALSE" comment=""  >
<token_anchor t_id="140"/>
</ACTION_OCCURRENCE>
<ACTION_OCCURRENCE m_id="11" climaxEvent="FALSE" comment=""  >
<token_anchor t_id="26"/>
</ACTION_OCCURRENCE>
<ACTION_OCCURRENCE m_id="12" climaxEvent="FALSE" comment=""  >
<token_anchor t_id="74"/>
</ACTION_OCCURRENCE>
<ACTION_OCCURRENCE m_id="13" climaxEvent="FALSE" comment=""  >
<token_anchor t_id="43"/>
</ACTION_OCCURRENCE>
<ACTION_OCCURRENCE m_id="14" climaxEvent="FALSE" comment=""  >
<token_anchor t_id="71"/>
</ACTION_OCCURRENCE>
<ACTION_STATE m_id="15" climaxEvent="FALSE" comment=""  >
<token_anchor t_id="141"/>
</ACTION_STATE>
<HUMAN_PART_PER m_id="16" comment=""  >
<token_anchor t_id="51"/>
</HUMAN_PART_PER>
<HUMAN_PART_PER m_id="17" comment=""  >
<token_anchor t_id="49"/>
</HUMAN_PART_PER>
<HUMAN_PART_PER m_id="18" comment=""  >
<token_anchor t_id="55"/>
<token_anchor t_id="56"/>
</HUMAN_PART_PER>
<HUMAN_PART_PER m_id="19" comment=""  >
<token_anchor t_id="72"/>
<token_anchor t_id="73"/>
</HUMAN_PART_PER>
<HUMAN_PART_PER m_id="20" comment=""  >
<token_anchor t_id="80"/>
</HUMAN_PART_PER>
<HUMAN_PART_PER m_id="21" comment=""  >
<token_anchor t_id="86"/>
<token_anchor t_id="87"/>
</HUMAN_PART_PER>
<HUMAN_PART_PER m_id="22" comment=""  >
<token_anchor t_id="104"/>
<token_anchor t_id="105"/>
</HUMAN_PART_PER>
<HUMAN_PART_PER m_id="23" comment=""  >
<token_anchor t_id="127"/>
</HUMAN_PART_PER>
<HUMAN_PART_PER m_id="24" comment=""  >
<token_anchor t_id="119"/>
</HUMAN_PART_PER>
<HUMAN_PART_PER m_id="25" comment=""  >
<token_anchor t_id="117"/>
</HUMAN_PART_PER>
<HUMAN_PART_PER m_id="26" comment=""  >
<token_anchor t_id="123"/>
<token_anchor t_id="124"/>
<token_anchor t_id="125"/>
</HUMAN_PART_PER>
<HUMAN_PART_PER m_id="27" comment=""  >
<token_anchor t_id="70"/>
</HUMAN_PART_PER>
<HUMAN_PART_PER m_id="28" comment=""  >
<token_anchor t_id="112"/>
</HUMAN_PART_PER>
<HUMAN_PART_PER m_id="29" comment=""  >
<token_anchor t_id="25"/>
</HUMAN_PART_PER>
<HUMAN_PART_PER m_id="30" comment=""  >
<token_anchor t_id="29"/>
</HUMAN_PART_PER>
<HUMAN_PART_PER m_id="31" comment=""  >
<token_anchor t_id="31"/>
</HUMAN_PART_PER>
<HUMAN_PART_PER m_id="32" comment=""  >
<token_anchor t_id="40"/>
</HUMAN_PART_PER>
<LOC_FAC m_id="33"  >
<token_anchor t_id="75"/>
<token_anchor t_id="76"/>
<token_anchor t_id="77"/>
</LOC_FAC>
<LOC_GEO m_id="34" comment=""  >
<token_anchor t_id="21"/>
</LOC_GEO>
<LOC_GEO m_id="35" comment=""  >
<token_anchor t_id="52"/>
<token_anchor t_id="53"/>
</LOC_GEO>
<LOC_GEO m_id="36" comment=""  >
<token_anchor t_id="60"/>
<token_anchor t_id="61"/>
<token_anchor t_id="62"/>
<token_anchor t_id="63"/>
<token_anchor t_id="64"/>
</LOC_GEO>
<LOC_GEO m_id="37" comment=""  >
<token_anchor t_id="91"/>
<token_anchor t_id="92"/>
<token_anchor t_id="93"/>
<token_anchor t_id="94"/>
<token_anchor t_id="95"/>
</LOC_GEO>
<LOC_GEO m_id="38" comment=""  >
<token_anchor t_id="106"/>
<token_anchor t_id="107"/>
<token_anchor t_id="108"/>
<token_anchor t_id="109"/>
<token_anchor t_id="110"/>
</LOC_GEO>
<NON_HUMAN_PART m_id="39" comment=""  >
<token_anchor t_id="138"/>
</NON_HUMAN_PART>
<TIME_OF_THE_DAY m_id="40" DCT="TRUE" value="2013-06-10T08:56Z" anchorTimeID=""  >
<token_anchor t_id="32"/>
<token_anchor t_id="33"/>
<token_anchor t_id="34"/>
<token_anchor t_id="35"/>
<token_anchor t_id="36"/>
<token_anchor t_id="37"/>
<token_anchor t_id="38"/>
</TIME_OF_THE_DAY>
<TIME_OF_THE_DAY m_id="41" DCT="FALSE" value="2013-06-08TMO" anchorTimeID="40"  >
<token_anchor t_id="67"/>
<token_anchor t_id="68"/>
</TIME_OF_THE_DAY>
<TIME_OF_THE_DAY m_id="42" DCT="FALSE" value="2013-06-10TMO" anchorTimeID="40"  >
<token_anchor t_id="114"/>
<token_anchor t_id="115"/>
</TIME_OF_THE_DAY>


<HUMAN_PART_PER m_id="43" RELATED_TO="" TAG_DESCRIPTOR="t32_magistrates" comment="" />
<HUMAN_PART_PER m_id="44" RELATED_TO="" TAG_DESCRIPTOR="t32_police" comment="" />
<ACTION_OCCURRENCE m_id="45" RELATED_TO="" TAG_DESCRIPTOR="t32_john_arrested" climaxEvent="FALSE" comment="" />
<ACTION_OCCURRENCE m_id="46" RELATED_TO="" TAG_DESCRIPTOR="t32_charges_of_murder" climaxEvent="FALSE" comment="" />
<LOC_GEO m_id="47" RELATED_TO="" TAG_DESCRIPTOR="t32_millom" comment="" />
<HUMAN_PART_PER m_id="48" RELATED_TO="" TAG_DESCRIPTOR="t32_sister" comment="" />
<ACTION_OCCURRENCE m_id="49" RELATED_TO="" TAG_DESCRIPTOR="t32_bodies_found" climaxEvent="FALSE" comment="" />
<TIME_OF_THE_DAY m_id="50" RELATED_TO="" TAG_DESCRIPTOR="t32_9_june_morning_charged" DCT="FALSE" value="" anchorTimeID="" />
<HUMAN_PART_PER m_id="51" RELATED_TO="" TAG_DESCRIPTOR="t32_bodies_of_mother_sister" comment="" />
<HUMAN_PART_PER m_id="52" RELATED_TO="" TAG_DESCRIPTOR="t32_john_jenkin" comment="" />
<LOC_FAC m_id="53" RELATED_TO="" TAG_DESCRIPTOR="t32_cumbria_home" />
<HUMAN_PART_PER m_id="54" RELATED_TO="" TAG_DESCRIPTOR="t32_mother" comment="" />
<ACTION_OCCURRENCE m_id="55" RELATED_TO="" TAG_DESCRIPTOR="t32_double_murder" climaxEvent="FALSE" comment="" />
</Markables>

<Relations>
<TLINK r_id="246630" contextualModality="" relType="AFTER" comment="" >
<source m_id="40" />
<target m_id="1" />
</TLINK>
<TLINK r_id="246631" contextualModality="" relType="AFTER" comment="" >
<source m_id="40" />
<target m_id="11" />
</TLINK>
<TLINK r_id="246632" contextualModality="" relType="AFTER" comment="" >
<source m_id="40" />
<target m_id="2" />
</TLINK>
<TLINK r_id="246633" contextualModality="" relType="AFTER" comment="" >
<source m_id="40" />
<target m_id="13" />
</TLINK>
<TLINK r_id="246634" contextualModality="" relType="AFTER" comment="" >
<source m_id="40" />
<target m_id="4" />
</TLINK>
<TLINK r_id="246635" contextualModality="" relType="AFTER" comment="" >
<source m_id="40" />
<target m_id="3" />
</TLINK>
<TLINK r_id="246636" contextualModality="" relType="AFTER" comment="" >
<source m_id="40" />
<target m_id="14" />
</TLINK>
<TLINK r_id="246637" contextualModality="" relType="AFTER" comment="" >
<source m_id="40" />
<target m_id="12" />
</TLINK>
<TLINK r_id="246638" contextualModality="" relType="AFTER" comment="" >
<source m_id="40" />
<target m_id="5" />
</TLINK>
<TLINK r_id="246639" contextualModality="" relType="AFTER" comment="" >
<source m_id="40" />
<target m_id="6" />
</TLINK>
<TLINK r_id="246640" contextualModality="" relType="BEFORE" comment="" >
<source m_id="40" />
<target m_id="7" />
</TLINK>
<TLINK r_id="246641" contextualModality="" relType="AFTER" comment="" >
<source m_id="40" />
<target m_id="8" />
</TLINK>
<TLINK r_id="246642" contextualModality="" relType="AFTER" comment="" >
<source m_id="40" />
<target m_id="9" />
</TLINK>
<TLINK r_id="246643" contextualModality="" relType="AFTER" comment="" >
<source m_id="40" />
<target m_id="10" />
</TLINK>
<TLINK r_id="246644" contextualModality="" relType="AFTER" comment="" >
<source m_id="40" />
<target m_id="15" />
</TLINK>
<TLINK r_id="246647" contextualModality="" relType="CONTAINS" comment="" >
<source m_id="41" />
<target m_id="2" />
</TLINK>
<TLINK r_id="246649" contextualModality="" relType="CONTAINS" comment="" >
<source m_id="41" />
<target m_id="4" />
</TLINK>
<TLINK r_id="246650" contextualModality="" relType="CONTAINS" comment="" >
<source m_id="41" />
<target m_id="3" />
</TLINK>
<TLINK r_id="246651" contextualModality="" relType="CONTAINS" comment="" >
<source m_id="41" />
<target m_id="14" />
</TLINK>
<TLINK r_id="246652" contextualModality="" relType="CONTAINS" comment="" >
<source m_id="41" />
<target m_id="12" />
</TLINK>
<TLINK r_id="246653" contextualModality="" relType="CONTAINS" comment="" >
<source m_id="41" />
<target m_id="5" />
</TLINK>
<TLINK r_id="246658" contextualModality="" relType="CONTAINS" comment="" >
<source m_id="41" />
<target m_id="10" />
</TLINK>
<TLINK r_id="246659" contextualModality="" relType="CONTAINS" comment="" >
<source m_id="41" />
<target m_id="15" />
</TLINK>
<TLINK r_id="246660" contextualModality="" relType="CONTAINS" comment="" >
<source m_id="42" />
<target m_id="6" />
</TLINK>
<TLINK r_id="246661" contextualModality="" relType="CONTAINS" comment="" >
<source m_id="42" />
<target m_id="8" />
</TLINK>
<PLOT_LINK r_id="246662" SIGNAL="" relType="PRECONDITION" CAUSES="FALSE" CAUSED_BY="FALSE" >
<source m_id="1" />
<target m_id="11" />
</PLOT_LINK>
<PLOT_LINK r_id="246663" SIGNAL="" relType="FALLING_ACTION" CAUSES="FALSE" CAUSED_BY="FALSE" >
<source m_id="11" />
<target m_id="2" />
</PLOT_LINK>
<PLOT_LINK r_id="246664" SIGNAL="" relType="FALLING_ACTION" CAUSES="FALSE" CAUSED_BY="FALSE" >
<source m_id="13" />
<target m_id="4" />
</PLOT_LINK>
<PLOT_LINK r_id="246665" SIGNAL="" relType="PRECONDITION" CAUSES="FALSE" CAUSED_BY="FALSE" >
<source m_id="3" />
<target m_id="12" />
</PLOT_LINK>
<PLOT_LINK r_id="246666" SIGNAL="" relType="PRECONDITION" CAUSES="FALSE" CAUSED_BY="FALSE" >
<source m_id="6" />
<target m_id="7" />
</PLOT_LINK>
<PLOT_LINK r_id="246667" SIGNAL="" relType="FALLING_ACTION" CAUSES="FALSE" CAUSED_BY="FALSE" >
<source m_id="8" />
<target m_id="9" />
</PLOT_LINK>
<PLOT_LINK r_id="246668" SIGNAL="" relType="FALLING_ACTION" CAUSES="FALSE" CAUSED_BY="FALSE" >
<source m_id="9" />
<target m_id="15" />
</PLOT_LINK>
<TLINK r_id="253652" contextualModality="" relType="CONTAINS" comment="" >
<source m_id="41" />
<target m_id="1" />
</TLINK>
<TLINK r_id="253653" contextualModality="" relType="CONTAINS" comment="" >
<source m_id="42" />
<target m_id="7" />
</TLINK>
</Relations>
</Document>
