<Document doc_name="32_6ecbplus.xml">
<token t_id="1" sentence="0" number="0">http</token>
<token t_id="2" sentence="0" number="1">:</token>
<token t_id="3" sentence="0" number="2">/</token>
<token t_id="4" sentence="0" number="3">/</token>
<token t_id="5" sentence="0" number="4">metro</token>
<token t_id="6" sentence="0" number="5">.</token>
<token t_id="7" sentence="0" number="6">co</token>
<token t_id="8" sentence="0" number="7">.</token>
<token t_id="9" sentence="0" number="8">uk</token>
<token t_id="10" sentence="0" number="9">/</token>
<token t_id="11" sentence="0" number="10">2013</token>
<token t_id="12" sentence="0" number="11">/</token>
<token t_id="13" sentence="0" number="12">06</token>
<token t_id="14" sentence="0" number="13">/</token>
<token t_id="15" sentence="0" number="14">10</token>
<token t_id="16" sentence="0" number="15">/</token>
<token t_id="17" sentence="0" number="16">man</token>
<token t_id="18" sentence="0" number="17">-</token>
<token t_id="19" sentence="0" number="18">charged</token>
<token t_id="20" sentence="0" number="19">-</token>
<token t_id="21" sentence="0" number="20">with</token>
<token t_id="22" sentence="0" number="21">-</token>
<token t_id="23" sentence="0" number="22">murdering</token>
<token t_id="24" sentence="0" number="23">-</token>
<token t_id="25" sentence="0" number="24">mother</token>
<token t_id="26" sentence="0" number="25">-</token>
<token t_id="27" sentence="0" number="26">and</token>
<token t_id="28" sentence="0" number="27">-</token>
<token t_id="29" sentence="0" number="28">sister</token>
<token t_id="30" sentence="0" number="29">-</token>
<token t_id="31" sentence="0" number="30">in</token>
<token t_id="32" sentence="0" number="31">-</token>
<token t_id="33" sentence="0" number="32">cumbria</token>
<token t_id="34" sentence="0" number="33">-</token>
<token t_id="35" sentence="0" number="34">3834866</token>
<token t_id="36" sentence="0" number="35">/</token>
<token t_id="37" sentence="1" number="0">Man</token>
<token t_id="38" sentence="1" number="1">charged</token>
<token t_id="39" sentence="1" number="2">with</token>
<token t_id="40" sentence="1" number="3">murdering</token>
<token t_id="41" sentence="1" number="4">mother</token>
<token t_id="42" sentence="1" number="5">and</token>
<token t_id="43" sentence="1" number="6">sister</token>
<token t_id="44" sentence="1" number="7">in</token>
<token t_id="45" sentence="1" number="8">Cumbria</token>
<token t_id="46" sentence="2" number="0">Monday</token>
<token t_id="47" sentence="2" number="1">10</token>
<token t_id="48" sentence="2" number="2">Jun</token>
<token t_id="49" sentence="2" number="3">2013</token>
<token t_id="50" sentence="2" number="4">10</token>
<token t_id="51" sentence="2" number="5">:</token>
<token t_id="52" sentence="2" number="6">45</token>
<token t_id="53" sentence="2" number="7">am</token>
<token t_id="54" sentence="3" number="0">A</token>
<token t_id="55" sentence="3" number="1">23</token>
<token t_id="56" sentence="3" number="2">-</token>
<token t_id="57" sentence="3" number="3">year</token>
<token t_id="58" sentence="3" number="4">-</token>
<token t_id="59" sentence="3" number="5">old</token>
<token t_id="60" sentence="3" number="6">man</token>
<token t_id="61" sentence="3" number="7">has</token>
<token t_id="62" sentence="3" number="8">been</token>
<token t_id="63" sentence="3" number="9">charged</token>
<token t_id="64" sentence="3" number="10">with</token>
<token t_id="65" sentence="3" number="11">the</token>
<token t_id="66" sentence="3" number="12">murders</token>
<token t_id="67" sentence="3" number="13">of</token>
<token t_id="68" sentence="3" number="14">his</token>
<token t_id="69" sentence="3" number="15">mother</token>
<token t_id="70" sentence="3" number="16">and</token>
<token t_id="71" sentence="3" number="17">sister</token>
<token t_id="72" sentence="3" number="18">.</token>
<token t_id="73" sentence="4" number="0">John</token>
<token t_id="74" sentence="4" number="1">Jenkin</token>
<token t_id="75" sentence="4" number="2">is</token>
<token t_id="76" sentence="4" number="3">due</token>
<token t_id="77" sentence="4" number="4">in</token>
<token t_id="78" sentence="4" number="5">court</token>
<token t_id="79" sentence="4" number="6">over</token>
<token t_id="80" sentence="4" number="7">the</token>
<token t_id="81" sentence="4" number="8">murders</token>
<token t_id="82" sentence="4" number="9">of</token>
<token t_id="83" sentence="4" number="10">Alice</token>
<token t_id="84" sentence="4" number="11">McMeekin</token>
<token t_id="85" sentence="4" number="12">,</token>
<token t_id="86" sentence="4" number="13">58</token>
<token t_id="87" sentence="4" number="14">,</token>
<token t_id="88" sentence="4" number="15">and</token>
<token t_id="89" sentence="4" number="16">Kathryn</token>
<token t_id="90" sentence="4" number="17">Jenkin</token>
<token t_id="91" sentence="4" number="18">,</token>
<token t_id="92" sentence="4" number="19">20</token>
<token t_id="93" sentence="4" number="20">.</token>
<token t_id="94" sentence="5" number="0">Both</token>
<token t_id="95" sentence="5" number="1">women</token>
<token t_id="96" sentence="5" number="2">were</token>
<token t_id="97" sentence="5" number="3">found</token>
<token t_id="98" sentence="5" number="4">dead</token>
<token t_id="99" sentence="5" number="5">at</token>
<token t_id="100" sentence="5" number="6">their</token>
<token t_id="101" sentence="5" number="7">home</token>
<token t_id="102" sentence="5" number="8">in</token>
<token t_id="103" sentence="5" number="9">Newton</token>
<token t_id="104" sentence="5" number="10">Street</token>
<token t_id="105" sentence="5" number="11">,</token>
<token t_id="106" sentence="5" number="12">Millom</token>
<token t_id="107" sentence="5" number="13">,</token>
<token t_id="108" sentence="5" number="14">Cumbria</token>
<token t_id="109" sentence="5" number="15">,</token>
<token t_id="110" sentence="5" number="16">on</token>
<token t_id="111" sentence="5" number="17">Saturday</token>
<token t_id="112" sentence="5" number="18">morning</token>
<token t_id="113" sentence="5" number="19">,</token>
<token t_id="114" sentence="5" number="20">with</token>
<token t_id="115" sentence="5" number="21">Mr</token>
<token t_id="116" sentence="5" number="22">Jenkin</token>
<token t_id="117" sentence="5" number="23">arrested</token>
<token t_id="118" sentence="5" number="24">shortly</token>
<token t_id="119" sentence="5" number="25">afterwards</token>
<token t_id="120" sentence="5" number="26">.</token>
<token t_id="121" sentence="6" number="0">Detectives</token>
<token t_id="122" sentence="6" number="1">said</token>
<token t_id="123" sentence="6" number="2">Ms</token>
<token t_id="124" sentence="6" number="3">McMeekin</token>
<token t_id="125" sentence="6" number="4">and</token>
<token t_id="126" sentence="6" number="5">her</token>
<token t_id="127" sentence="6" number="6">daughter</token>
<token t_id="128" sentence="6" number="7">were</token>
<token t_id="129" sentence="6" number="8">found</token>
<token t_id="130" sentence="6" number="9">with</token>
<token t_id="131" sentence="6" number="10">head</token>
<token t_id="132" sentence="6" number="11">injuries</token>
<token t_id="133" sentence="6" number="12">.</token>
<token t_id="134" sentence="7" number="0">Although</token>
<token t_id="135" sentence="7" number="1">formal</token>
<token t_id="136" sentence="7" number="2">identification</token>
<token t_id="137" sentence="7" number="3">has</token>
<token t_id="138" sentence="7" number="4">not</token>
<token t_id="139" sentence="7" number="5">yet</token>
<token t_id="140" sentence="7" number="6">taken</token>
<token t_id="141" sentence="7" number="7">place</token>
<token t_id="142" sentence="7" number="8">,</token>
<token t_id="143" sentence="7" number="9">Cumbria</token>
<token t_id="144" sentence="7" number="10">police</token>
<token t_id="145" sentence="7" number="11">announced</token>
<token t_id="146" sentence="7" number="12">the</token>
<token t_id="147" sentence="7" number="13">identities</token>
<token t_id="148" sentence="7" number="14">of</token>
<token t_id="149" sentence="7" number="15">the</token>
<token t_id="150" sentence="7" number="16">victims</token>
<token t_id="151" sentence="7" number="17">and</token>
<token t_id="152" sentence="7" number="18">Mr</token>
<token t_id="153" sentence="7" number="19">Jenkin</token>
<token t_id="154" sentence="7" number="20">,</token>
<token t_id="155" sentence="7" number="21">who</token>
<token t_id="156" sentence="7" number="22">has</token>
<token t_id="157" sentence="7" number="23">also</token>
<token t_id="158" sentence="7" number="24">been</token>
<token t_id="159" sentence="7" number="25">charged</token>
<token t_id="160" sentence="7" number="26">with</token>
<token t_id="161" sentence="7" number="27">animal</token>
<token t_id="162" sentence="7" number="28">cruelty</token>
<token t_id="163" sentence="7" number="29">after</token>
<token t_id="164" sentence="7" number="30">the</token>
<token t_id="165" sentence="7" number="31">family</token>
<token t_id="166" sentence="7" number="32">dog</token>
<token t_id="167" sentence="7" number="33">was</token>
<token t_id="168" sentence="7" number="34">found</token>
<token t_id="169" sentence="7" number="35">dead</token>
<token t_id="170" sentence="7" number="36">at</token>
<token t_id="171" sentence="7" number="37">the</token>
<token t_id="172" sentence="7" number="38">house</token>
<token t_id="173" sentence="7" number="39">.</token>
<token t_id="174" sentence="8" number="0">He</token>
<token t_id="175" sentence="8" number="1">is</token>
<token t_id="176" sentence="8" number="2">due</token>
<token t_id="177" sentence="8" number="3">before</token>
<token t_id="178" sentence="8" number="4">Furness</token>
<token t_id="179" sentence="8" number="5">district</token>
<token t_id="180" sentence="8" number="6">magistrates'</token>
<token t_id="181" sentence="8" number="7">court</token>
<token t_id="182" sentence="8" number="8">today</token>
<token t_id="183" sentence="8" number="9">.</token>


<Markables>
<ACTION_OCCURRENCE m_id="1" climaxEvent="FALSE" comment=""  >
<token_anchor t_id="132"/>
</ACTION_OCCURRENCE>
<ACTION_OCCURRENCE m_id="2" climaxEvent="FALSE" comment=""  >
<token_anchor t_id="38"/>
</ACTION_OCCURRENCE>
<ACTION_OCCURRENCE m_id="3" climaxEvent="TRUE" comment=""  >
<token_anchor t_id="40"/>
</ACTION_OCCURRENCE>
<ACTION_OCCURRENCE m_id="4" climaxEvent="FALSE" comment=""  >
<token_anchor t_id="63"/>
</ACTION_OCCURRENCE>
<ACTION_OCCURRENCE m_id="5" climaxEvent="FALSE" comment=""  >
<token_anchor t_id="66"/>
</ACTION_OCCURRENCE>
<ACTION_OCCURRENCE m_id="6" climaxEvent="FALSE" comment=""  >
<token_anchor t_id="81"/>
</ACTION_OCCURRENCE>
<ACTION_OCCURRENCE m_id="7" climaxEvent="FALSE" comment=""  >
<token_anchor t_id="97"/>
</ACTION_OCCURRENCE>
<ACTION_OCCURRENCE m_id="8" climaxEvent="FALSE" comment=""  >
<token_anchor t_id="117"/>
</ACTION_OCCURRENCE>
<ACTION_OCCURRENCE m_id="9" climaxEvent="FALSE" comment=""  >
<token_anchor t_id="129"/>
</ACTION_OCCURRENCE>
<ACTION_OCCURRENCE m_id="10" climaxEvent="FALSE" comment=""  >
<token_anchor t_id="136"/>
</ACTION_OCCURRENCE>
<ACTION_OCCURRENCE m_id="11" climaxEvent="FALSE" comment=""  >
<token_anchor t_id="145"/>
</ACTION_OCCURRENCE>
<ACTION_OCCURRENCE m_id="12" climaxEvent="FALSE" comment=""  >
<token_anchor t_id="159"/>
</ACTION_OCCURRENCE>
<ACTION_OCCURRENCE m_id="13" climaxEvent="FALSE" comment=""  >
<token_anchor t_id="168"/>
</ACTION_OCCURRENCE>
<ACTION_OCCURRENCE m_id="14" climaxEvent="FALSE" comment=""  >
<token_anchor t_id="161"/>
<token_anchor t_id="162"/>
</ACTION_OCCURRENCE>
<ACTION_STATE m_id="15" climaxEvent="FALSE" comment=""  >
<token_anchor t_id="98"/>
</ACTION_STATE>
<ACTION_STATE m_id="16" climaxEvent="FALSE" comment=""  >
<token_anchor t_id="169"/>
</ACTION_STATE>
<ACTION_STATE m_id="17" climaxEvent="FALSE" comment="BT: annotation error"  >
<token_anchor t_id="176"/>
</ACTION_STATE>
<ACTION_STATE m_id="18" climaxEvent="FALSE" comment=""  >
<token_anchor t_id="76"/>
</ACTION_STATE>
<HUMAN_PART_PER m_id="33" comment=""  >
<token_anchor t_id="143"/>
<token_anchor t_id="144"/>
</HUMAN_PART_PER>
<HUMAN_PART_PER m_id="34" comment=""  >
<token_anchor t_id="150"/>
</HUMAN_PART_PER>
<HUMAN_PART_PER m_id="35" comment=""  >
<token_anchor t_id="152"/>
<token_anchor t_id="153"/>
</HUMAN_PART_PER>
<HUMAN_PART_PER m_id="36" comment=""  >
<token_anchor t_id="174"/>
</HUMAN_PART_PER>
<HUMAN_PART_PER m_id="19" comment=""  >
<token_anchor t_id="37"/>
</HUMAN_PART_PER>
<HUMAN_PART_PER m_id="20" comment=""  >
<token_anchor t_id="41"/>
</HUMAN_PART_PER>
<HUMAN_PART_PER m_id="21" comment=""  >
<token_anchor t_id="43"/>
</HUMAN_PART_PER>
<HUMAN_PART_PER m_id="22" comment=""  >
<token_anchor t_id="69"/>
</HUMAN_PART_PER>
<HUMAN_PART_PER m_id="23" comment=""  >
<token_anchor t_id="60"/>
</HUMAN_PART_PER>
<HUMAN_PART_PER m_id="24" comment=""  >
<token_anchor t_id="71"/>
</HUMAN_PART_PER>
<HUMAN_PART_PER m_id="25" comment=""  >
<token_anchor t_id="73"/>
<token_anchor t_id="74"/>
</HUMAN_PART_PER>
<HUMAN_PART_PER m_id="26" comment=""  >
<token_anchor t_id="83"/>
<token_anchor t_id="84"/>
</HUMAN_PART_PER>
<HUMAN_PART_PER m_id="27" comment=""  >
<token_anchor t_id="89"/>
<token_anchor t_id="90"/>
</HUMAN_PART_PER>
<HUMAN_PART_PER m_id="28" comment=""  >
<token_anchor t_id="95"/>
</HUMAN_PART_PER>
<HUMAN_PART_PER m_id="29" comment=""  >
<token_anchor t_id="115"/>
<token_anchor t_id="116"/>
</HUMAN_PART_PER>
<HUMAN_PART_PER m_id="30" comment=""  >
<token_anchor t_id="121"/>
</HUMAN_PART_PER>
<HUMAN_PART_PER m_id="31" comment=""  >
<token_anchor t_id="123"/>
<token_anchor t_id="124"/>
</HUMAN_PART_PER>
<HUMAN_PART_PER m_id="32" comment=""  >
<token_anchor t_id="127"/>
</HUMAN_PART_PER>
<LOC_FAC m_id="37"  >
<token_anchor t_id="77"/>
<token_anchor t_id="78"/>
</LOC_FAC>
<LOC_FAC m_id="38"  >
<token_anchor t_id="178"/>
<token_anchor t_id="179"/>
<token_anchor t_id="180"/>
<token_anchor t_id="181"/>
</LOC_FAC>
<LOC_FAC m_id="39"  >
<token_anchor t_id="170"/>
<token_anchor t_id="171"/>
<token_anchor t_id="172"/>
</LOC_FAC>
<LOC_FAC m_id="40"  >
<token_anchor t_id="99"/>
<token_anchor t_id="100"/>
<token_anchor t_id="101"/>
<token_anchor t_id="102"/>
<token_anchor t_id="103"/>
<token_anchor t_id="104"/>
<token_anchor t_id="105"/>
<token_anchor t_id="106"/>
<token_anchor t_id="107"/>
<token_anchor t_id="108"/>
</LOC_FAC>
<LOC_GEO m_id="41" comment=""  >
<token_anchor t_id="44"/>
<token_anchor t_id="45"/>
</LOC_GEO>
<NEG_ACTION_OCCURRENCE m_id="42" climaxEvent="FALSE" comment=""  >
<token_anchor t_id="140"/>
<token_anchor t_id="141"/>
</NEG_ACTION_OCCURRENCE>
<NON_HUMAN_PART m_id="43" comment=""  >
<token_anchor t_id="166"/>
</NON_HUMAN_PART>
<NON_HUMAN_PART m_id="44" comment=""  >
<token_anchor t_id="131"/>
</NON_HUMAN_PART>
<NON_HUMAN_PART m_id="45" comment=""  >
<token_anchor t_id="147"/>
</NON_HUMAN_PART>
<TIME_DATE m_id="46" comment="" DCT="FALSE" value="2013-06-08" anchorTimeID="48"  >
<token_anchor t_id="111"/>
<token_anchor t_id="112"/>
</TIME_DATE>
<TIME_DATE m_id="47" comment="" DCT="FALSE" value="2013-06-10" anchorTimeID="48"  >
<token_anchor t_id="182"/>
</TIME_DATE>
<TIME_OF_THE_DAY m_id="48" DCT="TRUE" value="2013-06-10T10:45Z" anchorTimeID=""  >
<token_anchor t_id="46"/>
<token_anchor t_id="47"/>
<token_anchor t_id="48"/>
<token_anchor t_id="49"/>
<token_anchor t_id="50"/>
<token_anchor t_id="51"/>
<token_anchor t_id="52"/>
<token_anchor t_id="53"/>
</TIME_OF_THE_DAY>


<ACTION_OCCURRENCE m_id="49" RELATED_TO="" TAG_DESCRIPTOR="t32_charges_of_murder" climaxEvent="FALSE" comment="" />
<HUMAN_PART_PER m_id="50" RELATED_TO="" TAG_DESCRIPTOR="t32_john_jenkin" comment="" />
<LOC_GEO m_id="51" RELATED_TO="" TAG_DESCRIPTOR="t32_millom" comment="" />
<LOC_FAC m_id="52" RELATED_TO="" TAG_DESCRIPTOR="t32_cumbria_home" />
<HUMAN_PART_PER m_id="53" RELATED_TO="" TAG_DESCRIPTOR="t32_mother" comment="" />
<ACTION_OCCURRENCE m_id="54" RELATED_TO="" TAG_DESCRIPTOR="t32_double_murder" climaxEvent="FALSE" comment="" />
<HUMAN_PART_PER m_id="55" RELATED_TO="" TAG_DESCRIPTOR="t32_sister" comment="" />
</Markables>

<Relations>
<TLINK r_id="246455" contextualModality="" relType="AFTER" comment="" >
<source m_id="48" />
<target m_id="2" />
</TLINK>
<TLINK r_id="246456" contextualModality="" relType="AFTER" comment="" >
<source m_id="48" />
<target m_id="3" />
</TLINK>
<TLINK r_id="246457" contextualModality="" relType="AFTER" comment="" >
<source m_id="48" />
<target m_id="4" />
</TLINK>
<TLINK r_id="246458" contextualModality="" relType="AFTER" comment="" >
<source m_id="48" />
<target m_id="5" />
</TLINK>
<TLINK r_id="246459" contextualModality="" relType="OVERLAP" comment="" >
<source m_id="48" />
<target m_id="18" />
</TLINK>
<TLINK r_id="246460" contextualModality="" relType="AFTER" comment="" >
<source m_id="48" />
<target m_id="6" />
</TLINK>
<TLINK r_id="246461" contextualModality="" relType="AFTER" comment="" >
<source m_id="48" />
<target m_id="7" />
</TLINK>
<TLINK r_id="246462" contextualModality="" relType="AFTER" comment="" >
<source m_id="48" />
<target m_id="15" />
</TLINK>
<TLINK r_id="246463" contextualModality="" relType="AFTER" comment="" >
<source m_id="48" />
<target m_id="8" />
</TLINK>
<TLINK r_id="246464" contextualModality="" relType="AFTER" comment="" >
<source m_id="48" />
<target m_id="9" />
</TLINK>
<TLINK r_id="246465" contextualModality="" relType="AFTER" comment="" >
<source m_id="48" />
<target m_id="1" />
</TLINK>
<TLINK r_id="246466" contextualModality="" relType="AFTER" comment="" >
<source m_id="48" />
<target m_id="10" />
</TLINK>
<TLINK r_id="246467" contextualModality="" relType="AFTER" comment="" >
<source m_id="48" />
<target m_id="42" />
</TLINK>
<TLINK r_id="246469" contextualModality="" relType="AFTER" comment="" >
<source m_id="48" />
<target m_id="12" />
</TLINK>
<TLINK r_id="246470" contextualModality="" relType="AFTER" comment="" >
<source m_id="48" />
<target m_id="14" />
</TLINK>
<TLINK r_id="246471" contextualModality="" relType="AFTER" comment="" >
<source m_id="48" />
<target m_id="13" />
</TLINK>
<TLINK r_id="246472" contextualModality="" relType="AFTER" comment="" >
<source m_id="48" />
<target m_id="16" />
</TLINK>
<TLINK r_id="246473" contextualModality="" relType="OVERLAP" comment="" >
<source m_id="48" />
<target m_id="17" />
</TLINK>
<TLINK r_id="246474" contextualModality="" relType="CONTAINS" comment="" >
<source m_id="46" />
<target m_id="7" />
</TLINK>
<TLINK r_id="246475" contextualModality="" relType="CONTAINS" comment="" >
<source m_id="46" />
<target m_id="15" />
</TLINK>
<TLINK r_id="246476" contextualModality="" relType="CONTAINS" comment="" >
<source m_id="46" />
<target m_id="8" />
</TLINK>
<TLINK r_id="246477" contextualModality="" relType="CONTAINS" comment="" >
<source m_id="46" />
<target m_id="6" />
</TLINK>
<TLINK r_id="246478" contextualModality="" relType="CONTAINS" comment="" >
<source m_id="46" />
<target m_id="5" />
</TLINK>
<TLINK r_id="246479" contextualModality="" relType="CONTAINS" comment="" >
<source m_id="47" />
<target m_id="17" />
</TLINK>
<PLOT_LINK r_id="246480" SIGNAL="" relType="FALLING_ACTION" CAUSES="FALSE" CAUSED_BY="FALSE" >
<source m_id="2" />
<target m_id="3" />
</PLOT_LINK>
<PLOT_LINK r_id="246481" SIGNAL="" relType="FALLING_ACTION" CAUSES="FALSE" CAUSED_BY="FALSE" >
<source m_id="4" />
<target m_id="5" />
</PLOT_LINK>
<PLOT_LINK r_id="246482" SIGNAL="" relType="FALLING_ACTION" CAUSES="FALSE" CAUSED_BY="FALSE" >
<source m_id="18" />
<target m_id="6" />
</PLOT_LINK>
<PLOT_LINK r_id="246483" SIGNAL="" relType="PRECONDITION" CAUSES="FALSE" CAUSED_BY="FALSE" >
<source m_id="15" />
<target m_id="8" />
</PLOT_LINK>
<PLOT_LINK r_id="246484" SIGNAL="" relType="FALLING_ACTION" CAUSES="FALSE" CAUSED_BY="FALSE" >
<source m_id="15" />
<target m_id="1" />
</PLOT_LINK>
<PLOT_LINK r_id="246485" SIGNAL="" relType="FALLING_ACTION" CAUSES="FALSE" CAUSED_BY="FALSE" >
<source m_id="6" />
<target m_id="1" />
</PLOT_LINK>
<PLOT_LINK r_id="246486" SIGNAL="" relType="FALLING_ACTION" CAUSES="FALSE" CAUSED_BY="FALSE" >
<source m_id="5" />
<target m_id="1" />
</PLOT_LINK>
<PLOT_LINK r_id="246487" SIGNAL="" relType="FALLING_ACTION" CAUSES="FALSE" CAUSED_BY="FALSE" >
<source m_id="12" />
<target m_id="14" />
</PLOT_LINK>
<PLOT_LINK r_id="246488" SIGNAL="" relType="FALLING_ACTION" CAUSES="FALSE" CAUSED_BY="FALSE" >
<source m_id="14" />
<target m_id="16" />
</PLOT_LINK>
<PLOT_LINK r_id="246489" SIGNAL="" relType="PRECONDITION" CAUSES="FALSE" CAUSED_BY="FALSE" >
<source m_id="6" />
<target m_id="17" />
</PLOT_LINK>
<TLINK r_id="253693" contextualModality="" relType="CONTAINS" comment="" >
<source m_id="46" />
<target m_id="9" />
</TLINK>
<TLINK r_id="253694" contextualModality="" relType="CONTAINS" comment="" >
<source m_id="46" />
<target m_id="1" />
</TLINK>
<TLINK r_id="253695" contextualModality="" relType="CONTAINS" comment="" >
<source m_id="46" />
<target m_id="13" />
</TLINK>
<TLINK r_id="253696" contextualModality="" relType="CONTAINS" comment="" >
<source m_id="46" />
<target m_id="16" />
</TLINK>
<TLINK r_id="253697" contextualModality="" relType="CONTAINS" comment="" >
<source m_id="47" />
<target m_id="18" />
</TLINK>
</Relations>
</Document>
