<?xml version='1.0' encoding='UTF-8'?>
<Document doc_name="4_1ecbplus.xml">
  <token t_id="1" sentence="0" number="0">http</token>
  <token t_id="2" sentence="0" number="1">:</token>
  <token t_id="3" sentence="0" number="2">/</token>
  <token t_id="4" sentence="0" number="3">/</token>
  <token t_id="5" sentence="0" number="4">www</token>
  <token t_id="6" sentence="0" number="5">.</token>
  <token t_id="7" sentence="0" number="6">buenosairesherald</token>
  <token t_id="8" sentence="0" number="7">.</token>
  <token t_id="9" sentence="0" number="8">com</token>
  <token t_id="10" sentence="0" number="9">/</token>
  <token t_id="11" sentence="0" number="10">article</token>
  <token t_id="12" sentence="0" number="11">/</token>
  <token t_id="13" sentence="0" number="12">132929</token>
  <token t_id="14" sentence="0" number="13">/</token>
  <token t_id="15" sentence="0" number="14">hollywood</token>
  <token t_id="16" sentence="0" number="15">’</token>
  <token t_id="17" sentence="0" number="16">s</token>
  <token t_id="18" sentence="0" number="17">-</token>
  <token t_id="19" sentence="0" number="18">mermaid</token>
  <token t_id="20" sentence="0" number="19">-</token>
  <token t_id="21" sentence="0" number="20">esther</token>
  <token t_id="22" sentence="0" number="21">-</token>
  <token t_id="23" sentence="0" number="22">williams</token>
  <token t_id="24" sentence="0" number="23">-</token>
  <token t_id="25" sentence="0" number="24">dies</token>
  <token t_id="26" sentence="0" number="25">-</token>
  <token t_id="27" sentence="1" number="0">Friday</token>
  <token t_id="28" sentence="1" number="1">,</token>
  <token t_id="29" sentence="1" number="2">June</token>
  <token t_id="30" sentence="1" number="3">7</token>
  <token t_id="31" sentence="1" number="4">,</token>
  <token t_id="32" sentence="1" number="5">2013</token>
  <token t_id="33" sentence="2" number="0">Hollywood</token>
  <token t_id="34" sentence="2" number="1">’</token>
  <token t_id="35" sentence="2" number="2">s</token>
  <token t_id="36" sentence="2" number="3">mermaid</token>
  <token t_id="37" sentence="2" number="4">Esther</token>
  <token t_id="38" sentence="2" number="5">Williams</token>
  <token t_id="39" sentence="2" number="6">dies</token>
  <token t_id="40" sentence="3" number="0">Champion</token>
  <token t_id="41" sentence="3" number="1">swimmer</token>
  <token t_id="42" sentence="3" number="2">turned</token>
  <token t_id="43" sentence="3" number="3">top</token>
  <token t_id="44" sentence="3" number="4">box</token>
  <token t_id="45" sentence="3" number="5">-</token>
  <token t_id="46" sentence="3" number="6">office</token>
  <token t_id="47" sentence="3" number="7">draw</token>
  <token t_id="48" sentence="3" number="8">in</token>
  <token t_id="49" sentence="3" number="9">40s</token>
  <token t_id="50" sentence="3" number="10">and</token>
  <token t_id="51" sentence="3" number="11">50s</token>
  <token t_id="52" sentence="4" number="0">Esther</token>
  <token t_id="53" sentence="4" number="1">Williams</token>
  <token t_id="54" sentence="4" number="2">,</token>
  <token t_id="55" sentence="4" number="3">the</token>
  <token t_id="56" sentence="4" number="4">swimming</token>
  <token t_id="57" sentence="4" number="5">champion</token>
  <token t_id="58" sentence="4" number="6">turned</token>
  <token t_id="59" sentence="4" number="7">actress</token>
  <token t_id="60" sentence="4" number="8">who</token>
  <token t_id="61" sentence="4" number="9">starred</token>
  <token t_id="62" sentence="4" number="10">in</token>
  <token t_id="63" sentence="4" number="11">glittering</token>
  <token t_id="64" sentence="4" number="12">and</token>
  <token t_id="65" sentence="4" number="13">aquatic</token>
  <token t_id="66" sentence="4" number="14">Technicolour</token>
  <token t_id="67" sentence="4" number="15">musicals</token>
  <token t_id="68" sentence="4" number="16">of</token>
  <token t_id="69" sentence="4" number="17">the</token>
  <token t_id="70" sentence="4" number="18">1940s</token>
  <token t_id="71" sentence="4" number="19">and</token>
  <token t_id="72" sentence="4" number="20">1950s</token>
  <token t_id="73" sentence="4" number="21">,</token>
  <token t_id="74" sentence="4" number="22">has</token>
  <token t_id="75" sentence="4" number="23">died</token>
  <token t_id="76" sentence="4" number="24">.</token>
  <token t_id="77" sentence="5" number="0">She</token>
  <token t_id="78" sentence="5" number="1">was</token>
  <token t_id="79" sentence="5" number="2">91</token>
  <token t_id="80" sentence="5" number="3">.</token>
  <token t_id="81" sentence="6" number="0">Williams</token>
  <token t_id="82" sentence="6" number="1">,</token>
  <token t_id="83" sentence="6" number="2">whose</token>
  <token t_id="84" sentence="6" number="3">experiences</token>
  <token t_id="85" sentence="6" number="4">as</token>
  <token t_id="86" sentence="6" number="5">a</token>
  <token t_id="87" sentence="6" number="6">young</token>
  <token t_id="88" sentence="6" number="7">swimming</token>
  <token t_id="89" sentence="6" number="8">champion</token>
  <token t_id="90" sentence="6" number="9">led</token>
  <token t_id="91" sentence="6" number="10">to</token>
  <token t_id="92" sentence="6" number="11">a</token>
  <token t_id="93" sentence="6" number="12">career</token>
  <token t_id="94" sentence="6" number="13">of</token>
  <token t_id="95" sentence="6" number="14">Hollywood</token>
  <token t_id="96" sentence="6" number="15">“</token>
  <token t_id="97" sentence="6" number="16">aqua</token>
  <token t_id="98" sentence="6" number="17">-</token>
  <token t_id="99" sentence="6" number="18">musicals</token>
  <token t_id="100" sentence="6" number="19">”</token>
  <token t_id="101" sentence="6" number="20">designed</token>
  <token t_id="102" sentence="6" number="21">just</token>
  <token t_id="103" sentence="6" number="22">for</token>
  <token t_id="104" sentence="6" number="23">her</token>
  <token t_id="105" sentence="6" number="24">,</token>
  <token t_id="106" sentence="6" number="25">died</token>
  <token t_id="107" sentence="6" number="26">yesterday</token>
  <token t_id="108" sentence="6" number="27">in</token>
  <token t_id="109" sentence="6" number="28">Beverly</token>
  <token t_id="110" sentence="6" number="29">Hills</token>
  <token t_id="111" sentence="6" number="30">,</token>
  <token t_id="112" sentence="6" number="31">California</token>
  <token t_id="113" sentence="6" number="32">,</token>
  <token t_id="114" sentence="6" number="33">at</token>
  <token t_id="115" sentence="6" number="34">the</token>
  <token t_id="116" sentence="6" number="35">age</token>
  <token t_id="117" sentence="6" number="36">of</token>
  <token t_id="118" sentence="6" number="37">91</token>
  <token t_id="119" sentence="6" number="38">,</token>
  <token t_id="120" sentence="6" number="39">her</token>
  <token t_id="121" sentence="6" number="40">spokesman</token>
  <token t_id="122" sentence="6" number="41">said</token>
  <token t_id="123" sentence="6" number="42">.</token>
  <token t_id="124" sentence="7" number="0">She</token>
  <token t_id="125" sentence="7" number="1">died</token>
  <token t_id="126" sentence="7" number="2">peacefully</token>
  <token t_id="127" sentence="7" number="3">in</token>
  <token t_id="128" sentence="7" number="4">her</token>
  <token t_id="129" sentence="7" number="5">sleep</token>
  <token t_id="130" sentence="7" number="6">and</token>
  <token t_id="131" sentence="7" number="7">had</token>
  <token t_id="132" sentence="7" number="8">been</token>
  <token t_id="133" sentence="7" number="9">in</token>
  <token t_id="134" sentence="7" number="10">declining</token>
  <token t_id="135" sentence="7" number="11">health</token>
  <token t_id="136" sentence="7" number="12">due</token>
  <token t_id="137" sentence="7" number="13">to</token>
  <token t_id="138" sentence="7" number="14">old</token>
  <token t_id="139" sentence="7" number="15">age</token>
  <token t_id="140" sentence="7" number="16">,</token>
  <token t_id="141" sentence="7" number="17">spokesman</token>
  <token t_id="142" sentence="7" number="18">Harlan</token>
  <token t_id="143" sentence="7" number="19">Boll</token>
  <token t_id="144" sentence="7" number="20">said</token>
  <token t_id="145" sentence="7" number="21">.</token>
  <token t_id="146" sentence="8" number="0">It</token>
  <token t_id="147" sentence="8" number="1">was</token>
  <token t_id="148" sentence="8" number="2">the</token>
  <token t_id="149" sentence="8" number="3">pool</token>
  <token t_id="150" sentence="8" number="4">—</token>
  <token t_id="151" sentence="8" number="5">and</token>
  <token t_id="152" sentence="8" number="6">wartime</token>
  <token t_id="153" sentence="8" number="7">pinup</token>
  <token t_id="154" sentence="8" number="8">pictures</token>
  <token t_id="155" sentence="8" number="9">of</token>
  <token t_id="156" sentence="8" number="10">her</token>
  <token t_id="157" sentence="8" number="11">in</token>
  <token t_id="158" sentence="8" number="12">bathing</token>
  <token t_id="159" sentence="8" number="13">suits</token>
  <token t_id="160" sentence="8" number="14">—</token>
  <token t_id="161" sentence="8" number="15">that</token>
  <token t_id="162" sentence="8" number="16">made</token>
  <token t_id="163" sentence="8" number="17">her</token>
  <token t_id="164" sentence="8" number="18">popular</token>
  <token t_id="165" sentence="8" number="19">.</token>
  <token t_id="166" sentence="9" number="0">Williams</token>
  <token t_id="167" sentence="9" number="1">in</token>
  <token t_id="168" sentence="9" number="2">a</token>
  <token t_id="169" sentence="9" number="3">bathing</token>
  <token t_id="170" sentence="9" number="4">suit</token>
  <token t_id="171" sentence="9" number="5">became</token>
  <token t_id="172" sentence="9" number="6">a</token>
  <token t_id="173" sentence="9" number="7">favourite</token>
  <token t_id="174" sentence="9" number="8">pinup</token>
  <token t_id="175" sentence="9" number="9">of</token>
  <token t_id="176" sentence="9" number="10">US</token>
  <token t_id="177" sentence="9" number="11">people</token>
  <token t_id="178" sentence="9" number="12">in</token>
  <token t_id="179" sentence="9" number="13">World</token>
  <token t_id="180" sentence="9" number="14">War</token>
  <token t_id="181" sentence="9" number="15">II</token>
  <token t_id="182" sentence="9" number="16">,</token>
  <token t_id="183" sentence="9" number="17">and</token>
  <token t_id="184" sentence="9" number="18">her</token>
  <token t_id="185" sentence="9" number="19">popularity</token>
  <token t_id="186" sentence="9" number="20">continued</token>
  <token t_id="187" sentence="9" number="21">afterward</token>
  <token t_id="188" sentence="9" number="22">.</token>
  <Markables>
    <ACTION_ASPECTUAL m_id="1" comment="">
      <token_anchor t_id="186"/>
    </ACTION_ASPECTUAL>
    <ACTION_OCCURRENCE m_id="2" comment="" climaxEvent="FALSE">
      <token_anchor t_id="93"/>
    </ACTION_OCCURRENCE>
    <ACTION_OCCURRENCE m_id="3" comment="" climaxEvent="FALSE">
      <token_anchor t_id="179"/>
      <token_anchor t_id="180"/>
      <token_anchor t_id="181"/>
    </ACTION_OCCURRENCE>
    <ACTION_OCCURRENCE m_id="4" climaxEvent="TRUE" comment="">
      <token_anchor t_id="39"/>
    </ACTION_OCCURRENCE>
    <ACTION_OCCURRENCE m_id="5" comment="" climaxEvent="FALSE">
      <token_anchor t_id="171"/>
    </ACTION_OCCURRENCE>
    <ACTION_OCCURRENCE m_id="6" comment="" climaxEvent="FALSE">
      <token_anchor t_id="61"/>
    </ACTION_OCCURRENCE>
    <ACTION_OCCURRENCE m_id="7" comment="" climaxEvent="FALSE">
      <token_anchor t_id="67"/>
    </ACTION_OCCURRENCE>
    <ACTION_OCCURRENCE m_id="8" comment="" climaxEvent="FALSE">
      <token_anchor t_id="75"/>
    </ACTION_OCCURRENCE>
    <ACTION_OCCURRENCE m_id="9" comment="" climaxEvent="FALSE">
      <token_anchor t_id="88"/>
    </ACTION_OCCURRENCE>
    <ACTION_OCCURRENCE m_id="10" comment="" climaxEvent="FALSE">
      <token_anchor t_id="90"/>
      <token_anchor t_id="91"/>
    </ACTION_OCCURRENCE>
    <ACTION_OCCURRENCE m_id="11" comment="" climaxEvent="FALSE">
      <token_anchor t_id="101"/>
    </ACTION_OCCURRENCE>
    <ACTION_OCCURRENCE m_id="12" comment="" climaxEvent="FALSE">
      <token_anchor t_id="106"/>
    </ACTION_OCCURRENCE>
    <ACTION_OCCURRENCE m_id="13" comment="" climaxEvent="FALSE">
      <token_anchor t_id="125"/>
    </ACTION_OCCURRENCE>
    <ACTION_OCCURRENCE m_id="14" comment="" climaxEvent="FALSE">
      <token_anchor t_id="162"/>
    </ACTION_OCCURRENCE>
    <ACTION_OCCURRENCE m_id="15" comment="" climaxEvent="FALSE">
      <token_anchor t_id="56"/>
    </ACTION_OCCURRENCE>
    <ACTION_OCCURRENCE m_id="16" comment="" climaxEvent="FALSE">
      <token_anchor t_id="42"/>
    </ACTION_OCCURRENCE>
    <ACTION_OCCURRENCE m_id="17" comment="" climaxEvent="FALSE">
      <token_anchor t_id="58"/>
    </ACTION_OCCURRENCE>
    <ACTION_OCCURRENCE m_id="18" comment="" climaxEvent="FALSE">
      <token_anchor t_id="84"/>
    </ACTION_OCCURRENCE>
    <ACTION_REPORTING m_id="19">
      <token_anchor t_id="122"/>
    </ACTION_REPORTING>
    <ACTION_REPORTING m_id="20">
      <token_anchor t_id="144"/>
    </ACTION_REPORTING>
    <ACTION_STATE m_id="21" climaxEvent="FALSE" comment="">
      <token_anchor t_id="129"/>
    </ACTION_STATE>
    <ACTION_STATE m_id="22" climaxEvent="FALSE" comment="">
      <token_anchor t_id="164"/>
    </ACTION_STATE>
    <ACTION_STATE m_id="23" climaxEvent="FALSE" comment="">
      <token_anchor t_id="185"/>
    </ACTION_STATE>
    <HUMAN_PART_GENERIC m_id="24">
      <token_anchor t_id="177"/>
    </HUMAN_PART_GENERIC>
    <HUMAN_PART_MET m_id="54">
      <token_anchor t_id="33"/>
    </HUMAN_PART_MET>
    <HUMAN_PART_MET m_id="55">
      <token_anchor t_id="95"/>
    </HUMAN_PART_MET>
    <HUMAN_PART_PER m_id="29" comment="">
      <token_anchor t_id="121"/>
    </HUMAN_PART_PER>
    <HUMAN_PART_PER m_id="30" comment="">
      <token_anchor t_id="104"/>
    </HUMAN_PART_PER>
    <HUMAN_PART_PER m_id="31" comment="">
      <token_anchor t_id="156"/>
    </HUMAN_PART_PER>
    <HUMAN_PART_PER m_id="32" comment="">
      <token_anchor t_id="163"/>
    </HUMAN_PART_PER>
    <HUMAN_PART_PER m_id="33" comment="">
      <token_anchor t_id="142"/>
      <token_anchor t_id="143"/>
    </HUMAN_PART_PER>
    <HUMAN_PART_PER m_id="34" comment="">
      <token_anchor t_id="174"/>
    </HUMAN_PART_PER>
    <HUMAN_PART_PER m_id="35" comment="">
      <token_anchor t_id="37"/>
      <token_anchor t_id="38"/>
    </HUMAN_PART_PER>
    <HUMAN_PART_PER m_id="36" comment="">
      <token_anchor t_id="47"/>
    </HUMAN_PART_PER>
    <HUMAN_PART_PER m_id="37" comment="">
      <token_anchor t_id="41"/>
    </HUMAN_PART_PER>
    <HUMAN_PART_PER m_id="38" comment="">
      <token_anchor t_id="52"/>
      <token_anchor t_id="53"/>
    </HUMAN_PART_PER>
    <HUMAN_PART_PER m_id="39" comment="">
      <token_anchor t_id="57"/>
    </HUMAN_PART_PER>
    <HUMAN_PART_PER m_id="40" comment="">
      <token_anchor t_id="59"/>
    </HUMAN_PART_PER>
    <HUMAN_PART_PER m_id="41" comment="">
      <token_anchor t_id="60"/>
    </HUMAN_PART_PER>
    <HUMAN_PART_PER m_id="42" comment="">
      <token_anchor t_id="83"/>
    </HUMAN_PART_PER>
    <HUMAN_PART_PER m_id="43" comment="">
      <token_anchor t_id="77"/>
    </HUMAN_PART_PER>
    <HUMAN_PART_PER m_id="25" comment="">
      <token_anchor t_id="81"/>
    </HUMAN_PART_PER>
    <HUMAN_PART_PER m_id="26" comment="">
      <token_anchor t_id="124"/>
    </HUMAN_PART_PER>
    <HUMAN_PART_PER m_id="27" comment="">
      <token_anchor t_id="166"/>
    </HUMAN_PART_PER>
    <HUMAN_PART_PER m_id="28" comment="">
      <token_anchor t_id="89"/>
    </HUMAN_PART_PER>
    <LOC_GEO m_id="44" comment="">
      <token_anchor t_id="108"/>
      <token_anchor t_id="109"/>
      <token_anchor t_id="110"/>
      <token_anchor t_id="111"/>
      <token_anchor t_id="112"/>
    </LOC_GEO>
    <NEG_ACTION_STATE m_id="45" comment="" climaxEvent="FALSE">
      <token_anchor t_id="135"/>
    </NEG_ACTION_STATE>
    <NON_HUMAN_PART m_id="46" comment="">
      <token_anchor t_id="149"/>
    </NON_HUMAN_PART>
    <NON_HUMAN_PART m_id="47" comment="">
      <token_anchor t_id="154"/>
    </NON_HUMAN_PART>
    <NON_HUMAN_PART m_id="48" comment="">
      <token_anchor t_id="158"/>
      <token_anchor t_id="159"/>
    </NON_HUMAN_PART>
    <NON_HUMAN_PART m_id="49" comment="">
      <token_anchor t_id="169"/>
      <token_anchor t_id="170"/>
    </NON_HUMAN_PART>
    <TIME_DATE m_id="50" comment="" DCT="FALSE" value="2013-06-06" anchorTimeID="53">
      <token_anchor t_id="107"/>
    </TIME_DATE>
    <TIME_DATE m_id="51" comment="" DCT="FALSE" value="1940's, 1950's" anchorTimeID="">
      <token_anchor t_id="48"/>
      <token_anchor t_id="49"/>
      <token_anchor t_id="50"/>
      <token_anchor t_id="51"/>
    </TIME_DATE>
    <TIME_DATE m_id="52" comment="" DCT="FALSE" value="1940's, 1950's" anchorTimeID="">
      <token_anchor t_id="68"/>
      <token_anchor t_id="69"/>
      <token_anchor t_id="70"/>
      <token_anchor t_id="71"/>
      <token_anchor t_id="72"/>
    </TIME_DATE>
    <TIME_DATE m_id="53" comment="" DCT="TRUE" value="2013-06-07" anchorTimeID="">
      <token_anchor t_id="27"/>
      <token_anchor t_id="28"/>
      <token_anchor t_id="29"/>
      <token_anchor t_id="30"/>
      <token_anchor t_id="31"/>
      <token_anchor t_id="32"/>
    </TIME_DATE>
    <ACTION_OCCURRENCE m_id="56" RELATED_TO="" TAG_DESCRIPTOR="t4_musicals" comment="" climaxEvent="FALSE"/>
    <TIME_DATE m_id="57" RELATED_TO="" TAG_DESCRIPTOR="t4_the_1940s_and_1950s" value="" anchorTimeID="" DCT="FALSE" comment=""/>
    <TIME_DATE m_id="58" RELATED_TO="" TAG_DESCRIPTOR="t4_jun_6th" value="" anchorTimeID="" DCT="FALSE" comment=""/>
    <HUMAN_PART_MET m_id="59" RELATED_TO="" TAG_DESCRIPTOR="t2b_hollywood"/>
    <ACTION_OCCURRENCE m_id="60" RELATED_TO="" TAG_DESCRIPTOR="t4_dies" comment="" climaxEvent="FALSE"/>
    <ACTION_OCCURRENCE m_id="61" RELATED_TO="" TAG_DESCRIPTOR="t4_starring" comment="" climaxEvent="FALSE"/>
    <LOC_GEO m_id="62" RELATED_TO="" TAG_DESCRIPTOR="t4_beverly_hills" comment=""/>
    <NON_HUMAN_PART m_id="63" RELATED_TO="" TAG_DESCRIPTOR="t4_pictures" comment=""/>
    <ACTION_OCCURRENCE m_id="64" RELATED_TO="" TAG_DESCRIPTOR="t4_turned" comment="" climaxEvent="FALSE"/>
    <NON_HUMAN_PART m_id="65" RELATED_TO="" TAG_DESCRIPTOR="t4_pool" comment=""/>
    <ACTION_OCCURRENCE m_id="66" RELATED_TO="" TAG_DESCRIPTOR="t4_designed" comment="" climaxEvent="FALSE"/>
    <ACTION_STATE m_id="67" RELATED_TO="" TAG_DESCRIPTOR="t4_in_her_sleep" climaxEvent="FALSE" comment=""/>
    <ACTION_OCCURRENCE m_id="68" RELATED_TO="" TAG_DESCRIPTOR="t4_experiences_as_swimming_champion" comment="" climaxEvent="FALSE"/>
    <HUMAN_PART_PER m_id="69" RELATED_TO="" TAG_DESCRIPTOR="t4_harlan_boll" comment=""/>
    <ACTION_STATE m_id="70" RELATED_TO="" TAG_DESCRIPTOR="t4_popularity" climaxEvent="FALSE" comment=""/>
    <ACTION_REPORTING m_id="71" RELATED_TO="" TAG_DESCRIPTOR="t4_harlan_boll_confirmed"/>
    <ACTION_OCCURRENCE m_id="72" RELATED_TO="" TAG_DESCRIPTOR="t4_swimming_skills" comment="" climaxEvent="FALSE"/>
    <NON_HUMAN_PART m_id="73" RELATED_TO="" TAG_DESCRIPTOR="t4_bathing_suits" comment=""/>
    <HUMAN_PART_PER m_id="74" RELATED_TO="" TAG_DESCRIPTOR="t4_esther_wills" comment=""/>
    <ACTION_OCCURRENCE m_id="75" RELATED_TO="" TAG_DESCRIPTOR="t4_career" comment="" climaxEvent="FALSE"/>
    <ACTION_OCCURRENCE m_id="76" RELATED_TO="" TAG_DESCRIPTOR="t4_ww2" comment="" climaxEvent="FALSE"/>
  </Markables>
  <Relations>
    <TLINK r_id="137321" contextualModality="" relType="AFTER" comment="">
      <source m_id="53"/>
      <target m_id="4"/>
    </TLINK>
    <TLINK r_id="137322" contextualModality="" relType="AFTER" comment="">
      <source m_id="53"/>
      <target m_id="16"/>
    </TLINK>
    <TLINK r_id="137323" contextualModality="" relType="AFTER" comment="">
      <source m_id="53"/>
      <target m_id="17"/>
    </TLINK>
    <TLINK r_id="137324" contextualModality="" relType="AFTER" comment="">
      <source m_id="53"/>
      <target m_id="6"/>
    </TLINK>
    <TLINK r_id="137325" contextualModality="" relType="AFTER" comment="">
      <source m_id="53"/>
      <target m_id="7"/>
    </TLINK>
    <TLINK r_id="137326" contextualModality="" relType="AFTER" comment="">
      <source m_id="53"/>
      <target m_id="8"/>
    </TLINK>
    <TLINK r_id="137327" contextualModality="" relType="AFTER" comment="">
      <source m_id="53"/>
      <target m_id="18"/>
    </TLINK>
    <TLINK r_id="137328" contextualModality="" relType="AFTER" comment="">
      <source m_id="53"/>
      <target m_id="10"/>
    </TLINK>
    <TLINK r_id="137329" contextualModality="" relType="AFTER" comment="">
      <source m_id="53"/>
      <target m_id="2"/>
    </TLINK>
    <TLINK r_id="137330" contextualModality="" relType="AFTER" comment="">
      <source m_id="53"/>
      <target m_id="11"/>
    </TLINK>
    <TLINK r_id="137331" contextualModality="" relType="AFTER" comment="">
      <source m_id="53"/>
      <target m_id="12"/>
    </TLINK>
    <TLINK r_id="137332" contextualModality="" relType="AFTER" comment="">
      <source m_id="53"/>
      <target m_id="13"/>
    </TLINK>
    <TLINK r_id="137333" contextualModality="" relType="AFTER" comment="">
      <source m_id="53"/>
      <target m_id="21"/>
    </TLINK>
    <TLINK r_id="137334" contextualModality="" relType="AFTER" comment="">
      <source m_id="53"/>
      <target m_id="45"/>
    </TLINK>
    <TLINK r_id="137335" contextualModality="" relType="AFTER" comment="">
      <source m_id="53"/>
      <target m_id="14"/>
    </TLINK>
    <TLINK r_id="137336" contextualModality="" relType="AFTER" comment="">
      <source m_id="53"/>
      <target m_id="22"/>
    </TLINK>
    <TLINK r_id="137337" contextualModality="" relType="AFTER" comment="">
      <source m_id="53"/>
      <target m_id="5"/>
    </TLINK>
    <TLINK r_id="137338" contextualModality="" relType="AFTER" comment="">
      <source m_id="53"/>
      <target m_id="3"/>
    </TLINK>
    <TLINK r_id="137339" contextualModality="" relType="AFTER" comment="">
      <source m_id="53"/>
      <target m_id="23"/>
    </TLINK>
    <TLINK r_id="137340" contextualModality="" relType="AFTER" comment="">
      <source m_id="53"/>
      <target m_id="1"/>
    </TLINK>
    <TLINK r_id="137341" contextualModality="" relType="CONTAINS" comment="">
      <source m_id="51"/>
      <target m_id="16"/>
    </TLINK>
    <TLINK r_id="137342" contextualModality="" relType="CONTAINS" comment="">
      <source m_id="52"/>
      <target m_id="7"/>
    </TLINK>
    <TLINK r_id="137343" contextualModality="" relType="CONTAINS" comment="">
      <source m_id="52"/>
      <target m_id="6"/>
    </TLINK>
    <TLINK r_id="137344" contextualModality="" relType="CONTAINS" comment="">
      <source m_id="52"/>
      <target m_id="17"/>
    </TLINK>
    <TLINK r_id="137345" contextualModality="" relType="BEFORE" comment="">
      <source m_id="52"/>
      <target m_id="8"/>
    </TLINK>
    <TLINK r_id="137346" contextualModality="" relType="CONTAINS" comment="">
      <source m_id="50"/>
      <target m_id="4"/>
    </TLINK>
    <TLINK r_id="137347" contextualModality="" relType="AFTER" comment="">
      <source m_id="50"/>
      <target m_id="18"/>
    </TLINK>
    <TLINK r_id="137348" contextualModality="" relType="AFTER" comment="">
      <source m_id="50"/>
      <target m_id="10"/>
    </TLINK>
    <TLINK r_id="137349" contextualModality="" relType="AFTER" comment="">
      <source m_id="50"/>
      <target m_id="2"/>
    </TLINK>
    <TLINK r_id="137350" contextualModality="" relType="AFTER" comment="">
      <source m_id="50"/>
      <target m_id="11"/>
    </TLINK>
    <TLINK r_id="137351" contextualModality="" relType="CONTAINS" comment="">
      <source m_id="50"/>
      <target m_id="12"/>
    </TLINK>
    <TLINK r_id="137352" contextualModality="" relType="CONTAINS" comment="">
      <source m_id="50"/>
      <target m_id="13"/>
    </TLINK>
    <TLINK r_id="137353" contextualModality="" relType="CONTAINS" comment="">
      <source m_id="50"/>
      <target m_id="21"/>
    </TLINK>
    <TLINK r_id="137354" contextualModality="" relType="AFTER" comment="">
      <source m_id="50"/>
      <target m_id="45"/>
    </TLINK>
    <TLINK r_id="137355" contextualModality="" relType="AFTER" comment="">
      <source m_id="50"/>
      <target m_id="14"/>
    </TLINK>
    <TLINK r_id="137356" contextualModality="" relType="AFTER" comment="">
      <source m_id="50"/>
      <target m_id="22"/>
    </TLINK>
    <TLINK r_id="137357" contextualModality="" relType="AFTER" comment="">
      <source m_id="50"/>
      <target m_id="5"/>
    </TLINK>
    <TLINK r_id="137358" contextualModality="" relType="AFTER" comment="">
      <source m_id="50"/>
      <target m_id="3"/>
    </TLINK>
    <TLINK r_id="137359" contextualModality="" relType="AFTER" comment="">
      <source m_id="50"/>
      <target m_id="23"/>
    </TLINK>
    <TLINK r_id="137360" contextualModality="" relType="AFTER" comment="">
      <source m_id="50"/>
      <target m_id="1"/>
    </TLINK>
    <PLOT_LINK r_id="137361" SIGNAL="" relType="PRECONDITION" CAUSES="FALSE" CAUSED_BY="FALSE">
      <source m_id="17"/>
      <target m_id="6"/>
    </PLOT_LINK>
    <PLOT_LINK r_id="137362" SIGNAL="10" relType="PRECONDITION" CAUSES="TRUE" CAUSED_BY="FALSE">
      <source m_id="18"/>
      <target m_id="2"/>
    </PLOT_LINK>
    <PLOT_LINK r_id="137363" SIGNAL="" relType="FALLING_ACTION" CAUSES="FALSE" CAUSED_BY="FALSE">
      <source m_id="13"/>
      <target m_id="45"/>
    </PLOT_LINK>
    <PLOT_LINK r_id="137364" SIGNAL="" relType="PRECONDITION" CAUSES="FALSE" CAUSED_BY="FALSE">
      <source m_id="5"/>
      <target m_id="23"/>
    </PLOT_LINK>
  </Relations>
</Document>
