<?xml version='1.0' encoding='UTF-8'?>
<Document doc_name="4_5ecbplus.xml">
  <token t_id="1" sentence="0" number="0">http</token>
  <token t_id="2" sentence="0" number="1">:</token>
  <token t_id="3" sentence="0" number="2">/</token>
  <token t_id="4" sentence="0" number="3">/</token>
  <token t_id="5" sentence="0" number="4">www</token>
  <token t_id="6" sentence="0" number="5">.</token>
  <token t_id="7" sentence="0" number="6">hollywoodreporter</token>
  <token t_id="8" sentence="0" number="7">.</token>
  <token t_id="9" sentence="0" number="8">com</token>
  <token t_id="10" sentence="0" number="9">/</token>
  <token t_id="11" sentence="0" number="10">news</token>
  <token t_id="12" sentence="0" number="11">/</token>
  <token t_id="13" sentence="0" number="12">actress</token>
  <token t_id="14" sentence="0" number="13">-</token>
  <token t_id="15" sentence="0" number="14">esther</token>
  <token t_id="16" sentence="0" number="15">-</token>
  <token t_id="17" sentence="0" number="16">williams</token>
  <token t_id="18" sentence="0" number="17">-</token>
  <token t_id="19" sentence="0" number="18">dies</token>
  <token t_id="20" sentence="0" number="19">-</token>
  <token t_id="21" sentence="0" number="20">mgm</token>
  <token t_id="22" sentence="0" number="21">-</token>
  <token t_id="23" sentence="0" number="22">564112</token>
  <token t_id="24" sentence="1" number="0">Actress</token>
  <token t_id="25" sentence="1" number="1">Esther</token>
  <token t_id="26" sentence="1" number="2">Williams</token>
  <token t_id="27" sentence="1" number="3">Dies</token>
  <token t_id="28" sentence="1" number="4">at</token>
  <token t_id="29" sentence="1" number="5">91</token>
  <token t_id="30" sentence="2" number="0">10</token>
  <token t_id="31" sentence="2" number="1">:</token>
  <token t_id="32" sentence="2" number="2">10</token>
  <token t_id="33" sentence="2" number="3">AM</token>
  <token t_id="34" sentence="2" number="4">PDT</token>
  <token t_id="35" sentence="2" number="5">6</token>
  <token t_id="36" sentence="2" number="6">/</token>
  <token t_id="37" sentence="2" number="7">6</token>
  <token t_id="38" sentence="2" number="8">/</token>
  <token t_id="39" sentence="2" number="9">2013</token>
  <token t_id="40" sentence="3" number="0">The</token>
  <token t_id="41" sentence="3" number="1">champion</token>
  <token t_id="42" sentence="3" number="2">swimmer</token>
  <token t_id="43" sentence="3" number="3">starred</token>
  <token t_id="44" sentence="3" number="4">in</token>
  <token t_id="45" sentence="3" number="5">such</token>
  <token t_id="46" sentence="3" number="6">films</token>
  <token t_id="47" sentence="3" number="7">as</token>
  <token t_id="48" sentence="3" number="8">"Bathing</token>
  <token t_id="49" sentence="3" number="9">Beauty</token>
  <token t_id="50" sentence="3" number="10">,</token>
  <token t_id="51" sentence="3" number="11">"</token>
  <token t_id="52" sentence="3" number="12">"Take</token>
  <token t_id="53" sentence="3" number="13">Me</token>
  <token t_id="54" sentence="3" number="14">Out</token>
  <token t_id="55" sentence="3" number="15">to</token>
  <token t_id="56" sentence="3" number="16">the</token>
  <token t_id="57" sentence="3" number="17">Ball</token>
  <token t_id="58" sentence="3" number="18">Game"</token>
  <token t_id="59" sentence="3" number="19">and</token>
  <token t_id="60" sentence="3" number="20">"Million</token>
  <token t_id="61" sentence="3" number="21">Dollar</token>
  <token t_id="62" sentence="3" number="22">Mermaid</token>
  <token t_id="63" sentence="3" number="23">.</token>
  <token t_id="64" sentence="3" number="24">"</token>
  <token t_id="65" sentence="4" number="0">Actress</token>
  <token t_id="66" sentence="4" number="1">and</token>
  <token t_id="67" sentence="4" number="2">champion</token>
  <token t_id="68" sentence="4" number="3">swimmer</token>
  <token t_id="69" sentence="4" number="4">Esther</token>
  <token t_id="70" sentence="4" number="5">Williams</token>
  <token t_id="71" sentence="4" number="6">,</token>
  <token t_id="72" sentence="4" number="7">who</token>
  <token t_id="73" sentence="4" number="8">showcased</token>
  <token t_id="74" sentence="4" number="9">a</token>
  <token t_id="75" sentence="4" number="10">combination</token>
  <token t_id="76" sentence="4" number="11">of</token>
  <token t_id="77" sentence="4" number="12">glamour</token>
  <token t_id="78" sentence="4" number="13">and</token>
  <token t_id="79" sentence="4" number="14">athleticism</token>
  <token t_id="80" sentence="4" number="15">by</token>
  <token t_id="81" sentence="4" number="16">starring</token>
  <token t_id="82" sentence="4" number="17">in</token>
  <token t_id="83" sentence="4" number="18">several</token>
  <token t_id="84" sentence="4" number="19">spectacular</token>
  <token t_id="85" sentence="4" number="20">and</token>
  <token t_id="86" sentence="4" number="21">splashy</token>
  <token t_id="87" sentence="4" number="22">MGM</token>
  <token t_id="88" sentence="4" number="23">musicals</token>
  <token t_id="89" sentence="4" number="24">of</token>
  <token t_id="90" sentence="4" number="25">the</token>
  <token t_id="91" sentence="4" number="26">1940s</token>
  <token t_id="92" sentence="4" number="27">and</token>
  <token t_id="93" sentence="4" number="28">'50s</token>
  <token t_id="94" sentence="4" number="29">,</token>
  <token t_id="95" sentence="4" number="30">has</token>
  <token t_id="96" sentence="4" number="31">died</token>
  <token t_id="97" sentence="4" number="32">.</token>
  <token t_id="98" sentence="5" number="0">She</token>
  <token t_id="99" sentence="5" number="1">was</token>
  <token t_id="100" sentence="5" number="2">91</token>
  <token t_id="101" sentence="5" number="3">.</token>
  <token t_id="102" sentence="6" number="0">Williams</token>
  <token t_id="103" sentence="6" number="1">died</token>
  <token t_id="104" sentence="6" number="2">peacefully</token>
  <token t_id="105" sentence="6" number="3">in</token>
  <token t_id="106" sentence="6" number="4">her</token>
  <token t_id="107" sentence="6" number="5">sleep</token>
  <token t_id="108" sentence="6" number="6">Thursday</token>
  <token t_id="109" sentence="6" number="7">in</token>
  <token t_id="110" sentence="6" number="8">Beverly</token>
  <token t_id="111" sentence="6" number="9">Hills</token>
  <token t_id="112" sentence="6" number="10">,</token>
  <token t_id="113" sentence="6" number="11">family</token>
  <token t_id="114" sentence="6" number="12">spokesman</token>
  <token t_id="115" sentence="6" number="13">Harlan</token>
  <token t_id="116" sentence="6" number="14">Boll</token>
  <token t_id="117" sentence="6" number="15">announced</token>
  <token t_id="118" sentence="6" number="16">.</token>
  <Markables>
    <ACTION_OCCURRENCE m_id="1" climaxEvent="TRUE" comment="">
      <token_anchor t_id="27"/>
    </ACTION_OCCURRENCE>
    <ACTION_OCCURRENCE m_id="2" comment="" climaxEvent="FALSE">
      <token_anchor t_id="43"/>
    </ACTION_OCCURRENCE>
    <ACTION_OCCURRENCE m_id="3" comment="" climaxEvent="FALSE">
      <token_anchor t_id="73"/>
    </ACTION_OCCURRENCE>
    <ACTION_OCCURRENCE m_id="4" comment="" climaxEvent="FALSE">
      <token_anchor t_id="81"/>
    </ACTION_OCCURRENCE>
    <ACTION_OCCURRENCE m_id="5" comment="" climaxEvent="FALSE">
      <token_anchor t_id="96"/>
    </ACTION_OCCURRENCE>
    <ACTION_OCCURRENCE m_id="6" comment="" climaxEvent="FALSE">
      <token_anchor t_id="103"/>
    </ACTION_OCCURRENCE>
    <ACTION_OCCURRENCE m_id="7" comment="" climaxEvent="FALSE">
      <token_anchor t_id="88"/>
    </ACTION_OCCURRENCE>
    <ACTION_REPORTING m_id="8">
      <token_anchor t_id="117"/>
    </ACTION_REPORTING>
    <ACTION_STATE m_id="9" climaxEvent="FALSE" comment="">
      <token_anchor t_id="77"/>
    </ACTION_STATE>
    <ACTION_STATE m_id="10" climaxEvent="FALSE" comment="">
      <token_anchor t_id="79"/>
    </ACTION_STATE>
    <ACTION_STATE m_id="11" climaxEvent="FALSE" comment="">
      <token_anchor t_id="107"/>
    </ACTION_STATE>
    <HUMAN_PART_ORG m_id="12">
      <token_anchor t_id="87"/>
    </HUMAN_PART_ORG>
    <HUMAN_PART_PER m_id="13" comment="">
      <token_anchor t_id="25"/>
      <token_anchor t_id="26"/>
    </HUMAN_PART_PER>
    <HUMAN_PART_PER m_id="14" comment="">
      <token_anchor t_id="42"/>
    </HUMAN_PART_PER>
    <HUMAN_PART_PER m_id="15" comment="">
      <token_anchor t_id="65"/>
    </HUMAN_PART_PER>
    <HUMAN_PART_PER m_id="16" comment="">
      <token_anchor t_id="68"/>
    </HUMAN_PART_PER>
    <HUMAN_PART_PER m_id="17" comment="">
      <token_anchor t_id="69"/>
      <token_anchor t_id="70"/>
    </HUMAN_PART_PER>
    <HUMAN_PART_PER m_id="18" comment="">
      <token_anchor t_id="98"/>
    </HUMAN_PART_PER>
    <HUMAN_PART_PER m_id="19" comment="">
      <token_anchor t_id="102"/>
    </HUMAN_PART_PER>
    <HUMAN_PART_PER m_id="20" comment="">
      <token_anchor t_id="115"/>
      <token_anchor t_id="116"/>
    </HUMAN_PART_PER>
    <LOC_GEO m_id="21" comment="">
      <token_anchor t_id="109"/>
      <token_anchor t_id="110"/>
      <token_anchor t_id="111"/>
    </LOC_GEO>
    <NON_HUMAN_PART m_id="22" comment="">
      <token_anchor t_id="46"/>
    </NON_HUMAN_PART>
    <NON_HUMAN_PART m_id="23" comment="">
      <token_anchor t_id="48"/>
      <token_anchor t_id="49"/>
    </NON_HUMAN_PART>
    <NON_HUMAN_PART m_id="24" comment="">
      <token_anchor t_id="52"/>
      <token_anchor t_id="53"/>
      <token_anchor t_id="54"/>
      <token_anchor t_id="55"/>
      <token_anchor t_id="56"/>
      <token_anchor t_id="57"/>
      <token_anchor t_id="58"/>
    </NON_HUMAN_PART>
    <NON_HUMAN_PART m_id="25" comment="">
      <token_anchor t_id="60"/>
      <token_anchor t_id="61"/>
      <token_anchor t_id="62"/>
    </NON_HUMAN_PART>
    <TIME_DATE m_id="26" comment="" DCT="FALSE" value="1940's, 1950's" anchorTimeID="">
      <token_anchor t_id="89"/>
      <token_anchor t_id="90"/>
      <token_anchor t_id="91"/>
      <token_anchor t_id="92"/>
      <token_anchor t_id="93"/>
    </TIME_DATE>
    <TIME_DATE m_id="27" comment="" DCT="FALSE" value="2013-06-06" anchorTimeID="28">
      <token_anchor t_id="108"/>
    </TIME_DATE>
    <TIME_OF_THE_DAY m_id="28" DCT="TRUE" value="2013-06-06T10:10" anchorTimeID="">
      <token_anchor t_id="30"/>
      <token_anchor t_id="31"/>
      <token_anchor t_id="32"/>
      <token_anchor t_id="33"/>
      <token_anchor t_id="34"/>
      <token_anchor t_id="35"/>
      <token_anchor t_id="36"/>
      <token_anchor t_id="37"/>
      <token_anchor t_id="38"/>
      <token_anchor t_id="39"/>
    </TIME_OF_THE_DAY>
    <LOC_GEO m_id="29" RELATED_TO="" TAG_DESCRIPTOR="t4_beverly_hills" comment=""/>
    <HUMAN_PART_PER m_id="30" RELATED_TO="" TAG_DESCRIPTOR="t4_esther_wills" comment=""/>
    <NON_HUMAN_PART m_id="31" RELATED_TO="" TAG_DESCRIPTOR="films" comment=""/>
    <ACTION_STATE m_id="32" RELATED_TO="" TAG_DESCRIPTOR="t4_in_her_sleep" climaxEvent="FALSE" comment=""/>
    <ACTION_OCCURRENCE m_id="33" RELATED_TO="" TAG_DESCRIPTOR="t4_musicals" comment="" climaxEvent="FALSE"/>
    <HUMAN_PART_PER m_id="34" RELATED_TO="" TAG_DESCRIPTOR="t4_harlan_boll" comment=""/>
    <ACTION_OCCURRENCE m_id="35" RELATED_TO="" TAG_DESCRIPTOR="t4_starred" comment="" climaxEvent="FALSE"/>
    <HUMAN_PART_ORG m_id="36" RELATED_TO="" TAG_DESCRIPTOR="t4_MGM"/>
    <ACTION_REPORTING m_id="37" RELATED_TO="" TAG_DESCRIPTOR="t4_harlan_boll_confirmed"/>
    <TIME_DATE m_id="38" RELATED_TO="" TAG_DESCRIPTOR="t4_the_1940s_and_1950s" value="" anchorTimeID="" DCT="FALSE" comment=""/>
    <TIME_DATE m_id="39" RELATED_TO="" TAG_DESCRIPTOR="t4_jun_6th" value="" anchorTimeID="" DCT="FALSE" comment=""/>
    <ACTION_OCCURRENCE m_id="40" RELATED_TO="" TAG_DESCRIPTOR="t4_dies" comment="" climaxEvent="FALSE"/>
  </Markables>
  <Relations>
    <TLINK r_id="137414" contextualModality="" relType="AFTER" comment="">
      <source m_id="28"/>
      <target m_id="1"/>
    </TLINK>
    <TLINK r_id="137415" contextualModality="" relType="AFTER" comment="">
      <source m_id="28"/>
      <target m_id="2"/>
    </TLINK>
    <TLINK r_id="137416" contextualModality="" relType="AFTER" comment="">
      <source m_id="28"/>
      <target m_id="3"/>
    </TLINK>
    <TLINK r_id="137417" contextualModality="" relType="AFTER" comment="">
      <source m_id="28"/>
      <target m_id="4"/>
    </TLINK>
    <TLINK r_id="137418" contextualModality="" relType="AFTER" comment="">
      <source m_id="28"/>
      <target m_id="7"/>
    </TLINK>
    <TLINK r_id="137419" contextualModality="" relType="AFTER" comment="">
      <source m_id="28"/>
      <target m_id="5"/>
    </TLINK>
    <TLINK r_id="137420" contextualModality="" relType="AFTER" comment="">
      <source m_id="28"/>
      <target m_id="9"/>
    </TLINK>
    <TLINK r_id="137421" contextualModality="" relType="AFTER" comment="">
      <source m_id="28"/>
      <target m_id="10"/>
    </TLINK>
    <TLINK r_id="137422" contextualModality="" relType="AFTER" comment="">
      <source m_id="28"/>
      <target m_id="6"/>
    </TLINK>
    <TLINK r_id="137423" contextualModality="" relType="AFTER" comment="">
      <source m_id="28"/>
      <target m_id="11"/>
    </TLINK>
    <TLINK r_id="137424" contextualModality="" relType="CONTAINS" comment="">
      <source m_id="26"/>
      <target m_id="7"/>
    </TLINK>
    <TLINK r_id="137425" contextualModality="" relType="CONTAINS" comment="">
      <source m_id="26"/>
      <target m_id="3"/>
    </TLINK>
    <TLINK r_id="137426" contextualModality="" relType="CONTAINS" comment="">
      <source m_id="26"/>
      <target m_id="9"/>
    </TLINK>
    <TLINK r_id="137427" contextualModality="" relType="CONTAINS" comment="">
      <source m_id="26"/>
      <target m_id="10"/>
    </TLINK>
    <TLINK r_id="137428" contextualModality="" relType="CONTAINS" comment="">
      <source m_id="26"/>
      <target m_id="4"/>
    </TLINK>
    <TLINK r_id="137429" contextualModality="" relType="BEFORE" comment="">
      <source m_id="26"/>
      <target m_id="5"/>
    </TLINK>
    <TLINK r_id="137430" contextualModality="" relType="CONTAINS" comment="">
      <source m_id="27"/>
      <target m_id="6"/>
    </TLINK>
    <TLINK r_id="137431" contextualModality="" relType="CONTAINS" comment="">
      <source m_id="27"/>
      <target m_id="11"/>
    </TLINK>
    <PLOT_LINK r_id="137433" SIGNAL="4" relType="FALLING_ACTION" CAUSES="FALSE" CAUSED_BY="TRUE">
      <source m_id="3"/>
      <target m_id="7"/>
    </PLOT_LINK>
  </Relations>
</Document>
