<Document doc_name="41_11ecbplus.xml">
<token t_id="1" sentence="0" number="0">http</token>
<token t_id="2" sentence="0" number="1">:</token>
<token t_id="3" sentence="0" number="2">/</token>
<token t_id="4" sentence="0" number="3">/</token>
<token t_id="5" sentence="0" number="4">www</token>
<token t_id="6" sentence="0" number="5">.</token>
<token t_id="7" sentence="0" number="6">trust</token>
<token t_id="8" sentence="0" number="7">.</token>
<token t_id="9" sentence="0" number="8">org</token>
<token t_id="10" sentence="0" number="9">/</token>
<token t_id="11" sentence="0" number="10">item</token>
<token t_id="12" sentence="0" number="11">/</token>
<token t_id="13" sentence="0" number="12">?</token>
<token t_id="14" sentence="0" number="13">map=plane</token>
<token t_id="15" sentence="0" number="14">-</token>
<token t_id="16" sentence="0" number="15">bombs</token>
<token t_id="17" sentence="0" number="16">-</token>
<token t_id="18" sentence="0" number="17">south</token>
<token t_id="19" sentence="0" number="18">-</token>
<token t_id="20" sentence="0" number="19">sudan</token>
<token t_id="21" sentence="0" number="20">-</token>
<token t_id="22" sentence="0" number="21">refugee</token>
<token t_id="23" sentence="0" number="22">-</token>
<token t_id="24" sentence="0" number="23">camp</token>
<token t_id="25" sentence="0" number="24">-</token>
<token t_id="26" sentence="0" number="25">witness</token>
<token t_id="27" sentence="0" number="26">/</token>
<token t_id="28" sentence="1" number="0">Plane</token>
<token t_id="29" sentence="1" number="1">bombs</token>
<token t_id="30" sentence="1" number="2">South</token>
<token t_id="31" sentence="1" number="3">Sudan</token>
<token t_id="32" sentence="1" number="4">refugee</token>
<token t_id="33" sentence="1" number="5">camp</token>
<token t_id="34" sentence="1" number="6">-</token>
<token t_id="35" sentence="1" number="7">witness</token>
<token t_id="36" sentence="2" number="0">Thu</token>
<token t_id="37" sentence="2" number="1">,</token>
<token t_id="38" sentence="2" number="2">10</token>
<token t_id="39" sentence="2" number="3">Nov</token>
<token t_id="40" sentence="2" number="4">2011</token>
<token t_id="41" sentence="2" number="5">02</token>
<token t_id="42" sentence="2" number="6">:</token>
<token t_id="43" sentence="2" number="7">45</token>
<token t_id="44" sentence="2" number="8">PM</token>
<token t_id="45" sentence="3" number="0">A</token>
<token t_id="46" sentence="3" number="1">refugee</token>
<token t_id="47" sentence="3" number="2">camp</token>
<token t_id="48" sentence="3" number="3">was</token>
<token t_id="49" sentence="3" number="4">the</token>
<token t_id="50" sentence="3" number="5">target</token>
<token t_id="51" sentence="3" number="6">of</token>
<token t_id="52" sentence="3" number="7">an</token>
<token t_id="53" sentence="3" number="8">air</token>
<token t_id="54" sentence="3" number="9">strike</token>
<token t_id="55" sentence="3" number="10">in</token>
<token t_id="56" sentence="3" number="11">South</token>
<token t_id="57" sentence="3" number="12">Sudan's</token>
<token t_id="58" sentence="3" number="13">Unity</token>
<token t_id="59" sentence="3" number="14">state</token>
<token t_id="60" sentence="3" number="15">on</token>
<token t_id="61" sentence="3" number="16">Thursday</token>
<token t_id="62" sentence="3" number="17">,</token>
<token t_id="63" sentence="3" number="18">less</token>
<token t_id="64" sentence="3" number="19">than</token>
<token t_id="65" sentence="3" number="20">50</token>
<token t_id="66" sentence="3" number="21">km</token>
<token t_id="67" sentence="3" number="22">(</token>
<token t_id="68" sentence="3" number="23">30</token>
<token t_id="69" sentence="3" number="24">miles</token>
<token t_id="70" sentence="3" number="25">)</token>
<token t_id="71" sentence="3" number="26">from</token>
<token t_id="72" sentence="3" number="27">the</token>
<token t_id="73" sentence="3" number="28">tense</token>
<token t_id="74" sentence="3" number="29">border</token>
<token t_id="75" sentence="3" number="30">with</token>
<token t_id="76" sentence="3" number="31">Sudan</token>
<token t_id="77" sentence="3" number="32">,</token>
<token t_id="78" sentence="3" number="33">a</token>
<token t_id="79" sentence="3" number="34">Reuters</token>
<token t_id="80" sentence="3" number="35">witness</token>
<token t_id="81" sentence="3" number="36">said</token>
<token t_id="82" sentence="3" number="37">.</token>
<token t_id="83" sentence="4" number="0">There</token>
<token t_id="84" sentence="4" number="1">appeared</token>
<token t_id="85" sentence="4" number="2">to</token>
<token t_id="86" sentence="4" number="3">be</token>
<token t_id="87" sentence="4" number="4">no</token>
<token t_id="88" sentence="4" number="5">casualties</token>
<token t_id="89" sentence="4" number="6">.</token>
<token t_id="90" sentence="5" number="0">The</token>
<token t_id="91" sentence="5" number="1">Reuters</token>
<token t_id="92" sentence="5" number="2">correspondent</token>
<token t_id="93" sentence="5" number="3">heard</token>
<token t_id="94" sentence="5" number="4">a</token>
<token t_id="95" sentence="5" number="5">large</token>
<token t_id="96" sentence="5" number="6">explosion</token>
<token t_id="97" sentence="5" number="7">,</token>
<token t_id="98" sentence="5" number="8">then</token>
<token t_id="99" sentence="5" number="9">saw</token>
<token t_id="100" sentence="5" number="10">a</token>
<token t_id="101" sentence="5" number="11">crater</token>
<token t_id="102" sentence="5" number="12">about</token>
<token t_id="103" sentence="5" number="13">two</token>
<token t_id="104" sentence="5" number="14">metres</token>
<token t_id="105" sentence="5" number="15">(</token>
<token t_id="106" sentence="5" number="16">6</token>
<token t_id="107" sentence="5" number="17">.</token>
<token t_id="108" sentence="5" number="18">6</token>
<token t_id="109" sentence="5" number="19">feet</token>
<token t_id="110" sentence="5" number="20">)</token>
<token t_id="111" sentence="5" number="21">wide</token>
<token t_id="112" sentence="5" number="22">,</token>
<token t_id="113" sentence="5" number="23">an</token>
<token t_id="114" sentence="5" number="24">unexploded</token>
<token t_id="115" sentence="5" number="25">bomb</token>
<token t_id="116" sentence="5" number="26">wedged</token>
<token t_id="117" sentence="5" number="27">in</token>
<token t_id="118" sentence="5" number="28">the</token>
<token t_id="119" sentence="5" number="29">side</token>
<token t_id="120" sentence="5" number="30">of</token>
<token t_id="121" sentence="5" number="31">a</token>
<token t_id="122" sentence="5" number="32">school</token>
<token t_id="123" sentence="5" number="33">building</token>
<token t_id="124" sentence="5" number="34">and</token>
<token t_id="125" sentence="5" number="35">a</token>
<token t_id="126" sentence="5" number="36">white</token>
<token t_id="127" sentence="5" number="37">aircraft</token>
<token t_id="128" sentence="5" number="38">flying</token>
<token t_id="129" sentence="5" number="39">north</token>
<token t_id="130" sentence="5" number="40">from</token>
<token t_id="131" sentence="5" number="41">the</token>
<token t_id="132" sentence="5" number="42">Yida</token>
<token t_id="133" sentence="5" number="43">refugee</token>
<token t_id="134" sentence="5" number="44">camp</token>
<token t_id="135" sentence="5" number="45">.</token>
<token t_id="136" sentence="6" number="0">Witnesses</token>
<token t_id="137" sentence="6" number="1">at</token>
<token t_id="138" sentence="6" number="2">the</token>
<token t_id="139" sentence="6" number="3">camp</token>
<token t_id="140" sentence="6" number="4">said</token>
<token t_id="141" sentence="6" number="5">there</token>
<token t_id="142" sentence="6" number="6">were</token>
<token t_id="143" sentence="6" number="7">three</token>
<token t_id="144" sentence="6" number="8">other</token>
<token t_id="145" sentence="6" number="9">explosions</token>
<token t_id="146" sentence="6" number="10">at</token>
<token t_id="147" sentence="6" number="11">3</token>
<token t_id="148" sentence="6" number="12">p</token>
<token t_id="149" sentence="6" number="13">.</token>
<token t_id="150" sentence="6" number="14">m</token>
<token t_id="151" sentence="6" number="15">.</token>
<token t_id="152" sentence="6" number="16">(</token>
<token t_id="153" sentence="6" number="17">1200</token>
<token t_id="154" sentence="6" number="18">GMT</token>
<token t_id="155" sentence="6" number="19">)</token>
<token t_id="156" sentence="6" number="20">.</token>


<Markables>
<ACTION_OCCURRENCE m_id="1" climaxEvent="FALSE" comment=""  >
<token_anchor t_id="53"/>
<token_anchor t_id="54"/>
</ACTION_OCCURRENCE>
<ACTION_OCCURRENCE m_id="2" climaxEvent="FALSE" comment=""  >
<token_anchor t_id="84"/>
</ACTION_OCCURRENCE>
<ACTION_OCCURRENCE m_id="3" climaxEvent="FALSE" comment=""  >
<token_anchor t_id="96"/>
</ACTION_OCCURRENCE>
<ACTION_OCCURRENCE m_id="4" climaxEvent="FALSE" comment=""  >
<token_anchor t_id="116"/>
</ACTION_OCCURRENCE>
<ACTION_OCCURRENCE m_id="5" climaxEvent="FALSE" comment=""  >
<token_anchor t_id="128"/>
</ACTION_OCCURRENCE>
<ACTION_OCCURRENCE m_id="6" climaxEvent="FALSE" comment=""  >
<token_anchor t_id="143"/>
<token_anchor t_id="144"/>
<token_anchor t_id="145"/>
</ACTION_OCCURRENCE>
<ACTION_OCCURRENCE m_id="7" climaxEvent="TRUE" comment=""  >
<token_anchor t_id="29"/>
</ACTION_OCCURRENCE>
<ACTION_PERCEPTION m_id="8" comment="" climaxEvent="FALSE"  >
<token_anchor t_id="93"/>
</ACTION_PERCEPTION>
<ACTION_PERCEPTION m_id="9" comment="" climaxEvent="FALSE"  >
<token_anchor t_id="99"/>
</ACTION_PERCEPTION>
<ACTION_REPORTING m_id="10" comment=""  >
<token_anchor t_id="140"/>
</ACTION_REPORTING>
<ACTION_REPORTING m_id="11" comment=""  >
<token_anchor t_id="81"/>
</ACTION_REPORTING>
<HUMAN_PART_PER m_id="12" comment=""  >
<token_anchor t_id="91"/>
<token_anchor t_id="92"/>
</HUMAN_PART_PER>
<HUMAN_PART_PER m_id="13" comment=""  >
<token_anchor t_id="35"/>
</HUMAN_PART_PER>
<HUMAN_PART_PER m_id="14" comment=""  >
<token_anchor t_id="79"/>
<token_anchor t_id="80"/>
</HUMAN_PART_PER>
<HUMAN_PART_PER m_id="15" comment=""  >
<token_anchor t_id="136"/>
</HUMAN_PART_PER>
<HUMAN_PART_VEH m_id="16"  >
<token_anchor t_id="127"/>
</HUMAN_PART_VEH>
<HUMAN_PART_VEH m_id="17"  >
<token_anchor t_id="28"/>
</HUMAN_PART_VEH>
<LOC_FAC m_id="18"  >
<token_anchor t_id="122"/>
<token_anchor t_id="123"/>
</LOC_FAC>
<LOC_FAC m_id="19"  >
<token_anchor t_id="137"/>
<token_anchor t_id="138"/>
<token_anchor t_id="139"/>
</LOC_FAC>
<LOC_GEO m_id="20" comment=""  >
<token_anchor t_id="46"/>
<token_anchor t_id="47"/>
</LOC_GEO>
<LOC_GEO m_id="21" comment=""  >
<token_anchor t_id="130"/>
<token_anchor t_id="131"/>
<token_anchor t_id="132"/>
<token_anchor t_id="133"/>
<token_anchor t_id="134"/>
</LOC_GEO>
<LOC_GEO m_id="22" comment=""  >
<token_anchor t_id="30"/>
<token_anchor t_id="31"/>
<token_anchor t_id="32"/>
<token_anchor t_id="33"/>
</LOC_GEO>
<LOC_GEO m_id="23" comment=""  >
<token_anchor t_id="55"/>
<token_anchor t_id="56"/>
<token_anchor t_id="57"/>
<token_anchor t_id="58"/>
<token_anchor t_id="59"/>
</LOC_GEO>
<LOC_GEO m_id="24" comment=""  >
<token_anchor t_id="63"/>
<token_anchor t_id="64"/>
<token_anchor t_id="65"/>
<token_anchor t_id="66"/>
<token_anchor t_id="67"/>
<token_anchor t_id="68"/>
<token_anchor t_id="69"/>
<token_anchor t_id="70"/>
<token_anchor t_id="71"/>
<token_anchor t_id="72"/>
<token_anchor t_id="73"/>
<token_anchor t_id="74"/>
<token_anchor t_id="75"/>
<token_anchor t_id="76"/>
</LOC_GEO>
<NEG_ACTION_OCCURRENCE m_id="25" climaxEvent="FALSE" comment=""  >
<token_anchor t_id="114"/>
</NEG_ACTION_OCCURRENCE>
<NEG_ACTION_OCCURRENCE m_id="26" climaxEvent="FALSE" comment=""  >
<token_anchor t_id="88"/>
</NEG_ACTION_OCCURRENCE>
<NON_HUMAN_PART m_id="27" comment=""  >
<token_anchor t_id="119"/>
</NON_HUMAN_PART>
<NON_HUMAN_PART m_id="28" comment=""  >
<token_anchor t_id="115"/>
</NON_HUMAN_PART>
<NON_HUMAN_PART m_id="29" comment=""  >
<token_anchor t_id="101"/>
</NON_HUMAN_PART>
<NON_HUMAN_PART m_id="30" comment=""  >
<token_anchor t_id="50"/>
</NON_HUMAN_PART>
<TIME_DATE m_id="31" comment="" DCT="FALSE" value="2011-11-10" anchorTimeID="33"  >
<token_anchor t_id="61"/>
</TIME_DATE>
<TIME_OF_THE_DAY m_id="33" DCT="TRUE" value="2011-11-10T14:45Z" anchorTimeID="33"  >
<token_anchor t_id="36"/>
<token_anchor t_id="37"/>
<token_anchor t_id="38"/>
<token_anchor t_id="39"/>
<token_anchor t_id="40"/>
<token_anchor t_id="41"/>
<token_anchor t_id="42"/>
<token_anchor t_id="43"/>
<token_anchor t_id="44"/>
</TIME_OF_THE_DAY>
<TIME_OF_THE_DAY m_id="32" DCT="FALSE" value="2011-11-10T12:00Z" anchorTimeID="31"  >
<token_anchor t_id="147"/>
<token_anchor t_id="148"/>
<token_anchor t_id="149"/>
<token_anchor t_id="150"/>
<token_anchor t_id="151"/>
<token_anchor t_id="152"/>
<token_anchor t_id="153"/>
<token_anchor t_id="154"/>
</TIME_OF_THE_DAY>


<ACTION_REPORTING m_id="34" RELATED_TO="" TAG_DESCRIPTOR="t41_rcorresp_said_heard" comment="" />
<ACTION_PERCEPTION m_id="35" RELATED_TO="" TAG_DESCRIPTOR="t41_rcorresp_heard_explosion" comment="" climaxEvent="FALSE" />
<ACTION_OCCURRENCE m_id="36" RELATED_TO="" TAG_DESCRIPTOR="t41_bomb_wedged_side" climaxEvent="FALSE" comment="" />
<ACTION_OCCURRENCE m_id="37" RELATED_TO="" TAG_DESCRIPTOR="t41_explosion_was_heard" climaxEvent="FALSE" comment="" />
<NON_HUMAN_PART m_id="38" RELATED_TO="" TAG_DESCRIPTOR="t41_crater" comment="" />
<NON_HUMAN_PART m_id="39" RELATED_TO="" TAG_DESCRIPTOR="t41_side_of_school" comment="" />
<LOC_FAC m_id="40" RELATED_TO="" TAG_DESCRIPTOR="t41_near_school" />
<NEG_ACTION_OCCURRENCE m_id="41" RELATED_TO="" TAG_DESCRIPTOR="t41_unexploded" climaxEvent="FALSE" comment="" />
<ACTION_OCCURRENCE m_id="42" RELATED_TO="" TAG_DESCRIPTOR="t41_drop_bombs_camp" climaxEvent="FALSE" comment="" />
<NON_HUMAN_PART m_id="43" RELATED_TO="" TAG_DESCRIPTOR="t41_unexploded_bomb" comment="" />
<ACTION_PERCEPTION m_id="44" RELATED_TO="" TAG_DESCRIPTOR="t41_rcorresp_saw_aircraft" comment="" climaxEvent="FALSE" />
<ACTION_OCCURRENCE m_id="45" RELATED_TO="" TAG_DESCRIPTOR="t41_aircraft_flew_north" climaxEvent="FALSE" comment="" />
<TIME_DATE m_id="46" RELATED_TO="" TAG_DESCRIPTOR="t41_thursday" comment="" DCT="FALSE" value="" anchorTimeID="" />
<HUMAN_PART_VEH m_id="47" RELATED_TO="" TAG_DESCRIPTOR="t41_bomber" />
<LOC_GEO m_id="48" RELATED_TO="" TAG_DESCRIPTOR="t41_south_sudan_loc" comment="" />
<LOC_GEO m_id="49" RELATED_TO="" TAG_DESCRIPTOR="t41_yida_camp" comment="" />
<HUMAN_PART_PER m_id="50" RELATED_TO="" TAG_DESCRIPTOR="t41_rcorresp" comment="" />
</Markables>

<Relations>
<TLINK r_id="250336" contextualModality="" relType="CONTAINS" comment="" >
<source m_id="31" />
<target m_id="7" />
</TLINK>
<TLINK r_id="250337" contextualModality="" relType="CONTAINS" comment="" >
<source m_id="31" />
<target m_id="1" />
</TLINK>
<TLINK r_id="250338" contextualModality="" relType="CONTAINS" comment="" >
<source m_id="31" />
<target m_id="26" />
</TLINK>
<TLINK r_id="250339" contextualModality="" relType="CONTAINS" comment="" >
<source m_id="31" />
<target m_id="3" />
</TLINK>
<TLINK r_id="250340" contextualModality="" relType="CONTAINS" comment="" >
<source m_id="31" />
<target m_id="8" />
</TLINK>
<TLINK r_id="250341" contextualModality="" relType="CONTAINS" comment="" >
<source m_id="31" />
<target m_id="25" />
</TLINK>
<TLINK r_id="250342" contextualModality="" relType="CONTAINS" comment="" >
<source m_id="31" />
<target m_id="4" />
</TLINK>
<TLINK r_id="250343" contextualModality="" relType="CONTAINS" comment="" >
<source m_id="31" />
<target m_id="5" />
</TLINK>
<TLINK r_id="250344" contextualModality="" relType="SIMULTANEOUS" comment="" >
<source m_id="32" />
<target m_id="6" />
</TLINK>
<TLINK r_id="250345" contextualModality="" relType="AFTER" comment="" >
<source m_id="33" />
<target m_id="7" />
</TLINK>
<TLINK r_id="250346" contextualModality="" relType="AFTER" comment="" >
<source m_id="33" />
<target m_id="1" />
</TLINK>
<TLINK r_id="250347" contextualModality="" relType="AFTER" comment="" >
<source m_id="33" />
<target m_id="26" />
</TLINK>
<TLINK r_id="250348" contextualModality="" relType="AFTER" comment="" >
<source m_id="33" />
<target m_id="3" />
</TLINK>
<TLINK r_id="250349" contextualModality="" relType="AFTER" comment="" >
<source m_id="33" />
<target m_id="25" />
</TLINK>
<TLINK r_id="250350" contextualModality="" relType="AFTER" comment="" >
<source m_id="33" />
<target m_id="4" />
</TLINK>
<TLINK r_id="250351" contextualModality="" relType="AFTER" comment="" >
<source m_id="33" />
<target m_id="5" />
</TLINK>
<TLINK r_id="250352" contextualModality="" relType="BEFORE" comment="" >
<source m_id="33" />
<target m_id="6" />
</TLINK>
<PLOT_LINK r_id="250353" SIGNAL="" relType="PRECONDITION" CAUSES="FALSE" CAUSED_BY="FALSE" >
<source m_id="7" />
<target m_id="26" />
</PLOT_LINK>
<PLOT_LINK r_id="250354" SIGNAL="" relType="PRECONDITION" CAUSES="FALSE" CAUSED_BY="FALSE" >
<source m_id="1" />
<target m_id="26" />
</PLOT_LINK>
<PLOT_LINK r_id="250355" SIGNAL="" relType="PRECONDITION" CAUSES="FALSE" CAUSED_BY="FALSE" >
<source m_id="1" />
<target m_id="3" />
</PLOT_LINK>
<PLOT_LINK r_id="250356" SIGNAL="" relType="PRECONDITION" CAUSES="FALSE" CAUSED_BY="FALSE" >
<source m_id="1" />
<target m_id="6" />
</PLOT_LINK>
</Relations>
</Document>
