<Document doc_name="41_4ecbplus.xml">
<token t_id="1" sentence="0" number="0">http</token>
<token t_id="2" sentence="0" number="1">:</token>
<token t_id="3" sentence="0" number="2">/</token>
<token t_id="4" sentence="0" number="3">/</token>
<token t_id="5" sentence="0" number="4">www</token>
<token t_id="6" sentence="0" number="5">.</token>
<token t_id="7" sentence="0" number="6">nonviolentpeaceforce</token>
<token t_id="8" sentence="0" number="7">.</token>
<token t_id="9" sentence="0" number="8">org</token>
<token t_id="10" sentence="0" number="9">/</token>
<token t_id="11" sentence="0" number="10">bombing</token>
<token t_id="12" sentence="0" number="11">-</token>
<token t_id="13" sentence="0" number="12">yida</token>
<token t_id="14" sentence="0" number="13">-</token>
<token t_id="15" sentence="0" number="14">refugee</token>
<token t_id="16" sentence="0" number="15">-</token>
<token t_id="17" sentence="0" number="16">camp</token>
<token t_id="18" sentence="0" number="17">-</token>
<token t_id="19" sentence="0" number="18">south</token>
<token t_id="20" sentence="0" number="19">-</token>
<token t_id="21" sentence="0" number="20">sudan</token>
<token t_id="22" sentence="1" number="0">Bombing</token>
<token t_id="23" sentence="1" number="1">At</token>
<token t_id="24" sentence="1" number="2">Yida</token>
<token t_id="25" sentence="1" number="3">Refugee</token>
<token t_id="26" sentence="1" number="4">Camp</token>
<token t_id="27" sentence="1" number="5">,</token>
<token t_id="28" sentence="1" number="6">South</token>
<token t_id="29" sentence="1" number="7">Sudan</token>
<token t_id="30" sentence="2" number="0">On</token>
<token t_id="31" sentence="2" number="1">Thursday</token>
<token t_id="32" sentence="2" number="2">,</token>
<token t_id="33" sentence="2" number="3">November</token>
<token t_id="34" sentence="2" number="4">10th</token>
<token t_id="35" sentence="2" number="5">at</token>
<token t_id="36" sentence="2" number="6">approximately</token>
<token t_id="37" sentence="2" number="7">3</token>
<token t_id="38" sentence="2" number="8">:</token>
<token t_id="39" sentence="2" number="9">00</token>
<token t_id="40" sentence="2" number="10">pm</token>
<token t_id="41" sentence="2" number="11">,</token>
<token t_id="42" sentence="2" number="12">the</token>
<token t_id="43" sentence="2" number="13">Yida</token>
<token t_id="44" sentence="2" number="14">Refugee</token>
<token t_id="45" sentence="2" number="15">Camp</token>
<token t_id="46" sentence="2" number="16">in</token>
<token t_id="47" sentence="2" number="17">South</token>
<token t_id="48" sentence="2" number="18">Sudan</token>
<token t_id="49" sentence="2" number="19">was</token>
<token t_id="50" sentence="2" number="20">bombed</token>
<token t_id="51" sentence="2" number="21">.</token>
<token t_id="52" sentence="3" number="0">Nonviolent</token>
<token t_id="53" sentence="3" number="1">Peaceforce's</token>
<token t_id="54" sentence="3" number="2">Yida</token>
<token t_id="55" sentence="3" number="3">protection</token>
<token t_id="56" sentence="3" number="4">team</token>
<token t_id="57" sentence="3" number="5">lives</token>
<token t_id="58" sentence="3" number="6">and</token>
<token t_id="59" sentence="3" number="7">works</token>
<token t_id="60" sentence="3" number="8">in</token>
<token t_id="61" sentence="3" number="9">the</token>
<token t_id="62" sentence="3" number="10">camp</token>
<token t_id="63" sentence="3" number="11">,</token>
<token t_id="64" sentence="3" number="12">providing</token>
<token t_id="65" sentence="3" number="13">protection</token>
<token t_id="66" sentence="3" number="14">monitoring</token>
<token t_id="67" sentence="3" number="15">and</token>
<token t_id="68" sentence="3" number="16">support</token>
<token t_id="69" sentence="3" number="17">to</token>
<token t_id="70" sentence="3" number="18">nearly</token>
<token t_id="71" sentence="3" number="19">23</token>
<token t_id="72" sentence="3" number="20">,</token>
<token t_id="73" sentence="3" number="21">000</token>
<token t_id="74" sentence="3" number="22">Nuban</token>
<token t_id="75" sentence="3" number="23">refugees</token>
<token t_id="76" sentence="3" number="24">who</token>
<token t_id="77" sentence="3" number="25">have</token>
<token t_id="78" sentence="3" number="26">fled</token>
<token t_id="79" sentence="3" number="27">to</token>
<token t_id="80" sentence="3" number="28">South</token>
<token t_id="81" sentence="3" number="29">Sudan</token>
<token t_id="82" sentence="3" number="30">to</token>
<token t_id="83" sentence="3" number="31">escape</token>
<token t_id="84" sentence="3" number="32">the</token>
<token t_id="85" sentence="3" number="33">escalating</token>
<token t_id="86" sentence="3" number="34">violent</token>
<token t_id="87" sentence="3" number="35">conflict</token>
<token t_id="88" sentence="3" number="36">across</token>
<token t_id="89" sentence="3" number="37">the</token>
<token t_id="90" sentence="3" number="38">border</token>
<token t_id="91" sentence="3" number="39">in</token>
<token t_id="92" sentence="3" number="40">Sudan's</token>
<token t_id="93" sentence="3" number="41">South</token>
<token t_id="94" sentence="3" number="42">Kordofan</token>
<token t_id="95" sentence="3" number="43">.</token>
<token t_id="96" sentence="4" number="0">Four</token>
<token t_id="97" sentence="4" number="1">bombs</token>
<token t_id="98" sentence="4" number="2">were</token>
<token t_id="99" sentence="4" number="3">dropped</token>
<token t_id="100" sentence="4" number="4">within</token>
<token t_id="101" sentence="4" number="5">just</token>
<token t_id="102" sentence="4" number="6">a</token>
<token t_id="103" sentence="4" number="7">few</token>
<token t_id="104" sentence="4" number="8">moments</token>
<token t_id="105" sentence="4" number="9">-</token>
<token t_id="106" sentence="4" number="10">two</token>
<token t_id="107" sentence="4" number="11">landed</token>
<token t_id="108" sentence="4" number="12">inside</token>
<token t_id="109" sentence="4" number="13">the</token>
<token t_id="110" sentence="4" number="14">camp</token>
<token t_id="111" sentence="4" number="15">itself</token>
<token t_id="112" sentence="4" number="16">,</token>
<token t_id="113" sentence="4" number="17">while</token>
<token t_id="114" sentence="4" number="18">the</token>
<token t_id="115" sentence="4" number="19">other</token>
<token t_id="116" sentence="4" number="20">two</token>
<token t_id="117" sentence="4" number="21">bombs</token>
<token t_id="118" sentence="4" number="22">were</token>
<token t_id="119" sentence="4" number="23">dropped</token>
<token t_id="120" sentence="4" number="24">near</token>
<token t_id="121" sentence="4" number="25">the</token>
<token t_id="122" sentence="4" number="26">airstrip</token>
<token t_id="123" sentence="4" number="27">where</token>
<token t_id="124" sentence="4" number="28">a</token>
<token t_id="125" sentence="4" number="29">UN</token>
<token t_id="126" sentence="4" number="30">helicopter</token>
<token t_id="127" sentence="4" number="31">was</token>
<token t_id="128" sentence="4" number="32">delivering</token>
<token t_id="129" sentence="4" number="33">much</token>
<token t_id="130" sentence="4" number="34">needed</token>
<token t_id="131" sentence="4" number="35">food</token>
<token t_id="132" sentence="4" number="36">aid</token>
<token t_id="133" sentence="4" number="37">.</token>
<token t_id="134" sentence="5" number="0">Of</token>
<token t_id="135" sentence="5" number="1">the</token>
<token t_id="136" sentence="5" number="2">bombs</token>
<token t_id="137" sentence="5" number="3">that</token>
<token t_id="138" sentence="5" number="4">landed</token>
<token t_id="139" sentence="5" number="5">inside</token>
<token t_id="140" sentence="5" number="6">the</token>
<token t_id="141" sentence="5" number="7">camp</token>
<token t_id="142" sentence="5" number="8">,</token>
<token t_id="143" sentence="5" number="9">one</token>
<token t_id="144" sentence="5" number="10">detonated</token>
<token t_id="145" sentence="5" number="11">about</token>
<token t_id="146" sentence="5" number="12">a</token>
<token t_id="147" sentence="5" number="13">quarter</token>
<token t_id="148" sentence="5" number="14">mile</token>
<token t_id="149" sentence="5" number="15">from</token>
<token t_id="150" sentence="5" number="16">the</token>
<token t_id="151" sentence="5" number="17">NP</token>
<token t_id="152" sentence="5" number="18">compound</token>
<token t_id="153" sentence="5" number="19">.</token>
<token t_id="154" sentence="6" number="0">The</token>
<token t_id="155" sentence="6" number="1">other</token>
<token t_id="156" sentence="6" number="2">landed</token>
<token t_id="157" sentence="6" number="3">next</token>
<token t_id="158" sentence="6" number="4">to</token>
<token t_id="159" sentence="6" number="5">the</token>
<token t_id="160" sentence="6" number="6">school</token>
<token t_id="161" sentence="6" number="7">building</token>
<token t_id="162" sentence="6" number="8">where</token>
<token t_id="163" sentence="6" number="9">300</token>
<token t_id="164" sentence="6" number="10">students</token>
<token t_id="165" sentence="6" number="11">were</token>
<token t_id="166" sentence="6" number="12">attending</token>
<token t_id="167" sentence="6" number="13">class</token>
<token t_id="168" sentence="6" number="14">,</token>
<token t_id="169" sentence="6" number="15">but</token>
<token t_id="170" sentence="6" number="16">it</token>
<token t_id="171" sentence="6" number="17">did</token>
<token t_id="172" sentence="6" number="18">not</token>
<token t_id="173" sentence="6" number="19">explode</token>
<token t_id="174" sentence="6" number="20">.</token>
<token t_id="175" sentence="7" number="0">Tiffany</token>
<token t_id="176" sentence="7" number="1">Ornelas</token>
<token t_id="177" sentence="7" number="2">,</token>
<token t_id="178" sentence="7" number="3">NP's</token>
<token t_id="179" sentence="7" number="4">Yida</token>
<token t_id="180" sentence="7" number="5">Team</token>
<token t_id="181" sentence="7" number="6">Leader</token>
<token t_id="182" sentence="7" number="7">,</token>
<token t_id="183" sentence="7" number="8">reported</token>
<token t_id="184" sentence="7" number="9">that</token>
<token t_id="185" sentence="7" number="10">"people</token>
<token t_id="186" sentence="7" number="11">were</token>
<token t_id="187" sentence="7" number="12">terrified</token>
<token t_id="188" sentence="7" number="13">;</token>
<token t_id="189" sentence="7" number="14">they</token>
<token t_id="190" sentence="7" number="15">were</token>
<token t_id="191" sentence="7" number="16">running</token>
<token t_id="192" sentence="7" number="17">and</token>
<token t_id="193" sentence="7" number="18">screaming</token>
<token t_id="194" sentence="7" number="19">in</token>
<token t_id="195" sentence="7" number="20">all</token>
<token t_id="196" sentence="7" number="21">directions"</token>
<token t_id="197" sentence="7" number="22">.</token>
<token t_id="198" sentence="8" number="0">However</token>
<token t_id="199" sentence="8" number="1">,</token>
<token t_id="200" sentence="8" number="2">there</token>
<token t_id="201" sentence="8" number="3">have</token>
<token t_id="202" sentence="8" number="4">been</token>
<token t_id="203" sentence="8" number="5">no</token>
<token t_id="204" sentence="8" number="6">casualties</token>
<token t_id="205" sentence="8" number="7">or</token>
<token t_id="206" sentence="8" number="8">fatalities</token>
<token t_id="207" sentence="8" number="9">confirmed</token>
<token t_id="208" sentence="8" number="10">as</token>
<token t_id="209" sentence="8" number="11">a</token>
<token t_id="210" sentence="8" number="12">result</token>
<token t_id="211" sentence="8" number="13">of</token>
<token t_id="212" sentence="8" number="14">this</token>
<token t_id="213" sentence="8" number="15">bombing</token>
<token t_id="214" sentence="8" number="16">.</token>
<token t_id="215" sentence="9" number="0">In</token>
<token t_id="216" sentence="9" number="1">the</token>
<token t_id="217" sentence="9" number="2">days</token>
<token t_id="218" sentence="9" number="3">following</token>
<token t_id="219" sentence="9" number="4">the</token>
<token t_id="220" sentence="9" number="5">bombing</token>
<token t_id="221" sentence="9" number="6">,</token>
<token t_id="222" sentence="9" number="7">NP's</token>
<token t_id="223" sentence="9" number="8">team</token>
<token t_id="224" sentence="9" number="9">has</token>
<token t_id="225" sentence="9" number="10">been</token>
<token t_id="226" sentence="9" number="11">working</token>
<token t_id="227" sentence="9" number="12">with</token>
<token t_id="228" sentence="9" number="13">the</token>
<token t_id="229" sentence="9" number="14">refugee</token>
<token t_id="230" sentence="9" number="15">and</token>
<token t_id="231" sentence="9" number="16">host</token>
<token t_id="232" sentence="9" number="17">communities</token>
<token t_id="233" sentence="9" number="18">to</token>
<token t_id="234" sentence="9" number="19">verify</token>
<token t_id="235" sentence="9" number="20">the</token>
<token t_id="236" sentence="9" number="21">damage</token>
<token t_id="237" sentence="9" number="22">to</token>
<token t_id="238" sentence="9" number="23">the</token>
<token t_id="239" sentence="9" number="24">camp</token>
<token t_id="240" sentence="9" number="25">,</token>
<token t_id="241" sentence="9" number="26">account</token>
<token t_id="242" sentence="9" number="27">for</token>
<token t_id="243" sentence="9" number="28">children</token>
<token t_id="244" sentence="9" number="29">who</token>
<token t_id="245" sentence="9" number="30">fled</token>
<token t_id="246" sentence="9" number="31">during</token>
<token t_id="247" sentence="9" number="32">the</token>
<token t_id="248" sentence="9" number="33">bombing</token>
<token t_id="249" sentence="9" number="34">,</token>
<token t_id="250" sentence="9" number="35">set</token>
<token t_id="251" sentence="9" number="36">up</token>
<token t_id="252" sentence="9" number="37">a</token>
<token t_id="253" sentence="9" number="38">safety</token>
<token t_id="254" sentence="9" number="39">perimeter</token>
<token t_id="255" sentence="9" number="40">around</token>
<token t_id="256" sentence="9" number="41">the</token>
<token t_id="257" sentence="9" number="42">unexploded</token>
<token t_id="258" sentence="9" number="43">bomb</token>
<token t_id="259" sentence="9" number="44">to</token>
<token t_id="260" sentence="9" number="45">prevent</token>
<token t_id="261" sentence="9" number="46">curious</token>
<token t_id="262" sentence="9" number="47">children</token>
<token t_id="263" sentence="9" number="48">from</token>
<token t_id="264" sentence="9" number="49">approaching</token>
<token t_id="265" sentence="9" number="50">it</token>
<token t_id="266" sentence="9" number="51">,</token>
<token t_id="267" sentence="9" number="52">and</token>
<token t_id="268" sentence="9" number="53">explore</token>
<token t_id="269" sentence="9" number="54">options</token>
<token t_id="270" sentence="9" number="55">to</token>
<token t_id="271" sentence="9" number="56">further</token>
<token t_id="272" sentence="9" number="57">improve</token>
<token t_id="273" sentence="9" number="58">the</token>
<token t_id="274" sentence="9" number="59">safety</token>
<token t_id="275" sentence="9" number="60">and</token>
<token t_id="276" sentence="9" number="61">security</token>
<token t_id="277" sentence="9" number="62">of</token>
<token t_id="278" sentence="9" number="63">the</token>
<token t_id="279" sentence="9" number="64">refugees</token>
<token t_id="280" sentence="9" number="65">living</token>
<token t_id="281" sentence="9" number="66">at</token>
<token t_id="282" sentence="9" number="67">the</token>
<token t_id="283" sentence="9" number="68">camp</token>
<token t_id="284" sentence="9" number="69">.</token>
<token t_id="285" sentence="10" number="0">NP's</token>
<token t_id="286" sentence="10" number="1">protection</token>
<token t_id="287" sentence="10" number="2">team</token>
<token t_id="288" sentence="10" number="3">arrived</token>
<token t_id="289" sentence="10" number="4">in</token>
<token t_id="290" sentence="10" number="5">Yida</token>
<token t_id="291" sentence="10" number="6">one</token>
<token t_id="292" sentence="10" number="7">month</token>
<token t_id="293" sentence="10" number="8">ago</token>
<token t_id="294" sentence="10" number="9">to</token>
<token t_id="295" sentence="10" number="10">respond</token>
<token t_id="296" sentence="10" number="11">to</token>
<token t_id="297" sentence="10" number="12">the</token>
<token t_id="298" sentence="10" number="13">direct</token>
<token t_id="299" sentence="10" number="14">protection</token>
<token t_id="300" sentence="10" number="15">needs</token>
<token t_id="301" sentence="10" number="16">of</token>
<token t_id="302" sentence="10" number="17">the</token>
<token t_id="303" sentence="10" number="18">camp</token>
<token t_id="304" sentence="10" number="19">and</token>
<token t_id="305" sentence="10" number="20">host</token>
<token t_id="306" sentence="10" number="21">populations</token>
<token t_id="307" sentence="10" number="22">.</token>
<token t_id="308" sentence="11" number="0">NP's</token>
<token t_id="309" sentence="11" number="1">team</token>
<token t_id="310" sentence="11" number="2">of</token>
<token t_id="311" sentence="11" number="3">3</token>
<token t_id="312" sentence="11" number="4">international</token>
<token t_id="313" sentence="11" number="5">and</token>
<token t_id="314" sentence="11" number="6">3</token>
<token t_id="315" sentence="11" number="7">local</token>
<token t_id="316" sentence="11" number="8">protection</token>
<token t_id="317" sentence="11" number="9">officers</token>
<token t_id="318" sentence="11" number="10">are</token>
<token t_id="319" sentence="11" number="11">working</token>
<token t_id="320" sentence="11" number="12">to</token>
<token t_id="321" sentence="11" number="13">facilitate</token>
<token t_id="322" sentence="11" number="14">secure</token>
<token t_id="323" sentence="11" number="15">relations</token>
<token t_id="324" sentence="11" number="16">between</token>
<token t_id="325" sentence="11" number="17">both</token>
<token t_id="326" sentence="11" number="18">communities</token>
<token t_id="327" sentence="11" number="19">and</token>
<token t_id="328" sentence="11" number="20">to</token>
<token t_id="329" sentence="11" number="21">provide</token>
<token t_id="330" sentence="11" number="22">specialized</token>
<token t_id="331" sentence="11" number="23">support</token>
<token t_id="332" sentence="11" number="24">for</token>
<token t_id="333" sentence="11" number="25">the</token>
<token t_id="334" sentence="11" number="26">most</token>
<token t_id="335" sentence="11" number="27">vulnerable</token>
<token t_id="336" sentence="11" number="28">civilians</token>
<token t_id="337" sentence="11" number="29">,</token>
<token t_id="338" sentence="11" number="30">including</token>
<token t_id="339" sentence="11" number="31">more</token>
<token t_id="340" sentence="11" number="32">than</token>
<token t_id="341" sentence="11" number="33">1200</token>
<token t_id="342" sentence="11" number="34">unaccompanied</token>
<token t_id="343" sentence="11" number="35">children</token>
<token t_id="344" sentence="11" number="36">.</token>
<token t_id="345" sentence="12" number="0">Date</token>
<token t_id="346" sentence="12" number="1">Published</token>
<token t_id="347" sentence="12" number="2">:</token>
<token t_id="348" sentence="12" number="3">Tuesday</token>
<token t_id="349" sentence="12" number="4">,</token>
<token t_id="350" sentence="12" number="5">November</token>
<token t_id="351" sentence="12" number="6">15</token>
<token t_id="352" sentence="12" number="7">,</token>
<token t_id="353" sentence="12" number="8">2011</token>


<Markables>
<ACTION_CAUSATIVE m_id="1" comment=""  >
<token_anchor t_id="210"/>
</ACTION_CAUSATIVE>
<ACTION_OCCURRENCE m_id="2" climaxEvent="FALSE" comment=""  >
<token_anchor t_id="50"/>
</ACTION_OCCURRENCE>
<ACTION_OCCURRENCE m_id="3" climaxEvent="FALSE" comment=""  >
<token_anchor t_id="138"/>
</ACTION_OCCURRENCE>
<ACTION_OCCURRENCE m_id="4" climaxEvent="FALSE" comment=""  >
<token_anchor t_id="99"/>
</ACTION_OCCURRENCE>
<ACTION_OCCURRENCE m_id="5" climaxEvent="FALSE" comment=""  >
<token_anchor t_id="156"/>
</ACTION_OCCURRENCE>
<ACTION_OCCURRENCE m_id="6" climaxEvent="FALSE" comment=""  >
<token_anchor t_id="107"/>
</ACTION_OCCURRENCE>
<ACTION_OCCURRENCE m_id="7" climaxEvent="FALSE" comment=""  >
<token_anchor t_id="144"/>
</ACTION_OCCURRENCE>
<ACTION_OCCURRENCE m_id="8" climaxEvent="FALSE" comment=""  >
<token_anchor t_id="166"/>
</ACTION_OCCURRENCE>
<ACTION_OCCURRENCE m_id="9" climaxEvent="FALSE" comment=""  >
<token_anchor t_id="167"/>
</ACTION_OCCURRENCE>
<ACTION_OCCURRENCE m_id="10" climaxEvent="FALSE" comment=""  >
<token_anchor t_id="119"/>
</ACTION_OCCURRENCE>
<ACTION_OCCURRENCE m_id="11" climaxEvent="FALSE" comment=""  >
<token_anchor t_id="128"/>
</ACTION_OCCURRENCE>
<ACTION_OCCURRENCE m_id="12" climaxEvent="TRUE" comment=""  >
<token_anchor t_id="22"/>
</ACTION_OCCURRENCE>
<ACTION_OCCURRENCE m_id="13" climaxEvent="FALSE" comment=""  >
<token_anchor t_id="213"/>
</ACTION_OCCURRENCE>
<HUMAN_PART_PER m_id="14" comment=""  >
<token_anchor t_id="163"/>
<token_anchor t_id="164"/>
</HUMAN_PART_PER>
<HUMAN_PART_VEH m_id="15"  >
<token_anchor t_id="125"/>
<token_anchor t_id="126"/>
</HUMAN_PART_VEH>
<LOC_FAC m_id="16"  >
<token_anchor t_id="157"/>
<token_anchor t_id="158"/>
<token_anchor t_id="159"/>
<token_anchor t_id="160"/>
<token_anchor t_id="161"/>
</LOC_FAC>
<LOC_FAC m_id="17"  >
<token_anchor t_id="162"/>
</LOC_FAC>
<LOC_FAC m_id="18"  >
<token_anchor t_id="145"/>
<token_anchor t_id="146"/>
<token_anchor t_id="147"/>
<token_anchor t_id="148"/>
<token_anchor t_id="149"/>
<token_anchor t_id="150"/>
<token_anchor t_id="151"/>
<token_anchor t_id="152"/>
</LOC_FAC>
<LOC_FAC m_id="19"  >
<token_anchor t_id="139"/>
<token_anchor t_id="140"/>
<token_anchor t_id="141"/>
</LOC_FAC>
<LOC_GEO m_id="20" comment=""  >
<token_anchor t_id="23"/>
<token_anchor t_id="24"/>
<token_anchor t_id="25"/>
<token_anchor t_id="26"/>
<token_anchor t_id="27"/>
<token_anchor t_id="28"/>
<token_anchor t_id="29"/>
</LOC_GEO>
<LOC_GEO m_id="21" comment=""  >
<token_anchor t_id="42"/>
<token_anchor t_id="43"/>
<token_anchor t_id="44"/>
<token_anchor t_id="45"/>
<token_anchor t_id="46"/>
<token_anchor t_id="47"/>
<token_anchor t_id="48"/>
</LOC_GEO>
<LOC_GEO m_id="22" comment=""  >
<token_anchor t_id="108"/>
<token_anchor t_id="109"/>
<token_anchor t_id="110"/>
<token_anchor t_id="111"/>
</LOC_GEO>
<LOC_OTHER m_id="23"  >
<token_anchor t_id="120"/>
<token_anchor t_id="121"/>
<token_anchor t_id="122"/>
</LOC_OTHER>
<LOC_OTHER m_id="24"  >
<token_anchor t_id="123"/>
</LOC_OTHER>
<NEG_ACTION_OCCURRENCE m_id="25" climaxEvent="FALSE" comment=""  >
<token_anchor t_id="173"/>
</NEG_ACTION_OCCURRENCE>
<NEG_ACTION_OCCURRENCE m_id="26" climaxEvent="FALSE" comment=""  >
<token_anchor t_id="204"/>
</NEG_ACTION_OCCURRENCE>
<NEG_ACTION_OCCURRENCE m_id="27" climaxEvent="FALSE" comment=""  >
<token_anchor t_id="206"/>
</NEG_ACTION_OCCURRENCE>
<NEG_ACTION_REPORTING m_id="28" comment=""  >
<token_anchor t_id="207"/>
</NEG_ACTION_REPORTING>
<NON_HUMAN_PART m_id="33" comment=""  >
<token_anchor t_id="116"/>
<token_anchor t_id="117"/>
</NON_HUMAN_PART>
<NON_HUMAN_PART m_id="34" comment=""  >
<token_anchor t_id="131"/>
<token_anchor t_id="132"/>
</NON_HUMAN_PART>
<NON_HUMAN_PART m_id="35" comment=""  >
<token_anchor t_id="136"/>
</NON_HUMAN_PART>
<NON_HUMAN_PART m_id="36" comment=""  >
<token_anchor t_id="143"/>
</NON_HUMAN_PART>
<NON_HUMAN_PART m_id="29" comment=""  >
<token_anchor t_id="155"/>
</NON_HUMAN_PART>
<NON_HUMAN_PART m_id="30" comment=""  >
<token_anchor t_id="170"/>
</NON_HUMAN_PART>
<NON_HUMAN_PART m_id="31" comment=""  >
<token_anchor t_id="96"/>
<token_anchor t_id="97"/>
</NON_HUMAN_PART>
<NON_HUMAN_PART m_id="32" comment=""  >
<token_anchor t_id="106"/>
</NON_HUMAN_PART>
<TIME_DATE m_id="37" comment="" DCT="TRUE" value="2011-11-15" anchorTimeID="37"  >
<token_anchor t_id="348"/>
<token_anchor t_id="349"/>
<token_anchor t_id="350"/>
<token_anchor t_id="351"/>
<token_anchor t_id="352"/>
<token_anchor t_id="353"/>
</TIME_DATE>
<TIME_OF_THE_DAY m_id="38" DCT="FALSE" value="2011-11-10" anchorTimeID="38"  >
<token_anchor t_id="31"/>
<token_anchor t_id="32"/>
<token_anchor t_id="33"/>
<token_anchor t_id="34"/>
</TIME_OF_THE_DAY>
<TIME_OF_THE_DAY m_id="54" DCT="FALSE" value="2011-11-10T12:00Z" anchorTimeID="38"  >
<token_anchor t_id="36"/>
<token_anchor t_id="37"/>
<token_anchor t_id="38"/>
<token_anchor t_id="39"/>
<token_anchor t_id="40"/>
</TIME_OF_THE_DAY>


<ACTION_OCCURRENCE m_id="39" RELATED_TO="" TAG_DESCRIPTOR="t41_drop_bombs_camp" climaxEvent="FALSE" comment="" />
<NON_HUMAN_PART m_id="40" RELATED_TO="" TAG_DESCRIPTOR="t41_4bombs" comment="" />
<TIME_OF_THE_DAY m_id="41" RELATED_TO="" TAG_DESCRIPTOR="t41_thurs_nov_10_3pm" DCT="FALSE" value="" anchorTimeID="" />
<NON_HUMAN_PART m_id="42" RELATED_TO="" TAG_DESCRIPTOR="t41_food_aid" comment="" />
<ACTION_OCCURRENCE m_id="43" RELATED_TO="" TAG_DESCRIPTOR="t41_drop_bombs_airstrip" climaxEvent="FALSE" comment="" />
<NEG_ACTION_REPORTING m_id="44" RELATED_TO="" TAG_DESCRIPTOR="t41_reported_no_fatalities" comment="" />
<NEG_ACTION_OCCURRENCE m_id="45" RELATED_TO="" TAG_DESCRIPTOR="t41_no_fatalities" climaxEvent="FALSE" comment="" />
<ACTION_OCCURRENCE m_id="46" RELATED_TO="" TAG_DESCRIPTOR="t41_drop_bombs_school" climaxEvent="FALSE" comment="" />
<NON_HUMAN_PART m_id="47" RELATED_TO="" TAG_DESCRIPTOR="t41_2bombs_school" comment="" />
<LOC_GEO m_id="48" RELATED_TO="" TAG_DESCRIPTOR="t41_yida_camp" comment="" />
<LOC_OTHER m_id="49" RELATED_TO="" TAG_DESCRIPTOR="t41_near_airstrip" />
<NON_HUMAN_PART m_id="50" RELATED_TO="" TAG_DESCRIPTOR="t41_2bombs_airstrip" comment="" />
<ACTION_OCCURRENCE m_id="51" RELATED_TO="" TAG_DESCRIPTOR="t41_heli_deliver_aid" climaxEvent="FALSE" comment="" />
<HUMAN_PART_VEH m_id="52" RELATED_TO="" TAG_DESCRIPTOR="t41_helicopter" />
<NEG_ACTION_OCCURRENCE m_id="53" RELATED_TO="" TAG_DESCRIPTOR="t41_no_casualties" climaxEvent="FALSE" comment="" />
</Markables>

<Relations>
<TLINK r_id="250050" contextualModality="" relType="CONTAINS" comment="" >
<source m_id="38" />
<target m_id="12" />
</TLINK>
<TLINK r_id="250051" contextualModality="" relType="CONTAINS" comment="" >
<source m_id="38" />
<target m_id="2" />
</TLINK>
<TLINK r_id="250052" contextualModality="" relType="CONTAINS" comment="" >
<source m_id="38" />
<target m_id="4" />
</TLINK>
<TLINK r_id="250053" contextualModality="" relType="CONTAINS" comment="" >
<source m_id="38" />
<target m_id="6" />
</TLINK>
<TLINK r_id="250054" contextualModality="" relType="CONTAINS" comment="" >
<source m_id="38" />
<target m_id="10" />
</TLINK>
<TLINK r_id="250055" contextualModality="" relType="CONTAINS" comment="" >
<source m_id="38" />
<target m_id="11" />
</TLINK>
<TLINK r_id="250057" contextualModality="" relType="CONTAINS" comment="" >
<source m_id="38" />
<target m_id="3" />
</TLINK>
<TLINK r_id="250058" contextualModality="" relType="CONTAINS" comment="" >
<source m_id="38" />
<target m_id="7" />
</TLINK>
<TLINK r_id="250059" contextualModality="" relType="CONTAINS" comment="" >
<source m_id="38" />
<target m_id="5" />
</TLINK>
<TLINK r_id="250060" contextualModality="" relType="CONTAINS" comment="" >
<source m_id="38" />
<target m_id="8" />
</TLINK>
<TLINK r_id="250061" contextualModality="" relType="CONTAINS" comment="" >
<source m_id="38" />
<target m_id="9" />
</TLINK>
<TLINK r_id="250062" contextualModality="" relType="BEFORE" comment="" >
<source m_id="38" />
<target m_id="25" />
</TLINK>
<TLINK r_id="250063" contextualModality="" relType="CONTAINS" comment="" >
<source m_id="38" />
<target m_id="26" />
</TLINK>
<TLINK r_id="250064" contextualModality="" relType="CONTAINS" comment="" >
<source m_id="38" />
<target m_id="27" />
</TLINK>
<TLINK r_id="250065" contextualModality="" relType="CONTAINS" comment="" >
<source m_id="38" />
<target m_id="28" />
</TLINK>
<TLINK r_id="250067" contextualModality="" relType="CONTAINS" comment="" >
<source m_id="38" />
<target m_id="13" />
</TLINK>
<TLINK r_id="250068" contextualModality="" relType="AFTER" comment="" >
<source m_id="37" />
<target m_id="26" />
</TLINK>
<TLINK r_id="250069" contextualModality="" relType="AFTER" comment="" >
<source m_id="37" />
<target m_id="27" />
</TLINK>
<TLINK r_id="250070" contextualModality="" relType="AFTER" comment="" >
<source m_id="37" />
<target m_id="28" />
</TLINK>
<TLINK r_id="250072" contextualModality="" relType="AFTER" comment="" >
<source m_id="37" />
<target m_id="13" />
</TLINK>
<TLINK r_id="250073" contextualModality="" relType="AFTER" comment="" >
<source m_id="37" />
<target m_id="5" />
</TLINK>
<TLINK r_id="250074" contextualModality="" relType="AFTER" comment="" >
<source m_id="37" />
<target m_id="8" />
</TLINK>
<TLINK r_id="250075" contextualModality="" relType="AFTER" comment="" >
<source m_id="37" />
<target m_id="9" />
</TLINK>
<TLINK r_id="250076" contextualModality="" relType="AFTER" comment="" >
<source m_id="37" />
<target m_id="25" />
</TLINK>
<TLINK r_id="250077" contextualModality="" relType="AFTER" comment="" >
<source m_id="37" />
<target m_id="3" />
</TLINK>
<TLINK r_id="250078" contextualModality="" relType="AFTER" comment="" >
<source m_id="37" />
<target m_id="7" />
</TLINK>
<TLINK r_id="250079" contextualModality="" relType="AFTER" comment="" >
<source m_id="37" />
<target m_id="4" />
</TLINK>
<TLINK r_id="250080" contextualModality="" relType="AFTER" comment="" >
<source m_id="37" />
<target m_id="6" />
</TLINK>
<TLINK r_id="250081" contextualModality="" relType="AFTER" comment="" >
<source m_id="37" />
<target m_id="10" />
</TLINK>
<TLINK r_id="250082" contextualModality="" relType="AFTER" comment="" >
<source m_id="37" />
<target m_id="11" />
</TLINK>
<TLINK r_id="250084" contextualModality="" relType="AFTER" comment="" >
<source m_id="37" />
<target m_id="2" />
</TLINK>
<TLINK r_id="250085" contextualModality="" relType="AFTER" comment="" >
<source m_id="37" />
<target m_id="12" />
</TLINK>
<PLOT_LINK r_id="250086" SIGNAL="" relType="FALLING_ACTION" CAUSES="FALSE" CAUSED_BY="FALSE" >
<source m_id="12" />
<target m_id="4" />
</PLOT_LINK>
<PLOT_LINK r_id="250087" SIGNAL="" relType="FALLING_ACTION" CAUSES="FALSE" CAUSED_BY="FALSE" >
<source m_id="2" />
<target m_id="4" />
</PLOT_LINK>
<PLOT_LINK r_id="250088" SIGNAL="" relType="PRECONDITION" CAUSES="FALSE" CAUSED_BY="FALSE" >
<source m_id="4" />
<target m_id="6" />
</PLOT_LINK>
<PLOT_LINK r_id="250089" SIGNAL="" relType="PRECONDITION" CAUSES="FALSE" CAUSED_BY="FALSE" >
<source m_id="10" />
<target m_id="3" />
</PLOT_LINK>
<PLOT_LINK r_id="250090" SIGNAL="" relType="PRECONDITION" CAUSES="FALSE" CAUSED_BY="FALSE" >
<source m_id="4" />
<target m_id="3" />
</PLOT_LINK>
<PLOT_LINK r_id="250091" SIGNAL="" relType="PRECONDITION" CAUSES="FALSE" CAUSED_BY="FALSE" >
<source m_id="3" />
<target m_id="7" />
</PLOT_LINK>
<PLOT_LINK r_id="250092" SIGNAL="" relType="PRECONDITION" CAUSES="FALSE" CAUSED_BY="FALSE" >
<source m_id="5" />
<target m_id="25" />
</PLOT_LINK>
<PLOT_LINK r_id="250093" SIGNAL="1" relType="FALLING_ACTION" CAUSES="FALSE" CAUSED_BY="TRUE" >
<source m_id="26" />
<target m_id="13" />
</PLOT_LINK>
<PLOT_LINK r_id="250094" SIGNAL="1" relType="FALLING_ACTION" CAUSES="FALSE" CAUSED_BY="TRUE" >
<source m_id="27" />
<target m_id="13" />
</PLOT_LINK>
<TLINK r_id="250371" contextualModality="ACT" relType="SIMULTANEOUS" comment="" >
<source m_id="54" />
<target m_id="2" />
</TLINK>
<TLINK r_id="250372" contextualModality="" relType="SIMULTANEOUS" comment="" >
<source m_id="54" />
<target m_id="4" />
</TLINK>
<TLINK r_id="250375" contextualModality="ACT" relType="CONTAINS" comment="" >
<source m_id="38" />
<target m_id="54" />
</TLINK>
</Relations>
</Document>
