<Document doc_name="18_9ecbplus.xml">
<token t_id="1" sentence="0" number="0">http</token>
<token t_id="2" sentence="0" number="1">:</token>
<token t_id="3" sentence="0" number="2">/</token>
<token t_id="4" sentence="0" number="3">/</token>
<token t_id="5" sentence="0" number="4">www</token>
<token t_id="6" sentence="0" number="5">.</token>
<token t_id="7" sentence="0" number="6">nytimes</token>
<token t_id="8" sentence="0" number="7">.</token>
<token t_id="9" sentence="0" number="8">com</token>
<token t_id="10" sentence="0" number="9">/</token>
<token t_id="11" sentence="0" number="10">2007</token>
<token t_id="12" sentence="0" number="11">/</token>
<token t_id="13" sentence="0" number="12">04</token>
<token t_id="14" sentence="0" number="13">/</token>
<token t_id="15" sentence="0" number="14">10</token>
<token t_id="16" sentence="0" number="15">/</token>
<token t_id="17" sentence="0" number="16">us</token>
<token t_id="18" sentence="0" number="17">/</token>
<token t_id="19" sentence="0" number="18">10revenge</token>
<token t_id="20" sentence="0" number="19">.</token>
<token t_id="21" sentence="0" number="20">html</token>
<token t_id="22" sentence="0" number="21">?</token>
<token t_id="23" sentence="0" number="22">_</token>
<token t_id="24" sentence="0" number="23">r=0</token>
<token t_id="25" sentence="1" number="0">Shooting</token>
<token t_id="26" sentence="1" number="1">at</token>
<token t_id="27" sentence="1" number="2">Accounting</token>
<token t_id="28" sentence="1" number="3">Firm</token>
<token t_id="29" sentence="1" number="4">Leaves</token>
<token t_id="30" sentence="1" number="5">Woman</token>
<token t_id="31" sentence="1" number="6">Dead</token>
<token t_id="32" sentence="1" number="7">and</token>
<token t_id="33" sentence="1" number="8">2</token>
<token t_id="34" sentence="1" number="9">Hurt</token>
<token t_id="35" sentence="2" number="0">Published</token>
<token t_id="36" sentence="2" number="1">:</token>
<token t_id="37" sentence="2" number="2">April</token>
<token t_id="38" sentence="2" number="3">10</token>
<token t_id="39" sentence="2" number="4">,</token>
<token t_id="40" sentence="2" number="5">2007</token>
<token t_id="41" sentence="3" number="0">A</token>
<token t_id="42" sentence="3" number="1">man</token>
<token t_id="43" sentence="3" number="2">who</token>
<token t_id="44" sentence="3" number="3">was</token>
<token t_id="45" sentence="3" number="4">fired</token>
<token t_id="46" sentence="3" number="5">last</token>
<token t_id="47" sentence="3" number="6">week</token>
<token t_id="48" sentence="3" number="7">from</token>
<token t_id="49" sentence="3" number="8">his</token>
<token t_id="50" sentence="3" number="9">job</token>
<token t_id="51" sentence="3" number="10">at</token>
<token t_id="52" sentence="3" number="11">an</token>
<token t_id="53" sentence="3" number="12">accounting</token>
<token t_id="54" sentence="3" number="13">firm</token>
<token t_id="55" sentence="3" number="14">in</token>
<token t_id="56" sentence="3" number="15">suburban</token>
<token t_id="57" sentence="3" number="16">Detroit</token>
<token t_id="58" sentence="3" number="17">walked</token>
<token t_id="59" sentence="3" number="18">into</token>
<token t_id="60" sentence="3" number="19">his</token>
<token t_id="61" sentence="3" number="20">former</token>
<token t_id="62" sentence="3" number="21">office</token>
<token t_id="63" sentence="3" number="22">with</token>
<token t_id="64" sentence="3" number="23">a</token>
<token t_id="65" sentence="3" number="24">shotgun</token>
<token t_id="66" sentence="3" number="25">on</token>
<token t_id="67" sentence="3" number="26">Monday</token>
<token t_id="68" sentence="3" number="27">and</token>
<token t_id="69" sentence="3" number="28">shot</token>
<token t_id="70" sentence="3" number="29">three</token>
<token t_id="71" sentence="3" number="30">people</token>
<token t_id="72" sentence="3" number="31">,</token>
<token t_id="73" sentence="3" number="32">killing</token>
<token t_id="74" sentence="3" number="33">one</token>
<token t_id="75" sentence="3" number="34">,</token>
<token t_id="76" sentence="3" number="35">before</token>
<token t_id="77" sentence="3" number="36">fleeing</token>
<token t_id="78" sentence="3" number="37">and</token>
<token t_id="79" sentence="3" number="38">leading</token>
<token t_id="80" sentence="3" number="39">police</token>
<token t_id="81" sentence="3" number="40">officers</token>
<token t_id="82" sentence="3" number="41">on</token>
<token t_id="83" sentence="3" number="42">a</token>
<token t_id="84" sentence="3" number="43">high</token>
<token t_id="85" sentence="3" number="44">-</token>
<token t_id="86" sentence="3" number="45">speed</token>
<token t_id="87" sentence="3" number="46">chase</token>
<token t_id="88" sentence="3" number="47">,</token>
<token t_id="89" sentence="3" number="48">the</token>
<token t_id="90" sentence="3" number="49">authorities</token>
<token t_id="91" sentence="3" number="50">said</token>
<token t_id="92" sentence="3" number="51">.</token>
<token t_id="93" sentence="4" number="0">The</token>
<token t_id="94" sentence="4" number="1">suspect</token>
<token t_id="95" sentence="4" number="2">,</token>
<token t_id="96" sentence="4" number="3">identified</token>
<token t_id="97" sentence="4" number="4">as</token>
<token t_id="98" sentence="4" number="5">Anthony</token>
<token t_id="99" sentence="4" number="6">LaCalamita</token>
<token t_id="100" sentence="4" number="7">,</token>
<token t_id="101" sentence="4" number="8">entered</token>
<token t_id="102" sentence="4" number="9">the</token>
<token t_id="103" sentence="4" number="10">second</token>
<token t_id="104" sentence="4" number="11">-</token>
<token t_id="105" sentence="4" number="12">floor</token>
<token t_id="106" sentence="4" number="13">office</token>
<token t_id="107" sentence="4" number="14">of</token>
<token t_id="108" sentence="4" number="15">the</token>
<token t_id="109" sentence="4" number="16">accounting</token>
<token t_id="110" sentence="4" number="17">firm</token>
<token t_id="111" sentence="4" number="18">,</token>
<token t_id="112" sentence="4" number="19">Gordon</token>
<token t_id="113" sentence="4" number="20">Advisors</token>
<token t_id="114" sentence="4" number="21">,</token>
<token t_id="115" sentence="4" number="22">about</token>
<token t_id="116" sentence="4" number="23">10</token>
<token t_id="117" sentence="4" number="24">a</token>
<token t_id="118" sentence="4" number="25">.</token>
<token t_id="119" sentence="4" number="26">m</token>
<token t_id="120" sentence="4" number="27">.</token>
<token t_id="121" sentence="4" number="28">and</token>
<token t_id="122" sentence="4" number="29">opened</token>
<token t_id="123" sentence="4" number="30">fire</token>
<token t_id="124" sentence="4" number="31">,</token>
<token t_id="125" sentence="4" number="32">the</token>
<token t_id="126" sentence="4" number="33">police</token>
<token t_id="127" sentence="4" number="34">said</token>
<token t_id="128" sentence="4" number="35">.</token>
<token t_id="129" sentence="5" number="0">A</token>
<token t_id="130" sentence="5" number="1">63</token>
<token t_id="131" sentence="5" number="2">-</token>
<token t_id="132" sentence="5" number="3">year</token>
<token t_id="133" sentence="5" number="4">-</token>
<token t_id="134" sentence="5" number="5">old</token>
<token t_id="135" sentence="5" number="6">woman</token>
<token t_id="136" sentence="5" number="7">and</token>
<token t_id="137" sentence="5" number="8">two</token>
<token t_id="138" sentence="5" number="9">men</token>
<token t_id="139" sentence="5" number="10">,</token>
<token t_id="140" sentence="5" number="11">ages</token>
<token t_id="141" sentence="5" number="12">47</token>
<token t_id="142" sentence="5" number="13">and</token>
<token t_id="143" sentence="5" number="14">48</token>
<token t_id="144" sentence="5" number="15">,</token>
<token t_id="145" sentence="5" number="16">were</token>
<token t_id="146" sentence="5" number="17">shot</token>
<token t_id="147" sentence="5" number="18">,</token>
<token t_id="148" sentence="5" number="19">the</token>
<token t_id="149" sentence="5" number="20">police</token>
<token t_id="150" sentence="5" number="21">said</token>
<token t_id="151" sentence="5" number="22">.</token>
<token t_id="152" sentence="6" number="0">The</token>
<token t_id="153" sentence="6" number="1">woman</token>
<token t_id="154" sentence="6" number="2">,</token>
<token t_id="155" sentence="6" number="3">identified</token>
<token t_id="156" sentence="6" number="4">by</token>
<token t_id="157" sentence="6" number="5">the</token>
<token t_id="158" sentence="6" number="6">police</token>
<token t_id="159" sentence="6" number="7">as</token>
<token t_id="160" sentence="6" number="8">Madeline</token>
<token t_id="161" sentence="6" number="9">Kafoury</token>
<token t_id="162" sentence="6" number="10">,</token>
<token t_id="163" sentence="6" number="11">died</token>
<token t_id="164" sentence="6" number="12">at</token>
<token t_id="165" sentence="6" number="13">the</token>
<token t_id="166" sentence="6" number="14">scene</token>
<token t_id="167" sentence="6" number="15">,</token>
<token t_id="168" sentence="6" number="16">the</token>
<token t_id="169" sentence="6" number="17">authorities</token>
<token t_id="170" sentence="6" number="18">said</token>
<token t_id="171" sentence="6" number="19">.</token>
<token t_id="172" sentence="7" number="0">The</token>
<token t_id="173" sentence="7" number="1">two</token>
<token t_id="174" sentence="7" number="2">other</token>
<token t_id="175" sentence="7" number="3">victims</token>
<token t_id="176" sentence="7" number="4">were</token>
<token t_id="177" sentence="7" number="5">being</token>
<token t_id="178" sentence="7" number="6">treated</token>
<token t_id="179" sentence="7" number="7">at</token>
<token t_id="180" sentence="7" number="8">Beaumont</token>
<token t_id="181" sentence="7" number="9">Hospital</token>
<token t_id="182" sentence="7" number="10">in</token>
<token t_id="183" sentence="7" number="11">Royal</token>
<token t_id="184" sentence="7" number="12">Oak</token>
<token t_id="185" sentence="7" number="13">.</token>
<token t_id="186" sentence="8" number="0">Ilene</token>
<token t_id="187" sentence="8" number="1">Wolff</token>
<token t_id="188" sentence="8" number="2">,</token>
<token t_id="189" sentence="8" number="3">a</token>
<token t_id="190" sentence="8" number="4">spokeswoman</token>
<token t_id="191" sentence="8" number="5">for</token>
<token t_id="192" sentence="8" number="6">the</token>
<token t_id="193" sentence="8" number="7">hospital</token>
<token t_id="194" sentence="8" number="8">,</token>
<token t_id="195" sentence="8" number="9">said</token>
<token t_id="196" sentence="8" number="10">that</token>
<token t_id="197" sentence="8" number="11">their</token>
<token t_id="198" sentence="8" number="12">families</token>
<token t_id="199" sentence="8" number="13">had</token>
<token t_id="200" sentence="8" number="14">requested</token>
<token t_id="201" sentence="8" number="15">privacy</token>
<token t_id="202" sentence="8" number="16">,</token>
<token t_id="203" sentence="8" number="17">and</token>
<token t_id="204" sentence="8" number="18">that</token>
<token t_id="205" sentence="8" number="19">the</token>
<token t_id="206" sentence="8" number="20">hospital</token>
<token t_id="207" sentence="8" number="21">was</token>
<token t_id="208" sentence="8" number="22">not</token>
<token t_id="209" sentence="8" number="23">releasing</token>
<token t_id="210" sentence="8" number="24">any</token>
<token t_id="211" sentence="8" number="25">information</token>
<token t_id="212" sentence="8" number="26">about</token>
<token t_id="213" sentence="8" number="27">their</token>
<token t_id="214" sentence="8" number="28">condition</token>
<token t_id="215" sentence="8" number="29">or</token>
<token t_id="216" sentence="8" number="30">the</token>
<token t_id="217" sentence="8" number="31">nature</token>
<token t_id="218" sentence="8" number="32">of</token>
<token t_id="219" sentence="8" number="33">their</token>
<token t_id="220" sentence="8" number="34">injuries</token>
<token t_id="221" sentence="8" number="35">.</token>
<token t_id="222" sentence="9" number="0">Though</token>
<token t_id="223" sentence="9" number="1">the</token>
<token t_id="224" sentence="9" number="2">police</token>
<token t_id="225" sentence="9" number="3">declined</token>
<token t_id="226" sentence="9" number="4">to</token>
<token t_id="227" sentence="9" number="5">release</token>
<token t_id="228" sentence="9" number="6">the</token>
<token t_id="229" sentence="9" number="7">names</token>
<token t_id="230" sentence="9" number="8">of</token>
<token t_id="231" sentence="9" number="9">the</token>
<token t_id="232" sentence="9" number="10">two</token>
<token t_id="233" sentence="9" number="11">men</token>
<token t_id="234" sentence="9" number="12">,</token>
<token t_id="235" sentence="9" number="13">The</token>
<token t_id="236" sentence="9" number="14">Detroit</token>
<token t_id="237" sentence="9" number="15">Free</token>
<token t_id="238" sentence="9" number="16">Press</token>
<token t_id="239" sentence="9" number="17">identified</token>
<token t_id="240" sentence="9" number="18">them</token>
<token t_id="241" sentence="9" number="19">as</token>
<token t_id="242" sentence="9" number="20">Paul</token>
<token t_id="243" sentence="9" number="21">Riva</token>
<token t_id="244" sentence="9" number="22">,</token>
<token t_id="245" sentence="9" number="23">47</token>
<token t_id="246" sentence="9" number="24">,</token>
<token t_id="247" sentence="9" number="25">of</token>
<token t_id="248" sentence="9" number="26">Sterling</token>
<token t_id="249" sentence="9" number="27">Heights</token>
<token t_id="250" sentence="9" number="28">and</token>
<token t_id="251" sentence="9" number="29">Alan</token>
<token t_id="252" sentence="9" number="30">Steinberg</token>
<token t_id="253" sentence="9" number="31">,</token>
<token t_id="254" sentence="9" number="32">48</token>
<token t_id="255" sentence="9" number="33">,</token>
<token t_id="256" sentence="9" number="34">of</token>
<token t_id="257" sentence="9" number="35">Bruce</token>
<token t_id="258" sentence="9" number="36">Township</token>
<token t_id="259" sentence="9" number="37">.</token>
<token t_id="260" sentence="10" number="0">Both</token>
<token t_id="261" sentence="10" number="1">are</token>
<token t_id="262" sentence="10" number="2">partners</token>
<token t_id="263" sentence="10" number="3">in</token>
<token t_id="264" sentence="10" number="4">the</token>
<token t_id="265" sentence="10" number="5">firm</token>
<token t_id="266" sentence="10" number="6">,</token>
<token t_id="267" sentence="10" number="7">the</token>
<token t_id="268" sentence="10" number="8">newspaper</token>
<token t_id="269" sentence="10" number="9">reported</token>
<token t_id="270" sentence="10" number="10">.</token>
<token t_id="271" sentence="11" number="0">Mr</token>
<token t_id="272" sentence="11" number="1">.</token>
<token t_id="273" sentence="11" number="2">LaCalamita</token>
<token t_id="274" sentence="11" number="3">,</token>
<token t_id="275" sentence="11" number="4">38</token>
<token t_id="276" sentence="11" number="5">,</token>
<token t_id="277" sentence="11" number="6">who</token>
<token t_id="278" sentence="11" number="7">was</token>
<token t_id="279" sentence="11" number="8">still</token>
<token t_id="280" sentence="11" number="9">listed</token>
<token t_id="281" sentence="11" number="10">on</token>
<token t_id="282" sentence="11" number="11">the</token>
<token t_id="283" sentence="11" number="12">firm</token>
<token t_id="284" sentence="11" number="13">’</token>
<token t_id="285" sentence="11" number="14">s</token>
<token t_id="286" sentence="11" number="15">Web</token>
<token t_id="287" sentence="11" number="16">site</token>
<token t_id="288" sentence="11" number="17">as</token>
<token t_id="289" sentence="11" number="18">a</token>
<token t_id="290" sentence="11" number="19">member</token>
<token t_id="291" sentence="11" number="20">of</token>
<token t_id="292" sentence="11" number="21">its</token>
<token t_id="293" sentence="11" number="22">“</token>
<token t_id="294" sentence="11" number="23">professional</token>
<token t_id="295" sentence="11" number="24">staff</token>
<token t_id="296" sentence="11" number="25">,</token>
<token t_id="297" sentence="11" number="26">”</token>
<token t_id="298" sentence="11" number="27">had</token>
<token t_id="299" sentence="11" number="28">been</token>
<token t_id="300" sentence="11" number="29">dismissed</token>
<token t_id="301" sentence="11" number="30">last</token>
<token t_id="302" sentence="11" number="31">week</token>
<token t_id="303" sentence="11" number="32">,</token>
<token t_id="304" sentence="11" number="33">the</token>
<token t_id="305" sentence="11" number="34">police</token>
<token t_id="306" sentence="11" number="35">said</token>
<token t_id="307" sentence="11" number="36">.</token>
<token t_id="308" sentence="12" number="0">Though</token>
<token t_id="309" sentence="12" number="1">they</token>
<token t_id="310" sentence="12" number="2">would</token>
<token t_id="311" sentence="12" number="3">not</token>
<token t_id="312" sentence="12" number="4">say</token>
<token t_id="313" sentence="12" number="5">what</token>
<token t_id="314" sentence="12" number="6">his</token>
<token t_id="315" sentence="12" number="7">relationship</token>
<token t_id="316" sentence="12" number="8">was</token>
<token t_id="317" sentence="12" number="9">with</token>
<token t_id="318" sentence="12" number="10">any</token>
<token t_id="319" sentence="12" number="11">of</token>
<token t_id="320" sentence="12" number="12">the</token>
<token t_id="321" sentence="12" number="13">victims</token>
<token t_id="322" sentence="12" number="14">or</token>
<token t_id="323" sentence="12" number="15">what</token>
<token t_id="324" sentence="12" number="16">led</token>
<token t_id="325" sentence="12" number="17">to</token>
<token t_id="326" sentence="12" number="18">the</token>
<token t_id="327" sentence="12" number="19">shootings</token>
<token t_id="328" sentence="12" number="20">,</token>
<token t_id="329" sentence="12" number="21">“</token>
<token t_id="330" sentence="12" number="22">it</token>
<token t_id="331" sentence="12" number="23">doesn</token>
<token t_id="332" sentence="12" number="24">’</token>
<token t_id="333" sentence="12" number="25">t</token>
<token t_id="334" sentence="12" number="26">appear</token>
<token t_id="335" sentence="12" number="27">it</token>
<token t_id="336" sentence="12" number="28">was</token>
<token t_id="337" sentence="12" number="29">random</token>
<token t_id="338" sentence="12" number="30">,</token>
<token t_id="339" sentence="12" number="31">”</token>
<token t_id="340" sentence="12" number="32">the</token>
<token t_id="341" sentence="12" number="33">Troy</token>
<token t_id="342" sentence="12" number="34">police</token>
<token t_id="343" sentence="12" number="35">chief</token>
<token t_id="344" sentence="12" number="36">,</token>
<token t_id="345" sentence="12" number="37">Charles</token>
<token t_id="346" sentence="12" number="38">Craft</token>
<token t_id="347" sentence="12" number="39">,</token>
<token t_id="348" sentence="12" number="40">said</token>
<token t_id="349" sentence="12" number="41">.</token>
<token t_id="350" sentence="13" number="0">Officers</token>
<token t_id="351" sentence="13" number="1">and</token>
<token t_id="352" sentence="13" number="2">witnesses</token>
<token t_id="353" sentence="13" number="3">described</token>
<token t_id="354" sentence="13" number="4">a</token>
<token t_id="355" sentence="13" number="5">chaotic</token>
<token t_id="356" sentence="13" number="6">scene</token>
<token t_id="357" sentence="13" number="7">immediately</token>
<token t_id="358" sentence="13" number="8">after</token>
<token t_id="359" sentence="13" number="9">the</token>
<token t_id="360" sentence="13" number="10">shooting</token>
<token t_id="361" sentence="13" number="11">as</token>
<token t_id="362" sentence="13" number="12">workers</token>
<token t_id="363" sentence="13" number="13">barricaded</token>
<token t_id="364" sentence="13" number="14">themselves</token>
<token t_id="365" sentence="13" number="15">in</token>
<token t_id="366" sentence="13" number="16">their</token>
<token t_id="367" sentence="13" number="17">cubicles</token>
<token t_id="368" sentence="13" number="18">and</token>
<token t_id="369" sentence="13" number="19">offices</token>
<token t_id="370" sentence="13" number="20">.</token>
<token t_id="371" sentence="14" number="0">A</token>
<token t_id="372" sentence="14" number="1">few</token>
<token t_id="373" sentence="14" number="2">hours</token>
<token t_id="374" sentence="14" number="3">later</token>
<token t_id="375" sentence="14" number="4">,</token>
<token t_id="376" sentence="14" number="5">some</token>
<token t_id="377" sentence="14" number="6">employees</token>
<token t_id="378" sentence="14" number="7">gathered</token>
<token t_id="379" sentence="14" number="8">outside</token>
<token t_id="380" sentence="14" number="9">the</token>
<token t_id="381" sentence="14" number="10">building</token>
<token t_id="382" sentence="14" number="11">but</token>
<token t_id="383" sentence="14" number="12">would</token>
<token t_id="384" sentence="14" number="13">not</token>
<token t_id="385" sentence="14" number="14">speak</token>
<token t_id="386" sentence="14" number="15">to</token>
<token t_id="387" sentence="14" number="16">reporters</token>
<token t_id="388" sentence="14" number="17">.</token>
<token t_id="389" sentence="15" number="0">The</token>
<token t_id="390" sentence="15" number="1">three</token>
<token t_id="391" sentence="15" number="2">-</token>
<token t_id="392" sentence="15" number="3">story</token>
<token t_id="393" sentence="15" number="4">office</token>
<token t_id="394" sentence="15" number="5">building</token>
<token t_id="395" sentence="15" number="6">houses</token>
<token t_id="396" sentence="15" number="7">other</token>
<token t_id="397" sentence="15" number="8">tenants</token>
<token t_id="398" sentence="15" number="9">in</token>
<token t_id="399" sentence="15" number="10">addition</token>
<token t_id="400" sentence="15" number="11">to</token>
<token t_id="401" sentence="15" number="12">the</token>
<token t_id="402" sentence="15" number="13">accounting</token>
<token t_id="403" sentence="15" number="14">firm</token>
<token t_id="404" sentence="15" number="15">,</token>
<token t_id="405" sentence="15" number="16">and</token>
<token t_id="406" sentence="15" number="17">appeared</token>
<token t_id="407" sentence="15" number="18">to</token>
<token t_id="408" sentence="15" number="19">have</token>
<token t_id="409" sentence="15" number="20">no</token>
<token t_id="410" sentence="15" number="21">formal</token>
<token t_id="411" sentence="15" number="22">security</token>
<token t_id="412" sentence="15" number="23">system</token>
<token t_id="413" sentence="15" number="24">,</token>
<token t_id="414" sentence="15" number="25">Chief</token>
<token t_id="415" sentence="15" number="26">Craft</token>
<token t_id="416" sentence="15" number="27">said</token>
<token t_id="417" sentence="15" number="28">.</token>
<token t_id="418" sentence="16" number="0">He</token>
<token t_id="419" sentence="16" number="1">said</token>
<token t_id="420" sentence="16" number="2">witnesses</token>
<token t_id="421" sentence="16" number="3">told</token>
<token t_id="422" sentence="16" number="4">the</token>
<token t_id="423" sentence="16" number="5">police</token>
<token t_id="424" sentence="16" number="6">that</token>
<token t_id="425" sentence="16" number="7">Mr</token>
<token t_id="426" sentence="16" number="8">.</token>
<token t_id="427" sentence="16" number="9">LaCalamita</token>
<token t_id="428" sentence="16" number="10">had</token>
<token t_id="429" sentence="16" number="11">walked</token>
<token t_id="430" sentence="16" number="12">into</token>
<token t_id="431" sentence="16" number="13">the</token>
<token t_id="432" sentence="16" number="14">building</token>
<token t_id="433" sentence="16" number="15">and</token>
<token t_id="434" sentence="16" number="16">into</token>
<token t_id="435" sentence="16" number="17">the</token>
<token t_id="436" sentence="16" number="18">firm</token>
<token t_id="437" sentence="16" number="19">’</token>
<token t_id="438" sentence="16" number="20">s</token>
<token t_id="439" sentence="16" number="21">unlocked</token>
<token t_id="440" sentence="16" number="22">suite</token>
<token t_id="441" sentence="16" number="23">as</token>
<token t_id="442" sentence="16" number="24">though</token>
<token t_id="443" sentence="16" number="25">he</token>
<token t_id="444" sentence="16" number="26">were</token>
<token t_id="445" sentence="16" number="27">concealing</token>
<token t_id="446" sentence="16" number="28">something</token>
<token t_id="447" sentence="16" number="29">.</token>
<token t_id="448" sentence="17" number="0">Mr</token>
<token t_id="449" sentence="17" number="1">.</token>
<token t_id="450" sentence="17" number="2">LaCalamita</token>
<token t_id="451" sentence="17" number="3">fled</token>
<token t_id="452" sentence="17" number="4">in</token>
<token t_id="453" sentence="17" number="5">his</token>
<token t_id="454" sentence="17" number="6">car</token>
<token t_id="455" sentence="17" number="7">before</token>
<token t_id="456" sentence="17" number="8">officers</token>
<token t_id="457" sentence="17" number="9">arrived</token>
<token t_id="458" sentence="17" number="10">,</token>
<token t_id="459" sentence="17" number="11">but</token>
<token t_id="460" sentence="17" number="12">witnesses</token>
<token t_id="461" sentence="17" number="13">took</token>
<token t_id="462" sentence="17" number="14">note</token>
<token t_id="463" sentence="17" number="15">of</token>
<token t_id="464" sentence="17" number="16">the</token>
<token t_id="465" sentence="17" number="17">license</token>
<token t_id="466" sentence="17" number="18">plate</token>
<token t_id="467" sentence="17" number="19">number</token>
<token t_id="468" sentence="17" number="20">,</token>
<token t_id="469" sentence="17" number="21">the</token>
<token t_id="470" sentence="17" number="22">authorities</token>
<token t_id="471" sentence="17" number="23">said</token>
<token t_id="472" sentence="17" number="24">.</token>
<token t_id="473" sentence="18" number="0">About</token>
<token t_id="474" sentence="18" number="1">two</token>
<token t_id="475" sentence="18" number="2">hours</token>
<token t_id="476" sentence="18" number="3">after</token>
<token t_id="477" sentence="18" number="4">the</token>
<token t_id="478" sentence="18" number="5">shooting</token>
<token t_id="479" sentence="18" number="6">,</token>
<token t_id="480" sentence="18" number="7">officers</token>
<token t_id="481" sentence="18" number="8">received</token>
<token t_id="482" sentence="18" number="9">a</token>
<token t_id="483" sentence="18" number="10">tip</token>
<token t_id="484" sentence="18" number="11">from</token>
<token t_id="485" sentence="18" number="12">a</token>
<token t_id="486" sentence="18" number="13">motorist</token>
<token t_id="487" sentence="18" number="14">in</token>
<token t_id="488" sentence="18" number="15">Flint</token>
<token t_id="489" sentence="18" number="16">,</token>
<token t_id="490" sentence="18" number="17">about</token>
<token t_id="491" sentence="18" number="18">50</token>
<token t_id="492" sentence="18" number="19">miles</token>
<token t_id="493" sentence="18" number="20">north</token>
<token t_id="494" sentence="18" number="21">of</token>
<token t_id="495" sentence="18" number="22">here</token>
<token t_id="496" sentence="18" number="23">,</token>
<token t_id="497" sentence="18" number="24">on</token>
<token t_id="498" sentence="18" number="25">the</token>
<token t_id="499" sentence="18" number="26">whereabouts</token>
<token t_id="500" sentence="18" number="27">of</token>
<token t_id="501" sentence="18" number="28">the</token>
<token t_id="502" sentence="18" number="29">car</token>
<token t_id="503" sentence="18" number="30">.</token>
<token t_id="504" sentence="19" number="0">Police</token>
<token t_id="505" sentence="19" number="1">officers</token>
<token t_id="506" sentence="19" number="2">chased</token>
<token t_id="507" sentence="19" number="3">Mr</token>
<token t_id="508" sentence="19" number="4">.</token>
<token t_id="509" sentence="19" number="5">LaCalamita</token>
<token t_id="510" sentence="19" number="6">for</token>
<token t_id="511" sentence="19" number="7">about</token>
<token t_id="512" sentence="19" number="8">30</token>
<token t_id="513" sentence="19" number="9">miles</token>
<token t_id="514" sentence="19" number="10">at</token>
<token t_id="515" sentence="19" number="11">speeds</token>
<token t_id="516" sentence="19" number="12">of</token>
<token t_id="517" sentence="19" number="13">up</token>
<token t_id="518" sentence="19" number="14">to</token>
<token t_id="519" sentence="19" number="15">120</token>
<token t_id="520" sentence="19" number="16">miles</token>
<token t_id="521" sentence="19" number="17">an</token>
<token t_id="522" sentence="19" number="18">hour</token>
<token t_id="523" sentence="19" number="19">on</token>
<token t_id="524" sentence="19" number="20">Interstate</token>
<token t_id="525" sentence="19" number="21">75</token>
<token t_id="526" sentence="19" number="22">before</token>
<token t_id="527" sentence="19" number="23">apprehending</token>
<token t_id="528" sentence="19" number="24">him</token>
<token t_id="529" sentence="19" number="25">near</token>
<token t_id="530" sentence="19" number="26">Bay</token>
<token t_id="531" sentence="19" number="27">City</token>
<token t_id="532" sentence="19" number="28">.</token>


<Markables>
<ACTION_OCCURRENCE m_id="1" climaxEvent="FALSE" comment=""  >
<token_anchor t_id="79"/>
</ACTION_OCCURRENCE>
<ACTION_OCCURRENCE m_id="2" climaxEvent="FALSE" comment=""  >
<token_anchor t_id="87"/>
</ACTION_OCCURRENCE>
<ACTION_OCCURRENCE m_id="3" climaxEvent="FALSE" comment=""  >
<token_anchor t_id="101"/>
</ACTION_OCCURRENCE>
<ACTION_OCCURRENCE m_id="4" climaxEvent="FALSE" comment=""  >
<token_anchor t_id="122"/>
<token_anchor t_id="123"/>
</ACTION_OCCURRENCE>
<ACTION_OCCURRENCE m_id="5" climaxEvent="FALSE" comment=""  >
<token_anchor t_id="146"/>
</ACTION_OCCURRENCE>
<ACTION_OCCURRENCE m_id="6" climaxEvent="TRUE" comment=""  >
<token_anchor t_id="25"/>
</ACTION_OCCURRENCE>
<ACTION_OCCURRENCE m_id="7" climaxEvent="FALSE" comment=""  >
<token_anchor t_id="29"/>
</ACTION_OCCURRENCE>
<ACTION_OCCURRENCE m_id="8" climaxEvent="FALSE" comment=""  >
<token_anchor t_id="34"/>
</ACTION_OCCURRENCE>
<ACTION_OCCURRENCE m_id="9" climaxEvent="FALSE" comment=""  >
<token_anchor t_id="45"/>
</ACTION_OCCURRENCE>
<ACTION_OCCURRENCE m_id="10" climaxEvent="FALSE" comment=""  >
<token_anchor t_id="58"/>
</ACTION_OCCURRENCE>
<ACTION_OCCURRENCE m_id="11" climaxEvent="FALSE" comment=""  >
<token_anchor t_id="69"/>
</ACTION_OCCURRENCE>
<ACTION_OCCURRENCE m_id="12" climaxEvent="FALSE" comment=""  >
<token_anchor t_id="31"/>
</ACTION_OCCURRENCE>
<ACTION_OCCURRENCE m_id="13" climaxEvent="TRUE" comment=""  >
<token_anchor t_id="73"/>
</ACTION_OCCURRENCE>
<ACTION_OCCURRENCE m_id="14" climaxEvent="FALSE" comment=""  >
<token_anchor t_id="77"/>
</ACTION_OCCURRENCE>
<ACTION_OCCURRENCE m_id="15" climaxEvent="FALSE" comment=""  >
<token_anchor t_id="96"/>
</ACTION_OCCURRENCE>
<ACTION_REPORTING m_id="16" comment=""  >
<token_anchor t_id="150"/>
</ACTION_REPORTING>
<ACTION_REPORTING m_id="17" comment=""  >
<token_anchor t_id="91"/>
</ACTION_REPORTING>
<ACTION_REPORTING m_id="18" comment=""  >
<token_anchor t_id="127"/>
</ACTION_REPORTING>
<HUMAN_PART_PER m_id="19" comment=""  >
<token_anchor t_id="94"/>
</HUMAN_PART_PER>
<HUMAN_PART_PER m_id="20" comment=""  >
<token_anchor t_id="126"/>
</HUMAN_PART_PER>
<HUMAN_PART_PER m_id="21" comment=""  >
<token_anchor t_id="135"/>
</HUMAN_PART_PER>
<HUMAN_PART_PER m_id="22" comment=""  >
<token_anchor t_id="138"/>
</HUMAN_PART_PER>
<HUMAN_PART_PER m_id="23" comment=""  >
<token_anchor t_id="149"/>
</HUMAN_PART_PER>
<HUMAN_PART_PER m_id="24" comment=""  >
<token_anchor t_id="30"/>
</HUMAN_PART_PER>
<HUMAN_PART_PER m_id="25" comment=""  >
<token_anchor t_id="33"/>
</HUMAN_PART_PER>
<HUMAN_PART_PER m_id="26" comment=""  >
<token_anchor t_id="42"/>
</HUMAN_PART_PER>
<HUMAN_PART_PER m_id="27" comment=""  >
<token_anchor t_id="71"/>
</HUMAN_PART_PER>
<HUMAN_PART_PER m_id="28" comment=""  >
<token_anchor t_id="74"/>
</HUMAN_PART_PER>
<HUMAN_PART_PER m_id="29" comment=""  >
<token_anchor t_id="80"/>
<token_anchor t_id="81"/>
</HUMAN_PART_PER>
<HUMAN_PART_PER m_id="30" comment=""  >
<token_anchor t_id="90"/>
</HUMAN_PART_PER>
<HUMAN_PART_PER m_id="31" comment=""  >
<token_anchor t_id="98"/>
<token_anchor t_id="99"/>
</HUMAN_PART_PER>
<LOC_FAC m_id="33"  >
<token_anchor t_id="102"/>
<token_anchor t_id="103"/>
<token_anchor t_id="104"/>
<token_anchor t_id="105"/>
<token_anchor t_id="106"/>
</LOC_FAC>
<LOC_FAC m_id="34"  >
<token_anchor t_id="27"/>
<token_anchor t_id="28"/>
</LOC_FAC>
<LOC_FAC m_id="35"  >
<token_anchor t_id="109"/>
<token_anchor t_id="110"/>
</LOC_FAC>
<LOC_FAC m_id="36"  >
<token_anchor t_id="112"/>
<token_anchor t_id="113"/>
</LOC_FAC>
<LOC_FAC m_id="37"  >
<token_anchor t_id="53"/>
<token_anchor t_id="54"/>
</LOC_FAC>
<LOC_FAC m_id="32"  >
<token_anchor t_id="60"/>
<token_anchor t_id="61"/>
<token_anchor t_id="62"/>
</LOC_FAC>
<LOC_GEO m_id="38" comment=""  >
<token_anchor t_id="55"/>
<token_anchor t_id="56"/>
<token_anchor t_id="57"/>
</LOC_GEO>
<NON_HUMAN_PART m_id="39" comment=""  >
<token_anchor t_id="65"/>
</NON_HUMAN_PART>
<TIME_DATE m_id="40" comment="" DCT="FALSE" value="2007-W14" anchorTimeID="41"  >
<token_anchor t_id="46"/>
<token_anchor t_id="47"/>
</TIME_DATE>
<TIME_DATE m_id="41" comment="" DCT="TRUE" value="2010-04-10" anchorTimeID=""  >
<token_anchor t_id="37"/>
<token_anchor t_id="38"/>
<token_anchor t_id="39"/>
<token_anchor t_id="40"/>
</TIME_DATE>
<TIME_DATE m_id="42" comment="" DCT="FALSE" value="2010-04-09" anchorTimeID="41"  >
<token_anchor t_id="67"/>
</TIME_DATE>
<TIME_OF_THE_DAY m_id="43" DCT="FALSE" value="2007-04-09T17:00Z" anchorTimeID="42"  >
<token_anchor t_id="115"/>
<token_anchor t_id="116"/>
<token_anchor t_id="117"/>
<token_anchor t_id="118"/>
<token_anchor t_id="119"/>
</TIME_OF_THE_DAY>


<ACTION_OCCURRENCE m_id="44" RELATED_TO="" TAG_DESCRIPTOR="t18_injured" climaxEvent="FALSE" comment="" />
<HUMAN_PART_PER m_id="45" RELATED_TO="" TAG_DESCRIPTOR="t18_police" comment="" />
<HUMAN_PART_PER m_id="46" RELATED_TO="" TAG_DESCRIPTOR="t18_authorities" comment="" />
<HUMAN_PART_PER m_id="47" RELATED_TO="" TAG_DESCRIPTOR="t18_officers" comment="" />
<HUMAN_PART_PER m_id="48" RELATED_TO="" TAG_DESCRIPTOR="t18_two_injured" comment="" />
<TIME_OF_THE_DAY m_id="49" RELATED_TO="" TAG_DESCRIPTOR="t18_10_am" DCT="FALSE" value="" anchorTimeID="" />
<ACTION_REPORTING m_id="50" RELATED_TO="" TAG_DESCRIPTOR="t18_authorities_said" comment="" />
<ACTION_REPORTING m_id="51" RELATED_TO="" TAG_DESCRIPTOR="t18_police_said" comment="" />
<TIME_DATE m_id="52" RELATED_TO="" TAG_DESCRIPTOR="t18_monday" comment="" DCT="FALSE" value="" anchorTimeID="" />
<TIME_DATE m_id="53" RELATED_TO="" TAG_DESCRIPTOR="t18_last_week_fired" comment="" DCT="FALSE" value="" anchorTimeID="" />
<HUMAN_PART_PER m_id="54" RELATED_TO="" TAG_DESCRIPTOR="t18_dead_woman" comment="" />
<HUMAN_PART_PER m_id="55" RELATED_TO="" TAG_DESCRIPTOR="t18_workers" comment="" />
<HUMAN_PART_PER m_id="56" RELATED_TO="" TAG_DESCRIPTOR="t18_shooter" comment="" />
<ACTION_OCCURRENCE m_id="57" RELATED_TO="" TAG_DESCRIPTOR="t18_chase" climaxEvent="FALSE" comment="" />
<ACTION_OCCURRENCE m_id="58" RELATED_TO="" TAG_DESCRIPTOR="t18_fired" climaxEvent="FALSE" comment="" />
<ACTION_OCCURRENCE m_id="59" RELATED_TO="" TAG_DESCRIPTOR="t18_fleeing" climaxEvent="FALSE" comment="" />
<NON_HUMAN_PART m_id="60" RELATED_TO="" TAG_DESCRIPTOR="t18_shotgun" comment="" />
<ACTION_OCCURRENCE m_id="61" RELATED_TO="" TAG_DESCRIPTOR="t18_shooting" climaxEvent="FALSE" comment="" />
<ACTION_OCCURRENCE m_id="62" RELATED_TO="" TAG_DESCRIPTOR="t18_killing" climaxEvent="FALSE" comment="" />
<ACTION_OCCURRENCE m_id="63" RELATED_TO="" TAG_DESCRIPTOR="t18_walked" climaxEvent="FALSE" comment="" />
<LOC_FAC m_id="64" RELATED_TO="" TAG_DESCRIPTOR="t18_detroit_accounting_firm" />
<ACTION_OCCURRENCE m_id="65" RELATED_TO="" TAG_DESCRIPTOR="t18_entered" climaxEvent="FALSE" comment="" />
</Markables>

<Relations>
<TLINK r_id="243089" contextualModality="" relType="CONTAINS" comment="" >
<source m_id="40" />
<target m_id="9" />
</TLINK>
<TLINK r_id="243090" contextualModality="" relType="BEFORE" comment="" >
<source m_id="40" />
<target m_id="10" />
</TLINK>
<TLINK r_id="243091" contextualModality="" relType="BEFORE" comment="" >
<source m_id="40" />
<target m_id="11" />
</TLINK>
<TLINK r_id="243092" contextualModality="" relType="BEFORE" comment="" >
<source m_id="40" />
<target m_id="13" />
</TLINK>
<TLINK r_id="243093" contextualModality="" relType="BEFORE" comment="" >
<source m_id="40" />
<target m_id="14" />
</TLINK>
<TLINK r_id="243094" contextualModality="" relType="BEFORE" comment="" >
<source m_id="40" />
<target m_id="2" />
</TLINK>
<TLINK r_id="243095" contextualModality="" relType="CONTAINS" comment="" >
<source m_id="42" />
<target m_id="10" />
</TLINK>
<TLINK r_id="243096" contextualModality="" relType="AFTER" comment="" >
<source m_id="42" />
<target m_id="9" />
</TLINK>
<TLINK r_id="243097" contextualModality="" relType="CONTAINS" comment="" >
<source m_id="42" />
<target m_id="11" />
</TLINK>
<TLINK r_id="243098" contextualModality="" relType="CONTAINS" comment="" >
<source m_id="42" />
<target m_id="13" />
</TLINK>
<TLINK r_id="243099" contextualModality="" relType="CONTAINS" comment="" >
<source m_id="42" />
<target m_id="14" />
</TLINK>
<TLINK r_id="243100" contextualModality="" relType="CONTAINS" comment="" >
<source m_id="42" />
<target m_id="2" />
</TLINK>
<TLINK r_id="243101" contextualModality="" relType="CONTAINS" comment="" >
<source m_id="42" />
<target m_id="15" />
</TLINK>
<TLINK r_id="243102" contextualModality="" relType="CONTAINS" comment="" >
<source m_id="42" />
<target m_id="3" />
</TLINK>
<TLINK r_id="243103" contextualModality="" relType="CONTAINS" comment="" >
<source m_id="42" />
<target m_id="4" />
</TLINK>
<TLINK r_id="243104" contextualModality="" relType="CONTAINS" comment="" >
<source m_id="42" />
<target m_id="5" />
</TLINK>
<TLINK r_id="243105" contextualModality="" relType="SIMULTANEOUS" comment="" >
<source m_id="43" />
<target m_id="3" />
</TLINK>
<TLINK r_id="243106" contextualModality="" relType="AFTER" comment="" >
<source m_id="41" />
<target m_id="9" />
</TLINK>
<TLINK r_id="243107" contextualModality="" relType="AFTER" comment="" >
<source m_id="41" />
<target m_id="10" />
</TLINK>
<TLINK r_id="243108" contextualModality="" relType="AFTER" comment="" >
<source m_id="41" />
<target m_id="11" />
</TLINK>
<TLINK r_id="243109" contextualModality="" relType="AFTER" comment="" >
<source m_id="41" />
<target m_id="13" />
</TLINK>
<TLINK r_id="243110" contextualModality="" relType="AFTER" comment="" >
<source m_id="41" />
<target m_id="14" />
</TLINK>
<TLINK r_id="243111" contextualModality="" relType="AFTER" comment="" >
<source m_id="41" />
<target m_id="2" />
</TLINK>
<TLINK r_id="243112" contextualModality="" relType="AFTER" comment="" >
<source m_id="41" />
<target m_id="15" />
</TLINK>
<TLINK r_id="243113" contextualModality="" relType="AFTER" comment="" >
<source m_id="41" />
<target m_id="3" />
</TLINK>
<TLINK r_id="243114" contextualModality="" relType="AFTER" comment="" >
<source m_id="41" />
<target m_id="4" />
</TLINK>
<TLINK r_id="243115" contextualModality="" relType="AFTER" comment="" >
<source m_id="41" />
<target m_id="5" />
</TLINK>
<TLINK r_id="243116" contextualModality="" relType="CONTAINS" comment="" >
<source m_id="42" />
<target m_id="6" />
</TLINK>
<TLINK r_id="243117" contextualModality="" relType="CONTAINS" comment="" >
<source m_id="42" />
<target m_id="12" />
</TLINK>
<TLINK r_id="243118" contextualModality="" relType="CONTAINS" comment="" >
<source m_id="42" />
<target m_id="7" />
</TLINK>
<TLINK r_id="243119" contextualModality="" relType="CONTAINS" comment="" >
<source m_id="42" />
<target m_id="8" />
</TLINK>
<TLINK r_id="243120" contextualModality="" relType="AFTER" comment="" >
<source m_id="41" />
<target m_id="6" />
</TLINK>
<TLINK r_id="243121" contextualModality="" relType="AFTER" comment="" >
<source m_id="41" />
<target m_id="7" />
</TLINK>
<TLINK r_id="243122" contextualModality="" relType="AFTER" comment="" >
<source m_id="41" />
<target m_id="12" />
</TLINK>
<TLINK r_id="243123" contextualModality="" relType="AFTER" comment="" >
<source m_id="41" />
<target m_id="8" />
</TLINK>
<PLOT_LINK r_id="243124" SIGNAL="" relType="PRECONDITION" CAUSES="FALSE" CAUSED_BY="FALSE" >
<source m_id="6" />
<target m_id="12" />
</PLOT_LINK>
<PLOT_LINK r_id="243125" SIGNAL="" relType="PRECONDITION" CAUSES="FALSE" CAUSED_BY="FALSE" >
<source m_id="6" />
<target m_id="8" />
</PLOT_LINK>
<PLOT_LINK r_id="243126" SIGNAL="" relType="PRECONDITION" CAUSES="FALSE" CAUSED_BY="FALSE" >
<source m_id="11" />
<target m_id="13" />
</PLOT_LINK>
<PLOT_LINK r_id="243127" SIGNAL="1" relType="PRECONDITION" CAUSES="TRUE" CAUSED_BY="FALSE" >
<source m_id="14" />
<target m_id="2" />
</PLOT_LINK>
<PLOT_LINK r_id="243128" SIGNAL="" relType="FALLING_ACTION" CAUSES="FALSE" CAUSED_BY="FALSE" >
<source m_id="12" />
<target m_id="4" />
</PLOT_LINK>
<PLOT_LINK r_id="243129" SIGNAL="" relType="FALLING_ACTION" CAUSES="FALSE" CAUSED_BY="FALSE" >
<source m_id="12" />
<target m_id="5" />
</PLOT_LINK>
<PLOT_LINK r_id="243130" SIGNAL="" relType="FALLING_ACTION" CAUSES="FALSE" CAUSED_BY="FALSE" >
<source m_id="8" />
<target m_id="4" />
</PLOT_LINK>
<PLOT_LINK r_id="243131" SIGNAL="" relType="FALLING_ACTION" CAUSES="FALSE" CAUSED_BY="FALSE" >
<source m_id="8" />
<target m_id="5" />
</PLOT_LINK>
<TLINK r_id="253088" contextualModality="" relType="AFTER" comment="" >
<source m_id="41" />
<target m_id="1" />
</TLINK>
<TLINK r_id="253089" contextualModality="" relType="CONTAINS" comment="" >
<source m_id="42" />
<target m_id="1" />
</TLINK>
<TLINK r_id="253090" contextualModality="" relType="BEFORE" comment="" >
<source m_id="43" />
<target m_id="4" />
</TLINK>
<TLINK r_id="253091" contextualModality="" relType="BEFORE" comment="" >
<source m_id="43" />
<target m_id="15" />
</TLINK>
</Relations>
</Document>
