<Document doc_name="12_7ecbplus.xml">
<token t_id="1" sentence="0" number="0">http</token>
<token t_id="2" sentence="0" number="1">:</token>
<token t_id="3" sentence="0" number="2">/</token>
<token t_id="4" sentence="0" number="3">/</token>
<token t_id="5" sentence="0" number="4">articles</token>
<token t_id="6" sentence="0" number="5">.</token>
<token t_id="7" sentence="0" number="6">timesofindia</token>
<token t_id="8" sentence="0" number="7">.</token>
<token t_id="9" sentence="0" number="8">indiatimes</token>
<token t_id="10" sentence="0" number="9">.</token>
<token t_id="11" sentence="0" number="10">com</token>
<token t_id="12" sentence="0" number="11">/</token>
<token t_id="13" sentence="0" number="12">2011</token>
<token t_id="14" sentence="0" number="13">-</token>
<token t_id="15" sentence="0" number="14">11</token>
<token t_id="16" sentence="0" number="15">-</token>
<token t_id="17" sentence="0" number="16">12</token>
<token t_id="18" sentence="0" number="17">/</token>
<token t_id="19" sentence="0" number="18">india</token>
<token t_id="20" sentence="0" number="19">/</token>
<token t_id="21" sentence="0" number="20">30391127</token>
<token t_id="22" sentence="0" number="21">_</token>
<token t_id="23" sentence="0" number="22">1</token>
<token t_id="24" sentence="0" number="23">_</token>
<token t_id="25" sentence="0" number="24">somali</token>
<token t_id="26" sentence="0" number="25">-</token>
<token t_id="27" sentence="0" number="26">pirate</token>
<token t_id="28" sentence="0" number="27">-</token>
<token t_id="29" sentence="0" number="28">attack</token>
<token t_id="30" sentence="0" number="29">-</token>
<token t_id="31" sentence="0" number="30">indian</token>
<token t_id="32" sentence="0" number="31">-</token>
<token t_id="33" sentence="0" number="32">warship</token>
<token t_id="34" sentence="0" number="33">-</token>
<token t_id="35" sentence="0" number="34">merchant</token>
<token t_id="36" sentence="0" number="35">-</token>
<token t_id="37" sentence="0" number="36">vessels</token>
<token t_id="38" sentence="1" number="0">Somali</token>
<token t_id="39" sentence="1" number="1">pirate</token>
<token t_id="40" sentence="1" number="2">attack</token>
<token t_id="41" sentence="1" number="3">foiled</token>
<token t_id="42" sentence="1" number="4">in</token>
<token t_id="43" sentence="1" number="5">Gulf</token>
<token t_id="44" sentence="1" number="6">of</token>
<token t_id="45" sentence="1" number="7">Aden</token>
<token t_id="46" sentence="2" number="0">TNN</token>
<token t_id="47" sentence="2" number="1">Nov</token>
<token t_id="48" sentence="2" number="2">12</token>
<token t_id="49" sentence="2" number="3">,</token>
<token t_id="50" sentence="2" number="4">2011</token>
<token t_id="51" sentence="2" number="5">,</token>
<token t_id="52" sentence="2" number="6">05</token>
<token t_id="53" sentence="2" number="7">.</token>
<token t_id="54" sentence="2" number="8">51AM</token>
<token t_id="55" sentence="2" number="9">IST</token>
<token t_id="56" sentence="2" number="10">MUMBAI</token>
<token t_id="57" sentence="2" number="11">:</token>
<token t_id="58" sentence="3" number="0">An</token>
<token t_id="59" sentence="3" number="1">Indian</token>
<token t_id="60" sentence="3" number="2">warship</token>
<token t_id="61" sentence="3" number="3">on</token>
<token t_id="62" sentence="3" number="4">Thursday</token>
<token t_id="63" sentence="3" number="5">intercepted</token>
<token t_id="64" sentence="3" number="6">three</token>
<token t_id="65" sentence="3" number="7">boats</token>
<token t_id="66" sentence="3" number="8">with</token>
<token t_id="67" sentence="3" number="9">26</token>
<token t_id="68" sentence="3" number="10">Somali</token>
<token t_id="69" sentence="3" number="11">pirates</token>
<token t_id="70" sentence="3" number="12">in</token>
<token t_id="71" sentence="3" number="13">the</token>
<token t_id="72" sentence="3" number="14">Gulf</token>
<token t_id="73" sentence="3" number="15">of</token>
<token t_id="74" sentence="3" number="16">Aden</token>
<token t_id="75" sentence="3" number="17">and</token>
<token t_id="76" sentence="3" number="18">foiled</token>
<token t_id="77" sentence="3" number="19">an</token>
<token t_id="78" sentence="3" number="20">attack</token>
<token t_id="79" sentence="3" number="21">on</token>
<token t_id="80" sentence="3" number="22">merchant</token>
<token t_id="81" sentence="3" number="23">vessels</token>
<token t_id="82" sentence="3" number="24">.</token>
<token t_id="83" sentence="4" number="0">INS</token>
<token t_id="84" sentence="4" number="1">Sukanya</token>
<token t_id="85" sentence="4" number="2">detected</token>
<token t_id="86" sentence="4" number="3">five</token>
<token t_id="87" sentence="4" number="4">suspicious</token>
<token t_id="88" sentence="4" number="5">boats</token>
<token t_id="89" sentence="4" number="6">,</token>
<token t_id="90" sentence="4" number="7">speedily</token>
<token t_id="91" sentence="4" number="8">approaching</token>
<token t_id="92" sentence="4" number="9">the</token>
<token t_id="93" sentence="4" number="10">merchant</token>
<token t_id="94" sentence="4" number="11">vessels</token>
<token t_id="95" sentence="4" number="12">that</token>
<token t_id="96" sentence="4" number="13">the</token>
<token t_id="97" sentence="4" number="14">warship</token>
<token t_id="98" sentence="4" number="15">was</token>
<token t_id="99" sentence="4" number="16">escorting</token>
<token t_id="100" sentence="4" number="17">through</token>
<token t_id="101" sentence="4" number="18">the</token>
<token t_id="102" sentence="4" number="19">Internationally</token>
<token t_id="103" sentence="4" number="20">Recognized</token>
<token t_id="104" sentence="4" number="21">Transit</token>
<token t_id="105" sentence="4" number="22">Corridor</token>
<token t_id="106" sentence="4" number="23">.</token>
<token t_id="107" sentence="5" number="0">"The</token>
<token t_id="108" sentence="5" number="1">warship</token>
<token t_id="109" sentence="5" number="2">immediately</token>
<token t_id="110" sentence="5" number="3">altered</token>
<token t_id="111" sentence="5" number="4">towards</token>
<token t_id="112" sentence="5" number="5">the</token>
<token t_id="113" sentence="5" number="6">suspicious</token>
<token t_id="114" sentence="5" number="7">vessels</token>
<token t_id="115" sentence="5" number="8">and</token>
<token t_id="116" sentence="5" number="9">challenged</token>
<token t_id="117" sentence="5" number="10">them</token>
<token t_id="118" sentence="5" number="11">.</token>
<token t_id="119" sentence="6" number="0">While</token>
<token t_id="120" sentence="6" number="1">two</token>
<token t_id="121" sentence="6" number="2">of</token>
<token t_id="122" sentence="6" number="3">them</token>
<token t_id="123" sentence="6" number="4">managed</token>
<token t_id="124" sentence="6" number="5">to</token>
<token t_id="125" sentence="6" number="6">escape</token>
<token t_id="126" sentence="6" number="7">,</token>
<token t_id="127" sentence="6" number="8">INS</token>
<token t_id="128" sentence="6" number="9">Sukanya</token>
<token t_id="129" sentence="6" number="10">successfully</token>
<token t_id="130" sentence="6" number="11">intercepted</token>
<token t_id="131" sentence="6" number="12">the</token>
<token t_id="132" sentence="6" number="13">remaining</token>
<token t_id="133" sentence="6" number="14">three</token>
<token t_id="134" sentence="6" number="15">and</token>
<token t_id="135" sentence="6" number="16">carried</token>
<token t_id="136" sentence="6" number="17">out</token>
<token t_id="137" sentence="6" number="18">boarding</token>
<token t_id="138" sentence="6" number="19">-</token>
<token t_id="139" sentence="6" number="20">and</token>
<token t_id="140" sentence="6" number="21">-</token>
<token t_id="141" sentence="6" number="22">search</token>
<token t_id="142" sentence="6" number="23">action</token>
<token t_id="143" sentence="6" number="24">,</token>
<token t_id="144" sentence="6" number="25">"</token>
<token t_id="145" sentence="6" number="26">said</token>
<token t_id="146" sentence="6" number="27">Captain</token>
<token t_id="147" sentence="6" number="28">Manohar</token>
<token t_id="148" sentence="6" number="29">Nambiar</token>
<token t_id="149" sentence="6" number="30">,</token>
<token t_id="150" sentence="6" number="31">chief</token>
<token t_id="151" sentence="6" number="32">PRO</token>
<token t_id="152" sentence="6" number="33">(</token>
<token t_id="153" sentence="6" number="34">Defence</token>
<token t_id="154" sentence="6" number="35">)</token>
<token t_id="155" sentence="6" number="36">.</token>
<token t_id="156" sentence="7" number="0">The</token>
<token t_id="157" sentence="7" number="1">Navy</token>
<token t_id="158" sentence="7" number="2">confiscated</token>
<token t_id="159" sentence="7" number="3">14</token>
<token t_id="160" sentence="7" number="4">AK</token>
<token t_id="161" sentence="7" number="5">-</token>
<token t_id="162" sentence="7" number="6">47</token>
<token t_id="163" sentence="7" number="7">rifles</token>
<token t_id="164" sentence="7" number="8">,</token>
<token t_id="165" sentence="7" number="9">31</token>
<token t_id="166" sentence="7" number="10">magazines</token>
<token t_id="167" sentence="7" number="11">and</token>
<token t_id="168" sentence="7" number="12">923</token>
<token t_id="169" sentence="7" number="13">rounds</token>
<token t_id="170" sentence="7" number="14">from</token>
<token t_id="171" sentence="7" number="15">the</token>
<token t_id="172" sentence="7" number="16">boat</token>
<token t_id="173" sentence="7" number="17">along</token>
<token t_id="174" sentence="7" number="18">with</token>
<token t_id="175" sentence="7" number="19">grapnels</token>
<token t_id="176" sentence="7" number="20">,</token>
<token t_id="177" sentence="7" number="21">ladders</token>
<token t_id="178" sentence="7" number="22">and</token>
<token t_id="179" sentence="7" number="23">rope</token>
<token t_id="180" sentence="7" number="24">-</token>
<token t_id="181" sentence="7" number="25">handling</token>
<token t_id="182" sentence="7" number="26">gloves</token>
<token t_id="183" sentence="7" number="27">,</token>
<token t_id="184" sentence="7" number="28">Nambiar</token>
<token t_id="185" sentence="7" number="29">said</token>
<token t_id="186" sentence="7" number="30">.</token>
<token t_id="187" sentence="8" number="0">This</token>
<token t_id="188" sentence="8" number="1">is</token>
<token t_id="189" sentence="8" number="2">the</token>
<token t_id="190" sentence="8" number="3">fifth</token>
<token t_id="191" sentence="8" number="4">successful</token>
<token t_id="192" sentence="8" number="5">anti</token>
<token t_id="193" sentence="8" number="6">-</token>
<token t_id="194" sentence="8" number="7">piracy</token>
<token t_id="195" sentence="8" number="8">operation</token>
<token t_id="196" sentence="8" number="9">conducted</token>
<token t_id="197" sentence="8" number="10">by</token>
<token t_id="198" sentence="8" number="11">INS</token>
<token t_id="199" sentence="8" number="12">Sukanya</token>
<token t_id="200" sentence="8" number="13">,</token>
<token t_id="201" sentence="8" number="14">during</token>
<token t_id="202" sentence="8" number="15">its</token>
<token t_id="203" sentence="8" number="16">patrol</token>
<token t_id="204" sentence="8" number="17">mission</token>
<token t_id="205" sentence="8" number="18">in</token>
<token t_id="206" sentence="8" number="19">the</token>
<token t_id="207" sentence="8" number="20">Gulf</token>
<token t_id="208" sentence="8" number="21">of</token>
<token t_id="209" sentence="8" number="22">Aden</token>
<token t_id="210" sentence="8" number="23">.</token>


<Markables>
<ACTION_OCCURRENCE m_id="1" climaxEvent="FALSE" comment=""  >
<token_anchor t_id="78"/>
</ACTION_OCCURRENCE>
<ACTION_OCCURRENCE m_id="2" climaxEvent="FALSE" comment=""  >
<token_anchor t_id="40"/>
</ACTION_OCCURRENCE>
<ACTION_OCCURRENCE m_id="3" climaxEvent="TRUE" comment=""  >
<token_anchor t_id="41"/>
</ACTION_OCCURRENCE>
<ACTION_OCCURRENCE m_id="4" climaxEvent="FALSE" comment=""  >
<token_anchor t_id="85"/>
</ACTION_OCCURRENCE>
<ACTION_OCCURRENCE m_id="5" climaxEvent="FALSE" comment=""  >
<token_anchor t_id="91"/>
</ACTION_OCCURRENCE>
<ACTION_OCCURRENCE m_id="6" climaxEvent="FALSE" comment=""  >
<token_anchor t_id="99"/>
</ACTION_OCCURRENCE>
<ACTION_OCCURRENCE m_id="7" climaxEvent="FALSE" comment=""  >
<token_anchor t_id="63"/>
</ACTION_OCCURRENCE>
<ACTION_OCCURRENCE m_id="8" climaxEvent="TRUE" comment=""  >
<token_anchor t_id="76"/>
</ACTION_OCCURRENCE>
<HUMAN_PART_PER m_id="9" comment=""  >
<token_anchor t_id="69"/>
</HUMAN_PART_PER>
<HUMAN_PART_VEH m_id="10"  >
<token_anchor t_id="83"/>
<token_anchor t_id="84"/>
</HUMAN_PART_VEH>
<HUMAN_PART_VEH m_id="11"  >
<token_anchor t_id="97"/>
</HUMAN_PART_VEH>
<HUMAN_PART_VEH m_id="12"  >
<token_anchor t_id="60"/>
</HUMAN_PART_VEH>
<HUMAN_PART_VEH m_id="13"  >
<token_anchor t_id="94"/>
</HUMAN_PART_VEH>
<HUMAN_PART_VEH m_id="14"  >
<token_anchor t_id="81"/>
</HUMAN_PART_VEH>
<HUMAN_PART_VEH m_id="15"  >
<token_anchor t_id="88"/>
</HUMAN_PART_VEH>
<LOC_GEO m_id="16" comment=""  >
<token_anchor t_id="101"/>
<token_anchor t_id="102"/>
<token_anchor t_id="103"/>
<token_anchor t_id="104"/>
<token_anchor t_id="105"/>
</LOC_GEO>
<LOC_GEO m_id="17" comment=""  >
<token_anchor t_id="70"/>
<token_anchor t_id="71"/>
<token_anchor t_id="72"/>
<token_anchor t_id="73"/>
<token_anchor t_id="74"/>
</LOC_GEO>
<LOC_GEO m_id="18" comment=""  >
<token_anchor t_id="42"/>
<token_anchor t_id="43"/>
<token_anchor t_id="44"/>
<token_anchor t_id="45"/>
</LOC_GEO>
<NON_HUMAN_PART m_id="19" comment=""  >
<token_anchor t_id="65"/>
</NON_HUMAN_PART>
<TIME_DATE m_id="20" comment="" DCT="FALSE" value="2011-11-10" anchorTimeID="21"  >
<token_anchor t_id="62"/>
</TIME_DATE>
<TIME_OF_THE_DAY m_id="21" DCT="TRUE" value="2011-11-12T00:21Z" anchorTimeID=""  >
<token_anchor t_id="47"/>
<token_anchor t_id="48"/>
<token_anchor t_id="49"/>
<token_anchor t_id="50"/>
<token_anchor t_id="51"/>
<token_anchor t_id="52"/>
<token_anchor t_id="53"/>
<token_anchor t_id="54"/>
<token_anchor t_id="55"/>
</TIME_OF_THE_DAY>


<LOC_GEO m_id="22" RELATED_TO="" TAG_DESCRIPTOR="t12_gulf_of_aden" comment="" />
<HUMAN_PART_VEH m_id="23" RELATED_TO="" TAG_DESCRIPTOR="t12_sukanya" />
<TIME_DATE m_id="24" RELATED_TO="" TAG_DESCRIPTOR="t12_thursday" comment="" DCT="FALSE" value="" anchorTimeID="" />
<HUMAN_PART_VEH m_id="25" RELATED_TO="" TAG_DESCRIPTOR="t12_human_pirate_boats" />
<ACTION_OCCURRENCE m_id="26" RELATED_TO="" TAG_DESCRIPTOR="t12_thwarted" climaxEvent="FALSE" comment="" />
<ACTION_OCCURRENCE m_id="27" RELATED_TO="" TAG_DESCRIPTOR="t12_escorting" climaxEvent="FALSE" comment="" />
<NON_HUMAN_PART m_id="28" RELATED_TO="" TAG_DESCRIPTOR="t12_pirate_boats" comment="" />
<LOC_GEO m_id="29" RELATED_TO="" TAG_DESCRIPTOR="t12_irtc" comment="" />
<ACTION_OCCURRENCE m_id="30" RELATED_TO="" TAG_DESCRIPTOR="t12_captured_three_boats" climaxEvent="FALSE" comment="" />
<ACTION_OCCURRENCE m_id="31" RELATED_TO="" TAG_DESCRIPTOR="t12_piracy_attack" climaxEvent="FALSE" comment="" />
<HUMAN_PART_PER m_id="32" RELATED_TO="" TAG_DESCRIPTOR="t12_pirates" comment="" />
<HUMAN_PART_VEH m_id="33" RELATED_TO="" TAG_DESCRIPTOR="t12_human_merchant_vessels" />
</Markables>

<Relations>
<TLINK r_id="241850" contextualModality="" relType="CONTAINS" comment="" >
<source m_id="20" />
<target m_id="7" />
</TLINK>
<TLINK r_id="241851" contextualModality="" relType="CONTAINS" comment="" >
<source m_id="20" />
<target m_id="8" />
</TLINK>
<TLINK r_id="241852" contextualModality="" relType="CONTAINS" comment="" >
<source m_id="20" />
<target m_id="1" />
</TLINK>
<TLINK r_id="241853" contextualModality="" relType="CONTAINS" comment="" >
<source m_id="20" />
<target m_id="4" />
</TLINK>
<TLINK r_id="241854" contextualModality="" relType="CONTAINS" comment="" >
<source m_id="20" />
<target m_id="5" />
</TLINK>
<TLINK r_id="241855" contextualModality="" relType="CONTAINS" comment="" >
<source m_id="20" />
<target m_id="6" />
</TLINK>
<TLINK r_id="241856" contextualModality="" relType="AFTER" comment="" >
<source m_id="21" />
<target m_id="7" />
</TLINK>
<TLINK r_id="241857" contextualModality="" relType="AFTER" comment="" >
<source m_id="21" />
<target m_id="8" />
</TLINK>
<TLINK r_id="241858" contextualModality="" relType="AFTER" comment="" >
<source m_id="21" />
<target m_id="1" />
</TLINK>
<TLINK r_id="241859" contextualModality="" relType="AFTER" comment="" >
<source m_id="21" />
<target m_id="4" />
</TLINK>
<TLINK r_id="241860" contextualModality="" relType="AFTER" comment="" >
<source m_id="21" />
<target m_id="5" />
</TLINK>
<TLINK r_id="241861" contextualModality="" relType="AFTER" comment="" >
<source m_id="21" />
<target m_id="6" />
</TLINK>
<TLINK r_id="241862" contextualModality="" relType="CONTAINS" comment="" >
<source m_id="20" />
<target m_id="2" />
</TLINK>
<TLINK r_id="241863" contextualModality="" relType="CONTAINS" comment="" >
<source m_id="20" />
<target m_id="3" />
</TLINK>
<TLINK r_id="241864" contextualModality="" relType="AFTER" comment="" >
<source m_id="21" />
<target m_id="2" />
</TLINK>
<TLINK r_id="241865" contextualModality="" relType="AFTER" comment="" >
<source m_id="21" />
<target m_id="3" />
</TLINK>
<PLOT_LINK r_id="241866" SIGNAL="" relType="FALLING_ACTION" CAUSES="FALSE" CAUSED_BY="FALSE" >
<source m_id="3" />
<target m_id="7" />
</PLOT_LINK>
<PLOT_LINK r_id="241867" SIGNAL="" relType="FALLING_ACTION" CAUSES="FALSE" CAUSED_BY="FALSE" >
<source m_id="7" />
<target m_id="8" />
</PLOT_LINK>
<PLOT_LINK r_id="241868" SIGNAL="" relType="FALLING_ACTION" CAUSES="FALSE" CAUSED_BY="FALSE" >
<source m_id="8" />
<target m_id="4" />
</PLOT_LINK>
<PLOT_LINK r_id="241869" SIGNAL="" relType="FALLING_ACTION" CAUSES="FALSE" CAUSED_BY="FALSE" >
<source m_id="8" />
<target m_id="5" />
</PLOT_LINK>
<PLOT_LINK r_id="241870" SIGNAL="" relType="FALLING_ACTION" CAUSES="FALSE" CAUSED_BY="FALSE" >
<source m_id="8" />
<target m_id="6" />
</PLOT_LINK>
<PLOT_LINK r_id="241871" SIGNAL="" relType="FALLING_ACTION" CAUSES="FALSE" CAUSED_BY="FALSE" >
<source m_id="4" />
<target m_id="6" />
</PLOT_LINK>
<PLOT_LINK r_id="241872" SIGNAL="" relType="FALLING_ACTION" CAUSES="FALSE" CAUSED_BY="FALSE" >
<source m_id="1" />
<target m_id="5" />
</PLOT_LINK>
</Relations>
</Document>
