<Document doc_name="35_3ecbplus.xml">
<token t_id="1" sentence="0" number="0">http</token>
<token t_id="2" sentence="0" number="1">:</token>
<token t_id="3" sentence="0" number="2">/</token>
<token t_id="4" sentence="0" number="3">/</token>
<token t_id="5" sentence="0" number="4">www</token>
<token t_id="6" sentence="0" number="5">.</token>
<token t_id="7" sentence="0" number="6">utsandiego</token>
<token t_id="8" sentence="0" number="7">.</token>
<token t_id="9" sentence="0" number="8">com</token>
<token t_id="10" sentence="0" number="9">/</token>
<token t_id="11" sentence="0" number="10">news</token>
<token t_id="12" sentence="0" number="11">/</token>
<token t_id="13" sentence="0" number="12">2009</token>
<token t_id="14" sentence="0" number="13">/</token>
<token t_id="15" sentence="0" number="14">Feb</token>
<token t_id="16" sentence="0" number="15">/</token>
<token t_id="17" sentence="0" number="16">04</token>
<token t_id="18" sentence="0" number="17">/</token>
<token t_id="19" sentence="0" number="18">1s4chargers222254</token>
<token t_id="20" sentence="0" number="19">-</token>
<token t_id="21" sentence="0" number="20">williams</token>
<token t_id="22" sentence="0" number="21">-</token>
<token t_id="23" sentence="0" number="22">dui</token>
<token t_id="24" sentence="0" number="23">-</token>
<token t_id="25" sentence="0" number="24">arrest</token>
<token t_id="26" sentence="0" number="25">-</token>
<token t_id="27" sentence="0" number="26">just</token>
<token t_id="28" sentence="0" number="27">-</token>
<token t_id="29" sentence="0" number="28">latest</token>
<token t_id="30" sentence="0" number="29">-</token>
<token t_id="31" sentence="0" number="30">/</token>
<token t_id="32" sentence="1" number="0">Williams'</token>
<token t_id="33" sentence="1" number="1">DUI</token>
<token t_id="34" sentence="1" number="2">arrest</token>
<token t_id="35" sentence="1" number="3">just</token>
<token t_id="36" sentence="1" number="4">the</token>
<token t_id="37" sentence="1" number="5">latest</token>
<token t_id="38" sentence="1" number="6">for</token>
<token t_id="39" sentence="1" number="7">Chargers</token>
<token t_id="40" sentence="2" number="0">Team</token>
<token t_id="41" sentence="2" number="1">has</token>
<token t_id="42" sentence="2" number="2">program</token>
<token t_id="43" sentence="2" number="3">to</token>
<token t_id="44" sentence="2" number="4">address</token>
<token t_id="45" sentence="2" number="5">problem</token>
<token t_id="46" sentence="3" number="0">2</token>
<token t_id="47" sentence="3" number="1">A</token>
<token t_id="48" sentence="3" number="2">.</token>
<token t_id="49" sentence="3" number="3">M</token>
<token t_id="50" sentence="3" number="4">.</token>
<token t_id="51" sentence="3" number="5">FEB</token>
<token t_id="52" sentence="3" number="6">.</token>
<token t_id="53" sentence="3" number="7">4</token>
<token t_id="54" sentence="3" number="8">,</token>
<token t_id="55" sentence="3" number="9">2009</token>
<token t_id="56" sentence="4" number="0">Two</token>
<token t_id="57" sentence="4" number="1">years</token>
<token t_id="58" sentence="4" number="2">ago</token>
<token t_id="59" sentence="4" number="3">,</token>
<token t_id="60" sentence="4" number="4">the</token>
<token t_id="61" sentence="4" number="5">Chargers</token>
<token t_id="62" sentence="4" number="6">won</token>
<token t_id="63" sentence="4" number="7">an</token>
<token t_id="64" sentence="4" number="8">NFL</token>
<token t_id="65" sentence="4" number="9">special</token>
<token t_id="66" sentence="4" number="10">award</token>
<token t_id="67" sentence="4" number="11">for</token>
<token t_id="68" sentence="4" number="12">helping</token>
<token t_id="69" sentence="4" number="13">start</token>
<token t_id="70" sentence="4" number="14">a</token>
<token t_id="71" sentence="4" number="15">San</token>
<token t_id="72" sentence="4" number="16">Diego</token>
<token t_id="73" sentence="4" number="17">program</token>
<token t_id="74" sentence="4" number="18">by</token>
<token t_id="75" sentence="4" number="19">which</token>
<token t_id="76" sentence="4" number="20">players</token>
<token t_id="77" sentence="4" number="21">who've</token>
<token t_id="78" sentence="4" number="22">been</token>
<token t_id="79" sentence="4" number="23">imbibing</token>
<token t_id="80" sentence="4" number="24">can</token>
<token t_id="81" sentence="4" number="25">call</token>
<token t_id="82" sentence="4" number="26">a</token>
<token t_id="83" sentence="4" number="27">private</token>
<token t_id="84" sentence="4" number="28">number</token>
<token t_id="85" sentence="4" number="29">for</token>
<token t_id="86" sentence="4" number="30">a</token>
<token t_id="87" sentence="4" number="31">ride</token>
<token t_id="88" sentence="4" number="32">home</token>
<token t_id="89" sentence="4" number="33">,</token>
<token t_id="90" sentence="4" number="34">an</token>
<token t_id="91" sentence="4" number="35">alternative</token>
<token t_id="92" sentence="4" number="36">to</token>
<token t_id="93" sentence="4" number="37">driving</token>
<token t_id="94" sentence="4" number="38">under</token>
<token t_id="95" sentence="4" number="39">the</token>
<token t_id="96" sentence="4" number="40">influence</token>
<token t_id="97" sentence="4" number="41">.</token>
<token t_id="98" sentence="5" number="0">A</token>
<token t_id="99" sentence="5" number="1">former</token>
<token t_id="100" sentence="5" number="2">Chargers</token>
<token t_id="101" sentence="5" number="3">fullback</token>
<token t_id="102" sentence="5" number="4">,</token>
<token t_id="103" sentence="5" number="5">Lorenzo</token>
<token t_id="104" sentence="5" number="6">Neal</token>
<token t_id="105" sentence="5" number="7">,</token>
<token t_id="106" sentence="5" number="8">was</token>
<token t_id="107" sentence="5" number="9">among</token>
<token t_id="108" sentence="5" number="10">the</token>
<token t_id="109" sentence="5" number="11">co</token>
<token t_id="110" sentence="5" number="12">-</token>
<token t_id="111" sentence="5" number="13">founders</token>
<token t_id="112" sentence="5" number="14">of</token>
<token t_id="113" sentence="5" number="15">the</token>
<token t_id="114" sentence="5" number="16">“</token>
<token t_id="115" sentence="5" number="17">Safe</token>
<token t_id="116" sentence="5" number="18">Ride</token>
<token t_id="117" sentence="5" number="19">Solutions</token>
<token t_id="118" sentence="5" number="20">”</token>
<token t_id="119" sentence="5" number="21">program</token>
<token t_id="120" sentence="5" number="22">that</token>
<token t_id="121" sentence="5" number="23">since</token>
<token t_id="122" sentence="5" number="24">has</token>
<token t_id="123" sentence="5" number="25">been</token>
<token t_id="124" sentence="5" number="26">expanded</token>
<token t_id="125" sentence="5" number="27">to</token>
<token t_id="126" sentence="5" number="28">other</token>
<token t_id="127" sentence="5" number="29">NFL</token>
<token t_id="128" sentence="5" number="30">cities</token>
<token t_id="129" sentence="5" number="31">.</token>
<token t_id="130" sentence="6" number="0">Evidently</token>
<token t_id="131" sentence="6" number="1">,</token>
<token t_id="132" sentence="6" number="2">though</token>
<token t_id="133" sentence="6" number="3">,</token>
<token t_id="134" sentence="6" number="4">the</token>
<token t_id="135" sentence="6" number="5">drinking</token>
<token t_id="136" sentence="6" number="6">and</token>
<token t_id="137" sentence="6" number="7">driving</token>
<token t_id="138" sentence="6" number="8">problem</token>
<token t_id="139" sentence="6" number="9">hasn't</token>
<token t_id="140" sentence="6" number="10">been</token>
<token t_id="141" sentence="6" number="11">eradicated</token>
<token t_id="142" sentence="6" number="12">in</token>
<token t_id="143" sentence="6" number="13">San</token>
<token t_id="144" sentence="6" number="14">Diego</token>
<token t_id="145" sentence="6" number="15">.</token>
<token t_id="146" sentence="7" number="0">Sunday</token>
<token t_id="147" sentence="7" number="1">,</token>
<token t_id="148" sentence="7" number="2">for</token>
<token t_id="149" sentence="7" number="3">the</token>
<token t_id="150" sentence="7" number="4">second</token>
<token t_id="151" sentence="7" number="5">time</token>
<token t_id="152" sentence="7" number="6">in</token>
<token t_id="153" sentence="7" number="7">less</token>
<token t_id="154" sentence="7" number="8">than</token>
<token t_id="155" sentence="7" number="9">four</token>
<token t_id="156" sentence="7" number="10">weeks</token>
<token t_id="157" sentence="7" number="11">,</token>
<token t_id="158" sentence="7" number="12">a</token>
<token t_id="159" sentence="7" number="13">Chargers</token>
<token t_id="160" sentence="7" number="14">player</token>
<token t_id="161" sentence="7" number="15">was</token>
<token t_id="162" sentence="7" number="16">pulled</token>
<token t_id="163" sentence="7" number="17">over</token>
<token t_id="164" sentence="7" number="18">in</token>
<token t_id="165" sentence="7" number="19">the</token>
<token t_id="166" sentence="7" number="20">early</token>
<token t_id="167" sentence="7" number="21">-</token>
<token t_id="168" sentence="7" number="22">morning</token>
<token t_id="169" sentence="7" number="23">hours</token>
<token t_id="170" sentence="7" number="24">and</token>
<token t_id="171" sentence="7" number="25">arrested</token>
<token t_id="172" sentence="7" number="26">on</token>
<token t_id="173" sentence="7" number="27">suspicion</token>
<token t_id="174" sentence="7" number="28">of</token>
<token t_id="175" sentence="7" number="29">DUI</token>
<token t_id="176" sentence="7" number="30">.</token>
<token t_id="177" sentence="8" number="0">“</token>
<token t_id="178" sentence="8" number="1">It's</token>
<token t_id="179" sentence="8" number="2">disappointing</token>
<token t_id="180" sentence="8" number="3">to</token>
<token t_id="181" sentence="8" number="4">hear</token>
<token t_id="182" sentence="8" number="5">about</token>
<token t_id="183" sentence="8" number="6">the</token>
<token t_id="184" sentence="8" number="7">issue</token>
<token t_id="185" sentence="8" number="8">involving</token>
<token t_id="186" sentence="8" number="9">Jamal</token>
<token t_id="187" sentence="8" number="10">Williams</token>
<token t_id="188" sentence="8" number="11">,</token>
<token t_id="189" sentence="8" number="12">”</token>
<token t_id="190" sentence="8" number="13">said</token>
<token t_id="191" sentence="8" number="14">General</token>
<token t_id="192" sentence="8" number="15">Manager</token>
<token t_id="193" sentence="8" number="16">A</token>
<token t_id="194" sentence="8" number="17">.</token>
<token t_id="195" sentence="8" number="18">J</token>
<token t_id="196" sentence="8" number="19">.</token>
<token t_id="197" sentence="8" number="20">Smith</token>
<token t_id="198" sentence="8" number="21">in</token>
<token t_id="199" sentence="8" number="22">a</token>
<token t_id="200" sentence="8" number="23">news</token>
<token t_id="201" sentence="8" number="24">release</token>
<token t_id="202" sentence="8" number="25">issued</token>
<token t_id="203" sentence="8" number="26">by</token>
<token t_id="204" sentence="8" number="27">the</token>
<token t_id="205" sentence="8" number="28">team</token>
<token t_id="206" sentence="8" number="29">yesterday</token>
<token t_id="207" sentence="8" number="30">.</token>
<token t_id="208" sentence="9" number="0">“</token>
<token t_id="209" sentence="9" number="1">We'll</token>
<token t_id="210" sentence="9" number="2">continue</token>
<token t_id="211" sentence="9" number="3">to</token>
<token t_id="212" sentence="9" number="4">monitor</token>
<token t_id="213" sentence="9" number="5">the</token>
<token t_id="214" sentence="9" number="6">situation</token>
<token t_id="215" sentence="9" number="7">and</token>
<token t_id="216" sentence="9" number="8">let</token>
<token t_id="217" sentence="9" number="9">the</token>
<token t_id="218" sentence="9" number="10">legal</token>
<token t_id="219" sentence="9" number="11">process</token>
<token t_id="220" sentence="9" number="12">run</token>
<token t_id="221" sentence="9" number="13">its</token>
<token t_id="222" sentence="9" number="14">course</token>
<token t_id="223" sentence="9" number="15">.</token>
<token t_id="224" sentence="9" number="16">”</token>
<token t_id="225" sentence="10" number="0">Smith's</token>
<token t_id="226" sentence="10" number="1">statement</token>
<token t_id="227" sentence="10" number="2">served</token>
<token t_id="228" sentence="10" number="3">as</token>
<token t_id="229" sentence="10" number="4">the</token>
<token t_id="230" sentence="10" number="5">only</token>
<token t_id="231" sentence="10" number="6">comment</token>
<token t_id="232" sentence="10" number="7">from</token>
<token t_id="233" sentence="10" number="8">the</token>
<token t_id="234" sentence="10" number="9">Chargers</token>
<token t_id="235" sentence="10" number="10">.</token>
<token t_id="236" sentence="11" number="0">A</token>
<token t_id="237" sentence="11" number="1">request</token>
<token t_id="238" sentence="11" number="2">to</token>
<token t_id="239" sentence="11" number="3">interview</token>
<token t_id="240" sentence="11" number="4">club</token>
<token t_id="241" sentence="11" number="5">President</token>
<token t_id="242" sentence="11" number="6">Dean</token>
<token t_id="243" sentence="11" number="7">Spanos</token>
<token t_id="244" sentence="11" number="8">was</token>
<token t_id="245" sentence="11" number="9">declined</token>
<token t_id="246" sentence="11" number="10">by</token>
<token t_id="247" sentence="11" number="11">a</token>
<token t_id="248" sentence="11" number="12">spokesman</token>
<token t_id="249" sentence="11" number="13">.</token>
<token t_id="250" sentence="12" number="0">As</token>
<token t_id="251" sentence="12" number="1">it</token>
<token t_id="252" sentence="12" number="2">is</token>
<token t_id="253" sentence="12" number="3">,</token>
<token t_id="254" sentence="12" number="4">the</token>
<token t_id="255" sentence="12" number="5">Chargers</token>
<token t_id="256" sentence="12" number="6">are</token>
<token t_id="257" sentence="12" number="7">still</token>
<token t_id="258" sentence="12" number="8">awaiting</token>
<token t_id="259" sentence="12" number="9">the</token>
<token t_id="260" sentence="12" number="10">disposition</token>
<token t_id="261" sentence="12" number="11">of</token>
<token t_id="262" sentence="12" number="12">a</token>
<token t_id="263" sentence="12" number="13">similar</token>
<token t_id="264" sentence="12" number="14">case</token>
<token t_id="265" sentence="12" number="15">involving</token>
<token t_id="266" sentence="12" number="16">wide</token>
<token t_id="267" sentence="12" number="17">receiver</token>
<token t_id="268" sentence="12" number="18">Vincent</token>
<token t_id="269" sentence="12" number="19">Jackson</token>
<token t_id="270" sentence="12" number="20">,</token>
<token t_id="271" sentence="12" number="21">arrested</token>
<token t_id="272" sentence="12" number="22">Jan</token>
<token t_id="273" sentence="12" number="23">.</token>
<token t_id="274" sentence="12" number="24">6</token>
<token t_id="275" sentence="12" number="25">in</token>
<token t_id="276" sentence="12" number="26">Clairemont</token>
<token t_id="277" sentence="12" number="27">on</token>
<token t_id="278" sentence="12" number="28">suspicion</token>
<token t_id="279" sentence="12" number="29">of</token>
<token t_id="280" sentence="12" number="30">driving</token>
<token t_id="281" sentence="12" number="31">under</token>
<token t_id="282" sentence="12" number="32">the</token>
<token t_id="283" sentence="12" number="33">influence</token>
<token t_id="284" sentence="12" number="34">.</token>
<token t_id="285" sentence="13" number="0">Jackson</token>
<token t_id="286" sentence="13" number="1">,</token>
<token t_id="287" sentence="13" number="2">also</token>
<token t_id="288" sentence="13" number="3">facing</token>
<token t_id="289" sentence="13" number="4">charges</token>
<token t_id="290" sentence="13" number="5">of</token>
<token t_id="291" sentence="13" number="6">driving</token>
<token t_id="292" sentence="13" number="7">while</token>
<token t_id="293" sentence="13" number="8">on</token>
<token t_id="294" sentence="13" number="9">probation</token>
<token t_id="295" sentence="13" number="10">for</token>
<token t_id="296" sentence="13" number="11">a</token>
<token t_id="297" sentence="13" number="12">prior</token>
<token t_id="298" sentence="13" number="13">DUI</token>
<token t_id="299" sentence="13" number="14">,</token>
<token t_id="300" sentence="13" number="15">has</token>
<token t_id="301" sentence="13" number="16">an</token>
<token t_id="302" sentence="13" number="17">arraignment</token>
<token t_id="303" sentence="13" number="18">set</token>
<token t_id="304" sentence="13" number="19">for</token>
<token t_id="305" sentence="13" number="20">Feb</token>
<token t_id="306" sentence="13" number="21">.</token>
<token t_id="307" sentence="13" number="22">17</token>
<token t_id="308" sentence="13" number="23">in</token>
<token t_id="309" sentence="13" number="24">San</token>
<token t_id="310" sentence="13" number="25">Diego</token>
<token t_id="311" sentence="13" number="26">Superior</token>
<token t_id="312" sentence="13" number="27">Court</token>
<token t_id="313" sentence="13" number="28">.</token>
<token t_id="314" sentence="14" number="0">Williams</token>
<token t_id="315" sentence="14" number="1">,</token>
<token t_id="316" sentence="14" number="2">a</token>
<token t_id="317" sentence="14" number="3">three</token>
<token t_id="318" sentence="14" number="4">-</token>
<token t_id="319" sentence="14" number="5">time</token>
<token t_id="320" sentence="14" number="6">Pro</token>
<token t_id="321" sentence="14" number="7">Bowl</token>
<token t_id="322" sentence="14" number="8">nose</token>
<token t_id="323" sentence="14" number="9">tackle</token>
<token t_id="324" sentence="14" number="10">,</token>
<token t_id="325" sentence="14" number="11">was</token>
<token t_id="326" sentence="14" number="12">stopped</token>
<token t_id="327" sentence="14" number="13">for</token>
<token t_id="328" sentence="14" number="14">speeding</token>
<token t_id="329" sentence="14" number="15">westbound</token>
<token t_id="330" sentence="14" number="16">on</token>
<token t_id="331" sentence="14" number="17">state</token>
<token t_id="332" sentence="14" number="18">route</token>
<token t_id="333" sentence="14" number="19">94</token>
<token t_id="334" sentence="14" number="20">at</token>
<token t_id="335" sentence="14" number="21">approximately</token>
<token t_id="336" sentence="14" number="22">1</token>
<token t_id="337" sentence="14" number="23">:</token>
<token t_id="338" sentence="14" number="24">30</token>
<token t_id="339" sentence="14" number="25">a</token>
<token t_id="340" sentence="14" number="26">.</token>
<token t_id="341" sentence="14" number="27">m</token>
<token t_id="342" sentence="14" number="28">Sunday</token>
<token t_id="343" sentence="14" number="29">.</token>
<token t_id="344" sentence="15" number="0">Arrested</token>
<token t_id="345" sentence="15" number="1">by</token>
<token t_id="346" sentence="15" number="2">the</token>
<token t_id="347" sentence="15" number="3">CHP</token>
<token t_id="348" sentence="15" number="4">on</token>
<token t_id="349" sentence="15" number="5">suspicion</token>
<token t_id="350" sentence="15" number="6">of</token>
<token t_id="351" sentence="15" number="7">drunken</token>
<token t_id="352" sentence="15" number="8">driving</token>
<token t_id="353" sentence="15" number="9">,</token>
<token t_id="354" sentence="15" number="10">he</token>
<token t_id="355" sentence="15" number="11">was</token>
<token t_id="356" sentence="15" number="12">booked</token>
<token t_id="357" sentence="15" number="13">into</token>
<token t_id="358" sentence="15" number="14">county</token>
<token t_id="359" sentence="15" number="15">jail</token>
<token t_id="360" sentence="15" number="16">and</token>
<token t_id="361" sentence="15" number="17">later</token>
<token t_id="362" sentence="15" number="18">released</token>
<token t_id="363" sentence="15" number="19">on</token>
<token t_id="364" sentence="15" number="20">bond</token>
<token t_id="365" sentence="15" number="21">.</token>
<token t_id="366" sentence="16" number="0">Results</token>
<token t_id="367" sentence="16" number="1">of</token>
<token t_id="368" sentence="16" number="2">Williams'</token>
<token t_id="369" sentence="16" number="3">blood</token>
<token t_id="370" sentence="16" number="4">-</token>
<token t_id="371" sentence="16" number="5">alcohol</token>
<token t_id="372" sentence="16" number="6">test</token>
<token t_id="373" sentence="16" number="7">have</token>
<token t_id="374" sentence="16" number="8">not</token>
<token t_id="375" sentence="16" number="9">been</token>
<token t_id="376" sentence="16" number="10">released</token>
<token t_id="377" sentence="16" number="11">.</token>
<token t_id="378" sentence="17" number="0">“</token>
<token t_id="379" sentence="17" number="1">These</token>
<token t_id="380" sentence="17" number="2">are</token>
<token t_id="381" sentence="17" number="3">just</token>
<token t_id="382" sentence="17" number="4">two</token>
<token t_id="383" sentence="17" number="5">more</token>
<token t_id="384" sentence="17" number="6">arrests</token>
<token t_id="385" sentence="17" number="7">that</token>
<token t_id="386" sentence="17" number="8">we've</token>
<token t_id="387" sentence="17" number="9">had</token>
<token t_id="388" sentence="17" number="10">,</token>
<token t_id="389" sentence="17" number="11">”</token>
<token t_id="390" sentence="17" number="12">said</token>
<token t_id="391" sentence="17" number="13">Pat</token>
<token t_id="392" sentence="17" number="14">Hodgkin</token>
<token t_id="393" sentence="17" number="15">,</token>
<token t_id="394" sentence="17" number="16">local</token>
<token t_id="395" sentence="17" number="17">executive</token>
<token t_id="396" sentence="17" number="18">director</token>
<token t_id="397" sentence="17" number="19">of</token>
<token t_id="398" sentence="17" number="20">Mothers</token>
<token t_id="399" sentence="17" number="21">Against</token>
<token t_id="400" sentence="17" number="22">Drunk</token>
<token t_id="401" sentence="17" number="23">Driving</token>
<token t_id="402" sentence="17" number="24">(</token>
<token t_id="403" sentence="17" number="25">MADD</token>
<token t_id="404" sentence="17" number="26">)</token>
<token t_id="405" sentence="17" number="27">,</token>
<token t_id="406" sentence="17" number="28">noting</token>
<token t_id="407" sentence="17" number="29">that</token>
<token t_id="408" sentence="17" number="30">roughly</token>
<token t_id="409" sentence="17" number="31">13</token>
<token t_id="410" sentence="17" number="32">,</token>
<token t_id="411" sentence="17" number="33">000</token>
<token t_id="412" sentence="17" number="34">DUI</token>
<token t_id="413" sentence="17" number="35">convictions</token>
<token t_id="414" sentence="17" number="36">are</token>
<token t_id="415" sentence="17" number="37">issued</token>
<token t_id="416" sentence="17" number="38">every</token>
<token t_id="417" sentence="17" number="39">year</token>
<token t_id="418" sentence="17" number="40">in</token>
<token t_id="419" sentence="17" number="41">San</token>
<token t_id="420" sentence="17" number="42">Diego</token>
<token t_id="421" sentence="17" number="43">County</token>
<token t_id="422" sentence="17" number="44">.</token>
<token t_id="423" sentence="18" number="0">“</token>
<token t_id="424" sentence="18" number="1">However</token>
<token t_id="425" sentence="18" number="2">,</token>
<token t_id="426" sentence="18" number="3">these</token>
<token t_id="427" sentence="18" number="4">are</token>
<token t_id="428" sentence="18" number="5">media</token>
<token t_id="429" sentence="18" number="6">-</token>
<token t_id="430" sentence="18" number="7">worthy</token>
<token t_id="431" sentence="18" number="8">professionals</token>
<token t_id="432" sentence="18" number="9">.</token>
<token t_id="433" sentence="19" number="0">These</token>
<token t_id="434" sentence="19" number="1">are</token>
<token t_id="435" sentence="19" number="2">individuals</token>
<token t_id="436" sentence="19" number="3">that</token>
<token t_id="437" sentence="19" number="4">not</token>
<token t_id="438" sentence="19" number="5">only</token>
<token t_id="439" sentence="19" number="6">youth</token>
<token t_id="440" sentence="19" number="7">looks</token>
<token t_id="441" sentence="19" number="8">up</token>
<token t_id="442" sentence="19" number="9">to</token>
<token t_id="443" sentence="19" number="10">,</token>
<token t_id="444" sentence="19" number="11">but</token>
<token t_id="445" sentence="19" number="12">adults</token>
<token t_id="446" sentence="19" number="13">look</token>
<token t_id="447" sentence="19" number="14">up</token>
<token t_id="448" sentence="19" number="15">to</token>
<token t_id="449" sentence="19" number="16">as</token>
<token t_id="450" sentence="19" number="17">well</token>
<token t_id="451" sentence="19" number="18">.</token>
<token t_id="452" sentence="20" number="0">They</token>
<token t_id="453" sentence="20" number="1">need</token>
<token t_id="454" sentence="20" number="2">to</token>
<token t_id="455" sentence="20" number="3">understand</token>
<token t_id="456" sentence="20" number="4">that</token>
<token t_id="457" sentence="20" number="5">they</token>
<token t_id="458" sentence="20" number="6">have</token>
<token t_id="459" sentence="20" number="7">an</token>
<token t_id="460" sentence="20" number="8">effect</token>
<token t_id="461" sentence="20" number="9">on</token>
<token t_id="462" sentence="20" number="10">people</token>
<token t_id="463" sentence="20" number="11">and</token>
<token t_id="464" sentence="20" number="12">a</token>
<token t_id="465" sentence="20" number="13">responsibility</token>
<token t_id="466" sentence="20" number="14">.</token>
<token t_id="467" sentence="20" number="15">”</token>
<token t_id="468" sentence="21" number="0">The</token>
<token t_id="469" sentence="21" number="1">Chargers</token>
<token t_id="470" sentence="21" number="2">were</token>
<token t_id="471" sentence="21" number="3">involved</token>
<token t_id="472" sentence="21" number="4">in</token>
<token t_id="473" sentence="21" number="5">one</token>
<token t_id="474" sentence="21" number="6">of</token>
<token t_id="475" sentence="21" number="7">the</token>
<token t_id="476" sentence="21" number="8">most</token>
<token t_id="477" sentence="21" number="9">publicized</token>
<token t_id="478" sentence="21" number="10">and</token>
<token t_id="479" sentence="21" number="11">bizarre</token>
<token t_id="480" sentence="21" number="12">instances</token>
<token t_id="481" sentence="21" number="13">of</token>
<token t_id="482" sentence="21" number="14">a</token>
<token t_id="483" sentence="21" number="15">DUI</token>
<token t_id="484" sentence="21" number="16">stop</token>
<token t_id="485" sentence="21" number="17">in</token>
<token t_id="486" sentence="21" number="18">2006</token>
<token t_id="487" sentence="21" number="19">.</token>
<token t_id="488" sentence="22" number="0">Linebacker</token>
<token t_id="489" sentence="22" number="1">Steve</token>
<token t_id="490" sentence="22" number="2">Foley</token>
<token t_id="491" sentence="22" number="3">was</token>
<token t_id="492" sentence="22" number="4">shot</token>
<token t_id="493" sentence="22" number="5">three</token>
<token t_id="494" sentence="22" number="6">times</token>
<token t_id="495" sentence="22" number="7">by</token>
<token t_id="496" sentence="22" number="8">an</token>
<token t_id="497" sentence="22" number="9">off</token>
<token t_id="498" sentence="22" number="10">-</token>
<token t_id="499" sentence="22" number="11">duty</token>
<token t_id="500" sentence="22" number="12">Coronado</token>
<token t_id="501" sentence="22" number="13">police</token>
<token t_id="502" sentence="22" number="14">officer</token>
<token t_id="503" sentence="22" number="15">who</token>
<token t_id="504" sentence="22" number="16">followed</token>
<token t_id="505" sentence="22" number="17">Foley</token>
<token t_id="506" sentence="22" number="18">from</token>
<token t_id="507" sentence="22" number="19">downtown</token>
<token t_id="508" sentence="22" number="20">to</token>
<token t_id="509" sentence="22" number="21">the</token>
<token t_id="510" sentence="22" number="22">player's</token>
<token t_id="511" sentence="22" number="23">home</token>
<token t_id="512" sentence="22" number="24">in</token>
<token t_id="513" sentence="22" number="25">Poway</token>
<token t_id="514" sentence="22" number="26">.</token>
<token t_id="515" sentence="23" number="0">Foley</token>
<token t_id="516" sentence="23" number="1">,</token>
<token t_id="517" sentence="23" number="2">his</token>
<token t_id="518" sentence="23" number="3">career</token>
<token t_id="519" sentence="23" number="4">ended</token>
<token t_id="520" sentence="23" number="5">by</token>
<token t_id="521" sentence="23" number="6">the</token>
<token t_id="522" sentence="23" number="7">bullet</token>
<token t_id="523" sentence="23" number="8">wounds</token>
<token t_id="524" sentence="23" number="9">,</token>
<token t_id="525" sentence="23" number="10">later</token>
<token t_id="526" sentence="23" number="11">pleaded</token>
<token t_id="527" sentence="23" number="12">guilty</token>
<token t_id="528" sentence="23" number="13">to</token>
<token t_id="529" sentence="23" number="14">misdemeanor</token>
<token t_id="530" sentence="23" number="15">DUI</token>
<token t_id="531" sentence="23" number="16">.</token>
<token t_id="532" sentence="24" number="0">It</token>
<token t_id="533" sentence="24" number="1">was</token>
<token t_id="534" sentence="24" number="2">that</token>
<token t_id="535" sentence="24" number="3">case</token>
<token t_id="536" sentence="24" number="4">that</token>
<token t_id="537" sentence="24" number="5">prompted</token>
<token t_id="538" sentence="24" number="6">Gary</token>
<token t_id="539" sentence="24" number="7">Lawrence</token>
<token t_id="540" sentence="24" number="8">,</token>
<token t_id="541" sentence="24" number="9">a</token>
<token t_id="542" sentence="24" number="10">detective</token>
<token t_id="543" sentence="24" number="11">with</token>
<token t_id="544" sentence="24" number="12">the</token>
<token t_id="545" sentence="24" number="13">Northern</token>
<token t_id="546" sentence="24" number="14">Division</token>
<token t_id="547" sentence="24" number="15">of</token>
<token t_id="548" sentence="24" number="16">the</token>
<token t_id="549" sentence="24" number="17">San</token>
<token t_id="550" sentence="24" number="18">Diego</token>
<token t_id="551" sentence="24" number="19">Police</token>
<token t_id="552" sentence="24" number="20">Department</token>
<token t_id="553" sentence="24" number="21">,</token>
<token t_id="554" sentence="24" number="22">to</token>
<token t_id="555" sentence="24" number="23">ally</token>
<token t_id="556" sentence="24" number="24">with</token>
<token t_id="557" sentence="24" number="25">the</token>
<token t_id="558" sentence="24" number="26">Chargers</token>
<token t_id="559" sentence="24" number="27">in</token>
<token t_id="560" sentence="24" number="28">a</token>
<token t_id="561" sentence="24" number="29">program</token>
<token t_id="562" sentence="24" number="30">in</token>
<token t_id="563" sentence="24" number="31">which</token>
<token t_id="564" sentence="24" number="32">players</token>
<token t_id="565" sentence="24" number="33">who've</token>
<token t_id="566" sentence="24" number="34">been</token>
<token t_id="567" sentence="24" number="35">drinking</token>
<token t_id="568" sentence="24" number="36">would</token>
<token t_id="569" sentence="24" number="37">call</token>
<token t_id="570" sentence="24" number="38">“</token>
<token t_id="571" sentence="24" number="39">Safe</token>
<token t_id="572" sentence="24" number="40">Ride</token>
<token t_id="573" sentence="24" number="41">Solutions</token>
<token t_id="574" sentence="24" number="42">”</token>
<token t_id="575" sentence="24" number="43">and</token>
<token t_id="576" sentence="24" number="44">be</token>
<token t_id="577" sentence="24" number="45">driven</token>
<token t_id="578" sentence="24" number="46">home</token>
<token t_id="579" sentence="24" number="47">by</token>
<token t_id="580" sentence="24" number="48">an</token>
<token t_id="581" sentence="24" number="49">off</token>
<token t_id="582" sentence="24" number="50">-</token>
<token t_id="583" sentence="24" number="51">duty</token>
<token t_id="584" sentence="24" number="52">member</token>
<token t_id="585" sentence="24" number="53">of</token>
<token t_id="586" sentence="24" number="54">law</token>
<token t_id="587" sentence="24" number="55">enforcement</token>
<token t_id="588" sentence="24" number="56">.</token>
<token t_id="589" sentence="25" number="0">“</token>
<token t_id="590" sentence="25" number="1">Anytime</token>
<token t_id="591" sentence="25" number="2">anybody's</token>
<token t_id="592" sentence="25" number="3">arrested</token>
<token t_id="593" sentence="25" number="4">for</token>
<token t_id="594" sentence="25" number="5">DUI</token>
<token t_id="595" sentence="25" number="6">,</token>
<token t_id="596" sentence="25" number="7">I</token>
<token t_id="597" sentence="25" number="8">get</token>
<token t_id="598" sentence="25" number="9">very</token>
<token t_id="599" sentence="25" number="10">disappointed</token>
<token t_id="600" sentence="25" number="11">,</token>
<token t_id="601" sentence="25" number="12">and</token>
<token t_id="602" sentence="25" number="13">not</token>
<token t_id="603" sentence="25" number="14">just</token>
<token t_id="604" sentence="25" number="15">when</token>
<token t_id="605" sentence="25" number="16">athletes</token>
<token t_id="606" sentence="25" number="17">are</token>
<token t_id="607" sentence="25" number="18">involved</token>
<token t_id="608" sentence="25" number="19">,</token>
<token t_id="609" sentence="25" number="20">”</token>
<token t_id="610" sentence="25" number="21">said</token>
<token t_id="611" sentence="25" number="22">Lawrence</token>
<token t_id="612" sentence="25" number="23">yesterday</token>
<token t_id="613" sentence="25" number="24">.</token>
<token t_id="614" sentence="26" number="0">“</token>
<token t_id="615" sentence="26" number="1">We're</token>
<token t_id="616" sentence="26" number="2">talking</token>
<token t_id="617" sentence="26" number="3">about</token>
<token t_id="618" sentence="26" number="4">a</token>
<token t_id="619" sentence="26" number="5">crime</token>
<token t_id="620" sentence="26" number="6">where</token>
<token t_id="621" sentence="26" number="7">people</token>
<token t_id="622" sentence="26" number="8">are</token>
<token t_id="623" sentence="26" number="9">killed</token>
<token t_id="624" sentence="26" number="10">or</token>
<token t_id="625" sentence="26" number="11">injured</token>
<token t_id="626" sentence="26" number="12">,</token>
<token t_id="627" sentence="26" number="13">a</token>
<token t_id="628" sentence="26" number="14">crime</token>
<token t_id="629" sentence="26" number="15">where</token>
<token t_id="630" sentence="26" number="16">people</token>
<token t_id="631" sentence="26" number="17">go</token>
<token t_id="632" sentence="26" number="18">to</token>
<token t_id="633" sentence="26" number="19">jail</token>
<token t_id="634" sentence="26" number="20">,</token>
<token t_id="635" sentence="26" number="21">and</token>
<token t_id="636" sentence="26" number="22">it's</token>
<token t_id="637" sentence="26" number="23">100</token>
<token t_id="638" sentence="26" number="24">percent</token>
<token t_id="639" sentence="26" number="25">preventable</token>
<token t_id="640" sentence="26" number="26">.</token>
<token t_id="641" sentence="26" number="27">”</token>
<token t_id="642" sentence="27" number="0">Citing</token>
<token t_id="643" sentence="27" number="1">his</token>
<token t_id="644" sentence="27" number="2">company's</token>
<token t_id="645" sentence="27" number="3">confidentiality</token>
<token t_id="646" sentence="27" number="4">agreement</token>
<token t_id="647" sentence="27" number="5">with</token>
<token t_id="648" sentence="27" number="6">clients</token>
<token t_id="649" sentence="27" number="7">,</token>
<token t_id="650" sentence="27" number="8">Lawrence</token>
<token t_id="651" sentence="27" number="9">declined</token>
<token t_id="652" sentence="27" number="10">to</token>
<token t_id="653" sentence="27" number="11">discuss</token>
<token t_id="654" sentence="27" number="12">anything</token>
<token t_id="655" sentence="27" number="13">specific</token>
<token t_id="656" sentence="27" number="14">pertaining</token>
<token t_id="657" sentence="27" number="15">to</token>
<token t_id="658" sentence="27" number="16">the</token>
<token t_id="659" sentence="27" number="17">Chargers</token>
<token t_id="660" sentence="27" number="18">and</token>
<token t_id="661" sentence="27" number="19">their</token>
<token t_id="662" sentence="27" number="20">players</token>
<token t_id="663" sentence="27" number="21">.</token>
<token t_id="664" sentence="28" number="0">From</token>
<token t_id="665" sentence="28" number="1">its</token>
<token t_id="666" sentence="28" number="2">start</token>
<token t_id="667" sentence="28" number="3">with</token>
<token t_id="668" sentence="28" number="4">the</token>
<token t_id="669" sentence="28" number="5">team</token>
<token t_id="670" sentence="28" number="6">,</token>
<token t_id="671" sentence="28" number="7">though</token>
<token t_id="672" sentence="28" number="8">,</token>
<token t_id="673" sentence="28" number="9">the</token>
<token t_id="674" sentence="28" number="10">business</token>
<token t_id="675" sentence="28" number="11">has</token>
<token t_id="676" sentence="28" number="12">grown</token>
<token t_id="677" sentence="28" number="13">to</token>
<token t_id="678" sentence="28" number="14">include</token>
<token t_id="679" sentence="28" number="15">clients</token>
<token t_id="680" sentence="28" number="16">from</token>
<token t_id="681" sentence="28" number="17">other</token>
<token t_id="682" sentence="28" number="18">high</token>
<token t_id="683" sentence="28" number="19">-</token>
<token t_id="684" sentence="28" number="20">profile</token>
<token t_id="685" sentence="28" number="21">realms</token>
<token t_id="686" sentence="28" number="22">and</token>
<token t_id="687" sentence="28" number="23">put</token>
<token t_id="688" sentence="28" number="24">to</token>
<token t_id="689" sentence="28" number="25">work</token>
<token t_id="690" sentence="28" number="26">by</token>
<token t_id="691" sentence="28" number="27">other</token>
<token t_id="692" sentence="28" number="28">NFL</token>
<token t_id="693" sentence="28" number="29">franchises</token>
<token t_id="694" sentence="28" number="30">.</token>
<token t_id="695" sentence="29" number="0">In</token>
<token t_id="696" sentence="29" number="1">recognition</token>
<token t_id="697" sentence="29" number="2">of</token>
<token t_id="698" sentence="29" number="3">the</token>
<token t_id="699" sentence="29" number="4">program</token>
<token t_id="700" sentence="29" number="5">,</token>
<token t_id="701" sentence="29" number="6">the</token>
<token t_id="702" sentence="29" number="7">league</token>
<token t_id="703" sentence="29" number="8">gave</token>
<token t_id="704" sentence="29" number="9">the</token>
<token t_id="705" sentence="29" number="10">Chargers</token>
<token t_id="706" sentence="29" number="11">its</token>
<token t_id="707" sentence="29" number="12">Winston</token>
<token t_id="708" sentence="29" number="13">-</token>
<token t_id="709" sentence="29" number="14">Shell</token>
<token t_id="710" sentence="29" number="15">Award</token>
<token t_id="711" sentence="29" number="16">in</token>
<token t_id="712" sentence="29" number="17">2007</token>
<token t_id="713" sentence="29" number="18">for</token>
<token t_id="714" sentence="29" number="19">“</token>
<token t_id="715" sentence="29" number="20">demonstrating</token>
<token t_id="716" sentence="29" number="21">commitment</token>
<token t_id="717" sentence="29" number="22">and</token>
<token t_id="718" sentence="29" number="23">dedication</token>
<token t_id="719" sentence="29" number="24">to</token>
<token t_id="720" sentence="29" number="25">developing</token>
<token t_id="721" sentence="29" number="26">unique</token>
<token t_id="722" sentence="29" number="27">and</token>
<token t_id="723" sentence="29" number="28">innovative</token>
<token t_id="724" sentence="29" number="29">ideas</token>
<token t_id="725" sentence="29" number="30">and</token>
<token t_id="726" sentence="29" number="31">solutions</token>
<token t_id="727" sentence="29" number="32">.</token>
<token t_id="728" sentence="29" number="33">”</token>


<Markables>
<ACTION_ASPECTUAL m_id="1" comment=""  >
<token_anchor t_id="210"/>
</ACTION_ASPECTUAL>
<ACTION_ASPECTUAL m_id="2" comment=""  >
<token_anchor t_id="216"/>
</ACTION_ASPECTUAL>
<ACTION_OCCURRENCE m_id="3" climaxEvent="FALSE" comment=""  >
<token_anchor t_id="258"/>
</ACTION_OCCURRENCE>
<ACTION_OCCURRENCE m_id="4" climaxEvent="FALSE" comment=""  >
<token_anchor t_id="175"/>
</ACTION_OCCURRENCE>
<ACTION_OCCURRENCE m_id="5" climaxEvent="FALSE" comment=""  >
<token_anchor t_id="202"/>
</ACTION_OCCURRENCE>
<ACTION_OCCURRENCE m_id="6" climaxEvent="FALSE" comment=""  >
<token_anchor t_id="212"/>
</ACTION_OCCURRENCE>
<ACTION_OCCURRENCE m_id="7" climaxEvent="FALSE" comment=""  >
<token_anchor t_id="218"/>
<token_anchor t_id="219"/>
</ACTION_OCCURRENCE>
<ACTION_OCCURRENCE m_id="8" climaxEvent="FALSE" comment=""  >
<token_anchor t_id="220"/>
</ACTION_OCCURRENCE>
<ACTION_OCCURRENCE m_id="9" climaxEvent="FALSE" comment=""  >
<token_anchor t_id="222"/>
</ACTION_OCCURRENCE>
<ACTION_OCCURRENCE m_id="10" climaxEvent="FALSE" comment=""  >
<token_anchor t_id="280"/>
<token_anchor t_id="281"/>
<token_anchor t_id="282"/>
<token_anchor t_id="283"/>
</ACTION_OCCURRENCE>
<ACTION_OCCURRENCE m_id="11" climaxEvent="FALSE" comment=""  >
<token_anchor t_id="297"/>
<token_anchor t_id="298"/>
</ACTION_OCCURRENCE>
<ACTION_OCCURRENCE m_id="12" climaxEvent="FALSE" comment=""  >
<token_anchor t_id="33"/>
</ACTION_OCCURRENCE>
<ACTION_OCCURRENCE m_id="13" climaxEvent="FALSE" comment=""  >
<token_anchor t_id="289"/>
</ACTION_OCCURRENCE>
<ACTION_OCCURRENCE m_id="14" climaxEvent="TRUE" comment=""  >
<token_anchor t_id="34"/>
</ACTION_OCCURRENCE>
<ACTION_OCCURRENCE m_id="15" climaxEvent="FALSE" comment=""  >
<token_anchor t_id="288"/>
</ACTION_OCCURRENCE>
<ACTION_OCCURRENCE m_id="16" climaxEvent="FALSE" comment=""  >
<token_anchor t_id="326"/>
</ACTION_OCCURRENCE>
<ACTION_OCCURRENCE m_id="17" climaxEvent="FALSE" comment=""  >
<token_anchor t_id="291"/>
</ACTION_OCCURRENCE>
<ACTION_OCCURRENCE m_id="18" climaxEvent="FALSE" comment=""  >
<token_anchor t_id="328"/>
</ACTION_OCCURRENCE>
<ACTION_OCCURRENCE m_id="19" climaxEvent="FALSE" comment=""  >
<token_anchor t_id="351"/>
<token_anchor t_id="352"/>
</ACTION_OCCURRENCE>
<ACTION_OCCURRENCE m_id="20" climaxEvent="FALSE" comment=""  >
<token_anchor t_id="356"/>
<token_anchor t_id="357"/>
</ACTION_OCCURRENCE>
<ACTION_OCCURRENCE m_id="21" climaxEvent="FALSE" comment=""  >
<token_anchor t_id="362"/>
</ACTION_OCCURRENCE>
<ACTION_OCCURRENCE m_id="22" climaxEvent="FALSE" comment=""  >
<token_anchor t_id="344"/>
</ACTION_OCCURRENCE>
<ACTION_OCCURRENCE m_id="23" climaxEvent="FALSE" comment=""  >
<token_anchor t_id="363"/>
<token_anchor t_id="364"/>
</ACTION_OCCURRENCE>
<ACTION_OCCURRENCE m_id="24" climaxEvent="FALSE" comment=""  >
<token_anchor t_id="162"/>
<token_anchor t_id="163"/>
</ACTION_OCCURRENCE>
<ACTION_OCCURRENCE m_id="25" climaxEvent="FALSE" comment=""  >
<token_anchor t_id="303"/>
</ACTION_OCCURRENCE>
<ACTION_OCCURRENCE m_id="26" climaxEvent="FALSE" comment=""  >
<token_anchor t_id="171"/>
</ACTION_OCCURRENCE>
<ACTION_OCCURRENCE m_id="27" climaxEvent="FALSE" comment=""  >
<token_anchor t_id="231"/>
</ACTION_OCCURRENCE>
<ACTION_OCCURRENCE m_id="28" climaxEvent="FALSE" comment=""  >
<token_anchor t_id="260"/>
</ACTION_OCCURRENCE>
<ACTION_OCCURRENCE m_id="29" climaxEvent="FALSE" comment=""  >
<token_anchor t_id="271"/>
</ACTION_OCCURRENCE>
<ACTION_OCCURRENCE m_id="30" climaxEvent="FALSE" comment=""  >
<token_anchor t_id="237"/>
</ACTION_OCCURRENCE>
<ACTION_OCCURRENCE m_id="31" climaxEvent="FALSE" comment=""  >
<token_anchor t_id="239"/>
</ACTION_OCCURRENCE>
<ACTION_PERCEPTION m_id="32" comment="" climaxEvent="FALSE"  >
<token_anchor t_id="181"/>
</ACTION_PERCEPTION>
<ACTION_REPORTING m_id="33" comment=""  >
<token_anchor t_id="200"/>
<token_anchor t_id="201"/>
</ACTION_REPORTING>
<ACTION_REPORTING m_id="34" comment=""  >
<token_anchor t_id="226"/>
</ACTION_REPORTING>
<ACTION_STATE m_id="35" climaxEvent="FALSE" comment=""  >
<token_anchor t_id="348"/>
<token_anchor t_id="349"/>
</ACTION_STATE>
<ACTION_STATE m_id="36" climaxEvent="FALSE" comment=""  >
<token_anchor t_id="172"/>
<token_anchor t_id="173"/>
</ACTION_STATE>
<ACTION_STATE m_id="37" climaxEvent="FALSE" comment=""  >
<token_anchor t_id="214"/>
</ACTION_STATE>
<ACTION_STATE m_id="38" climaxEvent="FALSE" comment=""  >
<token_anchor t_id="179"/>
</ACTION_STATE>
<ACTION_STATE m_id="39" climaxEvent="FALSE" comment=""  >
<token_anchor t_id="277"/>
<token_anchor t_id="278"/>
</ACTION_STATE>
<ACTION_STATE m_id="40" climaxEvent="FALSE" comment=""  >
<token_anchor t_id="293"/>
<token_anchor t_id="294"/>
</ACTION_STATE>
<HUMAN_PART_GENERIC m_id="41"  >
<token_anchor t_id="160"/>
</HUMAN_PART_GENERIC>
<HUMAN_PART_ORG m_id="42"  >
<token_anchor t_id="234"/>
</HUMAN_PART_ORG>
<HUMAN_PART_ORG m_id="43"  >
<token_anchor t_id="347"/>
</HUMAN_PART_ORG>
<HUMAN_PART_ORG m_id="44"  >
<token_anchor t_id="255"/>
</HUMAN_PART_ORG>
<HUMAN_PART_ORG m_id="45"  >
<token_anchor t_id="159"/>
</HUMAN_PART_ORG>
<HUMAN_PART_ORG m_id="46"  >
<token_anchor t_id="39"/>
</HUMAN_PART_ORG>
<HUMAN_PART_ORG m_id="47"  >
<token_anchor t_id="205"/>
</HUMAN_PART_ORG>
<HUMAN_PART_ORG m_id="48"  >
<token_anchor t_id="209"/>
</HUMAN_PART_ORG>
<HUMAN_PART_PER m_id="49" comment=""  >
<token_anchor t_id="186"/>
<token_anchor t_id="187"/>
</HUMAN_PART_PER>
<HUMAN_PART_PER m_id="50" comment=""  >
<token_anchor t_id="242"/>
<token_anchor t_id="243"/>
</HUMAN_PART_PER>
<HUMAN_PART_PER m_id="51" comment=""  >
<token_anchor t_id="248"/>
</HUMAN_PART_PER>
<HUMAN_PART_PER m_id="52" comment=""  >
<token_anchor t_id="268"/>
<token_anchor t_id="269"/>
</HUMAN_PART_PER>
<HUMAN_PART_PER m_id="53" comment=""  >
<token_anchor t_id="285"/>
</HUMAN_PART_PER>
<HUMAN_PART_PER m_id="54" comment=""  >
<token_anchor t_id="32"/>
</HUMAN_PART_PER>
<HUMAN_PART_PER m_id="55" comment=""  >
<token_anchor t_id="314"/>
</HUMAN_PART_PER>
<HUMAN_PART_PER m_id="56" comment=""  >
<token_anchor t_id="354"/>
</HUMAN_PART_PER>
<HUMAN_PART_PER m_id="57" comment=""  >
<token_anchor t_id="193"/>
<token_anchor t_id="194"/>
<token_anchor t_id="195"/>
<token_anchor t_id="196"/>
<token_anchor t_id="197"/>
</HUMAN_PART_PER>
<LOC_FAC m_id="58"  >
<token_anchor t_id="358"/>
<token_anchor t_id="359"/>
</LOC_FAC>
<LOC_FAC m_id="59"  >
<token_anchor t_id="308"/>
<token_anchor t_id="309"/>
<token_anchor t_id="310"/>
<token_anchor t_id="311"/>
<token_anchor t_id="312"/>
</LOC_FAC>
<LOC_GEO m_id="60" comment=""  >
<token_anchor t_id="275"/>
<token_anchor t_id="276"/>
</LOC_GEO>
<LOC_GEO m_id="61" comment=""  >
<token_anchor t_id="330"/>
<token_anchor t_id="331"/>
<token_anchor t_id="332"/>
<token_anchor t_id="333"/>
</LOC_GEO>
<NEG_ACTION_OCCURRENCE m_id="62" climaxEvent="FALSE" comment=""  >
<token_anchor t_id="376"/>
</NEG_ACTION_OCCURRENCE>
<NEG_ACTION_OCCURRENCE m_id="63" climaxEvent="FALSE" comment=""  >
<token_anchor t_id="245"/>
</NEG_ACTION_OCCURRENCE>
<NON_HUMAN_PART m_id="65" comment=""  >
<token_anchor t_id="369"/>
<token_anchor t_id="370"/>
<token_anchor t_id="371"/>
<token_anchor t_id="372"/>
</NON_HUMAN_PART>
<NON_HUMAN_PART m_id="66" comment=""  >
<token_anchor t_id="302"/>
</NON_HUMAN_PART>
<NON_HUMAN_PART m_id="67" comment=""  >
<token_anchor t_id="184"/>
</NON_HUMAN_PART>
<NON_HUMAN_PART m_id="68" comment=""  >
<token_anchor t_id="264"/>
</NON_HUMAN_PART>
<NON_HUMAN_PART m_id="64" comment=""  >
<token_anchor t_id="366"/>
</NON_HUMAN_PART>
<TIME_DATE m_id="69" comment="" DCT="FALSE" value="2009-02-17" anchorTimeID="73"  >
<token_anchor t_id="305"/>
<token_anchor t_id="306"/>
<token_anchor t_id="307"/>
</TIME_DATE>
<TIME_DATE m_id="70" comment="" DCT="FALSE" value="2009-02-03" anchorTimeID="73"  >
<token_anchor t_id="206"/>
</TIME_DATE>
<TIME_DATE m_id="71" comment="" DCT="FALSE" value="2009-01-06" anchorTimeID="73"  >
<token_anchor t_id="272"/>
<token_anchor t_id="273"/>
<token_anchor t_id="274"/>
</TIME_DATE>
<TIME_DURATION m_id="72" endPoint="73" value="P4W" begin="71" anchorTimeID=""  >
<token_anchor t_id="153"/>
<token_anchor t_id="154"/>
<token_anchor t_id="155"/>
<token_anchor t_id="156"/>
</TIME_DURATION>
<TIME_OF_THE_DAY m_id="73" DCT="TRUE" value="2009-02-04T11:00Z" anchorTimeID=""  >
<token_anchor t_id="46"/>
<token_anchor t_id="47"/>
<token_anchor t_id="48"/>
<token_anchor t_id="49"/>
<token_anchor t_id="50"/>
<token_anchor t_id="51"/>
<token_anchor t_id="52"/>
<token_anchor t_id="53"/>
<token_anchor t_id="54"/>
<token_anchor t_id="55"/>
</TIME_OF_THE_DAY>
<TIME_OF_THE_DAY m_id="74" DCT="FALSE" value="2009-02-01TXX:XX" anchorTimeID="73"  >
<token_anchor t_id="165"/>
<token_anchor t_id="166"/>
<token_anchor t_id="167"/>
<token_anchor t_id="168"/>
<token_anchor t_id="169"/>
</TIME_OF_THE_DAY>
<TIME_OF_THE_DAY m_id="75" DCT="FALSE" value="2009-02-01T10:30Z" anchorTimeID="73"  >
<token_anchor t_id="335"/>
<token_anchor t_id="336"/>
<token_anchor t_id="337"/>
<token_anchor t_id="338"/>
<token_anchor t_id="339"/>
<token_anchor t_id="340"/>
<token_anchor t_id="341"/>
<token_anchor t_id="342"/>
</TIME_OF_THE_DAY>
<TIME_OF_THE_DAY m_id="76" DCT="FALSE" value="2009-02-01" anchorTimeID="73"  >
<token_anchor t_id="146"/>
</TIME_OF_THE_DAY>


<ACTION_OCCURRENCE m_id="77" RELATED_TO="" TAG_DESCRIPTOR="t35_jwills_booked" climaxEvent="FALSE" comment="" />
<ACTION_OCCURRENCE m_id="78" RELATED_TO="" TAG_DESCRIPTOR="t35_jamal_wills_DUI" climaxEvent="FALSE" comment="" />
<ACTION_OCCURRENCE m_id="79" RELATED_TO="" TAG_DESCRIPTOR="t35_jwills_pulled_over" climaxEvent="FALSE" comment="" />
<ACTION_STATE m_id="80" RELATED_TO="" TAG_DESCRIPTOR="t35_suspicion" climaxEvent="FALSE" comment="" />
<TIME_REPETITION m_id="81" RELATED_TO="" TAG_DESCRIPTOR="t35_second_time" freq="" quant="" value="" />
<HUMAN_PART_ORG m_id="82" RELATED_TO="" TAG_DESCRIPTOR="t35_chargers" />
<HUMAN_PART_ORG m_id="83" RELATED_TO="" TAG_DESCRIPTOR="t35_calif_highway_patrol" />
<ACTION_OCCURRENCE m_id="84" RELATED_TO="" TAG_DESCRIPTOR="t35_jamal_wills_arrested" climaxEvent="FALSE" comment="" />
<LOC_FAC m_id="85" RELATED_TO="" TAG_DESCRIPTOR="t35_county_jail" />
<HUMAN_PART_GENERIC m_id="86" RELATED_TO="" TAG_DESCRIPTOR="t35_chargers_player" />
<LOC_GEO m_id="87" RELATED_TO="" TAG_DESCRIPTOR="t35_san_diego_freeway" comment="" />
<TIME_OF_THE_DAY m_id="88" RELATED_TO="" TAG_DESCRIPTOR="t35_early_sunday" DCT="FALSE" value="" anchorTimeID="" />
<HUMAN_PART_PER m_id="89" RELATED_TO="" TAG_DESCRIPTOR="t35_jamal_williams" comment="" />
<TIME_DURATION m_id="90" RELATED_TO="" TAG_DESCRIPTOR="t35_within_a_month" endPoint="" value="" begin="" anchorTimeID="" />
<ACTION_OCCURRENCE m_id="91" RELATED_TO="" TAG_DESCRIPTOR="t35_jwills_speeding" climaxEvent="FALSE" comment="" />
<ACTION_OCCURRENCE m_id="92" RELATED_TO="" TAG_DESCRIPTOR="t35_jwills_released" climaxEvent="FALSE" comment="" />
</Markables>

<Relations>
<TLINK r_id="247651" contextualModality="" relType="AFTER" comment="" >
<source m_id="73" />
<target m_id="12" />
</TLINK>
<TLINK r_id="247652" contextualModality="" relType="AFTER" comment="" >
<source m_id="73" />
<target m_id="14" />
</TLINK>
<TLINK r_id="247654" contextualModality="" relType="AFTER" comment="" >
<source m_id="73" />
<target m_id="24" />
</TLINK>
<TLINK r_id="247655" contextualModality="" relType="AFTER" comment="" >
<source m_id="73" />
<target m_id="26" />
</TLINK>
<TLINK r_id="247656" contextualModality="" relType="AFTER" comment="" >
<source m_id="73" />
<target m_id="36" />
</TLINK>
<TLINK r_id="247657" contextualModality="" relType="AFTER" comment="" >
<source m_id="73" />
<target m_id="4" />
</TLINK>
<TLINK r_id="247658" contextualModality="" relType="OVERLAP" comment="" >
<source m_id="73" />
<target m_id="38" />
</TLINK>
<TLINK r_id="247659" contextualModality="" relType="OVERLAP" comment="" >
<source m_id="73" />
<target m_id="32" />
</TLINK>
<TLINK r_id="247660" contextualModality="" relType="AFTER" comment="" >
<source m_id="73" />
<target m_id="33" />
</TLINK>
<TLINK r_id="247661" contextualModality="" relType="AFTER" comment="" >
<source m_id="73" />
<target m_id="5" />
</TLINK>
<TLINK r_id="247663" contextualModality="" relType="OVERLAP" comment="" >
<source m_id="73" />
<target m_id="6" />
</TLINK>
<TLINK r_id="247664" contextualModality="" relType="OVERLAP" comment="" >
<source m_id="73" />
<target m_id="37" />
</TLINK>
<TLINK r_id="247665" contextualModality="" relType="OVERLAP" comment="" >
<source m_id="73" />
<target m_id="2" />
</TLINK>
<TLINK r_id="247666" contextualModality="" relType="OVERLAP" comment="" >
<source m_id="73" />
<target m_id="7" />
</TLINK>
<TLINK r_id="247667" contextualModality="" relType="OVERLAP" comment="" >
<source m_id="73" />
<target m_id="8" />
</TLINK>
<TLINK r_id="247668" contextualModality="" relType="OVERLAP" comment="" >
<source m_id="73" />
<target m_id="9" />
</TLINK>
<TLINK r_id="247669" contextualModality="" relType="AFTER" comment="" >
<source m_id="73" />
<target m_id="34" />
</TLINK>
<TLINK r_id="247670" contextualModality="" relType="AFTER" comment="" >
<source m_id="73" />
<target m_id="27" />
</TLINK>
<TLINK r_id="247671" contextualModality="" relType="AFTER" comment="" >
<source m_id="73" />
<target m_id="30" />
</TLINK>
<TLINK r_id="247672" contextualModality="" relType="AFTER" comment="" >
<source m_id="73" />
<target m_id="31" />
</TLINK>
<TLINK r_id="247673" contextualModality="" relType="AFTER" comment="" >
<source m_id="73" />
<target m_id="63" />
</TLINK>
<TLINK r_id="247674" contextualModality="" relType="OVERLAP" comment="" >
<source m_id="73" />
<target m_id="3" />
</TLINK>
<TLINK r_id="247675" contextualModality="" relType="OVERLAP" comment="" >
<source m_id="73" />
<target m_id="28" />
</TLINK>
<TLINK r_id="247676" contextualModality="" relType="AFTER" comment="" >
<source m_id="73" />
<target m_id="29" />
</TLINK>
<TLINK r_id="247677" contextualModality="" relType="AFTER" comment="" >
<source m_id="73" />
<target m_id="39" />
</TLINK>
<TLINK r_id="247678" contextualModality="" relType="AFTER" comment="" >
<source m_id="73" />
<target m_id="10" />
</TLINK>
<TLINK r_id="247679" contextualModality="" relType="OVERLAP" comment="" >
<source m_id="73" />
<target m_id="15" />
</TLINK>
<TLINK r_id="247680" contextualModality="" relType="AFTER" comment="" >
<source m_id="73" />
<target m_id="17" />
</TLINK>
<TLINK r_id="247681" contextualModality="" relType="OVERLAP" comment="" >
<source m_id="73" />
<target m_id="40" />
</TLINK>
<TLINK r_id="247682" contextualModality="" relType="AFTER" comment="" >
<source m_id="73" />
<target m_id="11" />
</TLINK>
<TLINK r_id="247683" contextualModality="" relType="AFTER" comment="" >
<source m_id="73" />
<target m_id="18" />
</TLINK>
<TLINK r_id="247684" contextualModality="" relType="AFTER" comment="" >
<source m_id="73" />
<target m_id="22" />
</TLINK>
<TLINK r_id="247685" contextualModality="" relType="AFTER" comment="" >
<source m_id="73" />
<target m_id="35" />
</TLINK>
<TLINK r_id="247686" contextualModality="" relType="AFTER" comment="" >
<source m_id="73" />
<target m_id="19" />
</TLINK>
<TLINK r_id="247687" contextualModality="" relType="AFTER" comment="" >
<source m_id="73" />
<target m_id="20" />
</TLINK>
<TLINK r_id="247688" contextualModality="" relType="AFTER" comment="" >
<source m_id="73" />
<target m_id="21" />
</TLINK>
<TLINK r_id="247689" contextualModality="" relType="AFTER" comment="" >
<source m_id="73" />
<target m_id="23" />
</TLINK>
<TLINK r_id="247690" contextualModality="" relType="OVERLAP" comment="" >
<source m_id="73" />
<target m_id="62" />
</TLINK>
<TLINK r_id="247691" contextualModality="" relType="CONTAINS" comment="" >
<source m_id="74" />
<target m_id="12" />
</TLINK>
<TLINK r_id="247692" contextualModality="" relType="CONTAINS" comment="" >
<source m_id="74" />
<target m_id="14" />
</TLINK>
<TLINK r_id="247694" contextualModality="" relType="CONTAINS" comment="" >
<source m_id="74" />
<target m_id="24" />
</TLINK>
<TLINK r_id="247695" contextualModality="" relType="CONTAINS" comment="" >
<source m_id="74" />
<target m_id="26" />
</TLINK>
<TLINK r_id="247696" contextualModality="" relType="CONTAINS" comment="" >
<source m_id="74" />
<target m_id="36" />
</TLINK>
<TLINK r_id="247697" contextualModality="" relType="CONTAINS" comment="" >
<source m_id="74" />
<target m_id="4" />
</TLINK>
<TLINK r_id="247698" contextualModality="" relType="OVERLAP" comment="" >
<source m_id="70" />
<target m_id="38" />
</TLINK>
<TLINK r_id="247699" contextualModality="" relType="OVERLAP" comment="" >
<source m_id="70" />
<target m_id="32" />
</TLINK>
<TLINK r_id="247700" contextualModality="" relType="CONTAINS" comment="" >
<source m_id="70" />
<target m_id="33" />
</TLINK>
<TLINK r_id="247701" contextualModality="" relType="CONTAINS" comment="" >
<source m_id="70" />
<target m_id="5" />
</TLINK>
<TLINK r_id="247711" contextualModality="" relType="CONTAINS" comment="" >
<source m_id="70" />
<target m_id="30" />
</TLINK>
<TLINK r_id="247712" contextualModality="" relType="CONTAINS" comment="" >
<source m_id="70" />
<target m_id="31" />
</TLINK>
<TLINK r_id="247713" contextualModality="" relType="CONTAINS" comment="" >
<source m_id="70" />
<target m_id="63" />
</TLINK>
<TLINK r_id="247714" contextualModality="" relType="BEFORE" comment="" >
<source m_id="71" />
<target m_id="3" />
</TLINK>
<TLINK r_id="247715" contextualModality="" relType="BEFORE" comment="" >
<source m_id="71" />
<target m_id="28" />
</TLINK>
<TLINK r_id="247716" contextualModality="" relType="CONTAINS" comment="" >
<source m_id="71" />
<target m_id="29" />
</TLINK>
<TLINK r_id="247717" contextualModality="" relType="CONTAINS" comment="" >
<source m_id="71" />
<target m_id="39" />
</TLINK>
<TLINK r_id="247718" contextualModality="" relType="CONTAINS" comment="" >
<source m_id="71" />
<target m_id="10" />
</TLINK>
<TLINK r_id="247719" contextualModality="" relType="AFTER" comment="" >
<source m_id="69" />
<target m_id="15" />
</TLINK>
<TLINK r_id="247720" contextualModality="" relType="AFTER" comment="" >
<source m_id="69" />
<target m_id="13" />
</TLINK>
<TLINK r_id="247722" contextualModality="" relType="AFTER" comment="" >
<source m_id="69" />
<target m_id="17" />
</TLINK>
<TLINK r_id="247723" contextualModality="" relType="AFTER" comment="" >
<source m_id="69" />
<target m_id="40" />
</TLINK>
<TLINK r_id="247724" contextualModality="" relType="AFTER" comment="" >
<source m_id="69" />
<target m_id="11" />
</TLINK>
<TLINK r_id="247725" contextualModality="" relType="AFTER" comment="" >
<source m_id="69" />
<target m_id="25" />
</TLINK>
<TLINK r_id="247726" contextualModality="" relType="SIMULTANEOUS" comment="" >
<source m_id="75" />
<target m_id="16" />
</TLINK>
<TLINK r_id="247727" contextualModality="" relType="SIMULTANEOUS" comment="" >
<source m_id="75" />
<target m_id="18" />
</TLINK>
<TLINK r_id="247728" contextualModality="" relType="CONTAINS" comment="" >
<source m_id="74" />
<target m_id="22" />
</TLINK>
<TLINK r_id="247729" contextualModality="" relType="CONTAINS" comment="" >
<source m_id="74" />
<target m_id="35" />
</TLINK>
<TLINK r_id="247730" contextualModality="" relType="CONTAINS" comment="" >
<source m_id="74" />
<target m_id="19" />
</TLINK>
<TLINK r_id="247731" contextualModality="" relType="CONTAINS" comment="" >
<source m_id="74" />
<target m_id="20" />
</TLINK>
<TLINK r_id="247732" contextualModality="" relType="CONTAINS" comment="" >
<source m_id="74" />
<target m_id="21" />
</TLINK>
<TLINK r_id="247733" contextualModality="" relType="CONTAINS" comment="" >
<source m_id="74" />
<target m_id="23" />
</TLINK>
<TLINK r_id="247734" contextualModality="" relType="CONTAINS" comment="" >
<source m_id="74" />
<target m_id="62" />
</TLINK>
<PLOT_LINK r_id="247735" SIGNAL="" relType="PRECONDITION" CAUSES="FALSE" CAUSED_BY="FALSE" >
<source m_id="12" />
<target m_id="14" />
</PLOT_LINK>
<PLOT_LINK r_id="247736" SIGNAL="" relType="PRECONDITION" CAUSES="FALSE" CAUSED_BY="FALSE" >
<source m_id="26" />
<target m_id="4" />
</PLOT_LINK>
<PLOT_LINK r_id="247737" SIGNAL="" relType="FALLING_ACTION" CAUSES="FALSE" CAUSED_BY="FALSE" >
<source m_id="28" />
<target m_id="29" />
</PLOT_LINK>
<PLOT_LINK r_id="247738" SIGNAL="" relType="PRECONDITION" CAUSES="FALSE" CAUSED_BY="FALSE" >
<source m_id="29" />
<target m_id="10" />
</PLOT_LINK>
<PLOT_LINK r_id="247739" SIGNAL="" relType="FALLING_ACTION" CAUSES="FALSE" CAUSED_BY="FALSE" >
<source m_id="13" />
<target m_id="40" />
</PLOT_LINK>
<PLOT_LINK r_id="247740" SIGNAL="" relType="FALLING_ACTION" CAUSES="FALSE" CAUSED_BY="FALSE" >
<source m_id="40" />
<target m_id="11" />
</PLOT_LINK>
<PLOT_LINK r_id="247741" SIGNAL="" relType="PRECONDITION" CAUSES="FALSE" CAUSED_BY="FALSE" >
<source m_id="13" />
<target m_id="25" />
</PLOT_LINK>
<PLOT_LINK r_id="247742" SIGNAL="" relType="PRECONDITION" CAUSES="FALSE" CAUSED_BY="FALSE" >
<source m_id="16" />
<target m_id="18" />
</PLOT_LINK>
<PLOT_LINK r_id="247743" SIGNAL="" relType="PRECONDITION" CAUSES="FALSE" CAUSED_BY="FALSE" >
<source m_id="24" />
<target m_id="18" />
</PLOT_LINK>
<PLOT_LINK r_id="247744" SIGNAL="" relType="FALLING_ACTION" CAUSES="FALSE" CAUSED_BY="FALSE" >
<source m_id="22" />
<target m_id="19" />
</PLOT_LINK>
<PLOT_LINK r_id="247745" SIGNAL="" relType="PRECONDITION" CAUSES="FALSE" CAUSED_BY="FALSE" >
<source m_id="22" />
<target m_id="20" />
</PLOT_LINK>
<PLOT_LINK r_id="247746" SIGNAL="" relType="PRECONDITION" CAUSES="FALSE" CAUSED_BY="FALSE" >
<source m_id="22" />
<target m_id="21" />
</PLOT_LINK>
<PLOT_LINK r_id="247747" SIGNAL="" relType="FALLING_ACTION" CAUSES="FALSE" CAUSED_BY="FALSE" >
<source m_id="21" />
<target m_id="23" />
</PLOT_LINK>
<TLINK r_id="253916" contextualModality="" relType="AFTER" comment="" >
<source m_id="73" />
<target m_id="13" />
</TLINK>
<TLINK r_id="253917" contextualModality="" relType="AFTER" comment="" >
<source m_id="73" />
<target m_id="25" />
</TLINK>
<TLINK r_id="253918" contextualModality="" relType="AFTER" comment="" >
<source m_id="73" />
<target m_id="18" />
</TLINK>
<TLINK r_id="253919" contextualModality="" relType="AFTER" comment="" >
<source m_id="73" />
<target m_id="16" />
</TLINK>
<TLINK r_id="253923" contextualModality="" relType="CONTAINS" comment="" >
<source m_id="70" />
<target m_id="34" />
</TLINK>
<TLINK r_id="253924" contextualModality="" relType="CONTAINS" comment="" >
<source m_id="70" />
<target m_id="27" />
</TLINK>
</Relations>
</Document>
