<Document doc_name="35_5ecbplus.xml">
<token t_id="1" sentence="0" number="0">http</token>
<token t_id="2" sentence="0" number="1">:</token>
<token t_id="3" sentence="0" number="2">/</token>
<token t_id="4" sentence="0" number="3">/</token>
<token t_id="5" sentence="0" number="4">www</token>
<token t_id="6" sentence="0" number="5">.</token>
<token t_id="7" sentence="0" number="6">zimbio</token>
<token t_id="8" sentence="0" number="7">.</token>
<token t_id="9" sentence="0" number="8">com</token>
<token t_id="10" sentence="0" number="9">/</token>
<token t_id="11" sentence="0" number="10">Jamal+Williams</token>
<token t_id="12" sentence="0" number="11">/</token>
<token t_id="13" sentence="0" number="12">articles</token>
<token t_id="14" sentence="0" number="13">/</token>
<token t_id="15" sentence="0" number="14">6</token>
<token t_id="16" sentence="0" number="15">/</token>
<token t_id="17" sentence="0" number="16">Chargers+Jamal+Williams+Arrested+DUI</token>
<token t_id="18" sentence="1" number="0">Chargers</token>
<token t_id="19" sentence="1" number="1">’</token>
<token t_id="20" sentence="1" number="2">Jamal</token>
<token t_id="21" sentence="1" number="3">Williams</token>
<token t_id="22" sentence="1" number="4">Arrested</token>
<token t_id="23" sentence="1" number="5">For</token>
<token t_id="24" sentence="1" number="6">DUI</token>
<token t_id="25" sentence="2" number="0">on</token>
<token t_id="26" sentence="2" number="1">February</token>
<token t_id="27" sentence="2" number="2">4</token>
<token t_id="28" sentence="2" number="3">,</token>
<token t_id="29" sentence="2" number="4">2009</token>
<token t_id="30" sentence="3" number="0">Chargers</token>
<token t_id="31" sentence="3" number="1">defensive</token>
<token t_id="32" sentence="3" number="2">tackle</token>
<token t_id="33" sentence="3" number="3">Jamal</token>
<token t_id="34" sentence="3" number="4">Williams</token>
<token t_id="35" sentence="3" number="5">was</token>
<token t_id="36" sentence="3" number="6">arrested</token>
<token t_id="37" sentence="3" number="7">early</token>
<token t_id="38" sentence="3" number="8">Sunday</token>
<token t_id="39" sentence="3" number="9">for</token>
<token t_id="40" sentence="3" number="10">suspicions</token>
<token t_id="41" sentence="3" number="11">of</token>
<token t_id="42" sentence="3" number="12">driving</token>
<token t_id="43" sentence="3" number="13">under</token>
<token t_id="44" sentence="3" number="14">the</token>
<token t_id="45" sentence="3" number="15">influence</token>
<token t_id="46" sentence="3" number="16">.</token>
<token t_id="47" sentence="4" number="0">Williams</token>
<token t_id="48" sentence="4" number="1">was</token>
<token t_id="49" sentence="4" number="2">pulled</token>
<token t_id="50" sentence="4" number="3">over</token>
<token t_id="51" sentence="4" number="4">by</token>
<token t_id="52" sentence="4" number="5">the</token>
<token t_id="53" sentence="4" number="6">California</token>
<token t_id="54" sentence="4" number="7">Highway</token>
<token t_id="55" sentence="4" number="8">Patrol</token>
<token t_id="56" sentence="4" number="9">for</token>
<token t_id="57" sentence="4" number="10">speeding</token>
<token t_id="58" sentence="4" number="11">in</token>
<token t_id="59" sentence="4" number="12">a</token>
<token t_id="60" sentence="4" number="13">San</token>
<token t_id="61" sentence="4" number="14">Diego</token>
<token t_id="62" sentence="4" number="15">freeway</token>
<token t_id="63" sentence="4" number="16">.</token>
<token t_id="64" sentence="5" number="0">He</token>
<token t_id="65" sentence="5" number="1">was</token>
<token t_id="66" sentence="5" number="2">given</token>
<token t_id="67" sentence="5" number="3">a</token>
<token t_id="68" sentence="5" number="4">blood</token>
<token t_id="69" sentence="5" number="5">alcohol</token>
<token t_id="70" sentence="5" number="6">test</token>
<token t_id="71" sentence="5" number="7">but</token>
<token t_id="72" sentence="5" number="8">the</token>
<token t_id="73" sentence="5" number="9">results</token>
<token t_id="74" sentence="5" number="10">have</token>
<token t_id="75" sentence="5" number="11">not</token>
<token t_id="76" sentence="5" number="12">been</token>
<token t_id="77" sentence="5" number="13">revealed</token>
<token t_id="78" sentence="5" number="14">.</token>
<token t_id="79" sentence="6" number="0">He</token>
<token t_id="80" sentence="6" number="1">was</token>
<token t_id="81" sentence="6" number="2">taken</token>
<token t_id="82" sentence="6" number="3">to</token>
<token t_id="83" sentence="6" number="4">the</token>
<token t_id="84" sentence="6" number="5">County</token>
<token t_id="85" sentence="6" number="6">jail</token>
<token t_id="86" sentence="6" number="7">where</token>
<token t_id="87" sentence="6" number="8">he</token>
<token t_id="88" sentence="6" number="9">was</token>
<token t_id="89" sentence="6" number="10">booked</token>
<token t_id="90" sentence="6" number="11">and</token>
<token t_id="91" sentence="6" number="12">released</token>
<token t_id="92" sentence="6" number="13">on</token>
<token t_id="93" sentence="6" number="14">bail</token>
<token t_id="94" sentence="6" number="15">.</token>
<token t_id="95" sentence="7" number="0">According</token>
<token t_id="96" sentence="7" number="1">to</token>
<token t_id="97" sentence="7" number="2">authorities</token>
<token t_id="98" sentence="7" number="3">,</token>
<token t_id="99" sentence="7" number="4">he</token>
<token t_id="100" sentence="7" number="5">was</token>
<token t_id="101" sentence="7" number="6">driving</token>
<token t_id="102" sentence="7" number="7">his</token>
<token t_id="103" sentence="7" number="8">Bentley</token>
<token t_id="104" sentence="7" number="9">at</token>
<token t_id="105" sentence="7" number="10">about</token>
<token t_id="106" sentence="7" number="11">1</token>
<token t_id="107" sentence="7" number="12">:</token>
<token t_id="108" sentence="7" number="13">00</token>
<token t_id="109" sentence="7" number="14">am</token>
<token t_id="110" sentence="7" number="15">Sunday</token>
<token t_id="111" sentence="7" number="16">on</token>
<token t_id="112" sentence="7" number="17">highway</token>
<token t_id="113" sentence="7" number="18">94</token>
<token t_id="114" sentence="7" number="19">when</token>
<token t_id="115" sentence="7" number="20">the</token>
<token t_id="116" sentence="7" number="21">cops</token>
<token t_id="117" sentence="7" number="22">stopped</token>
<token t_id="118" sentence="7" number="23">him</token>
<token t_id="119" sentence="7" number="24">.</token>
<token t_id="120" sentence="8" number="0">This</token>
<token t_id="121" sentence="8" number="1">is</token>
<token t_id="122" sentence="8" number="2">the</token>
<token t_id="123" sentence="8" number="3">second</token>
<token t_id="124" sentence="8" number="4">DUI</token>
<token t_id="125" sentence="8" number="5">related</token>
<token t_id="126" sentence="8" number="6">arrest</token>
<token t_id="127" sentence="8" number="7">for</token>
<token t_id="128" sentence="8" number="8">the</token>
<token t_id="129" sentence="8" number="9">team</token>
<token t_id="130" sentence="8" number="10">.</token>
<token t_id="131" sentence="9" number="0">Earlier</token>
<token t_id="132" sentence="9" number="1">this</token>
<token t_id="133" sentence="9" number="2">year</token>
<token t_id="134" sentence="9" number="3">,</token>
<token t_id="135" sentence="9" number="4">star</token>
<token t_id="136" sentence="9" number="5">receiver</token>
<token t_id="137" sentence="9" number="6">Vincent</token>
<token t_id="138" sentence="9" number="7">Jackson</token>
<token t_id="139" sentence="9" number="8">was</token>
<token t_id="140" sentence="9" number="9">arrested</token>
<token t_id="141" sentence="9" number="10">for</token>
<token t_id="142" sentence="9" number="11">drunk</token>
<token t_id="143" sentence="9" number="12">driving</token>
<token t_id="144" sentence="9" number="13">a</token>
<token t_id="145" sentence="9" number="14">few</token>
<token t_id="146" sentence="9" number="15">days</token>
<token t_id="147" sentence="9" number="16">before</token>
<token t_id="148" sentence="9" number="17">their</token>
<token t_id="149" sentence="9" number="18">play</token>
<token t_id="150" sentence="9" number="19">-</token>
<token t_id="151" sentence="9" number="20">off</token>
<token t_id="152" sentence="9" number="21">game</token>
<token t_id="153" sentence="9" number="22">.</token>


<Markables>
<ACTION_OCCURRENCE m_id="1" climaxEvent="TRUE" comment=""  >
<token_anchor t_id="22"/>
</ACTION_OCCURRENCE>
<ACTION_OCCURRENCE m_id="2" climaxEvent="FALSE" comment=""  >
<token_anchor t_id="24"/>
</ACTION_OCCURRENCE>
<ACTION_OCCURRENCE m_id="3" climaxEvent="FALSE" comment=""  >
<token_anchor t_id="140"/>
</ACTION_OCCURRENCE>
<ACTION_OCCURRENCE m_id="4" climaxEvent="FALSE" comment=""  >
<token_anchor t_id="142"/>
<token_anchor t_id="143"/>
</ACTION_OCCURRENCE>
<ACTION_OCCURRENCE m_id="5" climaxEvent="FALSE" comment=""  >
<token_anchor t_id="149"/>
<token_anchor t_id="150"/>
<token_anchor t_id="151"/>
<token_anchor t_id="152"/>
</ACTION_OCCURRENCE>
<ACTION_OCCURRENCE m_id="6" climaxEvent="FALSE" comment=""  >
<token_anchor t_id="124"/>
</ACTION_OCCURRENCE>
<ACTION_OCCURRENCE m_id="7" climaxEvent="FALSE" comment=""  >
<token_anchor t_id="117"/>
</ACTION_OCCURRENCE>
<ACTION_OCCURRENCE m_id="8" climaxEvent="FALSE" comment=""  >
<token_anchor t_id="126"/>
</ACTION_OCCURRENCE>
<ACTION_OCCURRENCE m_id="9" climaxEvent="FALSE" comment=""  >
<token_anchor t_id="101"/>
</ACTION_OCCURRENCE>
<ACTION_OCCURRENCE m_id="10" climaxEvent="FALSE" comment=""  >
<token_anchor t_id="81"/>
</ACTION_OCCURRENCE>
<ACTION_OCCURRENCE m_id="11" climaxEvent="FALSE" comment=""  >
<token_anchor t_id="66"/>
</ACTION_OCCURRENCE>
<ACTION_OCCURRENCE m_id="12" climaxEvent="FALSE" comment=""  >
<token_anchor t_id="89"/>
</ACTION_OCCURRENCE>
<ACTION_OCCURRENCE m_id="13" climaxEvent="FALSE" comment=""  >
<token_anchor t_id="91"/>
</ACTION_OCCURRENCE>
<ACTION_OCCURRENCE m_id="14" climaxEvent="FALSE" comment=""  >
<token_anchor t_id="92"/>
<token_anchor t_id="93"/>
</ACTION_OCCURRENCE>
<ACTION_OCCURRENCE m_id="15" climaxEvent="FALSE" comment=""  >
<token_anchor t_id="49"/>
<token_anchor t_id="50"/>
</ACTION_OCCURRENCE>
<ACTION_OCCURRENCE m_id="16" climaxEvent="FALSE" comment=""  >
<token_anchor t_id="57"/>
</ACTION_OCCURRENCE>
<ACTION_OCCURRENCE m_id="17" climaxEvent="FALSE" comment=""  >
<token_anchor t_id="42"/>
<token_anchor t_id="43"/>
<token_anchor t_id="44"/>
<token_anchor t_id="45"/>
</ACTION_OCCURRENCE>
<ACTION_OCCURRENCE m_id="18" climaxEvent="FALSE" comment=""  >
<token_anchor t_id="36"/>
</ACTION_OCCURRENCE>
<ACTION_REPORTING m_id="19" comment=""  >
<token_anchor t_id="95"/>
<token_anchor t_id="96"/>
</ACTION_REPORTING>
<ACTION_STATE m_id="20" climaxEvent="FALSE" comment=""  >
<token_anchor t_id="40"/>
</ACTION_STATE>
<HUMAN_PART_ORG m_id="21"  >
<token_anchor t_id="18"/>
</HUMAN_PART_ORG>
<HUMAN_PART_ORG m_id="22"  >
<token_anchor t_id="30"/>
</HUMAN_PART_ORG>
<HUMAN_PART_ORG m_id="23"  >
<token_anchor t_id="53"/>
<token_anchor t_id="54"/>
<token_anchor t_id="55"/>
</HUMAN_PART_ORG>
<HUMAN_PART_ORG m_id="24"  >
<token_anchor t_id="129"/>
</HUMAN_PART_ORG>
<HUMAN_PART_PER m_id="33" comment=""  >
<token_anchor t_id="116"/>
</HUMAN_PART_PER>
<HUMAN_PART_PER m_id="34" comment=""  >
<token_anchor t_id="97"/>
</HUMAN_PART_PER>
<HUMAN_PART_PER m_id="25" comment=""  >
<token_anchor t_id="47"/>
</HUMAN_PART_PER>
<HUMAN_PART_PER m_id="26" comment=""  >
<token_anchor t_id="64"/>
</HUMAN_PART_PER>
<HUMAN_PART_PER m_id="27" comment=""  >
<token_anchor t_id="79"/>
</HUMAN_PART_PER>
<HUMAN_PART_PER m_id="28" comment=""  >
<token_anchor t_id="99"/>
</HUMAN_PART_PER>
<HUMAN_PART_PER m_id="29" comment=""  >
<token_anchor t_id="118"/>
</HUMAN_PART_PER>
<HUMAN_PART_PER m_id="30" comment=""  >
<token_anchor t_id="137"/>
<token_anchor t_id="138"/>
</HUMAN_PART_PER>
<HUMAN_PART_PER m_id="31" comment=""  >
<token_anchor t_id="31"/>
<token_anchor t_id="32"/>
<token_anchor t_id="33"/>
<token_anchor t_id="34"/>
</HUMAN_PART_PER>
<HUMAN_PART_PER m_id="32" comment=""  >
<token_anchor t_id="20"/>
<token_anchor t_id="21"/>
</HUMAN_PART_PER>
<LOC_FAC m_id="35"  >
<token_anchor t_id="82"/>
<token_anchor t_id="83"/>
<token_anchor t_id="84"/>
<token_anchor t_id="85"/>
</LOC_FAC>
<LOC_FAC m_id="36"  >
<token_anchor t_id="86"/>
</LOC_FAC>
<LOC_OTHER m_id="37"  >
<token_anchor t_id="58"/>
<token_anchor t_id="59"/>
<token_anchor t_id="60"/>
<token_anchor t_id="61"/>
<token_anchor t_id="62"/>
<token_anchor t_id="63"/>
</LOC_OTHER>
<LOC_OTHER m_id="38"  >
<token_anchor t_id="111"/>
<token_anchor t_id="112"/>
<token_anchor t_id="113"/>
</LOC_OTHER>
<NEG_ACTION_OCCURRENCE m_id="39" climaxEvent="FALSE" comment=""  >
<token_anchor t_id="77"/>
</NEG_ACTION_OCCURRENCE>
<NON_HUMAN_PART m_id="40" comment=""  >
<token_anchor t_id="68"/>
</NON_HUMAN_PART>
<NON_HUMAN_PART m_id="41" comment=""  >
<token_anchor t_id="69"/>
<token_anchor t_id="70"/>
</NON_HUMAN_PART>
<NON_HUMAN_PART m_id="42" comment=""  >
<token_anchor t_id="103"/>
</NON_HUMAN_PART>
<NON_HUMAN_PART m_id="43" comment=""  >
<token_anchor t_id="73"/>
</NON_HUMAN_PART>
<TIME_DATE m_id="44" comment="" DCT="TRUE" value="2009-02-04" anchorTimeID=""  >
<token_anchor t_id="26"/>
<token_anchor t_id="27"/>
<token_anchor t_id="28"/>
<token_anchor t_id="29"/>
</TIME_DATE>
<TIME_OF_THE_DAY m_id="45" DCT="FALSE" value="2009-02-01" anchorTimeID="44"  >
<token_anchor t_id="37"/>
<token_anchor t_id="38"/>
</TIME_OF_THE_DAY>
<TIME_OF_THE_DAY m_id="46" DCT="FALSE" value="2009-02-02T10:00Z" anchorTimeID="44"  >
<token_anchor t_id="105"/>
<token_anchor t_id="106"/>
<token_anchor t_id="107"/>
<token_anchor t_id="108"/>
<token_anchor t_id="109"/>
<token_anchor t_id="110"/>
</TIME_OF_THE_DAY>


<HUMAN_PART_ORG m_id="47" RELATED_TO="" TAG_DESCRIPTOR="t35_chargers" />
<ACTION_OCCURRENCE m_id="48" RELATED_TO="" TAG_DESCRIPTOR="t35_jamal_wills_arrested" climaxEvent="FALSE" comment="" />
<TIME_OF_THE_DAY m_id="49" RELATED_TO="" TAG_DESCRIPTOR="t35_early_sunday" DCT="FALSE" value="" anchorTimeID="" />
<HUMAN_PART_PER m_id="50" RELATED_TO="" TAG_DESCRIPTOR="t35_jamal_williams" comment="" />
<ACTION_OCCURRENCE m_id="51" RELATED_TO="" TAG_DESCRIPTOR="t35_jamal_wills_DUI" climaxEvent="FALSE" comment="" />
<ACTION_STATE m_id="52" RELATED_TO="" TAG_DESCRIPTOR="t35_suspicion" climaxEvent="FALSE" comment="" />
</Markables>

<Relations>
<TLINK r_id="247824" contextualModality="" relType="AFTER" comment="" >
<source m_id="44" />
<target m_id="1" />
</TLINK>
<TLINK r_id="247825" contextualModality="" relType="AFTER" comment="" >
<source m_id="44" />
<target m_id="2" />
</TLINK>
<TLINK r_id="247826" contextualModality="" relType="AFTER" comment="" >
<source m_id="44" />
<target m_id="18" />
</TLINK>
<TLINK r_id="247827" contextualModality="" relType="AFTER" comment="" >
<source m_id="44" />
<target m_id="20" />
</TLINK>
<TLINK r_id="247828" contextualModality="" relType="AFTER" comment="" >
<source m_id="44" />
<target m_id="17" />
</TLINK>
<TLINK r_id="247829" contextualModality="" relType="AFTER" comment="" >
<source m_id="44" />
<target m_id="15" />
</TLINK>
<TLINK r_id="247830" contextualModality="" relType="AFTER" comment="" >
<source m_id="44" />
<target m_id="16" />
</TLINK>
<TLINK r_id="247831" contextualModality="" relType="AFTER" comment="" >
<source m_id="44" />
<target m_id="11" />
</TLINK>
<TLINK r_id="247832" contextualModality="" relType="OVERLAP" comment="" >
<source m_id="44" />
<target m_id="39" />
</TLINK>
<TLINK r_id="247833" contextualModality="" relType="AFTER" comment="" >
<source m_id="44" />
<target m_id="10" />
</TLINK>
<TLINK r_id="247834" contextualModality="" relType="AFTER" comment="" >
<source m_id="44" />
<target m_id="12" />
</TLINK>
<TLINK r_id="247835" contextualModality="" relType="AFTER" comment="" >
<source m_id="44" />
<target m_id="13" />
</TLINK>
<TLINK r_id="247836" contextualModality="" relType="AFTER" comment="" >
<source m_id="44" />
<target m_id="14" />
</TLINK>
<TLINK r_id="247837" contextualModality="" relType="AFTER" comment="" >
<source m_id="44" />
<target m_id="9" />
</TLINK>
<TLINK r_id="247838" contextualModality="" relType="AFTER" comment="" >
<source m_id="44" />
<target m_id="7" />
</TLINK>
<TLINK r_id="247839" contextualModality="" relType="AFTER" comment="" >
<source m_id="44" />
<target m_id="6" />
</TLINK>
<TLINK r_id="247840" contextualModality="" relType="AFTER" comment="" >
<source m_id="44" />
<target m_id="3" />
</TLINK>
<TLINK r_id="247841" contextualModality="" relType="AFTER" comment="" >
<source m_id="44" />
<target m_id="4" />
</TLINK>
<TLINK r_id="247842" contextualModality="" relType="AFTER" comment="" >
<source m_id="44" />
<target m_id="5" />
</TLINK>
<TLINK r_id="247843" contextualModality="" relType="CONTAINS" comment="" >
<source m_id="45" />
<target m_id="1" />
</TLINK>
<TLINK r_id="247844" contextualModality="" relType="CONTAINS" comment="" >
<source m_id="45" />
<target m_id="2" />
</TLINK>
<TLINK r_id="247845" contextualModality="" relType="CONTAINS" comment="" >
<source m_id="45" />
<target m_id="18" />
</TLINK>
<TLINK r_id="247846" contextualModality="" relType="CONTAINS" comment="" >
<source m_id="45" />
<target m_id="20" />
</TLINK>
<TLINK r_id="247847" contextualModality="" relType="CONTAINS" comment="" >
<source m_id="45" />
<target m_id="17" />
</TLINK>
<TLINK r_id="247848" contextualModality="" relType="CONTAINS" comment="" >
<source m_id="45" />
<target m_id="15" />
</TLINK>
<TLINK r_id="247849" contextualModality="" relType="CONTAINS" comment="" >
<source m_id="45" />
<target m_id="16" />
</TLINK>
<TLINK r_id="247850" contextualModality="" relType="CONTAINS" comment="" >
<source m_id="45" />
<target m_id="11" />
</TLINK>
<TLINK r_id="247852" contextualModality="" relType="CONTAINS" comment="" >
<source m_id="45" />
<target m_id="10" />
</TLINK>
<TLINK r_id="247853" contextualModality="" relType="CONTAINS" comment="" >
<source m_id="45" />
<target m_id="12" />
</TLINK>
<TLINK r_id="247854" contextualModality="" relType="CONTAINS" comment="" >
<source m_id="45" />
<target m_id="13" />
</TLINK>
<TLINK r_id="247855" contextualModality="" relType="CONTAINS" comment="" >
<source m_id="45" />
<target m_id="14" />
</TLINK>
<TLINK r_id="247856" contextualModality="" relType="SIMULTANEOUS" comment="" >
<source m_id="46" />
<target m_id="9" />
</TLINK>
<TLINK r_id="247857" contextualModality="" relType="SIMULTANEOUS" comment="" >
<source m_id="46" />
<target m_id="7" />
</TLINK>
<TLINK r_id="247859" contextualModality="" relType="CONTAINS" comment="" >
<source m_id="45" />
<target m_id="8" />
</TLINK>
<TLINK r_id="247860" contextualModality="" relType="CONTAINS" comment="" >
<source m_id="45" />
<target m_id="6" />
</TLINK>
<PLOT_LINK r_id="247863" SIGNAL="" relType="FALLING_ACTION" CAUSES="FALSE" CAUSED_BY="FALSE" >
<source m_id="1" />
<target m_id="2" />
</PLOT_LINK>
<PLOT_LINK r_id="247864" SIGNAL="" relType="PRECONDITION" CAUSES="FALSE" CAUSED_BY="FALSE" >
<source m_id="18" />
<target m_id="17" />
</PLOT_LINK>
<PLOT_LINK r_id="247865" SIGNAL="" relType="FALLING_ACTION" CAUSES="FALSE" CAUSED_BY="FALSE" >
<source m_id="15" />
<target m_id="16" />
</PLOT_LINK>
<PLOT_LINK r_id="247866" SIGNAL="" relType="PRECONDITION" CAUSES="FALSE" CAUSED_BY="FALSE" >
<source m_id="18" />
<target m_id="11" />
</PLOT_LINK>
<PLOT_LINK r_id="247867" SIGNAL="" relType="PRECONDITION" CAUSES="FALSE" CAUSED_BY="FALSE" >
<source m_id="18" />
<target m_id="10" />
</PLOT_LINK>
<PLOT_LINK r_id="247868" SIGNAL="" relType="PRECONDITION" CAUSES="FALSE" CAUSED_BY="FALSE" >
<source m_id="10" />
<target m_id="12" />
</PLOT_LINK>
<PLOT_LINK r_id="247869" SIGNAL="" relType="PRECONDITION" CAUSES="FALSE" CAUSED_BY="FALSE" >
<source m_id="12" />
<target m_id="13" />
</PLOT_LINK>
<PLOT_LINK r_id="247870" SIGNAL="" relType="FALLING_ACTION" CAUSES="FALSE" CAUSED_BY="FALSE" >
<source m_id="13" />
<target m_id="14" />
</PLOT_LINK>
<PLOT_LINK r_id="247871" SIGNAL="" relType="PRECONDITION" CAUSES="FALSE" CAUSED_BY="FALSE" >
<source m_id="9" />
<target m_id="7" />
</PLOT_LINK>
<PLOT_LINK r_id="247872" SIGNAL="" relType="PRECONDITION" CAUSES="FALSE" CAUSED_BY="FALSE" >
<source m_id="6" />
<target m_id="8" />
</PLOT_LINK>
<PLOT_LINK r_id="247873" SIGNAL="" relType="FALLING_ACTION" CAUSES="FALSE" CAUSED_BY="FALSE" >
<source m_id="3" />
<target m_id="4" />
</PLOT_LINK>
</Relations>
</Document>
