<Document doc_name="35_9ecbplus.xml">
<token t_id="1" sentence="0" number="0">http</token>
<token t_id="2" sentence="0" number="1">:</token>
<token t_id="3" sentence="0" number="2">/</token>
<token t_id="4" sentence="0" number="3">/</token>
<token t_id="5" sentence="0" number="4">www</token>
<token t_id="6" sentence="0" number="5">.</token>
<token t_id="7" sentence="0" number="6">nbcsandiego</token>
<token t_id="8" sentence="0" number="7">.</token>
<token t_id="9" sentence="0" number="8">com</token>
<token t_id="10" sentence="0" number="9">/</token>
<token t_id="11" sentence="0" number="10">news</token>
<token t_id="12" sentence="0" number="11">/</token>
<token t_id="13" sentence="0" number="12">sports</token>
<token t_id="14" sentence="0" number="13">/</token>
<token t_id="15" sentence="0" number="14">Hey</token>
<token t_id="16" sentence="0" number="15">-</token>
<token t_id="17" sentence="0" number="16">Jamal</token>
<token t_id="18" sentence="0" number="17">-</token>
<token t_id="19" sentence="0" number="18">Williams</token>
<token t_id="20" sentence="0" number="19">-</token>
<token t_id="21" sentence="0" number="20">Hire</token>
<token t_id="22" sentence="0" number="21">-</token>
<token t_id="23" sentence="0" number="22">a</token>
<token t_id="24" sentence="0" number="23">-</token>
<token t_id="25" sentence="0" number="24">Driver</token>
<token t_id="26" sentence="0" number="25">.</token>
<token t_id="27" sentence="0" number="26">html</token>
<token t_id="28" sentence="1" number="0">Hey</token>
<token t_id="29" sentence="1" number="1">,</token>
<token t_id="30" sentence="1" number="2">Jamal</token>
<token t_id="31" sentence="1" number="3">Williams</token>
<token t_id="32" sentence="1" number="4">:</token>
<token t_id="33" sentence="1" number="5">Hire</token>
<token t_id="34" sentence="1" number="6">a</token>
<token t_id="35" sentence="1" number="7">Driver</token>
<token t_id="36" sentence="1" number="8">!</token>
<token t_id="37" sentence="2" number="0">Thursday</token>
<token t_id="38" sentence="2" number="1">,</token>
<token t_id="39" sentence="2" number="2">Apr</token>
<token t_id="40" sentence="2" number="3">2</token>
<token t_id="41" sentence="2" number="4">,</token>
<token t_id="42" sentence="2" number="5">2009</token>
<token t_id="43" sentence="2" number="6">|</token>
<token t_id="44" sentence="2" number="7">Updated</token>
<token t_id="45" sentence="2" number="8">1</token>
<token t_id="46" sentence="2" number="9">:</token>
<token t_id="47" sentence="2" number="10">32</token>
<token t_id="48" sentence="2" number="11">PM</token>
<token t_id="49" sentence="2" number="12">PDT</token>
<token t_id="50" sentence="3" number="0">The</token>
<token t_id="51" sentence="3" number="1">City</token>
<token t_id="52" sentence="3" number="2">Attorney's</token>
<token t_id="53" sentence="3" number="3">Office</token>
<token t_id="54" sentence="3" number="4">is</token>
<token t_id="55" sentence="3" number="5">considering</token>
<token t_id="56" sentence="3" number="6">whether</token>
<token t_id="57" sentence="3" number="7">to</token>
<token t_id="58" sentence="3" number="8">file</token>
<token t_id="59" sentence="3" number="9">misdemeanor</token>
<token t_id="60" sentence="3" number="10">drunk</token>
<token t_id="61" sentence="3" number="11">-</token>
<token t_id="62" sentence="3" number="12">driving</token>
<token t_id="63" sentence="3" number="13">charges</token>
<token t_id="64" sentence="3" number="14">against</token>
<token t_id="65" sentence="3" number="15">Chargers</token>
<token t_id="66" sentence="3" number="16">defensive</token>
<token t_id="67" sentence="3" number="17">lineman</token>
<token t_id="68" sentence="3" number="18">Jamal</token>
<token t_id="69" sentence="3" number="19">Williams</token>
<token t_id="70" sentence="3" number="20">.</token>
<token t_id="71" sentence="4" number="0">Williams</token>
<token t_id="72" sentence="4" number="1">,</token>
<token t_id="73" sentence="4" number="2">32</token>
<token t_id="74" sentence="4" number="3">,</token>
<token t_id="75" sentence="4" number="4">was</token>
<token t_id="76" sentence="4" number="5">pulled</token>
<token t_id="77" sentence="4" number="6">over</token>
<token t_id="78" sentence="4" number="7">for</token>
<token t_id="79" sentence="4" number="8">speeding</token>
<token t_id="80" sentence="4" number="9">in</token>
<token t_id="81" sentence="4" number="10">his</token>
<token t_id="82" sentence="4" number="11">Bentley</token>
<token t_id="83" sentence="4" number="12">on</token>
<token t_id="84" sentence="4" number="13">State</token>
<token t_id="85" sentence="4" number="14">Route</token>
<token t_id="86" sentence="4" number="15">94</token>
<token t_id="87" sentence="4" number="16">around</token>
<token t_id="88" sentence="4" number="17">1</token>
<token t_id="89" sentence="4" number="18">:</token>
<token t_id="90" sentence="4" number="19">30</token>
<token t_id="91" sentence="4" number="20">a</token>
<token t_id="92" sentence="4" number="21">.</token>
<token t_id="93" sentence="4" number="22">m</token>
<token t_id="94" sentence="4" number="23">.</token>
<token t_id="95" sentence="4" number="24">on</token>
<token t_id="96" sentence="4" number="25">February</token>
<token t_id="97" sentence="4" number="26">1</token>
<token t_id="98" sentence="4" number="27">,</token>
<token t_id="99" sentence="4" number="28">but</token>
<token t_id="100" sentence="4" number="29">was</token>
<token t_id="101" sentence="4" number="30">arrested</token>
<token t_id="102" sentence="4" number="31">on</token>
<token t_id="103" sentence="4" number="32">suspicion</token>
<token t_id="104" sentence="4" number="33">of</token>
<token t_id="105" sentence="4" number="34">drunk</token>
<token t_id="106" sentence="4" number="35">driving</token>
<token t_id="107" sentence="4" number="36">.</token>
<token t_id="108" sentence="5" number="0">He</token>
<token t_id="109" sentence="5" number="1">had</token>
<token t_id="110" sentence="5" number="2">refused</token>
<token t_id="111" sentence="5" number="3">a</token>
<token t_id="112" sentence="5" number="4">Breathalyzer</token>
<token t_id="113" sentence="5" number="5">test</token>
<token t_id="114" sentence="5" number="6">and</token>
<token t_id="115" sentence="5" number="7">was</token>
<token t_id="116" sentence="5" number="8">given</token>
<token t_id="117" sentence="5" number="9">a</token>
<token t_id="118" sentence="5" number="10">blood</token>
<token t_id="119" sentence="5" number="11">-</token>
<token t_id="120" sentence="5" number="12">alcohol</token>
<token t_id="121" sentence="5" number="13">test</token>
<token t_id="122" sentence="5" number="14">instead</token>
<token t_id="123" sentence="5" number="15">.</token>
<token t_id="124" sentence="6" number="0">The</token>
<token t_id="125" sentence="6" number="1">results</token>
<token t_id="126" sentence="6" number="2">from</token>
<token t_id="127" sentence="6" number="3">the</token>
<token t_id="128" sentence="6" number="4">test</token>
<token t_id="129" sentence="6" number="5">were</token>
<token t_id="130" sentence="6" number="6">released</token>
<token t_id="131" sentence="6" number="7">Wednesday</token>
<token t_id="132" sentence="6" number="8">and</token>
<token t_id="133" sentence="6" number="9">showed</token>
<token t_id="134" sentence="6" number="10">a</token>
<token t_id="135" sentence="6" number="11">level</token>
<token t_id="136" sentence="6" number="12">of</token>
<token t_id="137" sentence="6" number="13">0</token>
<token t_id="138" sentence="6" number="14">.</token>
<token t_id="139" sentence="6" number="15">07</token>
<token t_id="140" sentence="6" number="16">percent</token>
<token t_id="141" sentence="6" number="17">-</token>
<token t_id="142" sentence="6" number="18">-</token>
<token t_id="143" sentence="6" number="19">just</token>
<token t_id="144" sentence="6" number="20">under</token>
<token t_id="145" sentence="6" number="21">the</token>
<token t_id="146" sentence="6" number="22">California</token>
<token t_id="147" sentence="6" number="23">legal</token>
<token t_id="148" sentence="6" number="24">limit</token>
<token t_id="149" sentence="6" number="25">of</token>
<token t_id="150" sentence="6" number="26">0</token>
<token t_id="151" sentence="6" number="27">.</token>
<token t_id="152" sentence="6" number="28">08</token>
<token t_id="153" sentence="6" number="29">percent</token>
<token t_id="154" sentence="6" number="30">.</token>
<token t_id="155" sentence="7" number="0">CHP</token>
<token t_id="156" sentence="7" number="1">Officer</token>
<token t_id="157" sentence="7" number="2">Brian</token>
<token t_id="158" sentence="7" number="3">Pennings</token>
<token t_id="159" sentence="7" number="4">said</token>
<token t_id="160" sentence="7" number="5">that</token>
<token t_id="161" sentence="7" number="6">the</token>
<token t_id="162" sentence="7" number="7">blood</token>
<token t_id="163" sentence="7" number="8">had</token>
<token t_id="164" sentence="7" number="9">been</token>
<token t_id="165" sentence="7" number="10">drawn</token>
<token t_id="166" sentence="7" number="11">well</token>
<token t_id="167" sentence="7" number="12">after</token>
<token t_id="168" sentence="7" number="13">Williams'</token>
<token t_id="169" sentence="7" number="14">arrest</token>
<token t_id="170" sentence="7" number="15">,</token>
<token t_id="171" sentence="7" number="16">meaning</token>
<token t_id="172" sentence="7" number="17">he</token>
<token t_id="173" sentence="7" number="18">could</token>
<token t_id="174" sentence="7" number="19">have</token>
<token t_id="175" sentence="7" number="20">been</token>
<token t_id="176" sentence="7" number="21">intoxicated</token>
<token t_id="177" sentence="7" number="22">when</token>
<token t_id="178" sentence="7" number="23">officers</token>
<token t_id="179" sentence="7" number="24">had</token>
<token t_id="180" sentence="7" number="25">pulled</token>
<token t_id="181" sentence="7" number="26">him</token>
<token t_id="182" sentence="7" number="27">over</token>
<token t_id="183" sentence="7" number="28">.</token>
<token t_id="184" sentence="8" number="0">City</token>
<token t_id="185" sentence="8" number="1">Attorney</token>
<token t_id="186" sentence="8" number="2">spokeswoman</token>
<token t_id="187" sentence="8" number="3">Gina</token>
<token t_id="188" sentence="8" number="4">Coburn</token>
<token t_id="189" sentence="8" number="5">said</token>
<token t_id="190" sentence="8" number="6">the</token>
<token t_id="191" sentence="8" number="7">case</token>
<token t_id="192" sentence="8" number="8">remains</token>
<token t_id="193" sentence="8" number="9">under</token>
<token t_id="194" sentence="8" number="10">review</token>
<token t_id="195" sentence="8" number="11">and</token>
<token t_id="196" sentence="8" number="12">is</token>
<token t_id="197" sentence="8" number="13">being</token>
<token t_id="198" sentence="8" number="14">investigated</token>
<token t_id="199" sentence="8" number="15">further</token>
<token t_id="200" sentence="8" number="16">.</token>


<Markables>
<ACTION_ASPECTUAL m_id="1" comment=""  >
<token_anchor t_id="192"/>
</ACTION_ASPECTUAL>
<ACTION_OCCURRENCE m_id="2" climaxEvent="FALSE" comment=""  >
<token_anchor t_id="55"/>
</ACTION_OCCURRENCE>
<ACTION_OCCURRENCE m_id="3" climaxEvent="FALSE" comment=""  >
<token_anchor t_id="58"/>
</ACTION_OCCURRENCE>
<ACTION_OCCURRENCE m_id="4" climaxEvent="FALSE" comment=""  >
<token_anchor t_id="76"/>
<token_anchor t_id="77"/>
</ACTION_OCCURRENCE>
<ACTION_OCCURRENCE m_id="5" climaxEvent="FALSE" comment=""  >
<token_anchor t_id="79"/>
</ACTION_OCCURRENCE>
<ACTION_OCCURRENCE m_id="6" climaxEvent="FALSE" comment=""  >
<token_anchor t_id="59"/>
<token_anchor t_id="60"/>
<token_anchor t_id="61"/>
<token_anchor t_id="62"/>
</ACTION_OCCURRENCE>
<ACTION_OCCURRENCE m_id="7" climaxEvent="FALSE" comment=""  >
<token_anchor t_id="101"/>
</ACTION_OCCURRENCE>
<ACTION_OCCURRENCE m_id="8" climaxEvent="TRUE" comment=""  >
<token_anchor t_id="63"/>
</ACTION_OCCURRENCE>
<ACTION_OCCURRENCE m_id="9" climaxEvent="FALSE" comment=""  >
<token_anchor t_id="105"/>
<token_anchor t_id="106"/>
</ACTION_OCCURRENCE>
<ACTION_OCCURRENCE m_id="10" climaxEvent="FALSE" comment=""  >
<token_anchor t_id="116"/>
</ACTION_OCCURRENCE>
<ACTION_OCCURRENCE m_id="11" climaxEvent="FALSE" comment=""  >
<token_anchor t_id="130"/>
</ACTION_OCCURRENCE>
<ACTION_OCCURRENCE m_id="12" climaxEvent="FALSE" comment=""  >
<token_anchor t_id="133"/>
</ACTION_OCCURRENCE>
<ACTION_OCCURRENCE m_id="13" climaxEvent="FALSE" comment=""  >
<token_anchor t_id="165"/>
</ACTION_OCCURRENCE>
<ACTION_OCCURRENCE m_id="14" climaxEvent="FALSE" comment=""  >
<token_anchor t_id="169"/>
</ACTION_OCCURRENCE>
<ACTION_OCCURRENCE m_id="15" climaxEvent="FALSE" comment=""  >
<token_anchor t_id="180"/>
<token_anchor t_id="182"/>
</ACTION_OCCURRENCE>
<ACTION_OCCURRENCE m_id="16" climaxEvent="FALSE" comment=""  >
<token_anchor t_id="198"/>
</ACTION_OCCURRENCE>
<ACTION_REPORTING m_id="17" comment=""  >
<token_anchor t_id="189"/>
</ACTION_REPORTING>
<ACTION_REPORTING m_id="18" comment=""  >
<token_anchor t_id="159"/>
</ACTION_REPORTING>
<ACTION_STATE m_id="19" climaxEvent="FALSE" comment=""  >
<token_anchor t_id="193"/>
<token_anchor t_id="194"/>
</ACTION_STATE>
<ACTION_STATE m_id="20" climaxEvent="FALSE" comment=""  >
<token_anchor t_id="167"/>
</ACTION_STATE>
<ACTION_STATE m_id="21" climaxEvent="FALSE" comment=""  >
<token_anchor t_id="176"/>
</ACTION_STATE>
<ACTION_STATE m_id="22" climaxEvent="FALSE" comment=""  >
<token_anchor t_id="102"/>
<token_anchor t_id="103"/>
</ACTION_STATE>
<HUMAN_PART_MET m_id="23"  >
<token_anchor t_id="51"/>
<token_anchor t_id="52"/>
<token_anchor t_id="53"/>
</HUMAN_PART_MET>
<HUMAN_PART_ORG m_id="24"  >
<token_anchor t_id="65"/>
</HUMAN_PART_ORG>
<HUMAN_PART_PER m_id="33" comment=""  >
<token_anchor t_id="71"/>
</HUMAN_PART_PER>
<HUMAN_PART_PER m_id="25" comment=""  >
<token_anchor t_id="108"/>
</HUMAN_PART_PER>
<HUMAN_PART_PER m_id="26" comment=""  >
<token_anchor t_id="157"/>
<token_anchor t_id="158"/>
</HUMAN_PART_PER>
<HUMAN_PART_PER m_id="27" comment=""  >
<token_anchor t_id="187"/>
<token_anchor t_id="188"/>
</HUMAN_PART_PER>
<HUMAN_PART_PER m_id="28" comment=""  >
<token_anchor t_id="168"/>
</HUMAN_PART_PER>
<HUMAN_PART_PER m_id="29" comment=""  >
<token_anchor t_id="178"/>
</HUMAN_PART_PER>
<HUMAN_PART_PER m_id="30" comment=""  >
<token_anchor t_id="172"/>
</HUMAN_PART_PER>
<HUMAN_PART_PER m_id="31" comment=""  >
<token_anchor t_id="181"/>
</HUMAN_PART_PER>
<HUMAN_PART_PER m_id="32" comment=""  >
<token_anchor t_id="66"/>
<token_anchor t_id="67"/>
<token_anchor t_id="68"/>
<token_anchor t_id="69"/>
</HUMAN_PART_PER>
<LOC_GEO m_id="34" comment=""  >
<token_anchor t_id="83"/>
<token_anchor t_id="84"/>
<token_anchor t_id="85"/>
<token_anchor t_id="86"/>
</LOC_GEO>
<NEG_ACTION_OCCURRENCE m_id="35" climaxEvent="FALSE" comment=""  >
<token_anchor t_id="110"/>
</NEG_ACTION_OCCURRENCE>
<NON_HUMAN_PART m_id="36" comment=""  >
<token_anchor t_id="125"/>
</NON_HUMAN_PART>
<NON_HUMAN_PART m_id="37" comment=""  >
<token_anchor t_id="128"/>
</NON_HUMAN_PART>
<NON_HUMAN_PART m_id="38" comment=""  >
<token_anchor t_id="112"/>
<token_anchor t_id="113"/>
</NON_HUMAN_PART>
<NON_HUMAN_PART m_id="39" comment=""  >
<token_anchor t_id="118"/>
</NON_HUMAN_PART>
<NON_HUMAN_PART m_id="40" comment=""  >
<token_anchor t_id="120"/>
<token_anchor t_id="121"/>
</NON_HUMAN_PART>
<NON_HUMAN_PART m_id="41" comment=""  >
<token_anchor t_id="82"/>
</NON_HUMAN_PART>
<NON_HUMAN_PART m_id="42" comment=""  >
<token_anchor t_id="146"/>
<token_anchor t_id="147"/>
<token_anchor t_id="148"/>
</NON_HUMAN_PART>
<NON_HUMAN_PART m_id="43" comment=""  >
<token_anchor t_id="162"/>
</NON_HUMAN_PART>
<NON_HUMAN_PART m_id="44" comment=""  >
<token_anchor t_id="191"/>
</NON_HUMAN_PART>
<TIME_DATE m_id="45" comment="" DCT="FALSE" value="2009-04-01" anchorTimeID="46"  >
<token_anchor t_id="131"/>
</TIME_DATE>
<TIME_OF_THE_DAY m_id="46" DCT="TRUE" value="2009-04-02T22:32Z" anchorTimeID=""  >
<token_anchor t_id="37"/>
<token_anchor t_id="38"/>
<token_anchor t_id="39"/>
<token_anchor t_id="40"/>
<token_anchor t_id="41"/>
<token_anchor t_id="42"/>
<token_anchor t_id="43"/>
<token_anchor t_id="44"/>
<token_anchor t_id="45"/>
<token_anchor t_id="46"/>
<token_anchor t_id="47"/>
<token_anchor t_id="48"/>
<token_anchor t_id="49"/>
</TIME_OF_THE_DAY>
<TIME_OF_THE_DAY m_id="47" DCT="FALSE" value="2009-02-01T10:30Z" anchorTimeID="46"  >
<token_anchor t_id="87"/>
<token_anchor t_id="88"/>
<token_anchor t_id="89"/>
<token_anchor t_id="90"/>
<token_anchor t_id="91"/>
<token_anchor t_id="92"/>
<token_anchor t_id="93"/>
<token_anchor t_id="94"/>
<token_anchor t_id="95"/>
<token_anchor t_id="96"/>
<token_anchor t_id="97"/>
</TIME_OF_THE_DAY>


<ACTION_OCCURRENCE m_id="48" RELATED_TO="" TAG_DESCRIPTOR="t35_file_charges" climaxEvent="FALSE" comment="" />
<ACTION_OCCURRENCE m_id="49" RELATED_TO="" TAG_DESCRIPTOR="t35_jwills_charges" climaxEvent="FALSE" comment="" />
<LOC_GEO m_id="50" RELATED_TO="" TAG_DESCRIPTOR="t35_san_diego_freeway" comment="" />
<HUMAN_PART_MET m_id="51" RELATED_TO="" TAG_DESCRIPTOR="t35_city_attorney_office" />
<HUMAN_PART_PER m_id="52" RELATED_TO="" TAG_DESCRIPTOR="t35_jamal_williams" comment="" />
<TIME_OF_THE_DAY m_id="53" RELATED_TO="" TAG_DESCRIPTOR="t35_early_sunday" DCT="FALSE" value="" anchorTimeID="" />
<ACTION_OCCURRENCE m_id="54" RELATED_TO="" TAG_DESCRIPTOR="t35_jamal_wills_arrested" climaxEvent="FALSE" comment="" />
<ACTION_OCCURRENCE m_id="55" RELATED_TO="" TAG_DESCRIPTOR="t35_deciding_whether" climaxEvent="FALSE" comment="" />
<ACTION_OCCURRENCE m_id="56" RELATED_TO="" TAG_DESCRIPTOR="t35_jwills_speeding" climaxEvent="FALSE" comment="" />
<ACTION_OCCURRENCE m_id="57" RELATED_TO="" TAG_DESCRIPTOR="t35_jamal_wills_DUI" climaxEvent="FALSE" comment="" />
<ACTION_STATE m_id="58" RELATED_TO="" TAG_DESCRIPTOR="t35_suspicion" climaxEvent="FALSE" comment="" />
<ACTION_OCCURRENCE m_id="59" RELATED_TO="" TAG_DESCRIPTOR="t35_jwills_pulled_over" climaxEvent="FALSE" comment="" />
<HUMAN_PART_ORG m_id="60" RELATED_TO="" TAG_DESCRIPTOR="t35_chargers" />
</Markables>

<Relations>
<TLINK r_id="248010" contextualModality="" relType="OVERLAP" comment="" >
<source m_id="46" />
<target m_id="2" />
</TLINK>
<TLINK r_id="248011" contextualModality="" relType="OVERLAP" comment="" >
<source m_id="46" />
<target m_id="3" />
</TLINK>
<TLINK r_id="248014" contextualModality="" relType="AFTER" comment="" >
<source m_id="46" />
<target m_id="8" />
</TLINK>
<TLINK r_id="248015" contextualModality="" relType="AFTER" comment="" >
<source m_id="46" />
<target m_id="4" />
</TLINK>
<TLINK r_id="248016" contextualModality="" relType="AFTER" comment="" >
<source m_id="46" />
<target m_id="5" />
</TLINK>
<TLINK r_id="248017" contextualModality="" relType="AFTER" comment="" >
<source m_id="46" />
<target m_id="7" />
</TLINK>
<TLINK r_id="248018" contextualModality="" relType="AFTER" comment="" >
<source m_id="46" />
<target m_id="22" />
</TLINK>
<TLINK r_id="248019" contextualModality="" relType="AFTER" comment="" >
<source m_id="46" />
<target m_id="35" />
</TLINK>
<TLINK r_id="248020" contextualModality="" relType="AFTER" comment="" >
<source m_id="46" />
<target m_id="10" />
</TLINK>
<TLINK r_id="248021" contextualModality="" relType="AFTER" comment="" >
<source m_id="46" />
<target m_id="11" />
</TLINK>
<TLINK r_id="248022" contextualModality="" relType="AFTER" comment="" >
<source m_id="46" />
<target m_id="12" />
</TLINK>
<TLINK r_id="248023" contextualModality="" relType="AFTER" comment="" >
<source m_id="46" />
<target m_id="13" />
</TLINK>
<TLINK r_id="248024" contextualModality="" relType="AFTER" comment="" >
<source m_id="46" />
<target m_id="14" />
</TLINK>
<TLINK r_id="248025" contextualModality="" relType="AFTER" comment="" >
<source m_id="46" />
<target m_id="21" />
</TLINK>
<TLINK r_id="248026" contextualModality="" relType="AFTER" comment="" >
<source m_id="46" />
<target m_id="15" />
</TLINK>
<TLINK r_id="248028" contextualModality="" relType="OVERLAP" comment="" >
<source m_id="46" />
<target m_id="19" />
</TLINK>
<TLINK r_id="248029" contextualModality="" relType="OVERLAP" comment="" >
<source m_id="46" />
<target m_id="16" />
</TLINK>
<TLINK r_id="248033" contextualModality="" relType="AFTER" comment="" >
<source m_id="46" />
<target m_id="6" />
</TLINK>
<TLINK r_id="248035" contextualModality="" relType="SIMULTANEOUS" comment="" >
<source m_id="47" />
<target m_id="4" />
</TLINK>
<TLINK r_id="248036" contextualModality="" relType="SIMULTANEOUS" comment="" >
<source m_id="47" />
<target m_id="5" />
</TLINK>
<TLINK r_id="248037" contextualModality="" relType="BEFORE" comment="" >
<source m_id="47" />
<target m_id="7" />
</TLINK>
<TLINK r_id="248038" contextualModality="" relType="BEFORE" comment="" >
<source m_id="47" />
<target m_id="22" />
</TLINK>
<TLINK r_id="248039" contextualModality="" relType="BEFORE" comment="" >
<source m_id="47" />
<target m_id="9" />
</TLINK>
<TLINK r_id="248042" contextualModality="" relType="CONTAINS" comment="" >
<source m_id="45" />
<target m_id="11" />
</TLINK>
<TLINK r_id="248043" contextualModality="" relType="CONTAINS" comment="" >
<source m_id="45" />
<target m_id="12" />
</TLINK>
<PLOT_LINK r_id="248051" SIGNAL="" relType="PRECONDITION" CAUSES="FALSE" CAUSED_BY="FALSE" >
<source m_id="6" />
<target m_id="8" />
</PLOT_LINK>
<PLOT_LINK r_id="248052" SIGNAL="" relType="FALLING_ACTION" CAUSES="FALSE" CAUSED_BY="FALSE" >
<source m_id="4" />
<target m_id="5" />
</PLOT_LINK>
<PLOT_LINK r_id="248053" SIGNAL="" relType="FALLING_ACTION" CAUSES="FALSE" CAUSED_BY="FALSE" >
<source m_id="7" />
<target m_id="9" />
</PLOT_LINK>
<PLOT_LINK r_id="248054" SIGNAL="" relType="FALLING_ACTION" CAUSES="FALSE" CAUSED_BY="FALSE" >
<source m_id="7" />
<target m_id="35" />
</PLOT_LINK>
<PLOT_LINK r_id="248055" SIGNAL="" relType="PRECONDITION" CAUSES="FALSE" CAUSED_BY="FALSE" >
<source m_id="7" />
<target m_id="10" />
</PLOT_LINK>
<PLOT_LINK r_id="248056" SIGNAL="" relType="FALLING_ACTION" CAUSES="FALSE" CAUSED_BY="FALSE" >
<source m_id="13" />
<target m_id="14" />
</PLOT_LINK>
<PLOT_LINK r_id="248057" SIGNAL="" relType="PRECONDITION" CAUSES="FALSE" CAUSED_BY="FALSE" >
<source m_id="5" />
<target m_id="15" />
</PLOT_LINK>
<PLOT_LINK r_id="248058" SIGNAL="" relType="PRECONDITION" CAUSES="FALSE" CAUSED_BY="FALSE" >
<source m_id="21" />
<target m_id="1" />
</PLOT_LINK>
<PLOT_LINK r_id="248059" SIGNAL="" relType="PRECONDITION" CAUSES="FALSE" CAUSED_BY="FALSE" >
<source m_id="1" />
<target m_id="16" />
</PLOT_LINK>
<TLINK r_id="253950" contextualModality="" relType="SIMULTANEOUS" comment="" >
<source m_id="47" />
<target m_id="15" />
</TLINK>
</Relations>
</Document>
